# Nama Perenang,rico
# Gaya,Bebas
# Jarak,50m
# Tanggal,2026-05-09 20:30:40
timestamp_s,ai0_V,ai1_V
0.000000,-0.302738994430457,0.8789196612497139
0.002000,-0.1855497062638285,1.0302891584649423
0.004000,0.04882887006942855,0.8300907911802854
0.006000,-0.09277485313191425,1.0840009155413137
0.008000,0.1953154802777142,0.9912260624093996
0.010000,-0.1953154802777142,1.0595864805065995
0.012000,0.12695506218051422,0.8545052262149996
0.014000,-0.11718928816662852,0.5566491187914855
0.016000,-0.24414435034714274,0.7666132600900283
0.018000,-0.20996414129854277,0.6494239719233997
0.020000,0.29785610742351415,0.8154421301594568
0.022000,-0.22461280231937134,0.5517662317845426
0.024000,-0.2880903334096284,0.776379034103914
0.026000,0.024414435034714275,0.8935683222705425
0.028000,0.06836041809719998,0.9130998702983139
0.030000,-0.1953154802777142,0.9472800793469138
0.032000,-0.024414435034714275,0.7617303730830853
0.034000,-0.25879301136797134,0.9179827573052567
0.036000,0.18066681925688563,1.0351720454718853
0.038000,0.01953154802777142,0.7373159380483711
0.040000,0.23437857633325704,0.9912260624093996
0.042000,0.2832074464026856,1.1084153505760281
0.044000,0.03418020904859999,0.639658197909514
0.046000,-0.00976577401388571,0.6982528419928282
0.048000,0.22949568932631417,0.6836041809719997
0.050000,0.18066681925688563,1.0644693675135424
0.052000,0.3125047684443427,1.1572442206454567
0.054000,0.08300907911802853,0.7959105821316853
0.056000,-0.12695506218051422,0.7373159380483711
0.058000,0.21972991531242847,0.5761806668192568
0.060000,-0.05859464408331426,0.6152437628747998
0.062000,0.12207217517357137,0.5957122148470283
0.064000,-0.27832455939574274,1.113298237582971
0.066000,-0.11718928816662852,0.7275501640344854
0.068000,0.07324330510414283,0.976577401388571
0.070000,0.21972991531242847,1.0009918364232853
0.072000,0.00976577401388571,0.6884870679789425
0.074000,0.16601815823605706,0.8447394522011139
0.076000,-0.004882887006942855,1.1328297856107423
0.078000,0.16601815823605706,0.6298924238956283
0.080000,0.08300907911802853,0.7959105821316853
0.082000,0.16113527122911422,0.9326314183260853
0.084000,0.06836041809719998,0.7861448081177996
0.086000,-0.1855497062638285,0.7031357289997711
0.088000,-0.01953154802777142,1.0498207064927139
0.090000,0.03418020904859999,1.1621271076523996
0.092000,0.17578393224994276,0.776379034103914
0.094000,-0.17090104524299993,0.9668116273746853
0.096000,0.01953154802777142,0.6103608758678569
0.098000,0.14648661020828566,0.874036774242771
0.100000,-0.1855497062638285,1.142595559624628
0.102000,-0.1855497062638285,1.1181811245899138
0.104000,0.14648661020828566,0.7568474860761425
0.106000,-0.014648661020828565,0.6152437628747998
0.108000,0.3125047684443427,0.9863431754024568
0.110000,-0.17578393224994276,1.1035324635690853
0.112000,0.22461280231937134,0.9277485313191425
0.114000,-0.1513694972152285,0.6836041809719997
0.116000,0.22461280231937134,0.8642710002288854
0.118000,-0.17090104524299993,0.8789196612497139
0.120000,0.17090104524299993,0.8203250171663996
0.122000,-0.0976577401388571,0.9228656443121996
0.124000,0.14648661020828566,1.0351720454718853
0.126000,0.17090104524299993,0.8642710002288854
0.128000,-0.19043259327077133,0.8007934691386283
0.130000,0.2392614633401999,0.605477988860914
0.132000,0.04882887006942855,0.9814602883955138
0.134000,-0.004882887006942855,0.6445410849164569
0.136000,0.3076218814373999,1.1377126726176852
0.138000,0.06836041809719998,0.7910276951247425
0.140000,0.024414435034714275,0.8105592431525139
0.142000,0.2490272373540856,0.776379034103914
0.144000,0.014648661020828565,0.7470817120622568
0.146000,0.3320363164721141,0.7666132600900283
0.148000,0.1855497062638285,0.9277485313191425
0.150000,-0.13672083619439995,1.044937819485771
0.152000,0.2490272373540856,0.8252079041733424
0.154000,0.04394598306248569,1.1230640115968566
0.156000,-0.2392614633401999,1.1865415426871138
0.158000,0.08789196612497138,0.6201266498817426
0.160000,0.06347753109025711,0.708018616006714
0.162000,0.25391012436102844,0.9668116273746853
0.164000,0.1416037232013428,0.7129015030136568
0.166000,0.25391012436102844,0.6689555199511711
0.168000,-0.1855497062638285,1.0400549324788282
0.170000,-0.06347753109025711,1.1572442206454567
0.172000,-0.07812619211108568,0.7959105821316853
0.174000,-0.16601815823605706,1.0351720454718853
0.176000,0.25391012436102844,1.0205233844510566
0.178000,0.11230640115968567,1.044937819485771
0.180000,-0.0976577401388571,0.6836041809719997
0.182000,-0.24414435034714274,0.6347753109025711
0.184000,0.2392614633401999,1.1084153505760281
0.186000,-0.11718928816662852,0.6689555199511711
0.188000,0.08789196612497138,0.6103608758678569
0.190000,-0.17578393224994276,0.874036774242771
0.192000,0.2050812542915999,1.010757610437171
0.194000,0.08300907911802853,0.6445410849164569
0.196000,0.01953154802777142,0.7226672770275425
0.198000,0.17578393224994276,0.776379034103914
0.200000,0.01953154802777142,0.742198825055314
0.202000,0.10742351415274282,0.9228656443121996
0.204000,0.13672083619439995,0.6982528419928282
0.206000,0.06347753109025711,1.181658655680171
0.208000,0.18066681925688563,1.1621271076523996
0.210000,-0.12207217517357137,0.8056763561455711
0.212000,-0.1318379491874571,1.206073090714885
0.214000,0.03906309605554284,1.206073090714885
0.216000,-0.17578393224994276,0.9814602883955138
0.218000,-0.18066681925688563,0.8691538872358282
0.220000,0.32227054245822845,0.639658197909514
0.222000,0.302738994430457,0.7861448081177996
0.224000,-0.0976577401388571,1.074235141527428
0.226000,0.014648661020828565,0.7324330510414282
0.228000,0.1416037232013428,0.976577401388571
0.230000,0.03906309605554284,0.8935683222705425
0.232000,0.12695506218051422,0.9961089494163424
0.234000,0.2832074464026856,1.1084153505760281
0.236000,0.14648661020828566,1.044937819485771
0.238000,0.10742351415274282,0.8398565651941711
0.240000,-0.11718928816662852,1.0595864805065995
0.242000,0.10254062714579995,1.1572442206454567
0.244000,-0.08300907911802853,0.7324330510414282
0.246000,0.13672083619439995,1.0351720454718853
0.248000,0.12207217517357137,0.8300907911802854
0.250000,0.06836041809719998,0.6689555199511711
0.252000,0.21972991531242847,0.9863431754024568
0.254000,0.14648661020828566,1.0351720454718853
0.256000,0.25879301136797134,0.708018616006714
0.258000,0.12207217517357137,1.142595559624628
0.260000,0.32227054245822845,0.9912260624093996
0.262000,0.21484702830548563,0.6494239719233997
0.264000,0.18066681925688563,1.206073090714885
0.266000,-0.03418020904859999,0.9668116273746853
0.268000,-0.03906309605554284,0.7275501640344854
0.270000,-0.15625238422217136,1.1474784466315708
0.272000,0.2929732204165713,1.0693522545204852
0.274000,-0.12695506218051422,0.8203250171663996
0.276000,-0.17090104524299993,0.673838406958114
0.278000,0.16601815823605706,1.1181811245899138
0.280000,0.11230640115968567,0.8984512092774853
0.282000,0.02929732204165713,0.8056763561455711
0.284000,0.06347753109025711,0.9277485313191425
0.286000,-0.12207217517357137,0.8252079041733424
0.288000,0.22949568932631417,0.8203250171663996
0.290000,0.2832074464026856,1.206073090714885
0.292000,0.3125047684443427,1.0644693675135424
0.294000,-0.03418020904859999,1.1963073167009994
0.296000,-0.13672083619439995,0.673838406958114
0.298000,0.25879301136797134,0.9472800793469138
0.300000,0.15625238422217136,1.206073090714885
0.302000,-0.16601815823605706,1.1572442206454567
0.304000,0.18066681925688563,0.8300907911802854
0.306000,-0.14648661020828566,0.9375143053330282
0.308000,-0.07324330510414283,0.8105592431525139
0.310000,0.34180209048599985,0.9668116273746853
0.312000,0.19043259327077133,0.708018616006714
0.314000,0.08789196612497138,0.8642710002288854
0.316000,0.09277485313191425,1.113298237582971
0.318000,0.0976577401388571,0.8691538872358282
0.320000,0.20996414129854277,0.9570458533607996
0.322000,0.16113527122911422,0.8789196612497139
0.324000,-0.20019836728465706,1.0644693675135424
0.326000,-0.1416037232013428,1.0156404974441138
0.328000,0.31738765545128556,0.9375143053330282
0.330000,0.24414435034714274,0.942397192339971
0.332000,0.024414435034714275,1.113298237582971
0.334000,0.1318379491874571,0.8593881132219425
0.336000,0.371099412527657,1.0205233844510566
0.338000,-0.09277485313191425,0.8691538872358282
0.340000,-0.12207217517357137,1.0937666895551996
0.342000,0.371099412527657,1.0156404974441138
0.344000,-0.18066681925688563,0.8447394522011139
0.346000,-0.16113527122911422,1.0302891584649423
0.348000,-0.11718928816662852,1.1572442206454567
0.350000,0.32227054245822845,1.005874723430228
0.352000,0.2392614633401999,1.1621271076523996
0.354000,-0.1855497062638285,0.7275501640344854
0.356000,0.22949568932631417,1.0205233844510566
0.358000,-0.06347753109025711,0.6884870679789425
0.360000,-0.09277485313191425,1.0254062714579995
0.362000,0.014648661020828565,0.8447394522011139
0.364000,0.02929732204165713,1.0498207064927139
0.366000,0.2880903334096284,1.1377126726176852
0.368000,0.12695506218051422,1.0205233844510566
0.370000,0.2880903334096284,1.1963073167009994
0.372000,-0.10254062714579995,1.0351720454718853
0.374000,0.05371175707637141,0.8105592431525139
0.376000,-0.10742351415274282,1.1718928816662852
0.378000,-0.14648661020828566,0.9130998702983139
0.380000,0.15625238422217136,0.8398565651941711
0.382000,0.1416037232013428,0.7959105821316853
0.384000,0.0,0.7275501640344854
0.386000,0.29785610742351415,0.742198825055314
0.388000,-0.014648661020828565,1.1328297856107423
0.390000,0.35156786449988553,1.1328297856107423
0.392000,0.2636758983749142,1.0302891584649423
0.394000,0.03418020904859999,1.176775768673228
0.396000,-0.04394598306248569,1.181658655680171
0.398000,-0.04394598306248569,0.8154421301594568
0.400000,0.14648661020828566,1.2549019607843137
0.402000,-0.14648661020828566,0.7129015030136568
0.404000,0.13672083619439995,0.9228656443121996
0.406000,-0.12207217517357137,0.8203250171663996
0.408000,0.3564507515068284,0.8056763561455711
0.410000,-0.08789196612497138,0.742198825055314
0.412000,0.38086518654154267,0.7177843900205997
0.414000,-0.14648661020828566,0.7031357289997711
0.416000,0.024414435034714275,1.2158388647287708
0.418000,0.06347753109025711,0.9277485313191425
0.420000,0.3906309605554284,1.1718928816662852
0.422000,0.14648661020828566,1.176775768673228
0.424000,0.24414435034714274,0.908216983291371
0.426000,-0.01953154802777142,0.673838406958114
0.428000,0.1416037232013428,1.245136186770428
0.430000,0.06836041809719998,0.8154421301594568
0.432000,0.18066681925688563,0.8252079041733424
0.434000,0.2392614633401999,1.2402532997634852
0.436000,0.09277485313191425,1.210955977721828
0.438000,-0.16601815823605706,1.2402532997634852
0.440000,0.19043259327077133,1.1474784466315708
0.442000,0.17578393224994276,0.7617303730830853
0.444000,-0.03418020904859999,0.908216983291371
0.446000,-0.16601815823605706,0.9277485313191425
0.448000,-0.11718928816662852,1.074235141527428
0.450000,0.3466849774929427,0.7177843900205997
0.452000,0.32227054245822845,1.0791180285343709
0.454000,0.2490272373540856,1.1621271076523996
0.456000,0.15625238422217136,1.0937666895551996
0.458000,-0.07812619211108568,1.0937666895551996
0.460000,0.2734416723887999,1.1474784466315708
0.462000,-0.1416037232013428,1.206073090714885
0.464000,0.22461280231937134,1.1084153505760281
0.466000,-0.10742351415274282,1.0156404974441138
0.468000,0.4101625085831998,0.7177843900205997
0.470000,0.004882887006942855,0.7714961470969711
0.472000,0.42969405661097126,1.0595864805065995
0.474000,0.01953154802777142,1.2402532997634852
0.476000,0.06347753109025711,1.1035324635690853
0.478000,-0.024414435034714275,0.7812619211108568
0.480000,-0.00976577401388571,1.0009918364232853
0.482000,0.38574807354848556,0.7519645990691997
0.484000,0.38574807354848556,0.9521629663538567
0.486000,-0.10742351415274282,1.1572442206454567
0.488000,-0.04882887006942855,1.274433508812085
0.490000,0.3125047684443427,1.210955977721828
0.492000,-0.024414435034714275,0.9668116273746853
0.494000,-0.1513694972152285,1.142595559624628
0.496000,-0.08300907911802853,0.9375143053330282
0.498000,0.03418020904859999,1.2890821698329138
0.500000,-0.12695506218051422,0.8447394522011139
0.502000,-0.03418020904859999,0.8447394522011139
0.504000,-0.05859464408331426,1.0693522545204852
0.506000,0.38086518654154267,1.2597848477912565
0.508000,-0.02929732204165713,1.1621271076523996
0.510000,0.2392614633401999,1.0888838025482566
0.512000,0.40039673456931413,0.9716945143816281
0.514000,0.40527962157625697,1.0986495765621425
0.516000,-0.05371175707637141,1.0791180285343709
0.518000,0.1953154802777142,0.9521629663538567
0.520000,0.41992828259708553,1.0254062714579995
0.522000,0.2050812542915999,1.0205233844510566
0.524000,0.00976577401388571,0.9375143053330282
0.526000,0.06836041809719998,0.7226672770275425
0.528000,0.336919203479057,0.8203250171663996
0.530000,-0.0976577401388571,0.9375143053330282
0.532000,0.21484702830548563,0.7470817120622568
0.534000,-0.01953154802777142,0.7959105821316853
0.536000,0.2490272373540856,0.976577401388571
0.538000,0.22461280231937134,1.1230640115968566
0.540000,0.12695506218051422,1.1181811245899138
0.542000,0.10254062714579995,1.206073090714885
0.544000,0.21972991531242847,0.8252079041733424
0.546000,0.4345769436179141,1.2353704127565424
0.548000,0.0976577401388571,1.2988479438467995
0.550000,-0.024414435034714275,1.245136186770428
0.552000,0.20996414129854277,0.976577401388571
0.554000,0.24414435034714274,1.1377126726176852
0.556000,-0.10254062714579995,0.8838025482566567
0.558000,0.024414435034714275,0.9570458533607996
0.560000,0.40527962157625697,1.1377126726176852
0.562000,0.3076218814373999,1.2500190737773709
0.564000,0.10742351415274282,0.9521629663538567
0.566000,0.4101625085831998,0.8984512092774853
0.568000,0.10254062714579995,1.0547035934996567
0.570000,0.08300907911802853,1.1572442206454567
0.572000,0.31738765545128556,1.1572442206454567
0.574000,0.31738765545128556,0.8007934691386283
0.576000,-0.004882887006942855,0.8789196612497139
0.578000,0.2832074464026856,1.2646677347981994
0.580000,0.09277485313191425,1.0302891584649423
0.582000,-0.05859464408331426,1.2646677347981994
0.584000,-0.004882887006942855,1.0302891584649423
0.586000,0.268558785381857,0.9814602883955138
0.588000,0.2880903334096284,0.776379034103914
0.590000,-0.07324330510414283,0.7666132600900283
0.592000,-0.10742351415274282,0.9326314183260853
0.594000,0.06347753109025711,1.142595559624628
0.596000,-0.03418020904859999,0.9619287403677425
0.598000,-0.07812619211108568,1.1279468986037995
0.600000,0.31738765545128556,0.8447394522011139
0.602000,0.29785610742351415,1.0937666895551996
0.604000,0.2734416723887999,1.0498207064927139
0.606000,-0.05859464408331426,1.0547035934996567
0.608000,-0.08789196612497138,1.313496604867628
0.610000,0.16113527122911422,1.3086137178606851
0.612000,0.32227054245822845,1.044937819485771
0.614000,0.2929732204165713,1.142595559624628
0.616000,0.10742351415274282,0.9619287403677425
0.618000,-0.08300907911802853,1.2158388647287708
0.620000,-0.00976577401388571,0.7666132600900283
0.622000,0.07324330510414283,1.2011902037079423
0.624000,0.014648661020828565,0.9228656443121996
0.626000,0.18066681925688563,0.7373159380483711
0.628000,0.1513694972152285,1.0351720454718853
0.630000,0.25391012436102844,1.1865415426871138
0.632000,0.1318379491874571,0.942397192339971
0.634000,0.39551384756237123,1.2988479438467995
0.636000,0.2636758983749142,1.3330281528953993
0.638000,-0.07812619211108568,1.074235141527428
0.640000,0.4101625085831998,0.9668116273746853
0.642000,0.07812619211108568,0.908216983291371
0.644000,-0.08789196612497138,1.1035324635690853
0.646000,0.12695506218051422,0.7519645990691997
0.648000,-0.08789196612497138,1.010757610437171
0.650000,0.4101625085831998,1.3037308308537423
0.652000,0.13672083619439995,1.176775768673228
0.654000,0.2636758983749142,1.2256046387426567
0.656000,0.42481116960402837,1.0888838025482566
0.658000,0.25391012436102844,0.7910276951247425
0.660000,0.37598229953459983,1.0205233844510566
0.662000,0.25391012436102844,1.0986495765621425
0.664000,0.2392614633401999,1.2353704127565424
0.666000,0.302738994430457,0.9521629663538567
0.668000,-0.09277485313191425,0.9033340962844282
0.670000,0.10742351415274282,0.8838025482566567
0.672000,0.3662165255207141,0.9716945143816281
0.674000,0.42481116960402837,0.8154421301594568
0.676000,0.336919203479057,1.1230640115968566
0.678000,0.43945983062485694,0.8593881132219425
0.680000,0.22461280231937134,1.2890821698329138
0.682000,0.371099412527657,1.3281452658884565
0.684000,0.024414435034714275,1.2890821698329138
0.686000,0.38574807354848556,1.3232623788815137
0.688000,0.4150453955901427,1.284199282825971
0.690000,0.2832074464026856,0.8642710002288854
0.692000,0.27832455939574274,0.9130998702983139
0.694000,0.05859464408331426,1.1914244296940566
0.696000,0.38086518654154267,0.8545052262149996
0.698000,0.336919203479057,1.044937819485771
0.700000,-0.03906309605554284,1.2402532997634852
0.702000,0.42481116960402837,0.8300907911802854
0.704000,0.0976577401388571,1.0986495765621425
0.706000,0.1953154802777142,1.2158388647287708
0.708000,0.02929732204165713,1.1914244296940566
0.710000,0.5127031357289997,0.7666132600900283
0.712000,0.302738994430457,1.1718928816662852
0.714000,0.01953154802777142,0.8007934691386283
0.716000,0.08300907911802853,1.1670099946593424
0.718000,0.41992828259708553,1.0937666895551996
0.720000,0.1416037232013428,1.2304875257495995
0.722000,0.05859464408331426,1.142595559624628
0.724000,0.05859464408331426,0.8838025482566567
0.726000,0.502937361715114,0.9326314183260853
0.728000,-0.06836041809719998,1.2256046387426567
0.730000,0.00976577401388571,0.7910276951247425
0.732000,-0.07324330510414283,0.9716945143816281
0.734000,0.3076218814373999,0.9716945143816281
0.736000,0.17090104524299993,1.0156404974441138
0.738000,-0.024414435034714275,1.0937666895551996
0.740000,0.34180209048599985,0.9716945143816281
0.742000,0.31738765545128556,1.2939650568398566
0.744000,0.24414435034714274,1.1084153505760281
0.746000,-0.04394598306248569,1.0498207064927139
0.748000,0.08300907911802853,1.0254062714579995
0.750000,0.4443427176317998,1.0595864805065995
0.752000,-0.01953154802777142,1.1084153505760281
0.754000,0.35156786449988553,1.2402532997634852
0.756000,0.4443427176317998,1.284199282825971
0.758000,0.10254062714579995,1.2890821698329138
0.760000,0.31738765545128556,1.2207217517357138
0.762000,0.42481116960402837,1.2304875257495995
0.764000,0.4541084916456855,1.3183794918745708
0.766000,0.4785229266803998,1.0888838025482566
0.768000,0.1953154802777142,0.8398565651941711
0.770000,0.14648661020828566,1.2695506218051422
0.772000,0.19043259327077133,0.8789196612497139
0.774000,-0.06836041809719998,1.1718928816662852
0.776000,0.39551384756237123,0.8154421301594568
0.778000,-0.00976577401388571,1.010757610437171
0.780000,0.3466849774929427,1.2646677347981994
0.782000,0.02929732204165713,0.8642710002288854
0.784000,-0.03418020904859999,0.9863431754024568
0.786000,-0.05371175707637141,1.3672083619439994
0.788000,0.3271534294651713,0.8154421301594568
0.790000,0.4882887006942855,1.1621271076523996
0.792000,0.20019836728465706,0.7959105821316853
0.794000,0.08300907911802853,1.0205233844510566
0.796000,0.3320363164721141,1.2549019607843137
0.798000,-0.04394598306248569,1.279316395819028
0.800000,0.024414435034714275,1.1670099946593424
0.802000,0.2734416723887999,1.376974135957885
0.804000,0.21972991531242847,0.9130998702983139
0.806000,0.12207217517357137,1.2549019607843137
0.808000,0.1513694972152285,1.074235141527428
0.810000,0.3076218814373999,0.8496223392080567
0.812000,0.537117570763714,1.2402532997634852
0.814000,0.03418020904859999,1.0644693675135424
0.816000,0.371099412527657,1.3867399099717708
0.818000,0.4101625085831998,1.176775768673228
0.820000,0.32227054245822845,1.3574425879301137
0.822000,0.36133363851377126,0.9668116273746853
0.824000,0.2880903334096284,0.9668116273746853
0.826000,0.27832455939574274,1.2207217517357138
0.828000,0.0976577401388571,1.1230640115968566
0.830000,0.24414435034714274,1.3672083619439994
0.832000,0.35156786449988553,1.2549019607843137
0.834000,0.3271534294651713,1.0644693675135424
0.836000,0.42969405661097126,1.245136186770428
0.838000,0.5468833447775998,0.9179827573052567
0.840000,0.3320363164721141,1.342793926909285
0.842000,0.3076218814373999,1.347676813916228
0.844000,0.25879301136797134,1.0937666895551996
0.846000,0.22461280231937134,1.3330281528953993
0.848000,0.5175860227359427,0.908216983291371
0.850000,0.10742351415274282,0.9228656443121996
0.852000,0.39551384756237123,1.3672083619439994
0.854000,0.3320363164721141,0.8252079041733424
0.856000,0.34180209048599985,0.8203250171663996
0.858000,0.2929732204165713,1.1279468986037995
0.860000,0.22949568932631417,0.8398565651941711
0.862000,0.5566491187914855,0.8789196612497139
0.864000,0.32227054245822845,0.8349736781872282
0.866000,0.06347753109025711,1.2011902037079423
0.868000,0.16113527122911422,0.9961089494163424
0.870000,0.3564507515068284,1.0547035934996567
0.872000,0.21972991531242847,0.9375143053330282
0.874000,0.371099412527657,0.908216983291371
0.876000,0.2636758983749142,1.113298237582971
0.878000,0.4443427176317998,1.0693522545204852
0.880000,-0.02929732204165713,1.010757610437171
0.882000,0.19043259327077133,0.8886854352635996
0.884000,0.46387426565957124,1.2500190737773709
0.886000,0.502937361715114,1.1963073167009994
0.888000,0.3564507515068284,1.1181811245899138
0.890000,0.4101625085831998,1.2549019607843137
0.892000,0.5420004577706569,1.0937666895551996
0.894000,0.1855497062638285,0.8789196612497139
0.896000,0.5127031357289997,1.3086137178606851
0.898000,0.24414435034714274,0.8789196612497139
0.900000,0.4931715877012284,1.2695506218051422
0.902000,-0.004882887006942855,1.0644693675135424
0.904000,0.5322346837567712,0.8593881132219425
0.906000,0.07324330510414283,0.942397192339971
0.908000,0.04394598306248569,1.1718928816662852
0.910000,0.04394598306248569,1.1914244296940566
0.912000,0.32227054245822845,1.2353704127565424
0.914000,0.4150453955901427,1.3672083619439994
0.916000,0.37598229953459983,1.0009918364232853
0.918000,0.46387426565957124,1.0498207064927139
0.920000,0.5761806668192568,1.284199282825971
0.922000,0.10254062714579995,0.9228656443121996
0.924000,0.20996414129854277,0.9326314183260853
0.926000,0.3271534294651713,0.942397192339971
0.928000,0.5566491187914855,0.9375143053330282
0.930000,0.20996414129854277,1.005874723430228
0.932000,0.05371175707637141,0.942397192339971
0.934000,0.00976577401388571,1.2890821698329138
0.936000,0.43945983062485694,1.352559700923171
0.938000,-0.014648661020828565,1.0937666895551996
0.940000,0.2392614633401999,1.3086137178606851
0.942000,0.2636758983749142,1.1230640115968566
0.944000,0.4345769436179141,0.9716945143816281
0.946000,0.32227054245822845,0.8838025482566567
0.948000,0.537117570763714,1.3672083619439994
0.950000,0.502937361715114,0.8642710002288854
0.952000,0.2832074464026856,1.210955977721828
0.954000,0.4345769436179141,1.284199282825971
0.956000,0.1416037232013428,1.376974135957885
0.958000,0.46387426565957124,0.9521629663538567
0.960000,0.32227054245822845,0.8642710002288854
0.962000,0.302738994430457,1.3086137178606851
0.964000,0.4150453955901427,0.8496223392080567
0.966000,0.42969405661097126,1.1670099946593424
0.968000,0.5420004577706569,1.3623254749370566
0.970000,0.4687571526665141,1.0205233844510566
0.972000,0.22949568932631417,1.1279468986037995
0.974000,0.024414435034714275,1.2304875257495995
0.976000,-0.004882887006942855,1.2988479438467995
0.978000,0.44922560463874267,0.9716945143816281
0.980000,0.08789196612497138,0.874036774242771
0.982000,0.40039673456931413,0.8593881132219425
0.984000,0.2050812542915999,1.2597848477912565
0.986000,0.4785229266803998,1.1035324635690853
0.988000,0.5859464408331426,1.2207217517357138
0.990000,0.17578393224994276,1.1279468986037995
0.992000,0.5224689097428855,0.8886854352635996
0.994000,0.05859464408331426,0.9277485313191425
0.996000,0.08789196612497138,1.3965056839856564
0.998000,0.1855497062638285,1.0693522545204852
1.000000,0.4882887006942855,0.874036774242771
1.002000,0.4931715877012284,0.9912260624093996
1.004000,0.5420004577706569,1.0009918364232853
1.006000,0.16601815823605706,0.9716945143816281
1.008000,0.1416037232013428,1.3574425879301137
1.010000,0.5322346837567712,1.381857022964828
1.012000,0.5127031357289997,1.2158388647287708
1.014000,0.02929732204165713,0.9521629663538567
1.016000,0.11718928816662852,1.0644693675135424
1.018000,0.27832455939574274,0.9619287403677425
1.020000,0.5468833447775998,1.2256046387426567
1.022000,0.336919203479057,1.4013885709925993
1.024000,0.32227054245822845,1.2890821698329138
1.026000,0.6103608758678569,1.4355687800411994
1.028000,0.5322346837567712,1.3574425879301137
1.030000,0.0976577401388571,1.0791180285343709
1.032000,0.18066681925688563,0.9570458533607996
1.034000,0.5957122148470283,1.2988479438467995
1.036000,0.4443427176317998,0.874036774242771
1.038000,0.40039673456931413,1.342793926909285
1.040000,0.4541084916456855,1.347676813916228
1.042000,0.08789196612497138,1.2890821698329138
1.044000,0.2392614633401999,1.2500190737773709
1.046000,0.5664148928053712,1.3916227969787136
1.048000,0.03418020904859999,1.3232623788815137
1.050000,0.2880903334096284,0.8642710002288854
1.052000,0.15625238422217136,1.113298237582971
1.054000,0.11230640115968567,1.4111543450064852
1.056000,0.32227054245822845,1.005874723430228
1.058000,0.4736400396734569,1.4062714579995421
1.060000,0.14648661020828566,0.8838025482566567
1.062000,0.48340581368734264,1.0009918364232853
1.064000,0.3564507515068284,1.347676813916228
1.066000,0.5322346837567712,1.0644693675135424
1.068000,0.3466849774929427,1.4599832150759136
1.070000,0.5468833447775998,1.2549019607843137
1.072000,0.16113527122911422,1.352559700923171
1.074000,0.2490272373540856,1.0888838025482566
1.076000,0.04394598306248569,1.206073090714885
1.078000,0.2636758983749142,0.942397192339971
1.080000,0.21972991531242847,1.4111543450064852
1.082000,0.14648661020828566,1.4355687800411994
1.084000,0.10254062714579995,1.381857022964828
1.086000,0.5664148928053712,1.1377126726176852
1.088000,0.16113527122911422,1.2549019607843137
1.090000,0.3662165255207141,1.245136186770428
1.092000,0.2832074464026856,0.8838025482566567
1.094000,0.5468833447775998,0.9570458533607996
1.096000,0.19043259327077133,1.0498207064927139
1.098000,0.43945983062485694,1.210955977721828
1.100000,0.605477988860914,1.2402532997634852
1.102000,0.5078202487220569,1.1279468986037995
1.104000,0.5224689097428855,1.3183794918745708
1.106000,0.11718928816662852,1.1865415426871138
1.108000,0.04882887006942855,0.8838025482566567
1.110000,0.48340581368734264,1.0791180285343709
1.112000,0.5761806668192568,1.1572442206454567
1.114000,0.4980544747081712,0.908216983291371
1.116000,0.4150453955901427,0.8935683222705425
1.118000,0.44922560463874267,1.4648661020828564
1.120000,0.336919203479057,1.3037308308537423
1.122000,0.20019836728465706,1.376974135957885
1.124000,0.42969405661097126,1.2402532997634852
1.126000,0.20019836728465706,1.3916227969787136
1.128000,0.31738765545128556,1.3330281528953993
1.130000,0.25391012436102844,0.8935683222705425
1.132000,0.3271534294651713,1.2597848477912565
1.134000,0.2832074464026856,1.1181811245899138
1.136000,0.05859464408331426,1.0595864805065995
1.138000,0.40039673456931413,1.416037232013428
1.140000,0.302738994430457,1.445334554055085
1.142000,0.2734416723887999,1.206073090714885
1.144000,0.05371175707637141,1.4746318760967423
1.146000,0.5664148928053712,1.1523613336385137
1.148000,0.4687571526665141,1.0888838025482566
1.150000,0.4101625085831998,1.1914244296940566
1.152000,0.38574807354848556,0.9130998702983139
1.154000,0.27832455939574274,1.0302891584649423
1.156000,0.6103608758678569,1.4062714579995421
1.158000,0.6298924238956283,1.2597848477912565
1.160000,0.40039673456931413,0.9375143053330282
1.162000,0.29785610742351415,1.0791180285343709
1.164000,0.35156786449988553,0.942397192339971
1.166000,0.5761806668192568,1.0791180285343709
1.168000,0.5224689097428855,1.4551003280689707
1.170000,0.40527962157625697,1.0254062714579995
1.172000,0.21972991531242847,1.2353704127565424
1.174000,0.5810635538261998,1.0498207064927139
1.176000,0.23437857633325704,1.3330281528953993
1.178000,0.5761806668192568,1.0400549324788282
1.180000,0.17090104524299993,1.1670099946593424
1.182000,0.5908293278400855,1.245136186770428
1.184000,0.07324330510414283,1.4990463111314565
1.186000,0.09277485313191425,1.274433508812085
1.188000,0.21484702830548563,1.005874723430228
1.190000,0.1318379491874571,1.0400549324788282
1.192000,0.3564507515068284,1.4795147631036851
1.194000,0.09277485313191425,0.9521629663538567
1.196000,0.2636758983749142,1.074235141527428
1.198000,0.371099412527657,1.2011902037079423
1.200000,0.3125047684443427,1.4599832150759136
1.202000,0.42481116960402837,1.0840009155413137
1.204000,0.35156786449988553,1.1474784466315708
1.206000,0.6347753109025711,1.2353704127565424
1.208000,0.5664148928053712,1.3867399099717708
1.210000,0.5468833447775998,1.2646677347981994
1.212000,0.5908293278400855,1.0986495765621425
1.214000,0.6298924238956283,1.0693522545204852
1.216000,0.6347753109025711,1.342793926909285
1.218000,0.14648661020828566,1.376974135957885
1.220000,0.35156786449988553,1.0156404974441138
1.222000,0.08789196612497138,0.9375143053330282
1.224000,0.34180209048599985,1.4306858930342565
1.226000,0.1513694972152285,0.9228656443121996
1.228000,0.20019836728465706,1.4062714579995421
1.230000,0.5517662317845426,1.381857022964828
1.232000,0.4687571526665141,1.0937666895551996
1.234000,0.5420004577706569,1.4697489890897995
1.236000,0.5810635538261998,1.0644693675135424
1.238000,0.37598229953459983,0.9326314183260853
1.240000,0.12207217517357137,0.9375143053330282
1.242000,0.2880903334096284,1.347676813916228
1.244000,0.32227054245822845,1.0254062714579995
1.246000,0.25391012436102844,1.0302891584649423
1.248000,0.5224689097428855,1.0009918364232853
1.250000,0.11230640115968567,1.2353704127565424
1.252000,0.2929732204165713,1.4062714579995421
1.254000,0.17578393224994276,1.4599832150759136
1.256000,0.16113527122911422,0.942397192339971
1.258000,0.19043259327077133,1.416037232013428
1.260000,0.22949568932631417,1.2646677347981994
1.262000,0.2880903334096284,1.2500190737773709
1.264000,0.48340581368734264,1.445334554055085
1.266000,0.6445410849164569,1.4941634241245136
1.268000,0.14648661020828566,1.0205233844510566
1.270000,0.41992828259708553,1.4062714579995421
1.272000,0.6201266498817426,0.9716945143816281
1.274000,0.6103608758678569,1.4209201190203709
1.276000,0.31738765545128556,1.2597848477912565
1.278000,0.4882887006942855,1.2011902037079423
1.280000,0.25391012436102844,1.4990463111314565
1.282000,0.6787212939650569,1.3672083619439994
1.284000,0.4443427176317998,1.0937666895551996
1.286000,0.16601815823605706,1.0498207064927139
1.288000,0.44922560463874267,1.2256046387426567
1.290000,0.302738994430457,1.0693522545204852
1.292000,0.37598229953459983,1.347676813916228
1.294000,0.6591897459372854,1.3379110399023422
1.296000,0.6836041809719997,1.0791180285343709
1.298000,0.40039673456931413,1.0791180285343709
1.300000,0.6298924238956283,1.2256046387426567
1.302000,0.2880903334096284,1.2597848477912565
1.304000,0.43945983062485694,1.1377126726176852
1.306000,0.302738994430457,1.0400549324788282
1.308000,0.268558785381857,1.0693522545204852
1.310000,0.6494239719233997,1.381857022964828
1.312000,0.5810635538261998,1.3281452658884565
1.314000,0.5078202487220569,1.1035324635690853
1.316000,0.5566491187914855,0.9814602883955138
1.318000,0.5322346837567712,1.4551003280689707
1.320000,0.302738994430457,0.9668116273746853
1.322000,0.3906309605554284,0.9570458533607996
1.324000,0.605477988860914,1.313496604867628
1.326000,0.42481116960402837,1.3086137178606851
1.328000,0.4443427176317998,1.4111543450064852
1.330000,0.4882887006942855,1.3623254749370566
1.332000,0.5566491187914855,1.4648661020828564
1.334000,0.20019836728465706,1.2011902037079423
1.336000,0.5761806668192568,0.9619287403677425
1.338000,0.3662165255207141,0.9716945143816281
1.340000,0.4101625085831998,1.1084153505760281
1.342000,0.14648661020828566,1.0937666895551996
1.344000,0.6982528419928282,1.2549019607843137
1.346000,0.4785229266803998,0.9912260624093996
1.348000,0.3271534294651713,1.5234607461661707
1.350000,0.6250095368886854,1.1523613336385137
1.352000,0.25391012436102844,1.1279468986037995
1.354000,0.1416037232013428,1.547875181200885
1.356000,0.21484702830548563,0.9961089494163424
1.358000,0.24414435034714274,1.1328297856107423
1.360000,0.5859464408331426,1.342793926909285
1.362000,0.16113527122911422,1.113298237582971
1.364000,0.1953154802777142,1.0840009155413137
1.366000,0.44922560463874267,1.0644693675135424
1.368000,0.4931715877012284,1.0205233844510566
1.370000,0.38574807354848556,1.4111543450064852
1.372000,0.31738765545128556,0.9912260624093996
1.374000,0.2832074464026856,1.376974135957885
1.376000,0.639658197909514,1.2988479438467995
1.378000,0.639658197909514,1.010757610437171
1.380000,0.5957122148470283,1.5576409552147708
1.382000,0.4980544747081712,1.3330281528953993
1.384000,0.4736400396734569,1.3183794918745708
1.386000,0.23437857633325704,1.547875181200885
1.388000,0.25879301136797134,0.9863431754024568
1.390000,0.2636758983749142,1.1181811245899138
1.392000,0.3662165255207141,1.4404516670481422
1.394000,0.2832074464026856,1.5039291981383993
1.396000,0.35156786449988553,1.4013885709925993
1.398000,0.2490272373540856,0.9961089494163424
1.400000,0.4882887006942855,1.176775768673228
1.402000,0.34180209048599985,1.3672083619439994
1.404000,0.7129015030136568,1.1035324635690853
1.406000,0.6640726329442282,1.176775768673228
1.408000,0.6982528419928282,1.3672083619439994
1.410000,0.2490272373540856,1.1377126726176852
1.412000,0.34180209048599985,1.2890821698329138
1.414000,0.302738994430457,1.1035324635690853
1.416000,0.19043259327077133,1.0351720454718853
1.418000,0.5566491187914855,1.4795147631036851
1.420000,0.5322346837567712,1.4648661020828564
1.422000,0.1318379491874571,1.2695506218051422
1.424000,0.4931715877012284,1.5332265201800566
1.426000,0.3076218814373999,1.3379110399023422
1.428000,0.5810635538261998,1.4990463111314565
1.430000,0.6787212939650569,1.4746318760967423
1.432000,0.4980544747081712,1.1572442206454567
1.434000,0.605477988860914,1.0644693675135424
1.436000,0.45899137865262835,1.3916227969787136
1.438000,0.371099412527657,1.5722896162355993
1.440000,0.1953154802777142,1.2256046387426567
1.442000,0.1513694972152285,1.3916227969787136
1.444000,0.2929732204165713,1.0791180285343709
1.446000,0.2734416723887999,1.0937666895551996
1.448000,0.6543068589303426,1.4404516670481422
1.450000,0.16601815823605706,1.2695506218051422
1.452000,0.17578393224994276,1.5576409552147708
1.454000,0.19043259327077133,1.3232623788815137
1.456000,0.7177843900205997,1.3281452658884565
1.458000,0.6689555199511711,1.2304875257495995
1.460000,0.38574807354848556,1.2304875257495995
1.462000,0.537117570763714,1.4795147631036851
1.464000,0.708018616006714,1.1572442206454567
1.466000,0.14648661020828566,1.3574425879301137
1.468000,0.17578393224994276,1.381857022964828
1.470000,0.40039673456931413,1.5576409552147708
1.472000,0.5078202487220569,1.1084153505760281
1.474000,0.39551384756237123,1.1914244296940566
1.476000,0.5224689097428855,1.4746318760967423
1.478000,0.1513694972152285,1.0547035934996567
1.480000,0.38574807354848556,1.1572442206454567
1.482000,0.336919203479057,1.484397650110628
1.484000,0.6591897459372854,1.176775768673228
1.486000,0.268558785381857,1.3330281528953993
1.488000,0.42969405661097126,1.5918211642633706
1.490000,0.4101625085831998,1.2158388647287708
1.492000,0.40527962157625697,1.2256046387426567
1.494000,0.502937361715114,1.5234607461661707
1.496000,0.3564507515068284,1.2304875257495995
1.498000,0.7226672770275425,1.3037308308537423
1.500000,0.40527962157625697,1.3623254749370566
1.502000,0.6201266498817426,1.0498207064927139
1.504000,0.24414435034714274,1.1230640115968566
1.506000,0.20996414129854277,1.1865415426871138
1.508000,0.43945983062485694,1.376974135957885
1.510000,0.3564507515068284,1.044937819485771
1.512000,0.5273517967498283,1.0840009155413137
1.514000,0.3271534294651713,1.4941634241245136
1.516000,0.42481116960402837,1.5967040512703137
1.518000,0.2929732204165713,1.0644693675135424
1.520000,0.4736400396734569,1.1621271076523996
1.522000,0.16601815823605706,1.347676813916228
1.524000,0.6250095368886854,1.0693522545204852
1.526000,0.742198825055314,1.2256046387426567
1.528000,0.7031357289997711,1.3183794918745708
1.530000,0.29785610742351415,1.1865415426871138
1.532000,0.44922560463874267,1.1914244296940566
1.534000,0.4150453955901427,1.4648661020828564
1.536000,0.6689555199511711,1.2402532997634852
1.538000,0.41992828259708553,1.4404516670481422
1.540000,0.605477988860914,1.0644693675135424
1.542000,0.21484702830548563,1.4599832150759136
1.544000,0.673838406958114,1.3916227969787136
1.546000,0.38574807354848556,1.2939650568398566
1.548000,0.22461280231937134,1.2597848477912565
1.550000,0.2832074464026856,1.2158388647287708
1.552000,0.7177843900205997,1.1474784466315708
1.554000,0.3564507515068284,1.1035324635690853
1.556000,0.37598229953459983,1.1230640115968566
1.558000,0.336919203479057,1.1377126726176852
1.560000,0.27832455939574274,1.2158388647287708
1.562000,0.21484702830548563,1.3183794918745708
1.564000,0.7519645990691997,1.4990463111314565
1.566000,0.4443427176317998,1.5625238422217136
1.568000,0.2832074464026856,1.3086137178606851
1.570000,0.45899137865262835,1.4355687800411994
1.572000,0.3271534294651713,1.582055390249485
1.574000,0.34180209048599985,1.1963073167009994
1.576000,0.6689555199511711,1.5088120851453422
1.578000,0.5566491187914855,1.4990463111314565
1.580000,0.18066681925688563,1.176775768673228
1.582000,0.35156786449988553,1.5918211642633706
1.584000,0.6933699549858854,1.3330281528953993
1.586000,0.605477988860914,1.176775768673228
1.588000,0.7324330510414282,1.3183794918745708
1.590000,0.2392614633401999,1.5185778591592278
1.592000,0.22949568932631417,1.1963073167009994
1.594000,0.4150453955901427,1.4111543450064852
1.596000,0.4931715877012284,1.284199282825971
1.598000,0.268558785381857,1.6113527122911422
1.600000,0.22949568932631417,1.0302891584649423
1.602000,0.7324330510414282,1.274433508812085
1.604000,0.639658197909514,1.142595559624628
1.606000,0.2490272373540856,1.284199282825971
1.608000,0.5957122148470283,1.347676813916228
1.610000,0.6836041809719997,1.5332265201800566
1.612000,0.35156786449988553,1.3281452658884565
1.614000,0.7129015030136568,1.1181811245899138
1.616000,0.7714961470969711,1.352559700923171
1.618000,0.32227054245822845,1.074235141527428
1.620000,0.3125047684443427,1.1523613336385137
1.622000,0.3076218814373999,1.1523613336385137
1.624000,0.7666132600900283,1.3916227969787136
1.626000,0.6347753109025711,1.210955977721828
1.628000,0.6005951018539711,1.5088120851453422
1.630000,0.7470817120622568,1.5918211642633706
1.632000,0.7031357289997711,1.1914244296940566
1.634000,0.25879301136797134,1.074235141527428
1.636000,0.7373159380483711,1.1279468986037995
1.638000,0.7324330510414282,1.2549019607843137
1.640000,0.7714961470969711,1.2695506218051422
1.642000,0.39551384756237123,1.4502174410620279
1.644000,0.7324330510414282,1.2695506218051422
1.646000,0.45899137865262835,1.445334554055085
1.648000,0.36133363851377126,1.3330281528953993
1.650000,0.5175860227359427,1.5234607461661707
1.652000,0.6787212939650569,1.4892805371175708
1.654000,0.4931715877012284,1.5381094071869994
1.656000,0.537117570763714,1.210955977721828
1.658000,0.4101625085831998,1.0791180285343709
1.660000,0.7519645990691997,1.5039291981383993
1.662000,0.42481116960402837,1.2158388647287708
1.664000,0.3320363164721141,1.2402532997634852
1.666000,0.23437857633325704,1.577172503242542
1.668000,0.3564507515068284,1.2890821698329138
1.670000,0.2929732204165713,1.5722896162355993
1.672000,0.571297779812314,1.5185778591592278
1.674000,0.3271534294651713,1.3183794918745708
1.676000,0.6640726329442282,1.3086137178606851
1.678000,0.5908293278400855,1.5332265201800566
1.680000,0.3125047684443427,1.245136186770428
1.682000,0.7861448081177996,1.4746318760967423
1.684000,0.3271534294651713,1.5674067292286564
1.686000,0.2392614633401999,1.4990463111314565
1.688000,0.23437857633325704,1.1328297856107423
1.690000,0.2636758983749142,1.3867399099717708
1.692000,0.5517662317845426,1.3720912489509423
1.694000,0.3466849774929427,1.1035324635690853
1.696000,0.39551384756237123,1.0937666895551996
1.698000,0.45899137865262835,1.1377126726176852
1.700000,0.3662165255207141,1.547875181200885
1.702000,0.5224689097428855,1.2207217517357138
1.704000,0.8105592431525139,1.6064698252841993
1.706000,0.2880903334096284,1.2304875257495995
1.708000,0.639658197909514,1.342793926909285
1.710000,0.39551384756237123,1.2646677347981994
1.712000,0.5322346837567712,1.547875181200885
1.714000,0.5273517967498283,1.1035324635690853
1.716000,0.7177843900205997,1.3965056839856564
1.718000,0.2832074464026856,1.3672083619439994
1.720000,0.7910276951247425,1.4990463111314565
1.722000,0.5078202487220569,1.3330281528953993
1.724000,0.7714961470969711,1.3916227969787136
1.726000,0.4443427176317998,1.5967040512703137
1.728000,0.6201266498817426,1.1377126726176852
1.730000,0.5273517967498283,1.1328297856107423
1.732000,0.3906309605554284,1.3965056839856564
1.734000,0.6982528419928282,1.2890821698329138
1.736000,0.742198825055314,1.513694972152285
1.738000,0.502937361715114,1.284199282825971
1.740000,0.4931715877012284,1.4209201190203709
1.742000,0.4541084916456855,1.4502174410620279
1.744000,0.5615320057984283,1.3574425879301137
1.746000,0.7324330510414282,1.181658655680171
1.748000,0.23437857633325704,1.1377126726176852
1.750000,0.25391012436102844,1.206073090714885
1.752000,0.38574807354848556,1.3183794918745708
1.754000,0.6543068589303426,1.3379110399023422
1.756000,0.3125047684443427,1.4013885709925993
1.758000,0.7470817120622568,1.5576409552147708
1.760000,0.3662165255207141,1.6308842603189135
1.762000,0.41992828259708553,1.1621271076523996
1.764000,0.6005951018539711,1.0840009155413137
1.766000,0.8105592431525139,1.4013885709925993
1.768000,0.4687571526665141,1.0840009155413137
1.770000,0.38086518654154267,1.6113527122911422
1.772000,0.5908293278400855,1.1718928816662852
1.774000,0.2490272373540856,1.4013885709925993
1.776000,0.7861448081177996,1.4697489890897995
1.778000,0.37598229953459983,1.3232623788815137
1.780000,0.8203250171663996,1.1377126726176852
1.782000,0.4785229266803998,1.3867399099717708
1.784000,0.43945983062485694,1.279316395819028
1.786000,0.6152437628747998,1.2353704127565424
1.788000,0.4150453955901427,1.4013885709925993
1.790000,0.7812619211108568,1.3720912489509423
1.792000,0.43945983062485694,1.4892805371175708
1.794000,0.5175860227359427,1.4355687800411994
1.796000,0.4931715877012284,1.6406500343327992
1.798000,0.31738765545128556,1.484397650110628
1.800000,0.336919203479057,1.2353704127565424
1.802000,0.3125047684443427,1.1474784466315708
1.804000,0.6591897459372854,1.582055390249485
1.806000,0.5420004577706569,1.3623254749370566
1.808000,0.639658197909514,1.342793926909285
1.810000,0.6347753109025711,1.1474784466315708
1.812000,0.7470817120622568,1.313496604867628
1.814000,0.776379034103914,1.4013885709925993
1.816000,0.8252079041733424,1.3281452658884565
1.818000,0.6884870679789425,1.4697489890897995
1.820000,0.4736400396734569,1.582055390249485
1.822000,0.7617303730830853,1.1328297856107423
1.824000,0.6982528419928282,1.313496604867628
1.826000,0.39551384756237123,1.5869382772564278
1.828000,0.7226672770275425,1.2597848477912565
1.830000,0.5908293278400855,1.2011902037079423
1.832000,0.3320363164721141,1.552758068207828
1.834000,0.502937361715114,1.2646677347981994
1.836000,0.36133363851377126,1.4258030060273137
1.838000,0.40039673456931413,1.2890821698329138
1.840000,0.3906309605554284,1.4941634241245136
1.842000,0.6787212939650569,1.5039291981383993
1.844000,0.6445410849164569,1.1328297856107423
1.846000,0.45899137865262835,1.6699473563744565
1.848000,0.4541084916456855,1.284199282825971
1.850000,0.3564507515068284,1.3232623788815137
1.852000,0.42481116960402837,1.6797131303883421
1.854000,0.40527962157625697,1.2597848477912565
1.856000,0.639658197909514,1.5576409552147708
1.858000,0.6103608758678569,1.2695506218051422
1.860000,0.6933699549858854,1.3086137178606851
1.862000,0.6933699549858854,1.1181811245899138
1.864000,0.6836041809719997,1.484397650110628
1.866000,0.34180209048599985,1.5381094071869994
1.868000,0.4931715877012284,1.4209201190203709
1.870000,0.7861448081177996,1.4648661020828564
1.872000,0.5664148928053712,1.1279468986037995
1.874000,0.6689555199511711,1.4404516670481422
1.876000,0.4785229266803998,1.4551003280689707
1.878000,0.7275501640344854,1.1230640115968566
1.880000,0.268558785381857,1.4404516670481422
1.882000,0.7177843900205997,1.279316395819028
1.884000,0.7470817120622568,1.6113527122911422
1.886000,0.708018616006714,1.2890821698329138
1.888000,0.5957122148470283,1.3574425879301137
1.890000,0.3320363164721141,1.347676813916228
1.892000,0.3320363164721141,1.513694972152285
1.894000,0.371099412527657,1.5283436331731135
1.896000,0.6787212939650569,1.5576409552147708
1.898000,0.8056763561455711,1.5722896162355993
1.900000,0.6152437628747998,1.274433508812085
1.902000,0.34180209048599985,1.279316395819028
1.904000,0.7177843900205997,1.7041275654230563
1.906000,0.571297779812314,1.2500190737773709
1.908000,0.7568474860761425,1.4892805371175708
1.910000,0.4882887006942855,1.4111543450064852
1.912000,0.8789196612497139,1.342793926909285
1.914000,0.8496223392080567,1.2549019607843137
1.916000,0.6591897459372854,1.4697489890897995
1.918000,0.371099412527657,1.6797131303883421
1.920000,0.5566491187914855,1.5088120851453422
1.922000,0.3125047684443427,1.5185778591592278
1.924000,0.7275501640344854,1.1865415426871138
1.926000,0.673838406958114,1.245136186770428
1.928000,0.42481116960402837,1.5625238422217136
1.930000,0.8838025482566567,1.577172503242542
1.932000,0.8203250171663996,1.4551003280689707
1.934000,0.8203250171663996,1.6504158083466849
1.936000,0.6543068589303426,1.5576409552147708
1.938000,0.7275501640344854,1.2207217517357138
1.940000,0.742198825055314,1.2207217517357138
1.942000,0.5322346837567712,1.4990463111314565
1.944000,0.7177843900205997,1.6260013733119707
1.946000,0.8203250171663996,1.1670099946593424
1.948000,0.5273517967498283,1.4941634241245136
1.950000,0.5859464408331426,1.4013885709925993
1.952000,0.7470817120622568,1.4795147631036851
1.954000,0.4931715877012284,1.484397650110628
1.956000,0.5078202487220569,1.582055390249485
1.958000,0.34180209048599985,1.1914244296940566
1.960000,0.8935683222705425,1.1621271076523996
1.962000,0.5322346837567712,1.2011902037079423
1.964000,0.5420004577706569,1.3965056839856564
1.966000,0.45899137865262835,1.4111543450064852
1.968000,0.42969405661097126,1.2939650568398566
1.970000,0.6836041809719997,1.6748302433813993
1.972000,0.8252079041733424,1.4062714579995421
1.974000,0.5468833447775998,1.279316395819028
1.976000,0.8789196612497139,1.582055390249485
1.978000,0.502937361715114,1.5722896162355993
1.980000,0.6640726329442282,1.513694972152285
1.982000,0.8349736781872282,1.552758068207828
1.984000,0.4443427176317998,1.206073090714885
1.986000,0.6201266498817426,1.5722896162355993
1.988000,0.6445410849164569,1.1523613336385137
1.990000,0.6103608758678569,1.4209201190203709
1.992000,0.8838025482566567,1.6797131303883421
1.994000,0.7275501640344854,1.2939650568398566
1.996000,0.3662165255207141,1.3086137178606851
1.998000,0.5859464408331426,1.5088120851453422
2.000000,0.336919203479057,1.376974135957885
2.002000,0.37598229953459983,1.748073548485542
2.004000,0.7519645990691997,1.1718928816662852
2.006000,0.3125047684443427,1.5576409552147708
2.008000,0.8838025482566567,1.5722896162355993
2.010000,0.7617303730830853,1.2353704127565424
2.012000,0.7177843900205997,1.5185778591592278
2.014000,0.708018616006714,1.7383077744716564
2.016000,0.35156786449988553,1.6943617914091706
2.018000,0.8300907911802854,1.5283436331731135
2.020000,0.8447394522011139,1.4990463111314565
2.022000,0.40527962157625697,1.6943617914091706
2.024000,0.6591897459372854,1.313496604867628
2.026000,0.41992828259708553,1.5283436331731135
2.028000,0.8154421301594568,1.5576409552147708
2.030000,0.8300907911802854,1.4258030060273137
2.032000,0.9033340962844282,1.552758068207828
2.034000,0.742198825055314,1.1914244296940566
2.036000,0.8056763561455711,1.6064698252841993
2.038000,0.9033340962844282,1.6601815823605708
2.040000,0.5078202487220569,1.2304875257495995
2.042000,0.4443427176317998,1.3330281528953993
2.044000,0.8886854352635996,1.6650644693675136
2.046000,0.4687571526665141,1.2890821698329138
2.048000,0.8398565651941711,1.4209201190203709
2.050000,0.4443427176317998,1.718776226443885
2.052000,0.776379034103914,1.3965056839856564
2.054000,0.5468833447775998,1.4990463111314565
2.056000,0.7031357289997711,1.7285420004577707
2.058000,0.7666132600900283,1.6064698252841993
2.060000,0.5566491187914855,1.4941634241245136
2.062000,0.9130998702983139,1.5429922941939422
2.064000,0.5224689097428855,1.4258030060273137
2.066000,0.7031357289997711,1.5869382772564278
2.068000,0.6201266498817426,1.5674067292286564
2.070000,0.4882887006942855,1.2304875257495995
2.072000,0.3662165255207141,1.2549019607843137
2.074000,0.6005951018539711,1.279316395819028
2.076000,0.7177843900205997,1.684596017395285
2.078000,0.4882887006942855,1.6601815823605708
2.080000,0.7031357289997711,1.723659113450828
2.082000,0.3906309605554284,1.3232623788815137
2.084000,0.6298924238956283,1.5918211642633706
2.086000,0.7568474860761425,1.2402532997634852
2.088000,0.5566491187914855,1.4648661020828564
2.090000,0.908216983291371,1.2353704127565424
2.092000,0.605477988860914,1.2304875257495995
2.094000,0.6494239719233997,1.3720912489509423
2.096000,0.8105592431525139,1.6699473563744565
2.098000,0.776379034103914,1.513694972152285
2.100000,0.3662165255207141,1.2890821698329138
2.102000,0.9326314183260853,1.4355687800411994
2.104000,0.7226672770275425,1.6113527122911422
2.106000,0.8789196612497139,1.684596017395285
2.108000,0.8886854352635996,1.4697489890897995
2.110000,0.6298924238956283,1.616235599298085
2.112000,0.7959105821316853,1.4111543450064852
2.114000,0.7861448081177996,1.347676813916228
2.116000,0.5615320057984283,1.2011902037079423
2.118000,0.8349736781872282,1.6357671473258564
2.120000,0.605477988860914,1.3183794918745708
2.122000,0.3906309605554284,1.342793926909285
2.124000,0.7177843900205997,1.645532921339742
2.126000,0.5420004577706569,1.3379110399023422
2.128000,0.6347753109025711,1.6357671473258564
2.130000,0.6836041809719997,1.3965056839856564
2.132000,0.7617303730830853,1.7676050965133134
2.134000,0.5859464408331426,1.352559700923171
2.136000,0.8789196612497139,1.5429922941939422
2.138000,0.7129015030136568,1.3965056839856564
2.140000,0.8300907911802854,1.6894789044022278
2.142000,0.8398565651941711,1.445334554055085
2.144000,0.40039673456931413,1.5722896162355993
2.146000,0.942397192339971,1.6064698252841993
2.148000,0.6494239719233997,1.3037308308537423
2.150000,0.6933699549858854,1.3379110399023422
2.152000,0.8691538872358282,1.3672083619439994
2.154000,0.9472800793469138,1.684596017395285
2.156000,0.5957122148470283,1.3867399099717708
2.158000,0.5957122148470283,1.5869382772564278
2.160000,0.9130998702983139,1.7383077744716564
2.162000,0.5224689097428855,1.6552986953536277
2.164000,0.673838406958114,1.7676050965133134
2.166000,0.908216983291371,1.582055390249485
2.168000,0.38574807354848556,1.3574425879301137
2.170000,0.5322346837567712,1.6748302433813993
2.172000,0.5127031357289997,1.3720912489509423
2.174000,0.571297779812314,1.748073548485542
2.176000,0.8496223392080567,1.347676813916228
2.178000,0.5517662317845426,1.3379110399023422
2.180000,0.9375143053330282,1.347676813916228
2.182000,0.9228656443121996,1.6943617914091706
2.184000,0.42481116960402837,1.547875181200885
2.186000,0.4980544747081712,1.4306858930342565
2.188000,0.4785229266803998,1.6748302433813993
2.190000,0.9033340962844282,1.3916227969787136
2.192000,0.39551384756237123,1.6552986953536277
2.194000,0.7959105821316853,1.5429922941939422
2.196000,0.6933699549858854,1.4258030060273137
2.198000,0.4345769436179141,1.2500190737773709
2.200000,0.8300907911802854,1.2256046387426567
2.202000,0.5615320057984283,1.3916227969787136
2.204000,0.4541084916456855,1.5234607461661707
2.206000,0.5664148928053712,1.6552986953536277
2.208000,0.7275501640344854,1.5576409552147708
2.210000,0.9277485313191425,1.6064698252841993
2.212000,0.7959105821316853,1.5576409552147708
2.214000,0.4150453955901427,1.3867399099717708
2.216000,0.38086518654154267,1.6748302433813993
2.218000,0.9716945143816281,1.5625238422217136
2.220000,0.5566491187914855,1.4990463111314565
2.222000,0.4541084916456855,1.5234607461661707
2.224000,0.4882887006942855,1.5429922941939422
2.226000,0.6005951018539711,1.5234607461661707
2.228000,0.7812619211108568,1.6504158083466849
2.230000,0.8007934691386283,1.5869382772564278
2.232000,0.44922560463874267,1.7920195315480278
2.234000,0.8154421301594568,1.2500190737773709
2.236000,0.5127031357289997,1.5185778591592278
2.238000,0.45899137865262835,1.8017853055619135
2.240000,0.6543068589303426,1.6894789044022278
2.242000,0.7470817120622568,1.684596017395285
2.244000,0.7470817120622568,1.723659113450828
2.246000,0.5566491187914855,1.8213168535896849
2.248000,0.8984512092774853,1.4258030060273137
2.250000,0.4785229266803998,1.2890821698329138
2.252000,0.9619287403677425,1.8115510795757992
2.254000,0.7324330510414282,1.2939650568398566
2.256000,0.42481116960402837,1.4209201190203709
2.258000,0.6250095368886854,1.484397650110628
2.260000,0.8252079041733424,1.7090104524299992
2.262000,0.742198825055314,1.752956435492485
2.264000,0.7226672770275425,1.7724879835202563
2.266000,0.5127031357289997,1.3672083619439994
2.268000,0.4931715877012284,1.4892805371175708
2.270000,0.5810635538261998,1.3574425879301137
2.272000,0.8886854352635996,1.6992446784161135
2.274000,0.9033340962844282,1.4697489890897995
2.276000,0.6543068589303426,1.8017853055619135
2.278000,0.41992828259708553,1.7041275654230563
2.280000,0.571297779812314,1.5429922941939422
2.282000,0.5224689097428855,1.6308842603189135
2.284000,0.5664148928053712,1.3379110399023422
2.286000,0.9179827573052567,1.5185778591592278
2.288000,0.8984512092774853,1.7822537575341422
2.290000,0.7470817120622568,1.3281452658884565
2.292000,0.6640726329442282,1.645532921339742
2.294000,0.8886854352635996,1.8261997405966277
2.296000,0.976577401388571,1.5429922941939422
2.298000,0.44922560463874267,1.2695506218051422
2.300000,0.742198825055314,1.752956435492485
2.302000,0.7519645990691997,1.6015869382772565
2.304000,0.7470817120622568,1.4062714579995421
2.306000,0.874036774242771,1.4697489890897995
2.308000,0.9277485313191425,1.313496604867628
2.310000,0.9814602883955138,1.274433508812085
2.312000,0.6543068589303426,1.445334554055085
2.314000,0.6152437628747998,1.245136186770428
2.316000,0.5908293278400855,1.3672083619439994
2.318000,0.874036774242771,1.5381094071869994
2.320000,0.43945983062485694,1.777370870527199
2.322000,0.6445410849164569,1.5869382772564278
2.324000,0.673838406958114,1.6699473563744565
2.326000,0.7470817120622568,1.5967040512703137
2.328000,0.7714961470969711,1.3623254749370566
2.330000,0.6298924238956283,1.713893339436942
2.332000,0.9521629663538567,1.5869382772564278
2.334000,0.8935683222705425,1.7285420004577707
2.336000,0.976577401388571,1.7090104524299992
2.338000,0.5273517967498283,1.6260013733119707
2.340000,0.7177843900205997,1.7578393224994278
2.342000,0.9033340962844282,1.6894789044022278
2.344000,0.8252079041733424,1.6211184863050279
2.346000,0.6494239719233997,1.777370870527199
2.348000,1.0009918364232853,1.5722896162355993
2.350000,0.5664148928053712,1.6113527122911422
2.352000,0.8203250171663996,1.6357671473258564
2.354000,0.9863431754024568,1.5918211642633706
2.356000,0.5761806668192568,1.5625238422217136
2.358000,0.537117570763714,1.7822537575341422
2.360000,0.5175860227359427,1.342793926909285
2.362000,0.8496223392080567,1.6699473563744565
2.364000,0.7519645990691997,1.6308842603189135
2.366000,1.0156404974441138,1.855497062638285
2.368000,0.776379034103914,1.5674067292286564
2.370000,0.7324330510414282,1.284199282825971
2.372000,0.9179827573052567,1.7969024185549707
2.374000,0.7519645990691997,1.416037232013428
2.376000,0.42481116960402837,1.8213168535896849
2.378000,0.9130998702983139,1.3232623788815137
2.380000,0.4980544747081712,1.7724879835202563
2.382000,0.6494239719233997,1.718776226443885
2.384000,0.46387426565957124,1.4599832150759136
2.386000,0.4345769436179141,1.3086137178606851
2.388000,0.6445410849164569,1.2695506218051422
2.390000,0.5615320057984283,1.6113527122911422
2.392000,0.874036774242771,1.4795147631036851
2.394000,0.6884870679789425,1.3330281528953993
2.396000,0.9228656443121996,1.5039291981383993
2.398000,0.6201266498817426,1.8261997405966277
2.400000,0.7861448081177996,1.6064698252841993
2.402000,0.9521629663538567,1.6211184863050279
2.404000,0.571297779812314,1.4599832150759136
2.406000,0.571297779812314,1.645532921339742
2.408000,0.8252079041733424,1.6650644693675136
2.410000,0.8886854352635996,1.5722896162355993
2.412000,0.7373159380483711,1.376974135957885
2.414000,0.6836041809719997,1.552758068207828
2.416000,1.0254062714579995,1.8066681925688564
2.418000,0.4443427176317998,1.3183794918745708
2.420000,0.4882887006942855,1.5088120851453422
2.422000,0.6250095368886854,1.8310826276035705
2.424000,0.9326314183260853,1.6211184863050279
2.426000,0.7324330510414282,1.513694972152285
2.428000,0.9863431754024568,1.5869382772564278
2.430000,0.502937361715114,1.7920195315480278
2.432000,0.6884870679789425,1.7285420004577707
2.434000,1.0351720454718853,1.416037232013428
2.436000,0.45899137865262835,1.5576409552147708
2.438000,0.5127031357289997,1.4941634241245136
2.440000,0.6445410849164569,1.8457312886243993
2.442000,0.4541084916456855,1.8457312886243993
2.444000,0.908216983291371,1.748073548485542
2.446000,0.908216983291371,1.7334248874647136
2.448000,0.8105592431525139,1.3086137178606851
2.450000,0.4736400396734569,1.616235599298085
2.452000,0.8642710002288854,1.3623254749370566
2.454000,0.6152437628747998,1.723659113450828
2.456000,0.6445410849164569,1.4941634241245136
2.458000,0.7519645990691997,1.8310826276035705
2.460000,1.010757610437171,1.8408484016174562
2.462000,0.9619287403677425,1.6260013733119707
2.464000,1.010757610437171,1.7041275654230563
2.466000,0.6298924238956283,1.8799114976729991
2.468000,0.7031357289997711,1.8506141756313421
2.470000,0.8105592431525139,1.582055390249485
2.472000,0.5468833447775998,1.723659113450828
2.474000,0.4785229266803998,1.484397650110628
2.476000,0.7519645990691997,1.4209201190203709
2.478000,0.45899137865262835,1.3867399099717708
2.480000,0.776379034103914,1.4746318760967423
2.482000,0.9619287403677425,1.6211184863050279
2.484000,0.6640726329442282,1.2939650568398566
2.486000,0.5224689097428855,1.4648661020828564
2.488000,0.7812619211108568,1.2939650568398566
2.490000,0.9130998702983139,1.342793926909285
2.492000,1.005874723430228,1.777370870527199
2.494000,0.5810635538261998,1.5283436331731135
2.496000,0.7275501640344854,1.7627222095063706
2.498000,0.9814602883955138,1.8457312886243993
2.500000,0.7812619211108568,1.684596017395285
2.502000,0.6103608758678569,1.6650644693675136
2.504000,0.8447394522011139,1.7285420004577707
2.506000,1.0302891584649423,1.6406500343327992
2.508000,0.5468833447775998,1.5088120851453422
2.510000,0.976577401388571,1.7676050965133134
2.512000,0.908216983291371,1.8652628366521706
2.514000,0.9472800793469138,1.3672083619439994
2.516000,0.5322346837567712,1.3183794918745708
2.518000,1.0302891584649423,1.5674067292286564
2.520000,0.5859464408331426,1.684596017395285
2.522000,0.5859464408331426,1.5039291981383993
2.524000,0.9228656443121996,1.6943617914091706
2.526000,1.0400549324788282,1.3965056839856564
2.528000,0.8447394522011139,1.4111543450064852
2.530000,0.7226672770275425,1.352559700923171
2.532000,0.7031357289997711,1.7627222095063706
2.534000,0.9277485313191425,1.8066681925688564
2.536000,0.8838025482566567,1.552758068207828
2.538000,0.7666132600900283,1.6943617914091706
2.540000,0.5224689097428855,1.4795147631036851
2.542000,0.5810635538261998,1.4502174410620279
2.544000,0.8447394522011139,1.3330281528953993
2.546000,1.0595864805065995,1.513694972152285
2.548000,1.0595864805065995,1.6308842603189135
2.550000,0.5078202487220569,1.6552986953536277
2.552000,0.7226672770275425,1.4013885709925993
2.554000,0.7129015030136568,1.4062714579995421
2.556000,0.6543068589303426,1.445334554055085
2.558000,0.5078202487220569,1.4746318760967423
2.560000,0.8349736781872282,1.8310826276035705
2.562000,0.6787212939650569,1.6650644693675136
2.564000,1.0302891584649423,1.7578393224994278
2.566000,0.4931715877012284,1.7920195315480278
2.568000,0.8593881132219425,1.3672083619439994
2.570000,0.5420004577706569,1.6357671473258564
2.572000,0.8398565651941711,1.582055390249485
2.574000,0.4931715877012284,1.718776226443885
2.576000,1.0693522545204852,1.5722896162355993
2.578000,0.5273517967498283,1.5283436331731135
2.580000,0.976577401388571,1.3867399099717708
2.582000,1.0254062714579995,1.6748302433813993
2.584000,0.908216983291371,1.4355687800411994
2.586000,0.8545052262149996,1.347676813916228
2.588000,0.6494239719233997,1.6601815823605708
2.590000,0.8545052262149996,1.7041275654230563
2.592000,0.9912260624093996,1.6552986953536277
2.594000,0.874036774242771,1.6699473563744565
2.596000,1.0644693675135424,1.5234607461661707
2.598000,0.5175860227359427,1.723659113450828
2.600000,0.6103608758678569,1.8017853055619135
2.602000,0.9961089494163424,1.4746318760967423
2.604000,1.0205233844510566,1.6211184863050279
2.606000,0.8300907911802854,1.787136644541085
2.608000,0.502937361715114,1.7676050965133134
2.610000,0.7666132600900283,1.5039291981383993
2.612000,0.7470817120622568,1.718776226443885
2.614000,0.5468833447775998,1.884794384679942
2.616000,0.5078202487220569,1.4599832150759136
2.618000,0.9472800793469138,1.6552986953536277
2.620000,0.6884870679789425,1.3379110399023422
2.622000,1.0400549324788282,1.7578393224994278
2.624000,0.6591897459372854,1.7969024185549707
2.626000,0.5273517967498283,1.4599832150759136
2.628000,0.6445410849164569,1.6650644693675136
2.630000,0.5127031357289997,1.4209201190203709
2.632000,0.8203250171663996,1.5674067292286564
2.634000,0.7714961470969711,1.8457312886243993
2.636000,0.5127031357289997,1.5869382772564278
2.638000,0.5957122148470283,1.7822537575341422
2.640000,0.7177843900205997,1.5674067292286564
2.642000,0.5957122148470283,1.5576409552147708
2.644000,0.8007934691386283,1.5283436331731135
2.646000,0.7275501640344854,1.6748302433813993
2.648000,0.9228656443121996,1.616235599298085
2.650000,0.7275501640344854,1.4697489890897995
2.652000,1.1035324635690853,1.4355687800411994
2.654000,0.7226672770275425,1.616235599298085
2.656000,0.6347753109025711,1.8408484016174562
2.658000,1.044937819485771,1.7676050965133134
2.660000,0.7666132600900283,1.7676050965133134
2.662000,0.6787212939650569,1.6357671473258564
2.664000,0.6152437628747998,1.6308842603189135
2.666000,0.7031357289997711,1.6015869382772565
2.668000,0.5224689097428855,1.6211184863050279
2.670000,0.6884870679789425,1.547875181200885
2.672000,0.5224689097428855,1.6797131303883421
2.674000,1.0205233844510566,1.8115510795757992
2.676000,0.8886854352635996,1.6797131303883421
2.678000,0.9179827573052567,1.9385061417563134
2.680000,0.8007934691386283,1.9092088197146564
2.682000,0.9277485313191425,1.7431906614785992
2.684000,0.9570458533607996,1.8945601586938277
2.686000,0.8447394522011139,1.5918211642633706
2.688000,0.742198825055314,1.8310826276035705
2.690000,0.6347753109025711,1.5234607461661707
2.692000,0.5615320057984283,1.5869382772564278
2.694000,0.7129015030136568,1.616235599298085
2.696000,0.5615320057984283,1.6308842603189135
2.698000,0.8154421301594568,1.4062714579995421
2.700000,0.9912260624093996,1.4404516670481422
2.702000,0.9130998702983139,1.8506141756313421
2.704000,0.7714961470969711,1.4892805371175708
2.706000,1.0351720454718853,1.816433966582742
2.708000,0.7177843900205997,1.4062714579995421
2.710000,0.5566491187914855,1.4990463111314565
2.712000,0.8300907911802854,1.6113527122911422
2.714000,0.8691538872358282,1.6601815823605708
2.716000,1.074235141527428,1.616235599298085
2.718000,0.6543068589303426,1.7041275654230563
2.720000,1.0693522545204852,1.6894789044022278
2.722000,0.8886854352635996,1.484397650110628
2.724000,0.9033340962844282,1.6357671473258564
2.726000,1.010757610437171,1.552758068207828
2.728000,0.874036774242771,1.684596017395285
2.730000,0.9326314183260853,1.9433890287632563
2.732000,0.6103608758678569,1.5429922941939422
2.734000,0.5517662317845426,1.3720912489509423
2.736000,0.7666132600900283,1.4551003280689707
2.738000,0.639658197909514,1.7431906614785992
2.740000,0.5420004577706569,1.9140917067215992
2.742000,0.9912260624093996,1.8896772716868848
2.744000,0.7519645990691997,1.6699473563744565
2.746000,0.874036774242771,1.616235599298085
2.748000,1.010757610437171,1.4746318760967423
2.750000,0.6787212939650569,1.6943617914091706
2.752000,0.7373159380483711,1.7969024185549707
2.754000,0.8007934691386283,1.8310826276035705
2.756000,0.8203250171663996,1.4062714579995421
2.758000,0.8496223392080567,1.9336232547493706
2.760000,0.8105592431525139,1.7627222095063706
2.762000,0.6689555199511711,1.5332265201800566
2.764000,1.0009918364232853,1.9775692378118563
2.766000,0.7861448081177996,1.513694972152285
2.768000,0.6543068589303426,1.884794384679942
2.770000,0.8203250171663996,1.7724879835202563
2.772000,0.5517662317845426,1.577172503242542
2.774000,0.639658197909514,1.9726863508049135
2.776000,1.142595559624628,1.6943617914091706
2.778000,1.0547035934996567,1.4258030060273137
2.780000,0.874036774242771,1.8994430457007705
2.782000,0.9570458533607996,1.6308842603189135
2.784000,0.9033340962844282,1.8115510795757992
2.786000,0.9570458533607996,1.5576409552147708
2.788000,1.0644693675135424,1.7578393224994278
2.790000,0.8056763561455711,1.777370870527199
2.792000,1.0693522545204852,1.713893339436942
2.794000,0.6250095368886854,1.484397650110628
2.796000,0.7519645990691997,1.7627222095063706
2.798000,1.0986495765621425,1.5967040512703137
2.800000,0.8154421301594568,1.777370870527199
2.802000,0.5566491187914855,1.513694972152285
2.804000,0.8789196612497139,1.9336232547493706
2.806000,1.0400549324788282,1.5283436331731135
2.808000,1.0205233844510566,1.7676050965133134
2.810000,0.708018616006714,1.5234607461661707
2.812000,0.7031357289997711,1.713893339436942
2.814000,1.005874723430228,1.8896772716868848
2.816000,0.5761806668192568,1.855497062638285
2.818000,1.1328297856107423,1.4795147631036851
2.820000,0.5566491187914855,1.9140917067215992
2.822000,0.9619287403677425,1.6211184863050279
2.824000,0.8007934691386283,1.8603799496452278
2.826000,0.6152437628747998,1.953154802777142
2.828000,0.776379034103914,1.9043259327077133
2.830000,1.0498207064927139,1.8652628366521706
2.832000,0.6836041809719997,1.787136644541085
2.834000,1.0302891584649423,1.7822537575341422
2.836000,1.005874723430228,1.6992446784161135
2.838000,0.8007934691386283,1.8408484016174562
2.840000,0.8642710002288854,1.8408484016174562
2.842000,0.742198825055314,1.7627222095063706
2.844000,1.0937666895551996,1.684596017395285
2.846000,1.044937819485771,1.9678034637979704
2.848000,0.8154421301594568,1.923857480735485
2.850000,0.908216983291371,1.8261997405966277
2.852000,1.1377126726176852,1.8652628366521706
2.854000,0.8691538872358282,1.718776226443885
2.856000,0.5908293278400855,1.7822537575341422
2.858000,0.8252079041733424,1.8945601586938277
2.860000,0.7324330510414282,1.7578393224994278
2.862000,0.9130998702983139,1.6748302433813993
2.864000,1.1279468986037995,1.8408484016174562
2.866000,0.8056763561455711,1.6308842603189135
2.868000,0.9570458533607996,1.547875181200885
2.870000,1.0351720454718853,1.5234607461661707
2.872000,0.7714961470969711,1.7383077744716564
2.874000,0.639658197909514,1.416037232013428
2.876000,0.7812619211108568,1.5625238422217136
2.878000,0.7812619211108568,1.6894789044022278
2.880000,1.113298237582971,1.8799114976729991
2.882000,0.8398565651941711,1.6504158083466849
2.884000,1.010757610437171,1.787136644541085
2.886000,0.7959105821316853,1.4404516670481422
2.888000,0.6689555199511711,1.5332265201800566
2.890000,0.6494239719233997,1.4941634241245136
2.892000,0.8300907911802854,1.4502174410620279
2.894000,1.0400549324788282,1.9043259327077133
2.896000,0.8789196612497139,1.7383077744716564
2.898000,0.6494239719233997,1.9140917067215992
2.900000,0.6982528419928282,1.7285420004577707
2.902000,1.1572442206454567,1.918974593728542
2.904000,1.1035324635690853,1.7383077744716564
2.906000,0.8984512092774853,1.5722896162355993
2.908000,0.8398565651941711,1.8603799496452278
2.910000,0.6250095368886854,1.787136644541085
2.912000,0.6103608758678569,1.4502174410620279
2.914000,0.6933699549858854,1.8213168535896849
2.916000,0.7129015030136568,1.9971007858396277
2.918000,1.0937666895551996,1.6797131303883421
2.920000,0.9130998702983139,1.6357671473258564
2.922000,1.074235141527428,1.547875181200885
2.924000,0.6201266498817426,1.8896772716868848
2.926000,0.6884870679789425,1.9433890287632563
2.928000,0.6836041809719997,1.7383077744716564
2.930000,1.113298237582971,1.713893339436942
2.932000,0.742198825055314,1.4599832150759136
2.934000,0.6591897459372854,1.6699473563744565
2.936000,0.6543068589303426,2.0019836728465705
2.938000,1.1914244296940566,1.5429922941939422
2.940000,1.0986495765621425,1.4648661020828564
2.942000,1.0693522545204852,1.513694972152285
2.944000,1.0937666895551996,2.0263981078812847
2.946000,0.6201266498817426,1.4306858930342565
2.948000,0.7275501640344854,1.8066681925688564
2.950000,1.010757610437171,1.8457312886243993
2.952000,0.8447394522011139,1.8799114976729991
2.954000,1.0693522545204852,1.6797131303883421
2.956000,0.7959105821316853,1.7383077744716564
2.958000,0.9912260624093996,1.5185778591592278
2.960000,0.9570458533607996,1.9824521248187992
2.962000,0.7519645990691997,1.923857480735485
2.964000,0.942397192339971,1.9287403677424277
2.966000,0.9326314183260853,1.547875181200885
2.968000,0.8691538872358282,1.953154802777142
2.970000,0.9961089494163424,1.855497062638285
2.972000,0.7177843900205997,1.8310826276035705
2.974000,0.908216983291371,1.6504158083466849
2.976000,0.9863431754024568,1.8896772716868848
2.978000,1.1670099946593424,1.987335011825742
2.980000,0.874036774242771,1.884794384679942
2.982000,1.0840009155413137,1.6650644693675136
2.984000,0.8252079041733424,1.923857480735485
2.986000,0.6103608758678569,1.5185778591592278
2.988000,0.7959105821316853,1.6357671473258564
2.990000,0.8007934691386283,1.8506141756313421
2.992000,1.1474784466315708,1.8603799496452278
2.994000,0.908216983291371,1.6650644693675136
2.996000,1.0986495765621425,1.4892805371175708
2.998000,1.074235141527428,2.0361638818951704
3.000000,1.0302891584649423,1.4892805371175708
3.002000,0.776379034103914,1.855497062638285
3.004000,1.206073090714885,1.577172503242542
3.006000,0.8300907911802854,1.484397650110628
3.008000,0.7568474860761425,1.5674067292286564
3.010000,0.8789196612497139,2.011749446860456
3.012000,0.9326314183260853,1.8701457236591135
3.014000,0.7470817120622568,1.7920195315480278
3.016000,0.8642710002288854,1.9043259327077133
3.018000,0.6591897459372854,1.9336232547493706
3.020000,1.2011902037079423,1.787136644541085
3.022000,0.8398565651941711,1.5039291981383993
3.024000,0.942397192339971,1.8506141756313421
3.026000,0.9179827573052567,1.8750286106660563
3.028000,0.9521629663538567,1.6601815823605708
3.030000,0.8545052262149996,1.552758068207828
3.032000,0.6640726329442282,1.5674067292286564
3.034000,0.7959105821316853,1.5088120851453422
3.036000,1.0205233844510566,1.8896772716868848
3.038000,1.010757610437171,1.8310826276035705
3.040000,1.1279468986037995,1.4697489890897995
3.042000,1.0840009155413137,1.855497062638285
3.044000,1.2158388647287708,1.5625238422217136
3.046000,0.7324330510414282,1.987335011825742
3.048000,1.206073090714885,1.8066681925688564
3.050000,0.776379034103914,1.987335011825742
3.052000,0.7373159380483711,1.9629205767910276
3.054000,0.742198825055314,1.7383077744716564
3.056000,0.8886854352635996,1.6943617914091706
3.058000,1.1181811245899138,1.7090104524299992
3.060000,0.7861448081177996,1.7334248874647136
3.062000,0.7568474860761425,1.8115510795757992
3.064000,0.7519645990691997,1.8261997405966277
3.066000,1.1084153505760281,1.9971007858396277
3.068000,0.9570458533607996,1.7334248874647136
3.070000,1.1230640115968566,2.016632333867399
3.072000,0.6494239719233997,1.8701457236591135
3.074000,1.1181811245899138,1.8799114976729991
3.076000,0.776379034103914,1.547875181200885
3.078000,0.6543068589303426,1.7383077744716564
3.080000,1.1523613336385137,1.5039291981383993
3.082000,0.9130998702983139,1.9775692378118563
3.084000,1.0693522545204852,1.513694972152285
3.086000,0.8203250171663996,1.748073548485542
3.088000,1.1572442206454567,1.5918211642633706
3.090000,1.0302891584649423,1.5332265201800566
3.092000,0.8398565651941711,1.777370870527199
3.094000,0.7470817120622568,1.8652628366521706
3.096000,0.7031357289997711,1.7627222095063706
3.098000,0.9668116273746853,1.5283436331731135
3.100000,1.1523613336385137,2.0312809948882276
3.102000,0.9375143053330282,1.6943617914091706
3.104000,1.1328297856107423,1.7041275654230563
3.106000,0.7031357289997711,1.8701457236591135
3.108000,1.0254062714579995,1.9678034637979704
3.110000,0.8349736781872282,2.045929655909056
3.112000,0.8349736781872282,1.9336232547493706
3.114000,0.8154421301594568,1.616235599298085
3.116000,0.8154421301594568,1.748073548485542
3.118000,0.8935683222705425,1.645532921339742
3.120000,0.976577401388571,1.6308842603189135
3.122000,1.176775768673228,1.7431906614785992
3.124000,0.673838406958114,2.011749446860456
3.126000,0.8838025482566567,1.6748302433813993
3.128000,0.7812619211108568,1.9433890287632563
3.130000,1.210955977721828,1.923857480735485
3.132000,1.0986495765621425,2.084992751964599
3.134000,0.9130998702983139,2.0263981078812847
3.136000,1.0205233844510566,1.5869382772564278
3.138000,1.1474784466315708,1.6211184863050279
3.140000,0.8935683222705425,1.9287403677424277
3.142000,1.0791180285343709,1.8408484016174562
3.144000,1.245136186770428,1.4941634241245136
3.146000,1.2207217517357138,1.8408484016174562
3.148000,0.9277485313191425,1.748073548485542
3.150000,0.8691538872358282,1.855497062638285
3.152000,1.0156404974441138,1.748073548485542
3.154000,0.6640726329442282,1.5576409552147708
3.156000,1.0156404974441138,1.6406500343327992
3.158000,0.7226672770275425,1.5185778591592278
3.160000,0.8886854352635996,1.6113527122911422
3.162000,0.6787212939650569,2.0263981078812847
3.164000,0.8154421301594568,1.953154802777142
3.166000,1.0009918364232853,1.5088120851453422
3.168000,0.8007934691386283,2.0019836728465705
3.170000,1.1718928816662852,1.5625238422217136
3.172000,1.0840009155413137,1.923857480735485
3.174000,0.6933699549858854,1.552758068207828
3.176000,1.2011902037079423,2.0556954299229417
3.178000,0.8691538872358282,1.7920195315480278
3.180000,1.113298237582971,1.9629205767910276
3.182000,0.7470817120622568,1.923857480735485
3.184000,0.9863431754024568,1.7578393224994278
3.186000,0.8056763561455711,1.9922178988326849
3.188000,0.7275501640344854,1.8261997405966277
3.190000,1.1230640115968566,2.0019836728465705
3.192000,1.176775768673228,1.6699473563744565
3.194000,1.0009918364232853,1.884794384679942
3.196000,0.8838025482566567,1.8750286106660563
3.198000,1.2500190737773709,1.9385061417563134
3.200000,1.210955977721828,2.094758525978485
3.202000,1.0693522545204852,1.5234607461661707
3.204000,1.0254062714579995,2.0019836728465705
3.206000,0.874036774242771,1.948271915770199
3.208000,0.976577401388571,1.7627222095063706
3.210000,0.6787212939650569,1.8457312886243993
3.212000,1.005874723430228,1.8066681925688564
3.214000,1.2207217517357138,1.7090104524299992
3.216000,0.8398565651941711,1.948271915770199
3.218000,0.9033340962844282,1.7090104524299992
3.220000,1.005874723430228,2.1094071869993134
3.222000,1.2158388647287708,1.645532921339742
3.224000,0.8300907911802854,1.6943617914091706
3.226000,1.1963073167009994,1.5869382772564278
3.228000,1.210955977721828,1.6552986953536277
3.230000,1.210955977721828,1.8457312886243993
3.232000,0.8252079041733424,2.084992751964599
3.234000,0.9472800793469138,1.9678034637979704
3.236000,0.6933699549858854,1.777370870527199
3.238000,1.1084153505760281,1.7090104524299992
3.240000,1.0840009155413137,1.6260013733119707
3.242000,0.776379034103914,1.7822537575341422
3.244000,0.7959105821316853,2.0752269779507135
3.246000,1.284199282825971,2.0068665598535134
3.248000,0.7812619211108568,1.8701457236591135
3.250000,1.245136186770428,1.7627222095063706
3.252000,1.2011902037079423,1.5869382772564278
3.254000,0.8496223392080567,1.6797131303883421
3.256000,1.0888838025482566,1.7285420004577707
3.258000,1.284199282825971,1.8261997405966277
3.260000,1.0644693675135424,1.8603799496452278
3.262000,1.1084153505760281,1.8701457236591135
3.264000,0.8642710002288854,2.0556954299229417
3.266000,1.2890821698329138,1.5722896162355993
3.268000,1.206073090714885,1.645532921339742
3.270000,0.9814602883955138,1.6260013733119707
3.272000,1.0791180285343709,1.923857480735485
3.274000,1.0791180285343709,2.016632333867399
3.276000,1.2207217517357138,1.9140917067215992
3.278000,1.2158388647287708,2.1094071869993134
3.280000,1.2500190737773709,1.5429922941939422
3.282000,0.7177843900205997,2.050812542915999
3.284000,1.210955977721828,1.9433890287632563
3.286000,1.1474784466315708,1.8701457236591135
3.288000,1.0351720454718853,1.684596017395285
3.290000,1.0840009155413137,2.124055848020142
3.292000,0.8398565651941711,2.0312809948882276
3.294000,1.274433508812085,1.7724879835202563
3.296000,0.9961089494163424,1.9678034637979704
3.298000,1.181658655680171,2.0263981078812847
3.300000,1.2304875257495995,1.5576409552147708
3.302000,0.7714961470969711,1.616235599298085
3.304000,0.7666132600900283,1.6015869382772565
3.306000,1.284199282825971,1.7676050965133134
3.308000,1.1523613336385137,1.855497062638285
3.310000,0.7910276951247425,1.645532921339742
3.312000,1.1328297856107423,2.0556954299229417
3.314000,1.010757610437171,1.8701457236591135
3.316000,0.8642710002288854,2.0068665598535134
3.318000,0.9375143053330282,1.6894789044022278
3.320000,1.1865415426871138,1.948271915770199
3.322000,0.7910276951247425,2.0019836728465705
3.324000,0.8935683222705425,1.8750286106660563
3.326000,0.9375143053330282,1.6357671473258564
3.328000,1.1328297856107423,1.6357671473258564
3.330000,1.3086137178606851,2.0556954299229417
3.332000,1.1718928816662852,1.6406500343327992
3.334000,0.8545052262149996,1.918974593728542
3.336000,0.7861448081177996,1.8750286106660563
3.338000,0.908216983291371,2.0801098649576564
3.340000,1.206073090714885,1.987335011825742
3.342000,1.0791180285343709,1.748073548485542
3.344000,0.7666132600900283,1.9678034637979704
3.346000,1.2011902037079423,1.748073548485542
3.348000,1.1474784466315708,1.9971007858396277
3.350000,0.9375143053330282,2.1289387350270847
3.352000,1.1084153505760281,1.5674067292286564
3.354000,1.010757610437171,1.6260013733119707
3.356000,0.9033340962844282,1.8750286106660563
3.358000,1.210955977721828,1.855497062638285
3.360000,0.8154421301594568,1.9580376897840848
3.362000,0.9326314183260853,1.577172503242542
3.364000,0.7910276951247425,1.5918211642633706
3.366000,1.0888838025482566,1.8896772716868848
3.368000,0.8252079041733424,2.0312809948882276
3.370000,1.0351720454718853,1.616235599298085
3.372000,0.7470817120622568,1.9775692378118563
3.374000,0.8496223392080567,2.0801098649576564
3.376000,1.3183794918745708,2.1094071869993134
3.378000,0.7470817120622568,1.6211184863050279
3.380000,1.181658655680171,1.6894789044022278
3.382000,0.7568474860761425,2.1094071869993134
3.384000,1.2158388647287708,1.8603799496452278
3.386000,0.9326314183260853,1.7578393224994278
3.388000,1.1181811245899138,2.0752269779507135
3.390000,0.9033340962844282,1.953154802777142
3.392000,1.0498207064927139,1.8994430457007705
3.394000,0.9326314183260853,1.7578393224994278
3.396000,0.9716945143816281,1.8799114976729991
3.398000,0.8349736781872282,1.7969024185549707
3.400000,0.8252079041733424,1.8213168535896849
3.402000,0.7617303730830853,2.0605783169298846
3.404000,0.8838025482566567,1.6552986953536277
3.406000,0.7568474860761425,2.011749446860456
3.408000,1.206073090714885,1.9678034637979704
3.410000,1.3183794918745708,2.0556954299229417
3.412000,1.2353704127565424,1.6357671473258564
3.414000,1.3086137178606851,2.050812542915999
3.416000,0.9570458533607996,1.616235599298085
3.418000,0.742198825055314,1.9971007858396277
3.420000,1.1035324635690853,2.089875638971542
3.422000,1.3232623788815137,1.7627222095063706
3.424000,1.274433508812085,2.0801098649576564
3.426000,0.7568474860761425,1.9580376897840848
3.428000,0.7568474860761425,1.923857480735485
3.430000,0.7470817120622568,1.6308842603189135
3.432000,0.9521629663538567,2.065461203936828
3.434000,0.7666132600900283,2.1045242999923706
3.436000,0.8642710002288854,1.616235599298085
3.438000,0.9472800793469138,1.8506141756313421
3.440000,0.8984512092774853,2.1094071869993134
3.442000,0.7714961470969711,1.8310826276035705
3.444000,0.9130998702983139,1.948271915770199
3.446000,1.1865415426871138,2.1142900740062562
3.448000,1.2353704127565424,1.8896772716868848
3.450000,1.0254062714579995,1.948271915770199
3.452000,0.9912260624093996,1.6992446784161135
3.454000,0.8642710002288854,2.045929655909056
3.456000,1.1718928816662852,1.8066681925688564
3.458000,0.8642710002288854,2.1680018310826275
3.460000,0.9326314183260853,1.9385061417563134
3.462000,0.976577401388571,1.7041275654230563
3.464000,1.0302891584649423,1.6650644693675136
3.466000,0.9277485313191425,1.6797131303883421
3.468000,1.0840009155413137,2.0312809948882276
3.470000,1.0791180285343709,1.6064698252841993
3.472000,1.0937666895551996,1.777370870527199
3.474000,0.9570458533607996,2.1435873960479133
3.476000,0.9814602883955138,1.718776226443885
3.478000,0.8838025482566567,2.1680018310826275
3.480000,0.7959105821316853,1.8066681925688564
3.482000,0.9521629663538567,1.8359655146105134
3.484000,0.8398565651941711,2.065461203936828
3.486000,1.0254062714579995,2.065461203936828
3.488000,1.2695506218051422,2.045929655909056
3.490000,0.8984512092774853,1.8017853055619135
3.492000,1.0254062714579995,1.684596017395285
3.494000,1.1572442206454567,2.045929655909056
3.496000,1.1230640115968566,1.7627222095063706
3.498000,0.9179827573052567,1.9140917067215992
3.500000,1.279316395819028,2.0361638818951704
3.502000,0.874036774242771,1.6064698252841993
3.504000,0.9472800793469138,1.8603799496452278
3.506000,1.1181811245899138,1.8115510795757992
3.508000,0.9277485313191425,1.9922178988326849
3.510000,0.9912260624093996,1.7969024185549707
3.512000,1.010757610437171,2.1631189440756846
3.514000,1.284199282825971,1.9140917067215992
3.516000,1.2597848477912565,2.0996414129854277
3.518000,0.9863431754024568,2.0263981078812847
3.520000,1.1377126726176852,1.8310826276035705
3.522000,0.908216983291371,2.0752269779507135
3.524000,1.1035324635690853,1.7041275654230563
3.526000,1.0254062714579995,1.8017853055619135
3.528000,0.9375143053330282,2.2021820401312278
3.530000,0.8007934691386283,2.1631189440756846
3.532000,1.1328297856107423,2.1387045090409704
3.534000,0.7812619211108568,1.9140917067215992
3.536000,1.0498207064927139,1.9385061417563134
3.538000,0.8935683222705425,2.0703440909437707
3.540000,0.8007934691386283,2.197299153124285
3.542000,0.9912260624093996,2.1094071869993134
3.544000,1.1230640115968566,1.8213168535896849
3.546000,0.7959105821316853,1.8457312886243993
3.548000,1.010757610437171,2.0996414129854277
3.550000,1.2256046387426567,1.8310826276035705
3.552000,1.1914244296940566,1.8701457236591135
3.554000,1.3232623788815137,1.8457312886243993
3.556000,1.181658655680171,2.1094071869993134
3.558000,1.010757610437171,1.6357671473258564
3.560000,1.0205233844510566,2.0752269779507135
3.562000,1.0400549324788282,1.8066681925688564
3.564000,0.8691538872358282,1.8115510795757992
3.566000,1.313496604867628,1.6894789044022278
3.568000,1.0351720454718853,2.0410467689021132
3.570000,0.9179827573052567,1.777370870527199
3.572000,1.1865415426871138,1.923857480735485
3.574000,1.0547035934996567,2.1289387350270847
3.576000,1.1963073167009994,1.9140917067215992
3.578000,1.0302891584649423,1.9140917067215992
3.580000,1.1865415426871138,1.923857480735485
3.582000,1.1230640115968566,1.718776226443885
3.584000,0.8886854352635996,2.1338216220340276
3.586000,1.1718928816662852,1.7676050965133134
3.588000,1.2158388647287708,1.9678034637979704
3.590000,1.0302891584649423,1.9433890287632563
3.592000,0.976577401388571,2.148470283054856
3.594000,1.274433508812085,2.0361638818951704
3.596000,1.2549019607843137,1.8994430457007705
3.598000,1.2988479438467995,1.6308842603189135
3.600000,1.3867399099717708,2.089875638971542
3.602000,1.010757610437171,2.2021820401312278
3.604000,0.8105592431525139,2.1387045090409704
3.606000,0.8496223392080567,1.8066681925688564
3.608000,0.9472800793469138,1.6357671473258564
3.610000,0.9472800793469138,1.8213168535896849
3.612000,1.0254062714579995,2.192416266117342
3.614000,1.3379110399023422,2.226596475165942
3.616000,1.1377126726176852,1.8701457236591135
3.618000,1.0791180285343709,1.9287403677424277
3.620000,1.113298237582971,1.723659113450828
3.622000,1.1035324635690853,2.2168307011520563
3.624000,1.2304875257495995,1.8506141756313421
3.626000,0.9619287403677425,1.6650644693675136
3.628000,1.2011902037079423,2.2168307011520563
3.630000,0.8496223392080567,2.1435873960479133
3.632000,1.0302891584649423,1.8506141756313421
3.634000,1.3965056839856564,2.2363622491798276
3.636000,1.347676813916228,2.1631189440756846
3.638000,1.3379110399023422,1.9971007858396277
3.640000,0.942397192339971,1.8603799496452278
3.642000,1.0791180285343709,1.8945601586938277
3.644000,0.9130998702983139,1.9140917067215992
3.646000,0.8349736781872282,1.8359655146105134
3.648000,1.279316395819028,1.9824521248187992
3.650000,0.8593881132219425,1.8261997405966277
3.652000,1.313496604867628,2.0019836728465705
3.654000,1.3379110399023422,1.684596017395285
3.656000,1.279316395819028,1.6943617914091706
3.658000,1.142595559624628,1.923857480735485
3.660000,1.3720912489509423,2.1387045090409704
3.662000,1.3720912489509423,2.153353170061799
3.664000,0.9326314183260853,2.1728847180895703
3.666000,0.8838025482566567,1.9922178988326849
3.668000,0.8203250171663996,2.094758525978485
3.670000,1.181658655680171,2.089875638971542
3.672000,1.381857022964828,2.124055848020142
3.674000,1.1670099946593424,1.8652628366521706
3.676000,1.176775768673228,2.0410467689021132
3.678000,1.0693522545204852,1.723659113450828
3.680000,0.908216983291371,2.0556954299229417
3.682000,1.3183794918745708,2.1875333791103992
3.684000,1.005874723430228,1.7724879835202563
3.686000,1.3379110399023422,1.6894789044022278
3.688000,0.8349736781872282,2.045929655909056
3.690000,0.8398565651941711,1.6650644693675136
3.692000,1.1621271076523996,1.8213168535896849
3.694000,1.3672083619439994,2.1094071869993134
3.696000,1.1035324635690853,1.9726863508049135
3.698000,1.0840009155413137,2.2021820401312278
3.700000,1.3867399099717708,2.2070649271381706
3.702000,0.9228656443121996,1.7822537575341422
3.704000,0.9179827573052567,1.8359655146105134
3.706000,1.347676813916228,2.0996414129854277
3.708000,0.8886854352635996,1.9140917067215992
3.710000,1.1865415426871138,2.197299153124285
3.712000,1.0498207064927139,2.1387045090409704
3.714000,1.2695506218051422,1.9433890287632563
3.716000,1.1279468986037995,1.9922178988326849
3.718000,1.3965056839856564,2.084992751964599
3.720000,1.0791180285343709,1.948271915770199
3.722000,1.284199282825971,2.153353170061799
3.724000,1.1181811245899138,2.1728847180895703
3.726000,1.2304875257495995,2.1728847180895703
3.728000,1.2011902037079423,1.8310826276035705
3.730000,0.9961089494163424,1.8115510795757992
3.732000,0.9472800793469138,1.7334248874647136
3.734000,1.210955977721828,1.6894789044022278
3.736000,1.4306858930342565,2.0703440909437707
3.738000,0.9326314183260853,1.777370870527199
3.740000,0.8691538872358282,2.2363622491798276
3.742000,1.0351720454718853,2.084992751964599
3.744000,1.1865415426871138,2.148470283054856
3.746000,1.1035324635690853,1.8603799496452278
3.748000,1.3574425879301137,1.9824521248187992
3.750000,1.3086137178606851,1.855497062638285
3.752000,1.0156404974441138,2.1142900740062562
3.754000,1.1035324635690853,1.6748302433813993
3.756000,1.1230640115968566,1.8945601586938277
3.758000,0.8545052262149996,2.231479362172885
3.760000,1.1230640115968566,2.2021820401312278
3.762000,1.210955977721828,2.1875333791103992
3.764000,0.9570458533607996,1.8701457236591135
3.766000,0.9814602883955138,2.1582360570687418
3.768000,0.8691538872358282,1.9726863508049135
3.770000,0.8496223392080567,1.8896772716868848
3.772000,1.274433508812085,2.0752269779507135
3.774000,1.1377126726176852,1.7285420004577707
3.776000,1.044937819485771,1.8701457236591135
3.778000,1.010757610437171,2.1045242999923706
3.780000,1.3037308308537423,1.8310826276035705
3.782000,0.9521629663538567,2.094758525978485
3.784000,1.1084153505760281,1.9140917067215992
3.786000,1.1084153505760281,2.1435873960479133
3.788000,1.0156404974441138,2.231479362172885
3.790000,1.416037232013428,1.884794384679942
3.792000,1.010757610437171,2.2021820401312278
3.794000,0.9228656443121996,1.713893339436942
3.796000,1.0009918364232853,2.2021820401312278
3.798000,1.0595864805065995,2.0410467689021132
3.800000,1.0009918364232853,1.748073548485542
3.802000,1.2011902037079423,2.251010910200656
3.804000,1.005874723430228,1.8750286106660563
3.806000,0.9375143053330282,1.787136644541085
3.808000,1.181658655680171,2.1631189440756846
3.810000,0.9814602883955138,2.280308232242313
3.812000,1.1474784466315708,1.7920195315480278
3.814000,0.9130998702983139,1.8261997405966277
3.816000,1.4551003280689707,1.8017853055619135
3.818000,1.3037308308537423,1.8799114976729991
3.820000,1.1621271076523996,2.2070649271381706
3.822000,1.1914244296940566,2.255893797207599
3.824000,1.2597848477912565,2.0263981078812847
3.826000,0.908216983291371,1.8017853055619135
3.828000,1.2256046387426567,1.8652628366521706
3.830000,1.181658655680171,1.713893339436942
3.832000,1.4599832150759136,2.089875638971542
3.834000,1.3037308308537423,2.1045242999923706
3.836000,1.313496604867628,2.2461280231937133
3.838000,1.1523613336385137,2.0410467689021132
3.840000,1.206073090714885,1.9433890287632563
3.842000,1.3916227969787136,1.9971007858396277
3.844000,0.9814602883955138,2.2949568932631417
3.846000,1.2597848477912565,2.177767605096513
3.848000,1.1963073167009994,2.089875638971542
3.850000,0.8935683222705425,2.221713588158999
3.852000,1.2890821698329138,2.221713588158999
3.854000,0.9570458533607996,1.7822537575341422
3.856000,1.2939650568398566,1.7285420004577707
3.858000,1.142595559624628,2.0703440909437707
3.860000,1.0986495765621425,1.9678034637979704
3.862000,1.1572442206454567,1.8701457236591135
3.864000,0.9033340962844282,1.7383077744716564
3.866000,1.445334554055085,1.8945601586938277
3.868000,0.9863431754024568,2.1631189440756846
3.870000,1.3965056839856564,1.987335011825742
3.872000,0.976577401388571,1.8115510795757992
3.874000,1.210955977721828,2.089875638971542
3.876000,1.4648661020828564,2.1338216220340276
3.878000,0.9570458533607996,2.2070649271381706
3.880000,0.9326314183260853,1.7676050965133134
3.882000,1.274433508812085,2.1435873960479133
3.884000,1.0547035934996567,2.2363622491798276
3.886000,0.9716945143816281,2.221713588158999
3.888000,1.3867399099717708,1.8359655146105134
3.890000,1.4013885709925993,2.1631189440756846
3.892000,1.2549019607843137,1.9971007858396277
3.894000,0.8984512092774853,1.723659113450828
3.896000,1.245136186770428,1.718776226443885
3.898000,1.1279468986037995,2.0996414129854277
3.900000,1.1572442206454567,1.9678034637979704
3.902000,1.381857022964828,2.050812542915999
3.904000,1.1865415426871138,2.221713588158999
3.906000,1.005874723430228,2.2070649271381706
3.908000,1.3965056839856564,2.0752269779507135
3.910000,1.4599832150759136,1.8799114976729991
3.912000,1.484397650110628,2.084992751964599
3.914000,1.2353704127565424,1.816433966582742
3.916000,1.2646677347981994,1.7822537575341422
3.918000,0.9912260624093996,2.050812542915999
3.920000,1.4551003280689707,2.1435873960479133
3.922000,1.2402532997634852,1.7383077744716564
3.924000,1.0547035934996567,2.192416266117342
3.926000,1.0156404974441138,2.011749446860456
3.928000,1.0400549324788282,2.3144884412909135
3.930000,1.4306858930342565,2.0068665598535134
3.932000,1.1084153505760281,2.182650492103456
3.934000,0.9130998702983139,1.7627222095063706
3.936000,0.9716945143816281,2.3047226672770273
3.938000,1.142595559624628,2.0263981078812847
3.940000,1.3037308308537423,1.8408484016174562
3.942000,1.3281452658884565,2.0996414129854277
3.944000,0.9326314183260853,1.7676050965133134
3.946000,1.1621271076523996,2.0410467689021132
3.948000,1.4746318760967423,1.752956435492485
3.950000,1.4746318760967423,1.8701457236591135
3.952000,1.0693522545204852,2.3193713282978563
3.954000,1.2207217517357138,2.280308232242313
3.956000,1.010757610437171,1.7724879835202563
3.958000,1.010757610437171,1.9726863508049135
3.960000,1.484397650110628,1.884794384679942
3.962000,1.4355687800411994,2.124055848020142
3.964000,1.2597848477912565,2.290074006256199
3.966000,1.0937666895551996,2.182650492103456
3.968000,0.9228656443121996,2.2656595712214846
3.970000,1.1670099946593424,1.8261997405966277
3.972000,1.0840009155413137,1.9433890287632563
3.974000,1.005874723430228,2.2656595712214846
3.976000,1.1963073167009994,1.7969024185549707
3.978000,1.2304875257495995,1.8457312886243993
3.980000,1.1718928816662852,2.021515220874342
3.982000,1.1621271076523996,1.9922178988326849
3.984000,1.2256046387426567,1.8945601586938277
3.986000,1.0937666895551996,2.280308232242313
3.988000,0.976577401388571,1.923857480735485
3.990000,1.0693522545204852,1.7920195315480278
3.992000,1.0205233844510566,2.255893797207599
3.994000,1.2207217517357138,1.7822537575341422
3.996000,1.381857022964828,1.9433890287632563
3.998000,1.3086137178606851,2.280308232242313
4.000000,1.2597848477912565,2.1680018310826275
4.002000,1.0302891584649423,1.918974593728542
4.004000,1.1523613336385137,1.8506141756313421
4.006000,1.0302891584649423,2.1142900740062562
4.008000,1.4404516670481422,1.8457312886243993
4.010000,1.4111543450064852,2.0556954299229417
4.012000,1.0009918364232853,2.021515220874342
4.014000,1.2890821698329138,1.855497062638285
4.016000,1.376974135957885,2.0703440909437707
4.018000,0.9961089494163424,2.0605783169298846
4.020000,1.3574425879301137,2.2021820401312278
4.022000,1.484397650110628,1.9433890287632563
4.024000,1.3330281528953993,2.124055848020142
4.026000,1.245136186770428,2.124055848020142
4.028000,1.1718928816662852,2.1582360570687418
4.030000,1.044937819485771,1.953154802777142
4.032000,1.2646677347981994,1.948271915770199
4.034000,1.074235141527428,2.0361638818951704
4.036000,1.2890821698329138,1.7969024185549707
4.038000,1.4404516670481422,2.290074006256199
4.040000,1.0693522545204852,2.0312809948882276
4.042000,1.4648661020828564,2.334019989318685
4.044000,0.9375143053330282,1.9629205767910276
4.046000,1.3916227969787136,1.8017853055619135
4.048000,1.2207217517357138,2.119172961013199
4.050000,1.4746318760967423,1.9580376897840848
4.052000,1.284199282825971,2.334019989318685
4.054000,1.4355687800411994,2.0410467689021132
4.056000,1.352559700923171,1.8457312886243993
4.058000,1.181658655680171,1.918974593728542
4.060000,1.4990463111314565,2.334019989318685
4.062000,1.0840009155413137,2.0068665598535134
4.064000,1.0400549324788282,2.011749446860456
4.066000,1.4306858930342565,1.9140917067215992
4.068000,1.1963073167009994,2.192416266117342
4.070000,1.1621271076523996,1.953154802777142
4.072000,1.5332265201800566,2.358434424353399
4.074000,0.9570458533607996,2.358434424353399
4.076000,1.5088120851453422,2.221713588158999
4.078000,1.0986495765621425,1.9092088197146564
4.080000,1.284199282825971,1.777370870527199
4.082000,1.0595864805065995,2.324254215304799
4.084000,1.0547035934996567,2.2021820401312278
4.086000,1.3965056839856564,2.011749446860456
4.088000,1.4502174410620279,2.255893797207599
4.090000,1.0791180285343709,2.353551537346456
4.092000,1.347676813916228,2.021515220874342
4.094000,1.0986495765621425,1.777370870527199
4.096000,0.9521629663538567,2.0312809948882276
4.098000,1.4355687800411994,1.923857480735485
4.100000,1.142595559624628,1.8115510795757992
4.102000,1.0205233844510566,1.8017853055619135
4.104000,1.5283436331731135,2.089875638971542
4.106000,1.0351720454718853,1.8115510795757992
4.108000,1.381857022964828,2.1338216220340276
4.110000,1.3232623788815137,1.9678034637979704
4.112000,1.1572442206454567,1.855497062638285
4.114000,1.074235141527428,2.334019989318685
4.116000,1.4892805371175708,1.8701457236591135
4.118000,1.3330281528953993,2.094758525978485
4.120000,1.044937819485771,2.251010910200656
4.122000,1.3867399099717708,2.221713588158999
4.124000,1.4648661020828564,2.153353170061799
4.126000,1.4551003280689707,2.1094071869993134
4.128000,1.005874723430228,2.153353170061799
4.130000,1.4013885709925993,1.8408484016174562
4.132000,1.3281452658884565,2.0019836728465705
4.134000,1.3232623788815137,2.226596475165942
4.136000,1.1963073167009994,2.1582360570687418
4.138000,1.445334554055085,2.2168307011520563
4.140000,0.976577401388571,1.8213168535896849
4.142000,1.2890821698329138,2.0801098649576564
4.144000,1.2597848477912565,1.8310826276035705
4.146000,1.4355687800411994,2.3779659723811704
4.148000,0.9716945143816281,2.1680018310826275
4.150000,1.3183794918745708,2.260776684214542
4.152000,0.9961089494163424,1.8066681925688564
4.154000,1.1474784466315708,2.1582360570687418
4.156000,1.3330281528953993,2.021515220874342
4.158000,1.416037232013428,2.3730830853742275
4.160000,1.4404516670481422,2.382848859388113
4.162000,1.4502174410620279,2.0752269779507135
4.164000,1.2939650568398566,1.8750286106660563
4.166000,1.284199282825971,2.1631189440756846
4.168000,1.5185778591592278,2.1728847180895703
4.170000,1.1279468986037995,2.0996414129854277
4.172000,1.2402532997634852,2.153353170061799
4.174000,1.4941634241245136,2.0801098649576564
4.176000,1.0595864805065995,2.251010910200656
4.178000,1.2597848477912565,2.2705424582284275
4.180000,1.4062714579995421,2.2998397802700845
4.182000,1.4941634241245136,2.182650492103456
4.184000,1.2011902037079423,1.9580376897840848
4.186000,0.9961089494163424,2.192416266117342
4.188000,0.976577401388571,2.2949568932631417
4.190000,1.5332265201800566,2.260776684214542
4.192000,1.547875181200885,2.0019836728465705
4.194000,1.4892805371175708,1.8457312886243993
4.196000,1.1328297856107423,1.9092088197146564
4.198000,1.4062714579995421,2.0410467689021132
4.200000,1.313496604867628,2.2021820401312278
4.202000,1.2158388647287708,1.816433966582742
4.204000,1.274433508812085,2.387731746395056
4.206000,1.347676813916228,2.1142900740062562
4.208000,1.4746318760967423,2.324254215304799
4.210000,1.2549019607843137,1.8359655146105134
4.212000,1.0644693675135424,2.221713588158999
4.214000,1.5185778591592278,1.8701457236591135
4.216000,1.2207217517357138,1.8115510795757992
4.218000,1.3672083619439994,2.387731746395056
4.220000,1.577172503242542,2.0068665598535134
4.222000,1.2549019607843137,2.3682001983672847
4.224000,1.4599832150759136,1.9629205767910276
4.226000,1.2256046387426567,2.1875333791103992
4.228000,1.4746318760967423,2.1680018310826275
4.230000,1.0840009155413137,2.0263981078812847
4.232000,1.4599832150759136,2.182650492103456
4.234000,1.4355687800411994,2.324254215304799
4.236000,1.3281452658884565,1.9385061417563134
4.238000,1.5381094071869994,2.0410467689021132
4.240000,1.2500190737773709,2.3389028763256277
4.242000,1.3183794918745708,2.1289387350270847
4.244000,1.1474784466315708,2.0752269779507135
4.246000,1.1377126726176852,2.2363622491798276
4.248000,1.4355687800411994,2.1435873960479133
4.250000,1.284199282825971,2.221713588158999
4.252000,1.245136186770428,2.1582360570687418
4.254000,1.3232623788815137,1.8213168535896849
4.256000,1.5625238422217136,1.8799114976729991
4.258000,1.3574425879301137,2.358434424353399
4.260000,1.0986495765621425,2.255893797207599
4.262000,1.010757610437171,1.9971007858396277
4.264000,1.2695506218051422,1.9336232547493706
4.266000,1.313496604867628,2.221713588158999
4.268000,1.5869382772564278,2.197299153124285
4.270000,1.0595864805065995,2.045929655909056
4.272000,1.1914244296940566,1.8408484016174562
4.274000,1.1474784466315708,2.41214618142977
4.276000,1.005874723430228,2.1631189440756846
4.278000,1.381857022964828,2.124055848020142
4.280000,1.284199282825971,2.3974975204089417
4.282000,1.3574425879301137,2.3974975204089417
4.284000,1.0400549324788282,2.124055848020142
4.286000,1.376974135957885,1.8701457236591135
4.288000,1.2695506218051422,1.8408484016174562
4.290000,1.1718928816662852,2.2363622491798276
4.292000,1.1230640115968566,1.9726863508049135
4.294000,1.3672083619439994,2.148470283054856
4.296000,1.4941634241245136,2.329137102311742
4.298000,1.3574425879301137,1.9140917067215992
4.300000,1.582055390249485,2.3193713282978563
4.302000,1.3867399099717708,2.0361638818951704
4.304000,1.142595559624628,2.0605783169298846
4.306000,1.4306858930342565,1.9678034637979704
4.308000,1.1279468986037995,2.363317311360342
4.310000,1.582055390249485,1.884794384679942
4.312000,1.0498207064927139,1.884794384679942
4.314000,1.4111543450064852,2.417029068436713
4.316000,1.3623254749370566,2.0410467689021132
4.318000,1.142595559624628,2.2705424582284275
4.320000,1.4502174410620279,2.4023804074158845
4.322000,1.552758068207828,2.3144884412909135
4.324000,1.416037232013428,1.8750286106660563
4.326000,1.2353704127565424,2.4023804074158845
4.328000,1.3379110399023422,2.3144884412909135
4.330000,1.274433508812085,2.417029068436713
4.332000,1.381857022964828,2.221713588158999
4.334000,1.1084153505760281,2.231479362172885
4.336000,1.1865415426871138,2.2754253452353703
4.338000,1.445334554055085,1.9140917067215992
4.340000,1.352559700923171,2.1094071869993134
4.342000,1.1718928816662852,2.197299153124285
4.344000,1.2500190737773709,2.182650492103456
4.346000,1.0351720454718853,2.4267948424505987
4.348000,1.3623254749370566,2.221713588158999
4.350000,1.044937819485771,1.9043259327077133
4.352000,1.4062714579995421,2.182650492103456
4.354000,1.381857022964828,1.9140917067215992
4.356000,1.181658655680171,2.0801098649576564
4.358000,1.582055390249485,2.387731746395056
4.360000,1.445334554055085,1.9092088197146564
4.362000,1.1718928816662852,2.382848859388113
4.364000,1.616235599298085,2.0068665598535134
4.366000,1.284199282825971,1.9629205767910276
4.368000,1.0595864805065995,2.255893797207599
4.370000,1.4697489890897995,2.1582360570687418
4.372000,1.4599832150759136,2.2119478141451134
4.374000,1.4599832150759136,2.260776684214542
4.376000,1.4502174410620279,2.353551537346456
4.378000,1.4404516670481422,1.9775692378118563
4.380000,1.3330281528953993,1.9385061417563134
4.382000,1.5967040512703137,2.3682001983672847
4.384000,1.2988479438467995,2.0752269779507135
4.386000,1.1328297856107423,2.1582360570687418
4.388000,1.3720912489509423,2.2949568932631417
4.390000,1.074235141527428,2.065461203936828
4.392000,1.5088120851453422,2.197299153124285
4.394000,1.547875181200885,2.2705424582284275
4.396000,1.044937819485771,1.9336232547493706
4.398000,1.279316395819028,2.0996414129854277
4.400000,1.3330281528953993,2.221713588158999
4.402000,1.5722896162355993,2.0556954299229417
4.404000,1.1718928816662852,2.460975051499199
4.406000,1.4599832150759136,2.177767605096513
4.408000,1.4648661020828564,1.9092088197146564
4.410000,1.2207217517357138,2.4365606164644844
4.412000,1.5039291981383993,2.4463263904783705
4.414000,1.6113527122911422,1.9824521248187992
4.416000,1.5185778591592278,2.2461280231937133
4.418000,1.0644693675135424,2.4072632944228274
4.420000,1.0840009155413137,2.3730830853742275
4.422000,1.4746318760967423,2.2998397802700845
4.424000,1.4502174410620279,2.329137102311742
4.426000,1.484397650110628,1.9629205767910276
4.428000,1.3672083619439994,2.4316777294575416
4.430000,1.1523613336385137,2.016632333867399
4.432000,1.6211184863050279,2.2656595712214846
4.434000,1.616235599298085,2.1582360570687418
4.436000,1.3574425879301137,2.192416266117342
4.438000,1.484397650110628,2.392614633401999
4.440000,1.347676813916228,2.0361638818951704
4.442000,1.1523613336385137,2.197299153124285
4.444000,1.4599832150759136,2.148470283054856
4.446000,1.1963073167009994,2.382848859388113
4.448000,1.5039291981383993,2.124055848020142
4.450000,1.2500190737773709,2.021515220874342
4.452000,1.1572442206454567,2.3486686503395133
4.454000,1.6357671473258564,1.884794384679942
4.456000,1.4599832150759136,1.9287403677424277
4.458000,1.0693522545204852,1.9580376897840848
4.460000,1.245136186770428,2.2998397802700845
4.462000,1.0595864805065995,2.0068665598535134
4.464000,1.1914244296940566,2.363317311360342
4.466000,1.2597848477912565,2.4512092774853134
4.468000,1.6260013733119707,2.1289387350270847
4.470000,1.3281452658884565,2.4463263904783705
4.472000,1.3965056839856564,1.9922178988326849
4.474000,1.2207217517357138,2.0703440909437707
4.476000,1.313496604867628,2.0361638818951704
4.478000,1.1474784466315708,1.9287403677424277
4.480000,1.547875181200885,2.2070649271381706
4.482000,1.5283436331731135,2.2021820401312278
4.484000,1.1718928816662852,2.4316777294575416
4.486000,1.0986495765621425,2.334019989318685
4.488000,1.347676813916228,2.285191119249256
4.490000,1.376974135957885,2.177767605096513
4.492000,1.6601815823605708,2.30960555428397
4.494000,1.2402532997634852,2.084992751964599
4.496000,1.347676813916228,2.334019989318685
4.498000,1.1572442206454567,2.329137102311742
4.500000,1.5332265201800566,1.9580376897840848
4.502000,1.4892805371175708,2.2119478141451134
4.504000,1.547875181200885,2.1045242999923706
4.506000,1.2011902037079423,2.280308232242313
4.508000,1.1377126726176852,2.065461203936828
4.510000,1.1572442206454567,2.290074006256199
4.512000,1.5674067292286564,2.260776684214542
4.514000,1.5576409552147708,2.3437857633325705
4.516000,1.2597848477912565,2.3779659723811704
4.518000,1.3086137178606851,2.4756237125200276
4.520000,1.176775768673228,2.1631189440756846
4.522000,1.484397650110628,1.953154802777142
4.524000,1.1572442206454567,2.197299153124285
4.526000,1.4355687800411994,1.987335011825742
4.528000,1.2402532997634852,2.490272373540856
4.530000,1.142595559624628,2.4072632944228274
4.532000,1.181658655680171,2.124055848020142
4.534000,1.347676813916228,2.4756237125200276
4.536000,1.3965056839856564,1.9629205767910276
4.538000,1.2597848477912565,2.4805065995269704
4.540000,1.5429922941939422,2.3486686503395133
4.542000,1.6113527122911422,2.460975051499199
4.544000,1.1377126726176852,1.923857480735485
4.546000,1.3720912489509423,2.4853894865339132
4.548000,1.484397650110628,2.1387045090409704
4.550000,1.4013885709925993,2.0556954299229417
4.552000,1.2549019607843137,1.987335011825742
4.554000,1.4502174410620279,2.4463263904783705
4.556000,1.2158388647287708,2.465857938506142
4.558000,1.4795147631036851,2.3682001983672847
4.560000,1.4551003280689707,2.3974975204089417
4.562000,1.4599832150759136,2.1289387350270847
4.564000,1.206073090714885,2.065461203936828
4.566000,1.5869382772564278,1.948271915770199
4.568000,1.3623254749370566,2.2363622491798276
4.570000,1.3574425879301137,2.329137102311742
4.572000,1.274433508812085,1.9824521248187992
4.574000,1.1865415426871138,2.3486686503395133
4.576000,1.274433508812085,2.495155260547799
4.578000,1.416037232013428,2.065461203936828
4.580000,1.2695506218051422,2.417029068436713
4.582000,1.1963073167009994,2.3389028763256277
4.584000,1.5381094071869994,2.0556954299229417
4.586000,1.1328297856107423,2.4365606164644844
4.588000,1.4599832150759136,1.9922178988326849
4.590000,1.2939650568398566,2.392614633401999
4.592000,1.6406500343327992,2.0996414129854277
4.594000,1.5429922941939422,2.1435873960479133
4.596000,1.5967040512703137,1.9580376897840848
4.598000,1.181658655680171,2.050812542915999
4.600000,1.5234607461661707,2.255893797207599
4.602000,1.2500190737773709,2.1142900740062562
4.604000,1.4404516670481422,2.0263981078812847
4.606000,1.6552986953536277,2.192416266117342
4.608000,1.4404516670481422,2.1582360570687418
4.610000,1.3037308308537423,2.3437857633325705
4.612000,1.1621271076523996,2.285191119249256
4.614000,1.2207217517357138,2.5146868085755703
4.616000,1.6211184863050279,1.9336232547493706
4.618000,1.3867399099717708,2.5049210345616846
4.620000,1.4648661020828564,2.221713588158999
4.622000,1.4990463111314565,2.153353170061799
4.624000,1.6699473563744565,2.0996414129854277
4.626000,1.210955977721828,2.5293354695963988
4.628000,1.6797131303883421,2.1728847180895703
4.630000,1.6064698252841993,2.1338216220340276
4.632000,1.5918211642633706,2.417029068436713
4.634000,1.6894789044022278,2.1338216220340276
4.636000,1.2695506218051422,2.5000381475547417
4.638000,1.2939650568398566,1.9336232547493706
4.640000,1.3281452658884565,1.953154802777142
4.642000,1.6699473563744565,2.2119478141451134
4.644000,1.6699473563744565,2.192416266117342
4.646000,1.4941634241245136,2.084992751964599
4.648000,1.3330281528953993,2.255893797207599
4.650000,1.6552986953536277,2.0752269779507135
4.652000,1.3330281528953993,2.358434424353399
4.654000,1.616235599298085,2.0556954299229417
4.656000,1.6699473563744565,2.1728847180895703
4.658000,1.2890821698329138,2.1680018310826275
4.660000,1.3379110399023422,2.0361638818951704
4.662000,1.416037232013428,2.456092164492256
4.664000,1.5332265201800566,2.387731746395056
4.666000,1.416037232013428,2.119172961013199
4.668000,1.1572442206454567,2.41214618142977
4.670000,1.4502174410620279,2.4463263904783705
4.672000,1.4941634241245136,2.1875333791103992
4.674000,1.1279468986037995,2.3682001983672847
4.676000,1.4404516670481422,2.148470283054856
4.678000,1.5185778591592278,2.0703440909437707
4.680000,1.3623254749370566,2.324254215304799
4.682000,1.1865415426871138,2.3682001983672847
4.684000,1.1328297856107423,2.392614633401999
4.686000,1.245136186770428,2.2363622491798276
4.688000,1.4111543450064852,1.9726863508049135
4.690000,1.1914244296940566,2.382848859388113
4.692000,1.577172503242542,2.2461280231937133
4.694000,1.6650644693675136,2.4023804074158845
4.696000,1.547875181200885,2.3144884412909135
4.698000,1.3623254749370566,2.4023804074158845
4.700000,1.4258030060273137,2.119172961013199
4.702000,1.1865415426871138,2.5146868085755703
4.704000,1.5234607461661707,2.4414435034714277
4.706000,1.684596017395285,2.334019989318685
4.708000,1.4599832150759136,2.3389028763256277
4.710000,1.4990463111314565,2.011749446860456
4.712000,1.4404516670481422,2.519569695582513
4.714000,1.4013885709925993,2.2461280231937133
4.716000,1.4502174410620279,2.4707408255130847
4.718000,1.2890821698329138,2.5293354695963988
4.720000,1.4990463111314565,2.2070649271381706
4.722000,1.3183794918745708,2.094758525978485
4.724000,1.5674067292286564,2.4707408255130847
4.726000,1.713893339436942,2.2705424582284275
4.728000,1.4892805371175708,2.197299153124285
4.730000,1.6650644693675136,2.148470283054856
4.732000,1.1474784466315708,2.1582360570687418
4.734000,1.4502174410620279,2.4414435034714277
4.736000,1.2500190737773709,2.1680018310826275
4.738000,1.547875181200885,2.2461280231937133
4.740000,1.4599832150759136,2.5146868085755703
4.742000,1.7334248874647136,2.3730830853742275
4.744000,1.5234607461661707,2.4707408255130847
4.746000,1.7334248874647136,2.3682001983672847
4.748000,1.6406500343327992,2.3047226672770273
4.750000,1.5429922941939422,2.5098039215686274
4.752000,1.5918211642633706,2.2656595712214846
4.754000,1.274433508812085,2.0556954299229417
4.756000,1.6113527122911422,2.5439841306172273
4.758000,1.5967040512703137,2.0801098649576564
4.760000,1.4404516670481422,2.5098039215686274
4.762000,1.645532921339742,2.329137102311742
4.764000,1.7383077744716564,2.0263981078812847
4.766000,1.484397650110628,2.255893797207599
4.768000,1.347676813916228,2.4805065995269704
4.770000,1.7090104524299992,2.260776684214542
4.772000,1.713893339436942,1.9971007858396277
4.774000,1.4111543450064852,2.1289387350270847
4.776000,1.2402532997634852,2.2949568932631417
4.778000,1.4013885709925993,2.221713588158999
4.780000,1.5869382772564278,2.392614633401999
4.782000,1.2988479438467995,2.050812542915999
4.784000,1.5918211642633706,1.9922178988326849
4.786000,1.6504158083466849,2.4316777294575416
4.788000,1.352559700923171,2.465857938506142
4.790000,1.4502174410620279,2.1728847180895703
4.792000,1.7383077744716564,2.4023804074158845
4.794000,1.6211184863050279,2.148470283054856
4.796000,1.5576409552147708,2.0068665598535134
4.798000,1.2207217517357138,2.2949568932631417
4.800000,1.5429922941939422,2.563515678644999
4.802000,1.1621271076523996,2.558632791638056
4.804000,1.2549019607843137,2.0703440909437707
4.806000,1.616235599298085,2.382848859388113
4.808000,1.6357671473258564,2.5732814526588847
4.810000,1.2256046387426567,2.519569695582513
4.812000,1.718776226443885,2.182650492103456
4.814000,1.7383077744716564,2.568398565651942
4.816000,1.6406500343327992,2.3144884412909135
4.818000,1.6406500343327992,2.2119478141451134
4.820000,1.5869382772564278,2.417029068436713
4.822000,1.513694972152285,2.0019836728465705
4.824000,1.1718928816662852,2.084992751964599
4.826000,1.7041275654230563,2.021515220874342
4.828000,1.313496604867628,2.5293354695963988
4.830000,1.2890821698329138,2.0263981078812847
4.832000,1.2011902037079423,2.0801098649576564
4.834000,1.6943617914091706,2.1338216220340276
4.836000,1.4355687800411994,2.392614633401999
4.838000,1.7285420004577707,2.1435873960479133
4.840000,1.616235599298085,2.5439841306172273
4.842000,1.206073090714885,2.182650492103456
4.844000,1.2207217517357138,2.5000381475547417
4.846000,1.7334248874647136,2.1680018310826275
4.848000,1.5234607461661707,2.2168307011520563
4.850000,1.4209201190203709,2.197299153124285
4.852000,1.2549019607843137,2.1338216220340276
4.854000,1.5039291981383993,2.54886701762417
4.856000,1.748073548485542,2.2412451361867705
4.858000,1.1963073167009994,2.3730830853742275
4.860000,1.645532921339742,2.4023804074158845
4.862000,1.2158388647287708,2.421911955443656
4.864000,1.7285420004577707,2.3486686503395133
4.866000,1.284199282825971,2.3974975204089417
4.868000,1.7676050965133134,2.192416266117342
4.870000,1.2158388647287708,2.553749904631113
4.872000,1.5234607461661707,2.5293354695963988
4.874000,1.748073548485542,2.558632791638056
4.876000,1.5967040512703137,2.5439841306172273
4.878000,1.4551003280689707,2.2998397802700845
4.880000,1.2695506218051422,2.358434424353399
4.882000,1.5722896162355993,2.011749446860456
4.884000,1.6308842603189135,2.1289387350270847
4.886000,1.245136186770428,2.0996414129854277
4.888000,1.547875181200885,2.2119478141451134
4.890000,1.6015869382772565,2.4707408255130847
4.892000,1.347676813916228,2.41214618142977
4.894000,1.2158388647287708,2.392614633401999
4.896000,1.777370870527199,2.1582360570687418
4.898000,1.2988479438467995,2.382848859388113
4.900000,1.7041275654230563,2.065461203936828
4.902000,1.4502174410620279,2.065461203936828
4.904000,1.352559700923171,2.1094071869993134
4.906000,1.2500190737773709,2.6025787747005418
4.908000,1.3232623788815137,2.2705424582284275
4.910000,1.7724879835202563,2.324254215304799
4.912000,1.7578393224994278,2.0703440909437707
4.914000,1.2597848477912565,2.495155260547799
4.916000,1.5381094071869994,2.4805065995269704
4.918000,1.245136186770428,2.2705424582284275
4.920000,1.274433508812085,2.4316777294575416
4.922000,1.210955977721828,2.1728847180895703
4.924000,1.5576409552147708,2.2998397802700845
4.926000,1.6015869382772565,2.3486686503395133
4.928000,1.445334554055085,2.5781643396658276
4.930000,1.7090104524299992,2.3437857633325705
4.932000,1.2353704127565424,2.1728847180895703
4.934000,1.484397650110628,2.4463263904783705
4.936000,1.3281452658884565,2.5439841306172273
4.938000,1.4990463111314565,2.5000381475547417
4.940000,1.1963073167009994,2.4072632944228274
4.942000,1.2402532997634852,2.5098039215686274
4.944000,1.7041275654230563,2.3389028763256277
4.946000,1.2500190737773709,2.1142900740062562
4.948000,1.5429922941939422,2.2412451361867705
4.950000,1.513694972152285,2.597695887693599
4.952000,1.284199282825971,2.5732814526588847
4.954000,1.7090104524299992,2.5781643396658276
4.956000,1.552758068207828,2.5830472266727704
4.958000,1.5722896162355993,2.4267948424505987
4.960000,1.6748302433813993,2.1338216220340276
4.962000,1.6797131303883421,2.553749904631113
4.964000,1.5088120851453422,2.251010910200656
4.966000,1.6699473563744565,2.192416266117342
4.968000,1.3281452658884565,2.553749904631113
4.970000,1.6797131303883421,2.4512092774853134
4.972000,1.376974135957885,2.065461203936828
4.974000,1.5088120851453422,2.255893797207599
4.976000,1.2695506218051422,2.2412451361867705
4.978000,1.4941634241245136,2.3486686503395133
4.980000,1.5625238422217136,2.421911955443656
4.982000,1.5429922941939422,2.324254215304799
4.984000,1.5674067292286564,2.2021820401312278
4.986000,1.582055390249485,2.392614633401999
4.988000,1.748073548485542,2.1387045090409704
4.990000,1.6357671473258564,2.4853894865339132
4.992000,1.2402532997634852,2.221713588158999
4.994000,1.352559700923171,2.094758525978485
4.996000,1.8017853055619135,2.192416266117342
4.998000,1.2597848477912565,2.5098039215686274
5.000000,1.4746318760967423,2.524452582589456
5.002000,1.3720912489509423,2.0752269779507135
5.004000,1.347676813916228,2.2998397802700845
5.006000,1.3232623788815137,2.4805065995269704
5.008000,1.4599832150759136,2.5000381475547417
5.010000,1.748073548485542,2.290074006256199
5.012000,1.4502174410620279,2.4072632944228274
5.014000,1.5381094071869994,2.231479362172885
5.016000,1.777370870527199,2.5439841306172273
5.018000,1.4941634241245136,2.1435873960479133
5.020000,1.3183794918745708,2.4267948424505987
5.022000,1.777370870527199,2.094758525978485
5.024000,1.582055390249485,2.3144884412909135
5.026000,1.284199282825971,2.4805065995269704
5.028000,1.342793926909285,2.0752269779507135
5.030000,1.3916227969787136,2.5293354695963988
5.032000,1.5332265201800566,2.119172961013199
5.034000,1.7383077744716564,2.2070649271381706
5.036000,1.752956435492485,2.558632791638056
5.038000,1.3232623788815137,2.6123445487144275
5.040000,1.7285420004577707,2.524452582589456
5.042000,1.552758068207828,2.255893797207599
5.044000,1.6015869382772565,2.358434424353399
5.046000,1.777370870527199,2.192416266117342
5.048000,1.7969024185549707,2.290074006256199
5.050000,1.3183794918745708,2.382848859388113
5.052000,1.7627222095063706,2.0703440909437707
5.054000,1.4795147631036851,2.3486686503395133
5.056000,1.3623254749370566,2.3486686503395133
5.058000,1.8066681925688564,2.231479362172885
5.060000,1.6992446784161135,2.1338216220340276
5.062000,1.4941634241245136,2.3047226672770273
5.064000,1.5039291981383993,2.065461203936828
5.066000,1.352559700923171,2.5049210345616846
5.068000,1.3720912489509423,2.4414435034714277
5.070000,1.6406500343327992,2.4072632944228274
5.072000,1.7627222095063706,2.177767605096513
5.074000,1.445334554055085,2.592813000686656
5.076000,1.7578393224994278,2.592813000686656
5.078000,1.445334554055085,2.4267948424505987
5.080000,1.748073548485542,2.4023804074158845
5.082000,1.3183794918745708,2.4707408255130847
5.084000,1.547875181200885,2.251010910200656
5.086000,1.5283436331731135,2.2656595712214846
5.088000,1.2988479438467995,2.124055848020142
5.090000,1.2695506218051422,2.2949568932631417
5.092000,1.3916227969787136,2.182650492103456
5.094000,1.7041275654230563,2.192416266117342
5.096000,1.6406500343327992,2.363317311360342
5.098000,1.5674067292286564,2.6416418707560845
5.100000,1.3281452658884565,2.324254215304799
5.102000,1.2988479438467995,2.5391012436102844
5.104000,1.5039291981383993,2.4023804074158845
5.106000,1.7627222095063706,2.4414435034714277
5.108000,1.6064698252841993,2.4023804074158845
5.110000,1.616235599298085,2.255893797207599
5.112000,1.4062714579995421,2.5146868085755703
5.114000,1.547875181200885,2.392614633401999
5.116000,1.4599832150759136,2.5342183566033416
5.118000,1.5967040512703137,2.3682001983672847
5.120000,1.748073548485542,2.5146868085755703
5.122000,1.3867399099717708,2.4365606164644844
5.124000,1.2695506218051422,2.1875333791103992
5.126000,1.6406500343327992,2.285191119249256
5.128000,1.8408484016174562,2.2754253452353703
5.130000,1.7334248874647136,2.3144884412909135
5.132000,1.4941634241245136,2.153353170061799
5.134000,1.8261997405966277,2.192416266117342
5.136000,1.7285420004577707,2.2119478141451134
5.138000,1.4306858930342565,2.1875333791103992
5.140000,1.381857022964828,2.4512092774853134
5.142000,1.6552986953536277,2.524452582589456
5.144000,1.3916227969787136,2.124055848020142
5.146000,1.855497062638285,2.1582360570687418
5.148000,1.645532921339742,2.6465247577630273
5.150000,1.445334554055085,2.30960555428397
5.152000,1.5185778591592278,2.4707408255130847
5.154000,1.2890821698329138,2.4414435034714277
5.156000,1.5429922941939422,2.2949568932631417
5.158000,1.616235599298085,2.3779659723811704
5.160000,1.6406500343327992,2.1387045090409704
5.162000,1.6015869382772565,2.4316777294575416
5.164000,1.6797131303883421,2.6367589837491416
5.166000,1.8261997405966277,2.6709391927977415
5.168000,1.6601815823605708,2.2754253452353703
5.170000,1.5576409552147708,2.2119478141451134
5.172000,1.8506141756313421,2.363317311360342
5.174000,1.6308842603189135,2.592813000686656
5.176000,1.3623254749370566,2.4023804074158845
5.178000,1.284199282825971,2.3779659723811704
5.180000,1.5869382772564278,2.4853894865339132
5.182000,1.5381094071869994,2.65140764476997
5.184000,1.4502174410620279,2.597695887693599
5.186000,1.6894789044022278,2.1094071869993134
5.188000,1.752956435492485,2.226596475165942
5.190000,1.445334554055085,2.6025787747005418
5.192000,1.4209201190203709,2.1582360570687418
5.194000,1.3086137178606851,2.1289387350270847
5.196000,1.645532921339742,2.255893797207599
5.198000,1.816433966582742,2.6172274357213703
5.200000,1.376974135957885,2.5439841306172273
5.202000,1.8701457236591135,2.334019989318685
5.204000,1.3330281528953993,2.5439841306172273
5.206000,1.6992446784161135,2.1435873960479133
5.208000,1.8213168535896849,2.5879301136797133
5.210000,1.6650644693675136,2.5000381475547417
5.212000,1.313496604867628,2.1094071869993134
5.214000,1.8359655146105134,2.490272373540856
5.216000,1.4355687800411994,2.1728847180895703
5.218000,1.2988479438467995,2.456092164492256
5.220000,1.3867399099717708,2.456092164492256
5.222000,1.6211184863050279,2.197299153124285
5.224000,1.8066681925688564,2.4023804074158845
5.226000,1.3916227969787136,2.353551537346456
5.228000,1.6894789044022278,2.661173418783856
5.230000,1.7920195315480278,2.1631189440756846
5.232000,1.777370870527199,2.231479362172885
5.234000,1.8701457236591135,2.3779659723811704
5.236000,1.6894789044022278,2.353551537346456
5.238000,1.4990463111314565,2.382848859388113
5.240000,1.718776226443885,2.387731746395056
5.242000,1.6406500343327992,2.5781643396658276
5.244000,1.3965056839856564,2.363317311360342
5.246000,1.777370870527199,2.4267948424505987
5.248000,1.6064698252841993,2.148470283054856
5.250000,1.6211184863050279,2.124055848020142
5.252000,1.6797131303883421,2.4414435034714277
5.254000,1.547875181200885,2.524452582589456
5.256000,1.8750286106660563,2.2119478141451134
5.258000,1.5722896162355993,2.2705424582284275
5.260000,1.4502174410620279,2.6709391927977415
5.262000,1.8506141756313421,2.3779659723811704
5.264000,1.6260013733119707,2.2168307011520563
5.266000,1.4551003280689707,2.197299153124285
5.268000,1.7285420004577707,2.5293354695963988
5.270000,1.3867399099717708,2.4267948424505987
5.272000,1.445334554055085,2.5732814526588847
5.274000,1.4209201190203709,2.700236514839399
5.276000,1.748073548485542,2.4414435034714277
5.278000,1.5088120851453422,2.182650492103456
5.280000,1.7431906614785992,2.1435873960479133
5.282000,1.5576409552147708,2.1728847180895703
5.284000,1.4111543450064852,2.3974975204089417
5.286000,1.3183794918745708,2.255893797207599
5.288000,1.5283436331731135,2.597695887693599
5.290000,1.3720912489509423,2.2754253452353703
5.292000,1.723659113450828,2.4707408255130847
5.294000,1.577172503242542,2.2461280231937133
5.296000,1.718776226443885,2.656290531776913
5.298000,1.5185778591592278,2.255893797207599
5.300000,1.3965056839856564,2.177767605096513
5.302000,1.7969024185549707,2.30960555428397
5.304000,1.6357671473258564,2.592813000686656
5.306000,1.6308842603189135,2.353551537346456
5.308000,1.6357671473258564,2.3144884412909135
5.310000,1.8652628366521706,2.4023804074158845
5.312000,1.8652628366521706,2.2461280231937133
5.314000,1.5918211642633706,2.4756237125200276
5.316000,1.6992446784161135,2.7148851758602275
5.318000,1.7090104524299992,2.197299153124285
5.320000,1.5332265201800566,2.6416418707560845
5.322000,1.9092088197146564,2.1728847180895703
5.324000,1.4355687800411994,2.421911955443656
5.326000,1.8603799496452278,2.2705424582284275
5.328000,1.9043259327077133,2.3682001983672847
5.330000,1.552758068207828,2.4414435034714277
5.332000,1.7822537575341422,2.3682001983672847
5.334000,1.4551003280689707,2.3974975204089417
5.336000,1.3672083619439994,2.358434424353399
5.338000,1.484397650110628,2.255893797207599
5.340000,1.4551003280689707,2.729533836881056
5.342000,1.376974135957885,2.251010910200656
5.344000,1.6406500343327992,2.4023804074158845
5.346000,1.4111543450064852,2.329137102311742
5.348000,1.8066681925688564,2.153353170061799
5.350000,1.8017853055619135,2.255893797207599
5.352000,1.6894789044022278,2.4853894865339132
5.354000,1.6894789044022278,2.382848859388113
5.356000,1.8652628366521706,2.4414435034714277
5.358000,1.8701457236591135,2.6758220798046843
5.360000,1.6601815823605708,2.4414435034714277
5.362000,1.4404516670481422,2.656290531776913
5.364000,1.5283436331731135,2.5439841306172273
5.366000,1.5869382772564278,2.153353170061799
5.368000,1.7676050965133134,2.251010910200656
5.370000,1.7822537575341422,2.5439841306172273
5.372000,1.5576409552147708,2.192416266117342
5.374000,1.6699473563744565,2.4023804074158845
5.376000,1.5722896162355993,2.4414435034714277
5.378000,1.6943617914091706,2.251010910200656
5.380000,1.547875181200885,2.631876096742199
5.382000,1.3672083619439994,2.6758220798046843
5.384000,1.4355687800411994,2.7490653849088273
5.386000,1.416037232013428,2.7490653849088273
5.388000,1.8261997405966277,2.626993209735256
5.390000,1.4795147631036851,2.192416266117342
5.392000,1.918974593728542,2.631876096742199
5.394000,1.4551003280689707,2.226596475165942
5.396000,1.6064698252841993,2.3144884412909135
5.398000,1.713893339436942,2.5830472266727704
5.400000,1.7969024185549707,2.519569695582513
5.402000,1.923857480735485,2.1680018310826275
5.404000,1.6357671473258564,2.3779659723811704
5.406000,1.4551003280689707,2.661173418783856
5.408000,1.8213168535896849,2.661173418783856
5.410000,1.713893339436942,2.1631189440756846
5.412000,1.8652628366521706,2.656290531776913
5.414000,1.4746318760967423,2.2070649271381706
5.416000,1.6650644693675136,2.7148851758602275
5.418000,1.5869382772564278,2.5391012436102844
5.420000,1.8896772716868848,2.6416418707560845
5.422000,1.855497062638285,2.285191119249256
5.424000,1.4599832150759136,2.5781643396658276
5.426000,1.6650644693675136,2.290074006256199
5.428000,1.748073548485542,2.661173418783856
5.430000,1.4502174410620279,2.597695887693599
5.432000,1.8701457236591135,2.68558785381857
5.434000,1.7041275654230563,2.5049210345616846
5.436000,1.918974593728542,2.7392996108949417
5.438000,1.9433890287632563,2.5439841306172273
5.440000,1.5722896162355993,2.6123445487144275
5.442000,1.7431906614785992,2.631876096742199
5.444000,1.855497062638285,2.6758220798046843
5.446000,1.4746318760967423,2.324254215304799
5.448000,1.7090104524299992,2.7392996108949417
5.450000,1.884794384679942,2.231479362172885
5.452000,1.352559700923171,2.30960555428397
5.454000,1.8506141756313421,2.329137102311742
5.456000,1.7041275654230563,2.363317311360342
5.458000,1.9336232547493706,2.2119478141451134
5.460000,1.616235599298085,2.334019989318685
5.462000,1.6943617914091706,2.626993209735256
5.464000,1.4404516670481422,2.734416723887999
5.466000,1.9092088197146564,2.5391012436102844
5.468000,1.3867399099717708,2.280308232242313
5.470000,1.445334554055085,2.4853894865339132
5.472000,1.4795147631036851,2.334019989318685
5.474000,1.8310826276035705,2.417029068436713
5.476000,1.7676050965133134,2.7392996108949417
5.478000,1.4306858930342565,2.41214618142977
5.480000,1.748073548485542,2.4414435034714277
5.482000,1.8017853055619135,2.324254215304799
5.484000,1.8701457236591135,2.2363622491798276
5.486000,1.616235599298085,2.622110322728313
5.488000,1.8994430457007705,2.553749904631113
5.490000,1.9140917067215992,2.568398565651942
5.492000,1.4258030060273137,2.6465247577630273
5.494000,1.6552986953536277,2.2168307011520563
5.496000,1.4062714579995421,2.524452582589456
5.498000,1.9140917067215992,2.4853894865339132
5.500000,1.9629205767910276,2.597695887693599
5.502000,1.953154802777142,2.6465247577630273
5.504000,1.8115510795757992,2.3193713282978563
5.506000,1.8359655146105134,2.7100022888532846
5.508000,1.7724879835202563,2.4316777294575416
5.510000,1.4795147631036851,2.78812848096437
5.512000,1.5918211642633706,2.5098039215686274
5.514000,1.8066681925688564,2.7392996108949417
5.516000,1.4306858930342565,2.592813000686656
5.518000,1.4013885709925993,2.5781643396658276
5.520000,1.5674067292286564,2.387731746395056
5.522000,1.6650644693675136,2.763714045929656
5.524000,1.923857480735485,2.680704966811627
5.526000,1.8213168535896849,2.4463263904783705
5.528000,1.7090104524299992,2.3779659723811704
5.530000,1.5039291981383993,2.568398565651942
5.532000,1.9140917067215992,2.4365606164644844
5.534000,1.9580376897840848,2.2949568932631417
5.536000,1.9092088197146564,2.3389028763256277
5.538000,1.4062714579995421,2.3193713282978563
5.540000,1.4013885709925993,2.734416723887999
5.542000,1.8701457236591135,2.280308232242313
5.544000,1.9092088197146564,2.3144884412909135
5.546000,1.577172503242542,2.2119478141451134
5.548000,1.582055390249485,2.5098039215686274
5.550000,1.5429922941939422,2.5293354695963988
5.552000,1.645532921339742,2.763714045929656
5.554000,1.6260013733119707,2.2070649271381706
5.556000,1.416037232013428,2.2998397802700845
5.558000,1.582055390249485,2.2998397802700845
5.560000,1.9336232547493706,2.495155260547799
5.562000,1.4355687800411994,2.4316777294575416
5.564000,1.8457312886243993,2.519569695582513
5.566000,1.855497062638285,2.226596475165942
5.568000,1.9336232547493706,2.626993209735256
5.570000,1.777370870527199,2.4707408255130847
5.572000,1.9287403677424277,2.382848859388113
5.574000,1.7334248874647136,2.4316777294575416
5.576000,1.8066681925688564,2.2705424582284275
5.578000,1.7724879835202563,2.5000381475547417
5.580000,1.3965056839856564,2.495155260547799
5.582000,1.8701457236591135,2.5293354695963988
5.584000,1.5332265201800566,2.65140764476997
5.586000,1.4355687800411994,2.7392996108949417
5.588000,1.7431906614785992,2.7148851758602275
5.590000,1.6113527122911422,2.280308232242313
5.592000,1.9043259327077133,2.334019989318685
5.594000,1.6699473563744565,2.3486686503395133
5.596000,1.713893339436942,2.5391012436102844
5.598000,1.513694972152285,2.353551537346456
5.600000,1.7041275654230563,2.6904707408255133
5.602000,1.5918211642633706,2.6074616617074846
5.604000,1.5674067292286564,2.68558785381857
5.606000,1.4941634241245136,2.7148851758602275
5.608000,1.8359655146105134,2.68558785381857
5.610000,1.6552986953536277,2.3779659723811704
5.612000,1.7041275654230563,2.622110322728313
5.614000,1.718776226443885,2.3486686503395133
5.616000,1.4648661020828564,2.695353627832456
5.618000,1.7285420004577707,2.6123445487144275
5.620000,1.6894789044022278,2.329137102311742
5.622000,1.4941634241245136,2.622110322728313
5.624000,1.7041275654230563,2.4267948424505987
5.626000,1.9726863508049135,2.597695887693599
5.628000,1.416037232013428,2.3486686503395133
5.630000,1.513694972152285,2.2998397802700845
5.632000,1.8799114976729991,2.5049210345616846
5.634000,1.6797131303883421,2.8027771419851986
5.636000,1.4697489890897995,2.7148851758602275
5.638000,1.6748302433813993,2.30960555428397
5.640000,1.5918211642633706,2.519569695582513
5.642000,1.4746318760967423,2.4365606164644844
5.644000,1.4746318760967423,2.5391012436102844
5.646000,1.6992446784161135,2.680704966811627
5.648000,1.923857480735485,2.7978942549782557
5.650000,1.723659113450828,2.5049210345616846
5.652000,1.787136644541085,2.700236514839399
5.654000,1.4941634241245136,2.661173418783856
5.656000,1.6406500343327992,2.5781643396658276
5.658000,1.884794384679942,2.285191119249256
5.660000,1.9922178988326849,2.5830472266727704
5.662000,1.9140917067215992,2.626993209735256
5.664000,1.5625238422217136,2.5049210345616846
5.666000,1.4551003280689707,2.5293354695963988
5.668000,1.5429922941939422,2.3193713282978563
5.670000,1.6943617914091706,2.519569695582513
5.672000,1.513694972152285,2.41214618142977
5.674000,1.8799114976729991,2.695353627832456
5.676000,2.016632333867399,2.65140764476997
5.678000,1.9287403677424277,2.729533836881056
5.680000,1.8310826276035705,2.7392996108949417
5.682000,1.645532921339742,2.5049210345616846
5.684000,1.9092088197146564,2.54886701762417
5.686000,1.9726863508049135,2.661173418783856
5.688000,1.6797131303883421,2.4463263904783705
5.690000,1.953154802777142,2.334019989318685
5.692000,1.4258030060273137,2.836957351033799
5.694000,1.684596017395285,2.392614633401999
5.696000,1.8994430457007705,2.4072632944228274
5.698000,1.9385061417563134,2.490272373540856
5.700000,1.6308842603189135,2.705119401846342
5.702000,1.6552986953536277,2.5732814526588847
5.704000,1.6797131303883421,2.2656595712214846
5.706000,1.5039291981383993,2.5781643396658276
5.708000,1.5869382772564278,2.3437857633325705
5.710000,2.011749446860456,2.622110322728313
5.712000,1.5576409552147708,2.763714045929656
5.714000,1.5039291981383993,2.724650949874113
5.716000,1.8701457236591135,2.5879301136797133
5.718000,1.5869382772564278,2.6123445487144275
5.720000,2.021515220874342,2.783245593957427
5.722000,1.9092088197146564,2.4805065995269704
5.724000,1.8457312886243993,2.2705424582284275
5.726000,1.6748302433813993,2.78812848096437
5.728000,1.8799114976729991,2.392614633401999
5.730000,1.5381094071869994,2.8076600289921414
5.732000,1.5185778591592278,2.2656595712214846
5.734000,1.7724879835202563,2.6074616617074846
5.736000,1.8213168535896849,2.4463263904783705
5.738000,1.787136644541085,2.7392996108949417
5.740000,1.987335011825742,2.3682001983672847
5.742000,1.6552986953536277,2.8076600289921414
5.744000,1.713893339436942,2.387731746395056
5.746000,1.7090104524299992,2.6904707408255133
5.748000,2.0361638818951704,2.4707408255130847
5.750000,1.484397650110628,2.8076600289921414
5.752000,1.9140917067215992,2.387731746395056
5.754000,1.884794384679942,2.4853894865339132
5.756000,1.723659113450828,2.622110322728313
5.758000,1.6357671473258564,2.3193713282978563
5.760000,1.9385061417563134,2.5098039215686274
5.762000,1.4599832150759136,2.421911955443656
5.764000,1.547875181200885,2.5439841306172273
5.766000,1.7285420004577707,2.4805065995269704
5.768000,1.9043259327077133,2.6025787747005418
5.770000,1.552758068207828,2.6465247577630273
5.772000,1.9629205767910276,2.4365606164644844
5.774000,1.8506141756313421,2.8516060120546274
5.776000,1.953154802777142,2.78812848096437
5.778000,1.8603799496452278,2.553749904631113
5.780000,1.5088120851453422,2.6367589837491416
5.782000,1.713893339436942,2.6709391927977415
5.784000,1.4502174410620279,2.334019989318685
5.786000,1.8115510795757992,2.724650949874113
5.788000,1.8799114976729991,2.793011367971313
5.790000,2.0019836728465705,2.8076600289921414
5.792000,1.547875181200885,2.6758220798046843
5.794000,1.4990463111314565,2.6904707408255133
5.796000,1.987335011825742,2.866254673075456
5.798000,1.923857480735485,2.3779659723811704
5.800000,1.5429922941939422,2.836957351033799
5.802000,1.8261997405966277,2.382848859388113
5.804000,1.9971007858396277,2.4414435034714277
5.806000,1.8896772716868848,2.631876096742199
5.808000,1.577172503242542,2.626993209735256
5.810000,1.953154802777142,2.4805065995269704
5.812000,1.7383077744716564,2.495155260547799
5.814000,1.8066681925688564,2.5342183566033416
5.816000,1.5674067292286564,2.3682001983672847
5.818000,1.9971007858396277,2.4023804074158845
5.820000,1.8652628366521706,2.456092164492256
5.822000,1.5185778591592278,2.793011367971313
5.824000,1.6357671473258564,2.6758220798046843
5.826000,1.8506141756313421,2.5879301136797133
5.828000,1.8603799496452278,2.7148851758602275
5.830000,1.6406500343327992,2.78812848096437
5.832000,1.7920195315480278,2.5342183566033416
5.834000,1.616235599298085,2.661173418783856
5.836000,1.9287403677424277,2.4365606164644844
5.838000,1.752956435492485,2.353551537346456
5.840000,1.9336232547493706,2.8174258030060275
5.842000,1.7724879835202563,2.661173418783856
5.844000,1.713893339436942,2.8174258030060275
5.846000,1.9971007858396277,2.460975051499199
5.848000,1.6406500343327992,2.700236514839399
5.850000,1.953154802777142,2.524452582589456
5.852000,1.7920195315480278,2.65140764476997
5.854000,2.011749446860456,2.3437857633325705
5.856000,1.5625238422217136,2.763714045929656
5.858000,1.8945601586938277,2.30960555428397
5.860000,1.9336232547493706,2.353551537346456
5.862000,2.050812542915999,2.734416723887999
5.864000,1.5576409552147708,2.7392996108949417
5.866000,1.5332265201800566,2.4072632944228274
5.868000,1.5234607461661707,2.6416418707560845
5.870000,1.5185778591592278,2.5439841306172273
5.872000,1.6015869382772565,2.3486686503395133
5.874000,1.4990463111314565,2.6904707408255133
5.876000,1.5722896162355993,2.7392996108949417
5.878000,2.011749446860456,2.827191577019913
5.880000,1.8945601586938277,2.8174258030060275
5.882000,1.5918211642633706,2.334019989318685
5.884000,1.7041275654230563,2.783245593957427
5.886000,1.8017853055619135,2.4414435034714277
5.888000,1.5429922941939422,2.4707408255130847
5.890000,2.016632333867399,2.6709391927977415
5.892000,1.713893339436942,2.8027771419851986
5.894000,2.0312809948882276,2.75394827191577
5.896000,1.7822537575341422,2.568398565651942
5.898000,1.9824521248187992,2.358434424353399
5.900000,1.7090104524299992,2.861371786068513
5.902000,1.953154802777142,2.832074464026856
5.904000,1.8115510795757992,2.4853894865339132
5.906000,1.713893339436942,2.8027771419851986
5.908000,1.9971007858396277,2.7734798199435415
5.910000,1.6650644693675136,2.519569695582513
5.912000,1.5967040512703137,2.6709391927977415
5.914000,1.8115510795757992,2.8809033340962844
5.916000,1.5869382772564278,2.4365606164644844
5.918000,1.7090104524299992,2.5781643396658276
5.920000,2.021515220874342,2.3779659723811704
5.922000,1.777370870527199,2.705119401846342
5.924000,1.8506141756313421,2.85648889906157
5.926000,1.748073548485542,2.495155260547799
5.928000,1.8506141756313421,2.8076600289921414
5.930000,1.953154802777142,2.6758220798046843
5.932000,1.5381094071869994,2.4463263904783705
5.934000,1.5185778591592278,2.5830472266727704
5.936000,1.645532921339742,2.5439841306172273
5.938000,1.582055390249485,2.631876096742199
5.940000,1.8066681925688564,2.4023804074158845
5.942000,2.0752269779507135,2.563515678644999
5.944000,2.0556954299229417,2.6709391927977415
5.946000,1.4990463111314565,2.836957351033799
5.948000,1.9824521248187992,2.553749904631113
5.950000,2.0410467689021132,2.5732814526588847
5.952000,1.8994430457007705,2.353551537346456
5.954000,1.752956435492485,2.661173418783856
5.956000,1.7431906614785992,2.68558785381857
5.958000,2.0605783169298846,2.5293354695963988
5.960000,2.0019836728465705,2.9102006561379414
5.962000,2.0410467689021132,2.3486686503395133
5.964000,1.8310826276035705,2.734416723887999
5.966000,1.7822537575341422,2.6758220798046843
5.968000,1.616235599298085,2.329137102311742
5.970000,1.8701457236591135,2.4463263904783705
5.972000,1.5722896162355993,2.4756237125200276
5.974000,2.0410467689021132,2.4805065995269704
5.976000,1.8261997405966277,2.5146868085755703
5.978000,1.7431906614785992,2.6904707408255133
5.980000,1.5674067292286564,2.4512092774853134
5.982000,2.0068665598535134,2.568398565651942
5.984000,1.5185778591592278,2.729533836881056
5.986000,1.7041275654230563,2.8076600289921414
5.988000,1.923857480735485,2.6172274357213703
5.990000,1.5185778591592278,2.553749904631113
5.992000,2.1045242999923706,2.793011367971313
5.994000,2.0263981078812847,2.7734798199435415
5.996000,1.5234607461661707,2.8223086900129704
5.998000,1.987335011825742,2.5000381475547417
6.000000,1.884794384679942,2.705119401846342
6.002000,1.9287403677424277,2.5146868085755703
6.004000,1.8066681925688564,2.8027771419851986
6.006000,1.6650644693675136,2.724650949874113
6.008000,2.1094071869993134,2.3486686503395133
6.010000,1.6260013733119707,2.3486686503395133
6.012000,1.9580376897840848,2.8125429159990842
6.014000,2.0996414129854277,2.417029068436713
6.016000,2.0556954299229417,2.495155260547799
6.018000,1.777370870527199,2.8418402380407417
6.020000,1.6797131303883421,2.553749904631113
6.022000,1.7676050965133134,2.5732814526588847
6.024000,1.684596017395285,2.8516060120546274
6.026000,2.084992751964599,2.3682001983672847
6.028000,1.918974593728542,2.5830472266727704
6.030000,2.0801098649576564,2.3730830853742275
6.032000,1.6650644693675136,2.597695887693599
6.034000,2.1142900740062562,2.54886701762417
6.036000,1.7578393224994278,2.7783627069504844
6.038000,1.7383077744716564,2.866254673075456
6.040000,1.9433890287632563,2.8076600289921414
6.042000,1.8213168535896849,2.9492637521934846
6.044000,1.723659113450828,2.68558785381857
6.046000,1.713893339436942,2.89066910811017
6.048000,1.9433890287632563,2.929732204165713
6.050000,1.923857480735485,2.465857938506142
6.052000,2.0410467689021132,2.563515678644999
6.054000,1.552758068207828,2.919966430151827
6.056000,1.7041275654230563,2.7490653849088273
6.058000,1.5967040512703137,2.568398565651942
6.060000,1.8506141756313421,2.6465247577630273
6.062000,2.0996414129854277,2.929732204165713
6.064000,1.5918211642633706,2.6172274357213703
6.066000,1.9678034637979704,2.85648889906157
6.068000,1.8310826276035705,2.54886701762417
6.070000,1.953154802777142,2.793011367971313
6.072000,1.8115510795757992,2.5830472266727704
6.074000,1.5967040512703137,2.631876096742199
6.076000,1.777370870527199,2.5000381475547417
6.078000,2.1338216220340276,2.68558785381857
6.080000,1.6504158083466849,2.763714045929656
6.082000,1.884794384679942,2.6025787747005418
6.084000,1.5722896162355993,2.8857862211032272
6.086000,2.1045242999923706,2.4414435034714277
6.088000,1.5674067292286564,2.6025787747005418
6.090000,2.1142900740062562,2.4365606164644844
6.092000,1.8994430457007705,2.6172274357213703
6.094000,1.582055390249485,2.724650949874113
6.096000,1.9726863508049135,2.626993209735256
6.098000,2.0312809948882276,2.5781643396658276
6.100000,1.7627222095063706,2.4365606164644844
6.102000,2.089875638971542,2.7100022888532846
6.104000,1.8408484016174562,2.6367589837491416
6.106000,1.8115510795757992,2.563515678644999
6.108000,1.7724879835202563,2.8418402380407417
6.110000,1.7431906614785992,2.6074616617074846
6.112000,1.8945601586938277,2.4023804074158845
6.114000,1.7920195315480278,2.4072632944228274
6.116000,1.7920195315480278,2.729533836881056
6.118000,1.752956435492485,2.700236514839399
6.120000,2.1289387350270847,2.421911955443656
6.122000,2.0019836728465705,2.8418402380407417
6.124000,1.9971007858396277,2.8809033340962844
6.126000,1.948271915770199,2.4267948424505987
6.128000,2.1338216220340276,2.9736781872281988
6.130000,2.0312809948882276,2.661173418783856
6.132000,1.8457312886243993,2.939497978179599
6.134000,2.016632333867399,2.54886701762417
6.136000,1.816433966582742,2.597695887693599
6.138000,1.918974593728542,2.724650949874113
6.140000,1.8994430457007705,2.6709391927977415
6.142000,2.011749446860456,2.592813000686656
6.144000,1.8359655146105134,2.7197680628671703
6.146000,1.577172503242542,2.832074464026856
6.148000,1.7578393224994278,2.6709391927977415
6.150000,1.918974593728542,2.5879301136797133
6.152000,2.0801098649576564,2.6709391927977415
6.154000,1.8115510795757992,2.8760204470893416
6.156000,2.0019836728465705,2.7685969329365987
6.158000,1.718776226443885,2.421911955443656
6.160000,1.6601815823605708,2.661173418783856
6.162000,2.0996414129854277,2.89066910811017
6.164000,1.7041275654230563,2.9150835431448843
6.166000,1.713893339436942,2.5439841306172273
6.168000,1.7431906614785992,2.5732814526588847
6.170000,1.777370870527199,2.5293354695963988
6.172000,1.7041275654230563,2.9150835431448843
6.174000,2.1045242999923706,2.89066910811017
6.176000,2.0703440909437707,2.656290531776913
6.178000,2.1680018310826275,2.4707408255130847
6.180000,1.6699473563744565,2.8516060120546274
6.182000,1.718776226443885,2.5000381475547417
6.184000,2.1582360570687418,2.4756237125200276
6.186000,1.884794384679942,2.861371786068513
6.188000,1.7383077744716564,2.4023804074158845
6.190000,1.9140917067215992,2.8223086900129704
6.192000,1.582055390249485,2.963912413214313
6.194000,2.148470283054856,2.4463263904783705
6.196000,2.1142900740062562,2.597695887693599
6.198000,1.8310826276035705,2.6709391927977415
6.200000,1.884794384679942,2.524452582589456
6.202000,1.6211184863050279,2.5879301136797133
6.204000,1.8652628366521706,2.8711375600823987
6.206000,1.884794384679942,2.866254673075456
6.208000,1.6504158083466849,2.827191577019913
6.210000,1.8701457236591135,2.9150835431448843
6.212000,1.6699473563744565,2.9883268482490273
6.214000,2.1631189440756846,2.568398565651942
6.216000,2.148470283054856,2.6465247577630273
6.218000,1.7676050965133134,2.519569695582513
6.220000,2.153353170061799,2.656290531776913
6.222000,1.8310826276035705,2.85648889906157
6.224000,1.9580376897840848,2.631876096742199
6.226000,1.8945601586938277,2.9492637521934846
6.228000,1.9922178988326849,2.9736781872281988
6.230000,1.9336232547493706,2.6025787747005418
6.232000,2.1435873960479133,2.895551995117113
6.234000,2.089875638971542,2.9443808651865417
6.236000,1.8213168535896849,2.597695887693599
6.238000,1.9092088197146564,2.8076600289921414
6.240000,1.6601815823605708,2.5098039215686274
6.242000,1.7969024185549707,2.793011367971313
6.244000,1.855497062638285,2.963912413214313
6.246000,1.948271915770199,2.626993209735256
6.248000,2.0801098649576564,2.656290531776913
6.250000,1.9922178988326849,2.8027771419851986
6.252000,1.748073548485542,2.783245593957427
6.254000,2.0801098649576564,2.6709391927977415
6.256000,1.8994430457007705,2.680704966811627
6.258000,2.045929655909056,2.4267948424505987
6.260000,2.0019836728465705,2.8223086900129704
6.262000,1.6650644693675136,2.9443808651865417
6.264000,2.0703440909437707,2.793011367971313
6.266000,1.8115510795757992,2.460975051499199
6.268000,2.1338216220340276,2.939497978179599
6.270000,1.6211184863050279,2.7197680628671703
6.272000,1.6406500343327992,2.65140764476997
6.274000,1.6552986953536277,2.5391012436102844
6.276000,1.6504158083466849,2.827191577019913
6.278000,1.6748302433813993,2.8418402380407417
6.280000,1.616235599298085,2.4414435034714277
6.282000,1.6797131303883421,2.8809033340962844
6.284000,1.9726863508049135,2.8027771419851986
6.286000,2.153353170061799,2.724650949874113
6.288000,1.9726863508049135,2.78812848096437
6.290000,1.8994430457007705,2.519569695582513
6.292000,2.1435873960479133,2.8711375600823987
6.294000,1.9726863508049135,2.8125429159990842
6.296000,2.0556954299229417,2.9834439612420844
6.298000,1.6113527122911422,3.0127412832837415
6.300000,2.1289387350270847,2.490272373540856
6.302000,1.7627222095063706,2.92484931715877
6.304000,1.9629205767910276,2.8760204470893416
6.306000,2.1435873960479133,2.6172274357213703
6.308000,1.6406500343327992,2.7978942549782557
6.310000,2.0312809948882276,2.4853894865339132
6.312000,1.8701457236591135,3.0176241702906843
6.314000,2.1582360570687418,2.5439841306172273
6.316000,1.8115510795757992,2.895551995117113
6.318000,1.6406500343327992,2.6074616617074846
6.320000,1.7676050965133134,2.5098039215686274
6.322000,1.752956435492485,2.5049210345616846
6.324000,1.7724879835202563,2.8223086900129704
6.326000,2.089875638971542,2.8467231250476845
6.328000,2.1387045090409704,2.919966430151827
6.330000,2.1094071869993134,2.9004348821240558
6.332000,1.6552986953536277,3.02738994430457
6.334000,1.9775692378118563,2.8711375600823987
6.336000,2.0556954299229417,2.661173418783856
6.338000,1.948271915770199,2.895551995117113
6.340000,1.7383077744716564,2.6709391927977415
6.342000,2.0068665598535134,2.963912413214313
6.344000,1.8066681925688564,2.85648889906157
6.346000,2.1387045090409704,2.793011367971313
6.348000,1.9922178988326849,2.8223086900129704
6.350000,2.021515220874342,2.8174258030060275
6.352000,1.7285420004577707,2.465857938506142
6.354000,1.6894789044022278,2.866254673075456
6.356000,1.9726863508049135,2.558632791638056
6.358000,1.953154802777142,2.8027771419851986
6.360000,1.987335011825742,2.5146868085755703
6.362000,1.9140917067215992,2.832074464026856
6.364000,1.723659113450828,2.89066910811017
6.366000,1.9824521248187992,2.9150835431448843
6.368000,2.1728847180895703,2.5732814526588847
6.370000,1.9580376897840848,2.6709391927977415
6.372000,1.816433966582742,2.99320973525597
6.374000,1.8799114976729991,2.9834439612420844
6.376000,1.8213168535896849,2.7100022888532846
6.378000,1.9336232547493706,2.85648889906157
6.380000,1.9971007858396277,2.5098039215686274
6.382000,1.8750286106660563,2.9736781872281988
6.384000,1.9433890287632563,2.5439841306172273
6.386000,2.197299153124285,2.9004348821240558
6.388000,1.987335011825742,2.7148851758602275
6.390000,2.182650492103456,2.758831158922713
6.392000,2.1387045090409704,2.7441824979018845
6.394000,1.8310826276035705,2.9492637521934846
6.396000,2.0752269779507135,2.9834439612420844
6.398000,2.2119478141451134,2.5391012436102844
6.400000,2.231479362172885,3.022507057297627
6.402000,1.645532921339742,2.460975051499199
6.404000,1.6748302433813993,2.695353627832456
6.406000,2.011749446860456,2.783245593957427
6.408000,1.9580376897840848,2.592813000686656
6.410000,1.6357671473258564,2.5781643396658276
6.412000,1.8359655146105134,2.6416418707560845
6.414000,1.6748302433813993,3.02738994430457
6.416000,2.148470283054856,2.5049210345616846
6.418000,1.752956435492485,2.5439841306172273
6.420000,2.192416266117342,2.9053177691309986
6.422000,1.7041275654230563,2.5049210345616846
6.424000,2.148470283054856,2.6660563057907987
6.426000,1.8603799496452278,2.8027771419851986
6.428000,1.8115510795757992,2.592813000686656
6.430000,1.9775692378118563,2.7392996108949417
6.432000,1.787136644541085,2.5146868085755703
6.434000,2.089875638971542,2.7978942549782557
6.436000,1.6650644693675136,2.6758220798046843
6.438000,1.6797131303883421,2.919966430151827
6.440000,1.9043259327077133,2.9883268482490273
6.442000,1.752956435492485,3.0176241702906843
6.444000,2.0801098649576564,2.89066910811017
6.446000,1.9726863508049135,2.622110322728313
6.448000,1.7090104524299992,2.5732814526588847
6.450000,2.2168307011520563,2.92484931715877
6.452000,1.7090104524299992,2.9053177691309986
6.454000,1.918974593728542,2.763714045929656
6.456000,1.8310826276035705,2.9883268482490273
6.458000,1.7920195315480278,2.563515678644999
6.460000,1.752956435492485,2.9541466392004274
6.462000,1.8945601586938277,3.0420386053253985
6.464000,1.8261997405966277,2.998092622262913
6.466000,1.752956435492485,3.032272831311513
6.468000,2.089875638971542,2.7978942549782557
6.470000,2.0312809948882276,3.066453040360113
6.472000,2.197299153124285,3.056687266346227
6.474000,1.9629205767910276,2.861371786068513
6.476000,2.0312809948882276,2.4853894865339132
6.478000,2.2363622491798276,2.9492637521934846
6.480000,2.050812542915999,2.8467231250476845
6.482000,1.6601815823605708,2.8174258030060275
6.484000,2.011749446860456,2.661173418783856
6.486000,1.9385061417563134,2.75394827191577
6.488000,1.8408484016174562,2.5098039215686274
6.490000,1.816433966582742,3.022507057297627
6.492000,2.084992751964599,2.490272373540856
6.494000,2.0556954299229417,2.6758220798046843
6.496000,1.7920195315480278,2.7148851758602275
6.498000,1.8994430457007705,2.5342183566033416
6.500000,1.9824521248187992,2.4853894865339132
6.502000,1.9336232547493706,2.6074616617074846
6.504000,1.8115510795757992,3.0078583962767986
6.506000,1.7578393224994278,2.6025787747005418
6.508000,2.1387045090409704,2.622110322728313
6.510000,2.016632333867399,2.490272373540856
6.512000,1.8261997405966277,2.6904707408255133
6.514000,2.1338216220340276,2.78812848096437
6.516000,2.1045242999923706,2.895551995117113
6.518000,2.1631189440756846,2.6367589837491416
6.520000,1.8750286106660563,2.8857862211032272
6.522000,1.9140917067215992,2.5879301136797133
6.524000,1.7334248874647136,2.783245593957427
6.526000,2.0752269779507135,2.998092622262913
6.528000,1.9726863508049135,2.75394827191577
6.530000,1.777370870527199,2.495155260547799
6.532000,2.1338216220340276,2.54886701762417
6.534000,2.119172961013199,3.06157015335317
6.536000,1.7627222095063706,2.9443808651865417
6.538000,2.2119478141451134,2.763714045929656
6.540000,2.2021820401312278,2.8711375600823987
6.542000,2.153353170061799,3.076218814373999
6.544000,1.752956435492485,2.5342183566033416
6.546000,1.8896772716868848,2.8467231250476845
6.548000,2.148470283054856,2.695353627832456
6.550000,1.8896772716868848,2.8809033340962844
6.552000,1.8750286106660563,2.6367589837491416
6.554000,1.855497062638285,2.6904707408255133
6.556000,1.9580376897840848,2.5830472266727704
6.558000,2.231479362172885,2.680704966811627
6.560000,1.6894789044022278,2.8857862211032272
6.562000,2.2363622491798276,2.9150835431448843
6.564000,2.0556954299229417,2.75394827191577
6.566000,2.2363622491798276,2.65140764476997
6.568000,2.119172961013199,2.8174258030060275
6.570000,1.7920195315480278,2.680704966811627
6.572000,1.953154802777142,2.968795300221256
6.574000,1.7920195315480278,2.626993209735256
6.576000,2.1680018310826275,2.680704966811627
6.578000,1.9775692378118563,3.0078583962767986
6.580000,2.2363622491798276,3.105516136415656
6.582000,1.6992446784161135,3.071335927367056
6.584000,2.0263981078812847,2.553749904631113
6.586000,1.8066681925688564,2.9785610742351416
6.588000,2.1680018310826275,2.6123445487144275
6.590000,1.718776226443885,2.524452582589456
6.592000,1.718776226443885,2.75394827191577
6.594000,2.119172961013199,2.631876096742199
6.596000,1.8359655146105134,3.0420386053253985
6.598000,2.021515220874342,2.929732204165713
6.600000,1.987335011825742,3.06157015335317
6.602000,1.7724879835202563,2.9150835431448843
6.604000,2.2754253452353703,2.8223086900129704
6.606000,1.9629205767910276,2.998092622262913
6.608000,1.8750286106660563,2.700236514839399
6.610000,2.0263981078812847,2.700236514839399
6.612000,1.816433966582742,2.9541466392004274
6.614000,2.2705424582284275,3.1103990234225987
6.616000,2.153353170061799,2.7100022888532846
6.618000,1.7383077744716564,3.1103990234225987
6.620000,1.723659113450828,2.568398565651942
6.622000,2.2119478141451134,3.0371557183184557
6.624000,1.8750286106660563,3.051804379339284
6.626000,1.8603799496452278,2.8809033340962844
6.628000,2.0752269779507135,2.9150835431448843
6.630000,1.8945601586938277,2.758831158922713
6.632000,1.9140917067215992,2.7734798199435415
6.634000,2.0019836728465705,2.832074464026856
6.636000,2.197299153124285,3.100633249408713
6.638000,1.987335011825742,2.7685969329365987
6.640000,1.7090104524299992,2.6367589837491416
6.642000,2.0752269779507135,2.5879301136797133
6.644000,2.0703440909437707,3.0371557183184557
6.646000,1.987335011825742,2.631876096742199
6.648000,1.7383077744716564,3.032272831311513
6.650000,1.9971007858396277,2.7783627069504844
6.652000,1.713893339436942,2.9004348821240558
6.654000,1.884794384679942,2.6465247577630273
6.656000,2.2119478141451134,2.563515678644999
6.658000,2.290074006256199,2.5342183566033416
6.660000,2.1338216220340276,2.656290531776913
6.662000,1.7822537575341422,3.1201647974364843
6.664000,2.094758525978485,2.7148851758602275
6.666000,2.1387045090409704,3.032272831311513
6.668000,1.8799114976729991,2.85648889906157
6.670000,1.8896772716868848,2.6172274357213703
6.672000,2.1435873960479133,2.99320973525597
6.674000,1.948271915770199,2.734416723887999
6.676000,1.7285420004577707,3.1103990234225987
6.678000,2.3144884412909135,2.7783627069504844
6.680000,2.2949568932631417,2.7148851758602275
6.682000,2.1338216220340276,2.8760204470893416
6.684000,1.9824521248187992,3.0371557183184557
6.686000,2.0068665598535134,3.100633249408713
6.688000,1.8408484016174562,2.92484931715877
6.690000,2.226596475165942,2.866254673075456
6.692000,1.923857480735485,2.705119401846342
6.694000,2.2998397802700845,2.92484931715877
6.696000,1.7724879835202563,2.92484931715877
6.698000,2.221713588158999,2.929732204165713
6.700000,2.045929655909056,3.0908674753948273
6.702000,1.7822537575341422,2.9590295262073703
6.704000,2.1094071869993134,2.9492637521934846
6.706000,1.8652628366521706,2.6416418707560845
6.708000,1.8652628366521706,3.100633249408713
6.710000,1.8115510795757992,2.6123445487144275
6.712000,1.9775692378118563,2.6367589837491416
6.714000,2.089875638971542,3.1396963454642557
6.716000,2.3144884412909135,2.5830472266727704
6.718000,2.1387045090409704,2.8711375600823987
6.720000,1.8994430457007705,2.6465247577630273
6.722000,2.084992751964599,2.78812848096437
6.724000,1.8799114976729991,3.076218814373999
6.726000,1.752956435492485,2.597695887693599
6.728000,2.226596475165942,2.705119401846342
6.730000,2.0996414129854277,2.54886701762417
6.732000,2.1435873960479133,2.597695887693599
6.734000,1.8750286106660563,2.7197680628671703
6.736000,1.9726863508049135,2.7490653849088273
6.738000,1.8359655146105134,3.0176241702906843
6.740000,2.2998397802700845,3.1103990234225987
6.742000,2.1338216220340276,2.7148851758602275
6.744000,2.192416266117342,2.929732204165713
6.746000,2.2070649271381706,2.695353627832456
6.748000,1.8408484016174562,3.09575036240177
6.750000,1.9336232547493706,3.1445792324711985
6.752000,1.9775692378118563,3.1152819104295415
6.754000,2.0801098649576564,3.0078583962767986
6.756000,1.7920195315480278,2.75394827191577
6.758000,2.148470283054856,2.8711375600823987
6.760000,1.9824521248187992,3.02738994430457
6.762000,2.0019836728465705,3.1445792324711985
6.764000,2.1728847180895703,2.7148851758602275
6.766000,1.8701457236591135,2.9443808651865417
6.768000,2.3437857633325705,3.105516136415656
6.770000,2.2705424582284275,2.78812848096437
6.772000,2.192416266117342,2.8076600289921414
6.774000,2.0410467689021132,2.78812848096437
6.776000,2.192416266117342,3.002975509269856
6.778000,2.0068665598535134,3.1103990234225987
6.780000,2.0263981078812847,2.7100022888532846
6.782000,2.334019989318685,3.02738994430457
6.784000,1.918974593728542,2.5732814526588847
6.786000,2.2119478141451134,3.076218814373999
6.788000,1.9971007858396277,2.6904707408255133
6.790000,1.9824521248187992,3.0078583962767986
6.792000,2.2070649271381706,2.9346150911726556
6.794000,1.953154802777142,2.9883268482490273
6.796000,2.0801098649576564,3.16411078049897
6.798000,2.1582360570687418,2.597695887693599
6.800000,2.280308232242313,2.8076600289921414
6.802000,2.1631189440756846,2.700236514839399
6.804000,1.8408484016174562,2.622110322728313
6.806000,2.1631189440756846,2.8516060120546274
6.808000,2.065461203936828,2.734416723887999
6.810000,2.0263981078812847,2.9590295262073703
6.812000,1.8945601586938277,2.734416723887999
6.814000,1.9922178988326849,3.1396963454642557
6.816000,1.7920195315480278,2.7392996108949417
6.818000,2.280308232242313,3.1445792324711985
6.820000,2.1680018310826275,2.7978942549782557
6.822000,2.2461280231937133,2.592813000686656
6.824000,1.923857480735485,3.134813458457313
6.826000,1.7724879835202563,2.758831158922713
6.828000,2.358434424353399,2.6367589837491416
6.830000,2.0263981078812847,2.7685969329365987
6.832000,2.280308232242313,2.9053177691309986
6.834000,2.119172961013199,2.929732204165713
6.836000,2.1045242999923706,3.16411078049897
6.838000,2.045929655909056,2.6416418707560845
6.840000,2.148470283054856,3.056687266346227
6.842000,1.9726863508049135,2.6416418707560845
6.844000,2.197299153124285,2.832074464026856
6.846000,2.0361638818951704,2.626993209735256
6.848000,1.918974593728542,2.8027771419851986
6.850000,1.8799114976729991,2.793011367971313
6.852000,1.9336232547493706,3.1738765545128556
6.854000,2.2168307011520563,2.7148851758602275
6.856000,2.177767605096513,3.002975509269856
6.858000,2.285191119249256,3.1689936675059127
6.860000,2.231479362172885,2.9834439612420844
6.862000,2.065461203936828,3.051804379339284
6.864000,1.8896772716868848,3.1103990234225987
6.866000,1.9140917067215992,3.056687266346227
6.868000,1.9678034637979704,2.7978942549782557
6.870000,1.918974593728542,2.8174258030060275
6.872000,1.816433966582742,2.998092622262913
6.874000,1.9580376897840848,3.1738765545128556
6.876000,1.8457312886243993,2.8467231250476845
6.878000,1.8994430457007705,2.7490653849088273
6.880000,2.2705424582284275,3.0176241702906843
6.882000,2.1875333791103992,2.8125429159990842
6.884000,2.045929655909056,2.8711375600823987
6.886000,1.8799114976729991,2.998092622262913
6.888000,1.8799114976729991,2.99320973525597
6.890000,2.285191119249256,3.1396963454642557
6.892000,2.0752269779507135,2.631876096742199
6.894000,2.3486686503395133,2.7734798199435415
6.896000,2.094758525978485,3.022507057297627
6.898000,2.3389028763256277,2.6904707408255133
6.900000,2.1728847180895703,3.076218814373999
6.902000,2.1045242999923706,3.1494621194781414
6.904000,1.8945601586938277,2.626993209735256
6.906000,1.8896772716868848,3.1836423285267412
6.908000,2.0801098649576564,2.793011367971313
6.910000,2.3047226672770273,2.6904707408255133
6.912000,1.8457312886243993,2.9053177691309986
6.914000,2.387731746395056,2.8223086900129704
6.916000,2.021515220874342,2.919966430151827
6.918000,1.9043259327077133,2.7734798199435415
6.920000,1.9678034637979704,2.8174258030060275
6.922000,2.1875333791103992,2.8174258030060275
6.924000,2.2168307011520563,3.1787594415197984
6.926000,1.8408484016174562,2.7685969329365987
6.928000,2.324254215304799,2.700236514839399
6.930000,2.1680018310826275,2.6465247577630273
6.932000,2.197299153124285,2.705119401846342
6.934000,1.8213168535896849,3.1396963454642557
6.936000,2.251010910200656,3.105516136415656
6.938000,2.0703440909437707,3.12993057145037
6.940000,2.2998397802700845,2.836957351033799
6.942000,2.2656595712214846,3.1494621194781414
6.944000,2.30960555428397,3.06157015335317
6.946000,2.045929655909056,3.051804379339284
6.948000,1.9092088197146564,2.7100022888532846
6.950000,1.8603799496452278,2.89066910811017
6.952000,1.8310826276035705,2.661173418783856
6.954000,2.182650492103456,2.963912413214313
6.956000,2.3047226672770273,2.7734798199435415
6.958000,2.011749446860456,3.002975509269856
6.960000,2.251010910200656,2.6660563057907987
6.962000,2.3682001983672847,3.1689936675059127
6.964000,2.0605783169298846,2.963912413214313
6.966000,2.182650492103456,3.19829098954757
6.968000,2.392614633401999,3.0420386053253985
6.970000,1.987335011825742,2.8857862211032272
6.972000,1.8310826276035705,2.734416723887999
6.974000,2.0996414129854277,2.7392996108949417
6.976000,1.9433890287632563,2.7490653849088273
6.978000,2.3389028763256277,3.1494621194781414
6.980000,2.3047226672770273,3.0078583962767986
6.982000,1.9971007858396277,2.734416723887999
6.984000,2.3047226672770273,3.1787594415197984
6.986000,2.255893797207599,3.16411078049897
6.988000,1.9580376897840848,2.758831158922713
6.990000,2.016632333867399,3.1494621194781414
6.992000,2.3974975204089417,2.7148851758602275
6.994000,1.8994430457007705,2.724650949874113
6.996000,2.334019989318685,2.895551995117113
6.998000,1.9971007858396277,2.85648889906157
7.000000,2.0801098649576564,2.729533836881056
7.002000,2.1289387350270847,2.939497978179599
7.004000,2.353551537346456,2.99320973525597
7.006000,2.2021820401312278,2.7978942549782557
7.008000,2.2998397802700845,2.89066910811017
7.010000,1.816433966582742,2.793011367971313
7.012000,1.948271915770199,2.9443808651865417
7.014000,2.0752269779507135,3.1836423285267412
7.016000,2.0605783169298846,3.0908674753948273
7.018000,2.197299153124285,3.0127412832837415
7.020000,1.918974593728542,2.832074464026856
7.022000,2.30960555428397,3.19829098954757
7.024000,2.3193713282978563,3.1103990234225987
7.026000,1.9287403677424277,2.78812848096437
7.028000,2.329137102311742,2.92484931715877
7.030000,1.9629205767910276,3.16411078049897
7.032000,1.9043259327077133,2.92484931715877
7.034000,2.1728847180895703,3.19829098954757
7.036000,1.8896772716868848,3.105516136415656
7.038000,1.8799114976729991,3.1836423285267412
7.040000,2.1582360570687418,3.0859845883878845
7.042000,1.8408484016174562,2.866254673075456
7.044000,1.923857480735485,3.022507057297627
7.046000,1.9385061417563134,3.056687266346227
7.048000,2.4267948424505987,2.78812848096437
7.050000,2.177767605096513,2.724650949874113
7.052000,2.285191119249256,2.861371786068513
7.054000,2.231479362172885,2.8760204470893416
7.056000,1.8310826276035705,2.78812848096437
7.058000,2.197299153124285,3.06157015335317
7.060000,1.8994430457007705,3.032272831311513
7.062000,2.2705424582284275,3.09575036240177
7.064000,2.1094071869993134,3.051804379339284
7.066000,2.197299153124285,2.99320973525597
7.068000,2.0068665598535134,2.7197680628671703
7.070000,2.3193713282978563,2.8711375600823987
7.072000,2.3437857633325705,2.8125429159990842
7.074000,2.353551537346456,3.076218814373999
7.076000,2.050812542915999,2.7100022888532846
7.078000,2.124055848020142,2.6758220798046843
7.080000,1.953154802777142,3.12993057145037
7.082000,2.177767605096513,3.1494621194781414
7.084000,1.8945601586938277,2.8760204470893416
7.086000,2.421911955443656,2.8076600289921414
7.088000,2.177767605096513,2.9541466392004274
7.090000,2.251010910200656,2.656290531776913
7.092000,2.045929655909056,2.7734798199435415
7.094000,2.011749446860456,3.134813458457313
7.096000,1.9775692378118563,3.0078583962767986
7.098000,2.0703440909437707,2.8711375600823987
7.100000,2.417029068436713,2.85648889906157
7.102000,2.4072632944228274,2.9492637521934846
7.104000,2.1338216220340276,3.1934081025406273
7.106000,1.8945601586938277,3.154345006485084
7.108000,2.1094071869993134,2.8467231250476845
7.110000,2.0752269779507135,2.695353627832456
7.112000,1.8603799496452278,3.0469214923323413
7.114000,1.948271915770199,2.734416723887999
7.116000,1.9287403677424277,3.09575036240177
7.118000,2.417029068436713,2.7490653849088273
7.120000,2.4463263904783705,2.8711375600823987
7.122000,2.0263981078812847,3.1152819104295415
7.124000,1.9043259327077133,3.071335927367056
7.126000,2.1631189440756846,2.8857862211032272
7.128000,2.2461280231937133,3.154345006485084
7.130000,2.050812542915999,2.793011367971313
7.132000,2.1680018310826275,2.9102006561379414
7.134000,2.324254215304799,3.032272831311513
7.136000,2.2363622491798276,2.8467231250476845
7.138000,2.4023804074158845,2.8418402380407417
7.140000,2.4072632944228274,3.2422369726100557
7.142000,1.9092088197146564,2.8809033340962844
7.144000,2.392614633401999,3.1396963454642557
7.146000,2.260776684214542,2.9541466392004274
7.148000,2.30960555428397,2.680704966811627
7.150000,2.4365606164644844,2.7734798199435415
7.152000,1.9824521248187992,2.8857862211032272
7.154000,1.8652628366521706,2.9834439612420844
7.156000,2.3682001983672847,3.2129396505683987
7.158000,2.0019836728465705,2.8809033340962844
7.160000,2.0752269779507135,3.1152819104295415
7.162000,2.192416266117342,2.7490653849088273
7.164000,2.0605783169298846,3.032272831311513
7.166000,2.3437857633325705,3.051804379339284
7.168000,2.41214618142977,3.237354085603113
7.170000,2.0068665598535134,3.105516136415656
7.172000,2.0068665598535134,3.26665140764477
7.174000,2.456092164492256,2.7100022888532846
7.176000,2.2461280231937133,3.26665140764477
7.178000,2.460975051499199,2.9053177691309986
7.180000,2.30960555428397,2.78812848096437
7.182000,2.2070649271381706,3.261768520637827
7.184000,2.1631189440756846,3.19829098954757
7.186000,1.8799114976729991,3.2471198596169986
7.188000,2.465857938506142,3.2715342946517127
7.190000,2.0996414129854277,2.763714045929656
7.192000,2.094758525978485,3.002975509269856
7.194000,2.3486686503395133,2.7392996108949417
7.196000,2.231479362172885,2.9590295262073703
7.198000,2.231479362172885,3.2568856336308842
7.200000,2.065461203936828,2.7100022888532846
7.202000,2.231479362172885,3.1201647974364843
7.204000,2.3047226672770273,3.071335927367056
7.206000,2.231479362172885,3.1934081025406273
7.208000,2.1582360570687418,3.16411078049897
7.210000,2.2949568932631417,2.9053177691309986
7.212000,2.3389028763256277,2.919966430151827
7.214000,2.1387045090409704,3.12993057145037
7.216000,2.2168307011520563,2.695353627832456
7.218000,1.9971007858396277,3.0859845883878845
7.220000,2.363317311360342,2.861371786068513
7.222000,1.9140917067215992,3.0908674753948273
7.224000,1.9580376897840848,2.7783627069504844
7.226000,2.1582360570687418,2.783245593957427
7.228000,2.1680018310826275,3.1787594415197984
7.230000,2.4463263904783705,3.0127412832837415
7.232000,2.0410467689021132,3.071335927367056
7.234000,1.987335011825742,2.700236514839399
7.236000,2.251010910200656,2.963912413214313
7.238000,2.2363622491798276,3.2520027466239414
7.240000,1.9092088197146564,3.0420386053253985
7.242000,1.9043259327077133,3.2715342946517127
7.244000,2.153353170061799,2.758831158922713
7.246000,2.1435873960479133,2.8076600289921414
7.248000,2.2021820401312278,3.1152819104295415
7.250000,1.9287403677424277,2.919966430151827
7.252000,2.192416266117342,2.99320973525597
7.254000,2.197299153124285,2.9541466392004274
7.256000,2.1680018310826275,2.8857862211032272
7.258000,2.260776684214542,2.929732204165713
7.260000,1.8994430457007705,3.159227893492027
7.262000,2.3486686503395133,3.203173876554513
7.264000,2.231479362172885,3.0127412832837415
7.266000,2.382848859388113,2.85648889906157
7.268000,1.9336232547493706,2.832074464026856
7.270000,2.3779659723811704,2.729533836881056
7.272000,2.1289387350270847,2.963912413214313
7.274000,2.417029068436713,3.1689936675059127
7.276000,2.0556954299229417,2.75394827191577
7.278000,2.2168307011520563,3.032272831311513
7.280000,2.4414435034714277,3.071335927367056
7.282000,2.382848859388113,3.1738765545128556
7.284000,1.9971007858396277,3.022507057297627
7.286000,2.011749446860456,2.9443808651865417
7.288000,2.280308232242313,3.02738994430457
7.290000,2.4853894865339132,3.23247119859617
7.292000,1.9971007858396277,3.1396963454642557
7.294000,1.9824521248187992,3.2422369726100557
7.296000,2.1680018310826275,2.8711375600823987
7.298000,1.9287403677424277,2.832074464026856
7.300000,1.9824521248187992,2.724650949874113
7.302000,2.0556954299229417,2.9785610742351416
7.304000,2.4853894865339132,2.8760204470893416
7.306000,2.3682001983672847,2.9590295262073703
7.308000,2.290074006256199,2.929732204165713
7.310000,2.456092164492256,3.076218814373999
7.312000,2.280308232242313,2.8516060120546274
7.314000,2.0605783169298846,3.09575036240177
7.316000,2.3974975204089417,3.09575036240177
7.318000,2.285191119249256,2.78812848096437
7.320000,2.0752269779507135,2.7734798199435415
7.322000,2.4512092774853134,3.16411078049897
7.324000,2.3779659723811704,2.919966430151827
7.326000,2.089875638971542,2.8516060120546274
7.328000,2.226596475165942,2.8760204470893416
7.330000,1.918974593728542,3.0859845883878845
7.332000,2.3779659723811704,2.861371786068513
7.334000,1.9580376897840848,3.2861829556725413
7.336000,2.2949568932631417,3.1885252155336845
7.338000,2.4707408255130847,3.02738994430457
7.340000,2.4414435034714277,2.866254673075456
7.342000,2.4512092774853134,3.1201647974364843
7.344000,1.9287403677424277,3.208056763561456
7.346000,2.4463263904783705,3.154345006485084
7.348000,2.1338216220340276,2.9102006561379414
7.350000,2.2705424582284275,3.125047684443427
7.352000,2.192416266117342,2.7783627069504844
7.354000,2.182650492103456,2.832074464026856
7.356000,2.2998397802700845,3.066453040360113
7.358000,2.3047226672770273,3.26665140764477
7.360000,2.4316777294575416,3.100633249408713
7.362000,2.2461280231937133,2.8857862211032272
7.364000,2.4365606164644844,3.032272831311513
7.366000,2.2656595712214846,3.2471198596169986
7.368000,2.30960555428397,2.9785610742351416
7.370000,2.045929655909056,3.1836423285267412
7.372000,2.045929655909056,2.92484931715877
7.374000,2.4805065995269704,3.066453040360113
7.376000,2.421911955443656,2.9590295262073703
7.378000,2.4414435034714277,3.237354085603113
7.380000,2.2998397802700845,2.939497978179599
7.382000,2.4853894865339132,3.100633249408713
7.384000,2.3144884412909135,2.9492637521934846
7.386000,2.089875638971542,2.9492637521934846
7.388000,2.1631189440756846,3.125047684443427
7.390000,2.358434424353399,3.06157015335317
7.392000,2.4512092774853134,2.9102006561379414
7.394000,1.9922178988326849,3.339894712748913
7.396000,2.0312809948882276,3.1934081025406273
7.398000,2.0605783169298846,2.7783627069504844
7.400000,2.329137102311742,2.9883268482490273
7.402000,1.9971007858396277,3.2520027466239414
7.404000,2.3730830853742275,3.022507057297627
7.406000,2.329137102311742,3.134813458457313
7.408000,2.045929655909056,3.1934081025406273
7.410000,2.519569695582513,3.2520027466239414
7.412000,2.1338216220340276,3.2227054245822844
7.414000,2.363317311360342,2.8027771419851986
7.416000,2.363317311360342,3.071335927367056
7.418000,2.3779659723811704,3.0420386053253985
7.420000,2.3193713282978563,2.8027771419851986
7.422000,2.0801098649576564,2.9053177691309986
7.424000,2.182650492103456,3.3203631647211416
7.426000,2.4365606164644844,3.1494621194781414
7.428000,2.1582360570687418,2.8711375600823987
7.430000,2.3144884412909135,3.3154802777141987
7.432000,2.4072632944228274,3.2422369726100557
7.434000,2.4316777294575416,3.076218814373999
7.436000,2.2412451361867705,3.2568856336308842
7.438000,2.460975051499199,3.26665140764477
7.440000,2.3389028763256277,3.066453040360113
7.442000,2.363317311360342,3.1103990234225987
7.444000,2.011749446860456,2.7783627069504844
7.446000,2.021515220874342,3.2227054245822844
7.448000,2.5049210345616846,2.78812848096437
7.450000,2.4414435034714277,3.2715342946517127
7.452000,2.456092164492256,3.1738765545128556
7.454000,1.9726863508049135,3.19829098954757
7.456000,2.392614633401999,2.832074464026856
7.458000,2.251010910200656,2.85648889906157
7.460000,1.9824521248187992,2.9590295262073703
7.462000,2.290074006256199,3.0078583962767986
7.464000,2.226596475165942,3.0176241702906843
7.466000,2.0410467689021132,3.1152819104295415
7.468000,2.2168307011520563,3.295948729686427
7.470000,2.2363622491798276,3.1201647974364843
7.472000,2.0703440909437707,2.8125429159990842
7.474000,2.0361638818951704,3.364309147783627
7.476000,2.255893797207599,3.1787594415197984
7.478000,2.2705424582284275,3.2715342946517127
7.480000,2.5439841306172273,2.827191577019913
7.482000,2.0801098649576564,3.208056763561456
7.484000,2.2119478141451134,3.09575036240177
7.486000,2.0605783169298846,2.866254673075456
7.488000,2.2656595712214846,2.7978942549782557
7.490000,2.3047226672770273,3.0127412832837415
7.492000,2.382848859388113,3.3252460517280844
7.494000,2.54886701762417,3.3301289387350272
7.496000,2.3144884412909135,3.2764171816586556
7.498000,2.3144884412909135,3.2568856336308842
7.500000,2.2070649271381706,2.9590295262073703
7.502000,2.324254215304799,3.2764171816586556
7.504000,2.0605783169298846,3.125047684443427
7.506000,1.9971007858396277,3.374074921797513
7.508000,2.5439841306172273,3.1738765545128556
7.510000,2.2119478141451134,2.783245593957427
7.512000,2.5439841306172273,3.1689936675059127
7.514000,2.0752269779507135,3.0420386053253985
7.516000,2.358434424353399,3.36919203479057
7.518000,2.4414435034714277,2.9443808651865417
7.520000,2.4463263904783705,3.2568856336308842
7.522000,2.0556954299229417,2.9834439612420844
7.524000,2.41214618142977,2.793011367971313
7.526000,2.5391012436102844,3.076218814373999
7.528000,2.255893797207599,3.032272831311513
7.530000,2.1387045090409704,2.7978942549782557
7.532000,2.0605783169298846,2.85648889906157
7.534000,2.260776684214542,2.8223086900129704
7.536000,2.1680018310826275,3.364309147783627
7.538000,2.5146868085755703,3.1152819104295415
7.540000,2.4756237125200276,2.8857862211032272
7.542000,2.255893797207599,3.105516136415656
7.544000,2.192416266117342,3.076218814373999
7.546000,2.41214618142977,2.9785610742351416
7.548000,2.4267948424505987,3.1885252155336845
7.550000,2.1142900740062562,2.9785610742351416
7.552000,2.021515220874342,2.9004348821240558
7.554000,2.558632791638056,3.3545433737697414
7.556000,2.251010910200656,3.374074921797513
7.558000,2.417029068436713,3.154345006485084
7.560000,2.465857938506142,2.9785610742351416
7.562000,1.9922178988326849,2.85648889906157
7.564000,2.1728847180895703,3.1494621194781414
7.566000,2.3047226672770273,2.9785610742351416
7.568000,2.5049210345616846,3.36919203479057
7.570000,2.4267948424505987,3.1836423285267412
7.572000,2.2119478141451134,3.1885252155336845
7.574000,2.285191119249256,2.9102006561379414
7.576000,2.0410467689021132,2.8711375600823987
7.578000,2.255893797207599,3.2520027466239414
7.580000,2.4756237125200276,3.100633249408713
7.582000,2.5732814526588847,2.8516060120546274
7.584000,2.1142900740062562,3.3008316166933698
7.586000,2.260776684214542,2.9443808651865417
7.588000,2.021515220874342,3.032272831311513
7.590000,2.41214618142977,2.998092622262913
7.592000,2.41214618142977,3.0811017013809416
7.594000,2.1387045090409704,3.36919203479057
7.596000,2.2754253452353703,2.9736781872281988
7.598000,2.1875333791103992,2.8809033340962844
7.600000,2.2119478141451134,2.836957351033799
7.602000,2.1875333791103992,3.0078583962767986
7.604000,2.4463263904783705,3.3496604867627986
7.606000,2.2949568932631417,2.9834439612420844
7.608000,2.2705424582284275,3.3447775997558558
7.610000,2.382848859388113,2.9102006561379414
7.612000,2.519569695582513,3.23247119859617
7.614000,2.4023804074158845,3.3594262607766843
7.616000,2.2949568932631417,2.895551995117113
7.618000,2.4023804074158845,2.968795300221256
7.620000,2.3974975204089417,2.9053177691309986
7.622000,2.2656595712214846,2.9443808651865417
7.624000,2.392614633401999,3.159227893492027
7.626000,2.045929655909056,3.0908674753948273
7.628000,2.0556954299229417,2.8418402380407417
7.630000,2.3437857633325705,3.1787594415197984
7.632000,2.4853894865339132,3.1396963454642557
7.634000,2.0312809948882276,3.2129396505683987
7.636000,2.0263981078812847,3.3789578088044556
7.638000,2.363317311360342,3.237354085603113
7.640000,2.1094071869993134,3.364309147783627
7.642000,2.153353170061799,3.4082551308461126
7.644000,2.5049210345616846,3.2715342946517127
7.646000,2.0801098649576564,3.203173876554513
7.648000,2.382848859388113,2.9834439612420844
7.650000,2.2168307011520563,2.8809033340962844
7.652000,2.192416266117342,3.105516136415656
7.654000,2.4023804074158845,3.071335927367056
7.656000,2.3682001983672847,2.9150835431448843
7.658000,2.177767605096513,3.203173876554513
7.660000,2.334019989318685,2.827191577019913
7.662000,2.0996414129854277,3.0420386053253985
7.664000,2.363317311360342,3.1201647974364843
7.666000,2.592813000686656,3.2568856336308842
7.668000,2.1387045090409704,2.8809033340962844
7.670000,2.065461203936828,3.291065842679484
7.672000,2.226596475165942,2.861371786068513
7.674000,2.519569695582513,3.2422369726100557
7.676000,2.334019989318685,3.071335927367056
7.678000,2.182650492103456,3.2178225375753415
7.680000,2.4365606164644844,2.939497978179599
7.682000,2.5391012436102844,3.339894712748913
7.684000,2.563515678644999,3.3057145037003126
7.686000,2.148470283054856,3.154345006485084
7.688000,2.524452582589456,3.1152819104295415
7.690000,2.177767605096513,3.09575036240177
7.692000,2.084992751964599,3.1689936675059127
7.694000,2.0752269779507135,3.159227893492027
7.696000,2.329137102311742,3.2813000686655984
7.698000,2.490272373540856,3.2178225375753415
7.700000,2.1094071869993134,3.40337224383917
7.702000,2.2656595712214846,3.09575036240177
7.704000,2.3486686503395133,2.836957351033799
7.706000,2.4267948424505987,3.3105973907072554
7.708000,2.4463263904783705,3.26665140764477
7.710000,2.1728847180895703,3.3545433737697414
7.712000,2.153353170061799,3.208056763561456
7.714000,2.182650492103456,3.23247119859617
7.716000,2.2119478141451134,3.3545433737697414
7.718000,2.1142900740062562,3.3057145037003126
7.720000,2.1094071869993134,3.1934081025406273
7.722000,2.094758525978485,3.3789578088044556
7.724000,2.622110322728313,3.0811017013809416
7.726000,2.382848859388113,3.3447775997558558
7.728000,2.5000381475547417,3.398489356832227
7.730000,2.54886701762417,3.1787594415197984
7.732000,2.41214618142977,3.0859845883878845
7.734000,2.1338216220340276,2.9102006561379414
7.736000,2.4267948424505987,2.9541466392004274
7.738000,2.4267948424505987,3.3301289387350272
7.740000,2.626993209735256,2.85648889906157
7.742000,2.2119478141451134,3.2813000686655984
7.744000,2.084992751964599,2.9053177691309986
7.746000,2.1728847180895703,3.2568856336308842
7.748000,2.1875333791103992,3.2568856336308842
7.750000,2.4072632944228274,3.339894712748913
7.752000,2.3974975204089417,3.051804379339284
7.754000,2.3730830853742275,2.8857862211032272
7.756000,2.192416266117342,3.1445792324711985
7.758000,2.631876096742199,3.1201647974364843
7.760000,2.050812542915999,3.125047684443427
7.762000,2.177767605096513,3.261768520637827
7.764000,2.2656595712214846,3.2227054245822844
7.766000,2.119172961013199,3.3154802777141987
7.768000,2.0703440909437707,3.3594262607766843
7.770000,2.251010910200656,3.0469214923323413
7.772000,2.6074616617074846,3.393606469825284
7.774000,2.558632791638056,2.9834439612420844
7.776000,2.421911955443656,3.398489356832227
7.778000,2.1094071869993134,2.939497978179599
7.780000,2.2754253452353703,3.203173876554513
7.782000,2.6367589837491416,3.40337224383917
7.784000,2.519569695582513,3.066453040360113
7.786000,2.6416418707560845,2.8711375600823987
7.788000,2.6025787747005418,2.9102006561379414
7.790000,2.524452582589456,2.939497978179599
7.792000,2.1875333791103992,3.1689936675059127
7.794000,2.387731746395056,2.9834439612420844
7.796000,2.626993209735256,2.8760204470893416
7.798000,2.177767605096513,3.4131380178530555
7.800000,2.329137102311742,3.4522011139085986
7.802000,2.631876096742199,3.422903791866941
7.804000,2.050812542915999,3.022507057297627
7.806000,2.358434424353399,3.36919203479057
7.808000,2.392614633401999,2.9541466392004274
7.810000,2.6025787747005418,3.0078583962767986
7.812000,2.2070649271381706,2.939497978179599
7.814000,2.490272373540856,3.3594262607766843
7.816000,2.4463263904783705,2.8711375600823987
7.818000,2.324254215304799,3.393606469825284
7.820000,2.597695887693599,3.291065842679484
7.822000,2.456092164492256,2.9590295262073703
7.824000,2.5732814526588847,2.919966430151827
7.826000,2.182650492103456,3.100633249408713
7.828000,2.6123445487144275,3.0908674753948273
7.830000,2.3437857633325705,3.227588311589227
7.832000,2.084992751964599,3.1103990234225987
7.834000,2.290074006256199,3.032272831311513
7.836000,2.3779659723811704,3.0469214923323413
7.838000,2.65140764476997,3.2568856336308842
7.840000,2.0752269779507135,3.2715342946517127
7.842000,2.251010910200656,3.02738994430457
7.844000,2.260776684214542,2.99320973525597
7.846000,2.3682001983672847,3.3789578088044556
7.848000,2.382848859388113,3.1836423285267412
7.850000,2.4512092774853134,3.3447775997558558
7.852000,2.065461203936828,2.9834439612420844
7.854000,2.30960555428397,3.06157015335317
7.856000,2.5000381475547417,3.422903791866941
7.858000,2.1435873960479133,3.1836423285267412
7.860000,2.456092164492256,3.261768520637827
7.862000,2.1631189440756846,3.0908674753948273
7.864000,2.280308232242313,3.2813000686655984
7.866000,2.148470283054856,3.47173266193637
7.868000,2.553749904631113,3.12993057145037
7.870000,2.177767605096513,2.99320973525597
7.872000,2.3974975204089417,2.9492637521934846
7.874000,2.4463263904783705,3.1738765545128556
7.876000,2.661173418783856,3.442435339894713
7.878000,2.153353170061799,3.364309147783627
7.880000,2.192416266117342,3.374074921797513
7.882000,2.626993209735256,3.43755245288777
7.884000,2.631876096742199,3.23247119859617
7.886000,2.6709391927977415,3.4570840009155415
7.888000,2.1142900740062562,3.19829098954757
7.890000,2.6709391927977415,3.4082551308461126
7.892000,2.363317311360342,2.9736781872281988
7.894000,2.465857938506142,3.06157015335317
7.896000,2.2949568932631417,2.9736781872281988
7.898000,2.30960555428397,3.3545433737697414
7.900000,2.6709391927977415,3.1201647974364843
7.902000,2.1631189440756846,3.237354085603113
7.904000,2.1142900740062562,3.43755245288777
7.906000,2.563515678644999,3.0469214923323413
7.908000,2.3682001983672847,3.3545433737697414
7.910000,2.417029068436713,2.929732204165713
7.912000,2.5781643396658276,3.295948729686427
7.914000,2.2656595712214846,3.1885252155336845
7.916000,2.280308232242313,3.071335927367056
7.918000,2.421911955443656,3.4619668879224843
7.920000,2.4072632944228274,3.0420386053253985
7.922000,2.1435873960479133,3.3887235828183413
7.924000,2.460975051499199,3.154345006485084
7.926000,2.3730830853742275,2.919966430151827
7.928000,2.3486686503395133,3.466849774929427
7.930000,2.089875638971542,3.1201647974364843
7.932000,2.182650492103456,3.0176241702906843
7.934000,2.1289387350270847,3.1738765545128556
7.936000,2.6416418707560845,3.06157015335317
7.938000,2.392614633401999,3.447318226901656
7.940000,2.6904707408255133,3.1494621194781414
7.942000,2.6367589837491416,3.208056763561456
7.944000,2.680704966811627,3.26665140764477
7.946000,2.3682001983672847,3.3447775997558558
7.948000,2.519569695582513,3.4912642099641413
7.950000,2.324254215304799,3.3154802777141987
7.952000,2.2021820401312278,3.0078583962767986
7.954000,2.334019989318685,3.339894712748913
7.956000,2.231479362172885,3.1201647974364843
7.958000,2.3047226672770273,3.3545433737697414
7.960000,2.30960555428397,2.919966430151827
7.962000,2.3779659723811704,3.2227054245822844
7.964000,2.280308232242313,3.0078583962767986
7.966000,2.2998397802700845,3.501029983978027
7.968000,2.631876096742199,3.0176241702906843
7.970000,2.1045242999923706,3.422903791866941
7.972000,2.4756237125200276,3.422903791866941
7.974000,2.3730830853742275,3.261768520637827
7.976000,2.490272373540856,3.466849774929427
7.978000,2.5342183566033416,3.466849774929427
7.980000,2.417029068436713,3.2520027466239414
7.982000,2.65140764476997,2.9785610742351416
7.984000,2.3730830853742275,3.02738994430457
7.986000,2.417029068436713,3.5107957579919127
7.988000,2.2998397802700845,2.9541466392004274
7.990000,2.177767605096513,2.9785610742351416
7.992000,2.285191119249256,2.9443808651865417
7.994000,2.6758220798046843,2.929732204165713
7.996000,2.2998397802700845,3.432669565880827
7.998000,2.3779659723811704,3.432669565880827
8.000000,2.182650492103456,3.159227893492027
8.002000,2.255893797207599,3.2178225375753415
8.004000,2.329137102311742,3.1396963454642557
8.006000,2.490272373540856,3.056687266346227
8.008000,2.2363622491798276,3.3496604867627986
8.010000,2.148470283054856,3.1396963454642557
8.012000,2.182650492103456,3.0859845883878845
8.014000,2.54886701762417,3.3301289387350272
8.016000,2.2412451361867705,3.4863813229571985
8.018000,2.54886701762417,2.9590295262073703
8.020000,2.631876096742199,3.501029983978027
8.022000,2.5879301136797133,3.12993057145037
8.024000,2.631876096742199,3.227588311589227
8.026000,2.260776684214542,3.3301289387350272
8.028000,2.7100022888532846,3.0127412832837415
8.030000,2.1728847180895703,3.1103990234225987
8.032000,2.226596475165942,3.2178225375753415
8.034000,2.6172274357213703,3.100633249408713
8.036000,2.182650492103456,3.23247119859617
8.038000,2.1338216220340276,3.4863813229571985
8.040000,2.3974975204089417,3.43755245288777
8.042000,2.192416266117342,3.159227893492027
8.044000,2.563515678644999,3.291065842679484
8.046000,2.4756237125200276,3.159227893492027
8.048000,2.5732814526588847,3.4570840009155415
8.050000,2.6904707408255133,3.16411078049897
8.052000,2.5391012436102844,3.3789578088044556
8.054000,2.4414435034714277,3.051804379339284
8.056000,2.148470283054856,3.3301289387350272
8.058000,2.622110322728313,3.134813458457313
8.060000,2.1435873960479133,3.02738994430457
8.062000,2.182650492103456,2.9834439612420844
8.064000,2.153353170061799,3.393606469825284
8.066000,2.1387045090409704,3.364309147783627
8.068000,2.519569695582513,3.002975509269856
8.070000,2.358434424353399,3.3594262607766843
8.072000,2.490272373540856,3.525444419012741
8.074000,2.2461280231937133,3.1494621194781414
8.076000,2.4512092774853134,3.134813458457313
8.078000,2.3779659723811704,3.3838406958113985
8.080000,2.568398565651942,3.071335927367056
8.082000,2.5879301136797133,3.2227054245822844
8.084000,2.4756237125200276,3.1689936675059127
8.086000,2.5342183566033416,3.5205615320057984
8.088000,2.2754253452353703,3.2764171816586556
8.090000,2.626993209735256,3.476615548943313
8.092000,2.1631189440756846,3.125047684443427
8.094000,2.3974975204089417,3.23247119859617
8.096000,2.192416266117342,3.159227893492027
8.098000,2.568398565651942,3.1152819104295415
8.100000,2.568398565651942,3.1201647974364843
8.102000,2.5049210345616846,3.0078583962767986
8.104000,2.285191119249256,3.26665140764477
8.106000,2.280308232242313,3.339894712748913
8.108000,2.490272373540856,3.261768520637827
8.110000,2.290074006256199,3.442435339894713
8.112000,2.2754253452353703,3.530327306019684
8.114000,2.392614633401999,3.4570840009155415
8.116000,2.2461280231937133,3.032272831311513
8.118000,2.54886701762417,3.2227054245822844
8.120000,2.2998397802700845,2.963912413214313
8.122000,2.148470283054856,3.09575036240177
8.124000,2.4756237125200276,3.1396963454642557
8.126000,2.2998397802700845,3.1494621194781414
8.128000,2.2070649271381706,3.0469214923323413
8.130000,2.4463263904783705,3.2813000686655984
8.132000,2.700236514839399,3.2178225375753415
8.134000,2.597695887693599,3.076218814373999
8.136000,2.382848859388113,3.398489356832227
8.138000,2.661173418783856,3.393606469825284
8.140000,2.656290531776913,3.26665140764477
8.142000,2.3437857633325705,3.0811017013809416
8.144000,2.5879301136797133,3.50591287098497
8.146000,2.6367589837491416,3.002975509269856
8.148000,2.182650492103456,3.2861829556725413
8.150000,2.2705424582284275,3.559624628061341
8.152000,2.3486686503395133,3.3496604867627986
8.154000,2.6416418707560845,3.16411078049897
8.156000,2.734416723887999,3.0469214923323413
8.158000,2.6758220798046843,3.5400930800335697
8.160000,2.3193713282978563,3.4570840009155415
8.162000,2.5049210345616846,3.002975509269856
8.164000,2.631876096742199,3.1152819104295415
8.166000,2.1728847180895703,3.3301289387350272
8.168000,2.4365606164644844,3.3105973907072554
8.170000,2.3486686503395133,2.9834439612420844
8.172000,2.2705424582284275,3.535210193026627
8.174000,2.1728847180895703,2.9736781872281988
8.176000,2.251010910200656,3.339894712748913
8.178000,2.456092164492256,3.4082551308461126
8.180000,2.5781643396658276,3.227588311589227
8.182000,2.1680018310826275,3.261768520637827
8.184000,2.192416266117342,3.466849774929427
8.186000,2.3682001983672847,3.056687266346227
8.188000,2.5391012436102844,3.0176241702906843
8.190000,2.597695887693599,3.1445792324711985
8.192000,2.280308232242313,3.47173266193637
8.194000,2.6758220798046843,3.2520027466239414
8.196000,2.6123445487144275,3.374074921797513
8.198000,2.65140764476997,3.2520027466239414
8.200000,2.3389028763256277,3.466849774929427
8.202000,2.4853894865339132,2.998092622262913
8.204000,2.41214618142977,3.398489356832227
8.206000,2.6904707408255133,3.5107957579919127
8.208000,2.631876096742199,3.23247119859617
8.210000,2.5781643396658276,3.2520027466239414
8.212000,2.460975051499199,3.5107957579919127
8.214000,2.2168307011520563,3.1738765545128556
8.216000,2.4512092774853134,3.4131380178530555
8.218000,2.3730830853742275,3.3887235828183413
8.220000,2.631876096742199,3.374074921797513
8.222000,2.4267948424505987,3.40337224383917
8.224000,2.705119401846342,3.227588311589227
8.226000,2.68558785381857,3.203173876554513
8.228000,2.251010910200656,3.5498588540474554
8.230000,2.5439841306172273,3.2568856336308842
8.232000,2.231479362172885,3.0127412832837415
8.234000,2.226596475165942,3.159227893492027
8.236000,2.290074006256199,3.579156176089113
8.238000,2.5146868085755703,2.998092622262913
8.240000,2.363317311360342,3.26665140764477
8.242000,2.3144884412909135,3.525444419012741
8.244000,2.6025787747005418,3.16411078049897
8.246000,2.4756237125200276,3.261768520637827
8.248000,2.1875333791103992,3.16411078049897
8.250000,2.2949568932631417,3.57427328908217
8.252000,2.495155260547799,3.4082551308461126
8.254000,2.631876096742199,3.0908674753948273
8.256000,2.626993209735256,3.33501182574197
8.258000,2.6416418707560845,3.261768520637827
8.260000,2.290074006256199,3.3496604867627986
8.262000,2.2656595712214846,3.4570840009155415
8.264000,2.495155260547799,3.339894712748913
8.266000,2.30960555428397,3.1934081025406273
8.268000,2.255893797207599,3.154345006485084
8.270000,2.7441824979018845,3.066453040360113
8.272000,2.7148851758602275,3.3838406958113985
8.274000,2.5781643396658276,3.43755245288777
8.276000,2.519569695582513,3.1934081025406273
8.278000,2.495155260547799,3.19829098954757
8.280000,2.5000381475547417,3.154345006485084
8.282000,2.783245593957427,3.051804379339284
8.284000,2.75394827191577,3.19829098954757
8.286000,2.558632791638056,3.0859845883878845
8.288000,2.5439841306172273,3.0811017013809416
8.290000,2.456092164492256,3.2471198596169986
8.292000,2.2168307011520563,3.261768520637827
8.294000,2.3193713282978563,3.100633249408713
8.296000,2.558632791638056,3.3301289387350272
8.298000,2.6709391927977415,3.447318226901656
8.300000,2.6123445487144275,3.1738765545128556
8.302000,2.793011367971313,3.2568856336308842
8.304000,2.793011367971313,3.40337224383917
8.306000,2.285191119249256,3.422903791866941
8.308000,2.280308232242313,3.5645075150682843
8.310000,2.5342183566033416,3.5938048371099414
8.312000,2.3389028763256277,3.0859845883878845
8.314000,2.456092164492256,3.0908674753948273
8.316000,2.783245593957427,3.5645075150682843
8.318000,2.260776684214542,3.40337224383917
8.320000,2.5879301136797133,3.4082551308461126
8.322000,2.4414435034714277,3.603570611123827
8.324000,2.6709391927977415,3.33501182574197
8.326000,2.695353627832456,3.5400930800335697
8.328000,2.68558785381857,3.5156786449988555
8.330000,2.4267948424505987,3.09575036240177
8.332000,2.4072632944228274,3.056687266346227
8.334000,2.7490653849088273,3.43755245288777
8.336000,2.558632791638056,3.60845349813077
8.338000,2.5293354695963988,3.3203631647211416
8.340000,2.4853894865339132,3.208056763561456
8.342000,2.334019989318685,3.5645075150682843
8.344000,2.695353627832456,3.1445792324711985
8.346000,2.7441824979018845,3.159227893492027
8.348000,2.5000381475547417,3.1201647974364843
8.350000,2.4805065995269704,3.159227893492027
8.352000,2.5342183566033416,3.339894712748913
8.354000,2.680704966811627,3.579156176089113
8.356000,2.421911955443656,3.1885252155336845
8.358000,2.285191119249256,3.4570840009155415
8.360000,2.793011367971313,3.1152819104295415
8.362000,2.30960555428397,3.1201647974364843
8.364000,2.421911955443656,3.5840390630960557
8.366000,2.8027771419851986,3.1934081025406273
8.368000,2.8027771419851986,3.5449759670405125
8.370000,2.4072632944228274,3.60845349813077
8.372000,2.4805065995269704,3.02738994430457
8.374000,2.329137102311742,3.1445792324711985
8.376000,2.4023804074158845,3.364309147783627
8.378000,2.460975051499199,3.3545433737697414
8.380000,2.363317311360342,3.6279850461585412
8.382000,2.251010910200656,3.598687724116884
8.384000,2.4023804074158845,3.554741741054398
8.386000,2.4805065995269704,3.056687266346227
8.388000,2.597695887693599,3.208056763561456
8.390000,2.4805065995269704,3.056687266346227
8.392000,2.4365606164644844,3.598687724116884
8.394000,2.226596475165942,3.33501182574197
8.396000,2.793011367971313,3.3203631647211416
8.398000,2.6367589837491416,3.6231021591515984
8.400000,2.7783627069504844,3.2422369726100557
8.402000,2.6074616617074846,3.5645075150682843
8.404000,2.758831158922713,3.501029983978027
8.406000,2.4512092774853134,3.295948729686427
8.408000,2.3486686503395133,3.066453040360113
8.410000,2.6172274357213703,3.19829098954757
8.412000,2.7734798199435415,3.432669565880827
8.414000,2.5049210345616846,3.2861829556725413
8.416000,2.465857938506142,3.4131380178530555
8.418000,2.7148851758602275,3.134813458457313
8.420000,2.456092164492256,3.3545433737697414
8.422000,2.3486686503395133,3.442435339894713
8.424000,2.6172274357213703,3.3203631647211416
8.426000,2.490272373540856,3.554741741054398
8.428000,2.3974975204089417,3.3838406958113985
8.430000,2.626993209735256,3.154345006485084
8.432000,2.568398565651942,3.1787594415197984
8.434000,2.4072632944228274,3.100633249408713
8.436000,2.558632791638056,3.466849774929427
8.438000,2.729533836881056,3.496147096971084
8.440000,2.4414435034714277,3.2227054245822844
8.442000,2.827191577019913,3.422903791866941
8.444000,2.280308232242313,3.442435339894713
8.446000,2.460975051499199,3.501029983978027
8.448000,2.626993209735256,3.33501182574197
8.450000,2.260776684214542,3.1152819104295415
8.452000,2.4072632944228274,3.154345006485084
8.454000,2.2705424582284275,3.06157015335317
8.456000,2.783245593957427,3.496147096971084
8.458000,2.6025787747005418,3.632867933165484
8.460000,2.4463263904783705,3.2715342946517127
8.462000,2.6416418707560845,3.5156786449988555
8.464000,2.5000381475547417,3.125047684443427
8.466000,2.68558785381857,3.3301289387350272
8.468000,2.260776684214542,3.1396963454642557
8.470000,2.6709391927977415,3.535210193026627
8.472000,2.260776684214542,3.4912642099641413
8.474000,2.4805065995269704,3.579156176089113
8.476000,2.3730830853742275,3.535210193026627
8.478000,2.6367589837491416,3.442435339894713
8.480000,2.4365606164644844,3.6182192721446556
8.482000,2.8027771419851986,3.5449759670405125
8.484000,2.8027771419851986,3.501029983978027
8.486000,2.705119401846342,3.06157015335317
8.488000,2.622110322728313,3.40337224383917
8.490000,2.456092164492256,3.422903791866941
8.492000,2.3047226672770273,3.2471198596169986
8.494000,2.6465247577630273,3.1787594415197984
8.496000,2.553749904631113,3.295948729686427
8.498000,2.3144884412909135,3.603570611123827
8.500000,2.78812848096437,3.4912642099641413
8.502000,2.5000381475547417,3.525444419012741
8.504000,2.8125429159990842,3.393606469825284
8.506000,2.568398565651942,3.2422369726100557
8.508000,2.6904707408255133,3.154345006485084
8.510000,2.4512092774853134,3.227588311589227
8.512000,2.2949568932631417,3.2178225375753415
8.514000,2.793011367971313,3.16411078049897
8.516000,2.7392996108949417,3.662165255207141
8.518000,2.417029068436713,3.1152819104295415
8.520000,2.661173418783856,3.398489356832227
8.522000,2.3437857633325705,3.4131380178530555
8.524000,2.4853894865339132,3.134813458457313
8.526000,2.700236514839399,3.3105973907072554
8.528000,2.3389028763256277,3.1934081025406273
8.530000,2.353551537346456,3.2813000686655984
8.532000,2.6074616617074846,3.2764171816586556
8.534000,2.519569695582513,3.3008316166933698
8.536000,2.3486686503395133,3.50591287098497
8.538000,2.68558785381857,3.19829098954757
8.540000,2.8076600289921414,3.125047684443427
8.542000,2.597695887693599,3.295948729686427
8.544000,2.8418402380407417,3.36919203479057
8.546000,2.3047226672770273,3.154345006485084
8.548000,2.456092164492256,3.662165255207141
8.550000,2.656290531776913,3.2129396505683987
8.552000,2.4805065995269704,3.1103990234225987
8.554000,2.3486686503395133,3.50591287098497
8.556000,2.827191577019913,3.535210193026627
8.558000,2.353551537346456,3.60845349813077
8.560000,2.329137102311742,3.3838406958113985
8.562000,2.456092164492256,3.535210193026627
8.564000,2.524452582589456,3.208056763561456
8.566000,2.5293354695963988,3.6133363851377127
8.568000,2.3682001983672847,3.09575036240177
8.570000,2.8076600289921414,3.662165255207141
8.572000,2.8418402380407417,3.2178225375753415
8.574000,2.6758220798046843,3.1934081025406273
8.576000,2.563515678644999,3.36919203479057
8.578000,2.3779659723811704,3.4912642099641413
8.580000,2.729533836881056,3.1103990234225987
8.582000,2.3682001983672847,3.667048142214084
8.584000,2.5000381475547417,3.2227054245822844
8.586000,2.3437857633325705,3.60845349813077
8.588000,2.5342183566033416,3.422903791866941
8.590000,2.4463263904783705,3.4912642099641413
8.592000,2.622110322728313,3.100633249408713
8.594000,2.680704966811627,3.1738765545128556
8.596000,2.705119401846342,3.57427328908217
8.598000,2.417029068436713,3.12993057145037
8.600000,2.8125429159990842,3.6816968032349124
8.602000,2.7100022888532846,3.6572823682001983
8.604000,2.866254673075456,3.393606469825284
8.606000,2.382848859388113,3.4082551308461126
8.608000,2.5781643396658276,3.5840390630960557
8.610000,2.6709391927977415,3.5938048371099414
8.612000,2.495155260547799,3.569390402075227
8.614000,2.392614633401999,3.3105973907072554
8.616000,2.7783627069504844,3.09575036240177
8.618000,2.6074616617074846,3.667048142214084
8.620000,2.5439841306172273,3.12993057145037
8.622000,2.724650949874113,3.291065842679484
8.624000,2.3682001983672847,3.237354085603113
8.626000,2.866254673075456,3.4082551308461126
8.628000,2.6367589837491416,3.6279850461585412
8.630000,2.7783627069504844,3.2422369726100557
8.632000,2.6709391927977415,3.662165255207141
8.634000,2.558632791638056,3.427786678873884
8.636000,2.89066910811017,3.1738765545128556
8.638000,2.705119401846342,3.5205615320057984
8.640000,2.465857938506142,3.6523994811932554
8.642000,2.622110322728313,3.4863813229571985
8.644000,2.421911955443656,3.1836423285267412
8.646000,2.4707408255130847,3.6816968032349124
8.648000,2.4316777294575416,3.159227893492027
8.650000,2.597695887693599,3.632867933165484
8.652000,2.5293354695963988,3.16411078049897
8.654000,2.421911955443656,3.662165255207141
8.656000,2.758831158922713,3.374074921797513
8.658000,2.65140764476997,3.6768139162279696
8.660000,2.3730830853742275,3.3887235828183413
8.662000,2.4853894865339132,3.2568856336308842
8.664000,2.363317311360342,3.7012283512626842
8.666000,2.3193713282978563,3.2471198596169986
8.668000,2.861371786068513,3.442435339894713
8.670000,2.3193713282978563,3.4522011139085986
8.672000,2.6367589837491416,3.6768139162279696
8.674000,2.661173418783856,3.208056763561456
8.676000,2.519569695582513,3.2568856336308842
8.678000,2.421911955443656,3.6523994811932554
8.680000,2.6025787747005418,3.1152819104295415
8.682000,2.7734798199435415,3.4863813229571985
8.684000,2.7197680628671703,3.603570611123827
8.686000,2.656290531776913,3.1738765545128556
8.688000,2.836957351033799,3.5449759670405125
8.690000,2.6660563057907987,3.432669565880827
8.692000,2.4853894865339132,3.6572823682001983
8.694000,2.3193713282978563,3.393606469825284
8.696000,2.5732814526588847,3.125047684443427
8.698000,2.3389028763256277,3.398489356832227
8.700000,2.680704966811627,3.466849774929427
8.702000,2.392614633401999,3.427786678873884
8.704000,2.54886701762417,3.632867933165484
8.706000,2.4267948424505987,3.427786678873884
8.708000,2.7490653849088273,3.466849774929427
8.710000,2.7685969329365987,3.60845349813077
8.712000,2.8857862211032272,3.7207598992904556
8.714000,2.793011367971313,3.2178225375753415
8.716000,2.6904707408255133,3.4814984359502557
8.718000,2.85648889906157,3.71099412527657
8.720000,2.4805065995269704,3.6572823682001983
8.722000,2.7392996108949417,3.3496604867627986
8.724000,2.919966430151827,3.5840390630960557
8.726000,2.54886701762417,3.603570611123827
8.728000,2.4072632944228274,3.535210193026627
8.730000,2.7734798199435415,3.579156176089113
8.732000,2.783245593957427,3.2715342946517127
8.734000,2.4023804074158845,3.393606469825284
8.736000,2.5146868085755703,3.3594262607766843
8.738000,2.5293354695963988,3.6279850461585412
8.740000,2.41214618142977,3.662165255207141
8.742000,2.334019989318685,3.6523994811932554
8.744000,2.524452582589456,3.2178225375753415
8.746000,2.695353627832456,3.442435339894713
8.748000,2.5439841306172273,3.2178225375753415
8.750000,2.5293354695963988,3.291065842679484
8.752000,2.4072632944228274,3.4912642099641413
8.754000,2.495155260547799,3.5205615320057984
8.756000,2.3389028763256277,3.706111238269627
8.758000,2.334019989318685,3.5498588540474554
8.760000,2.4365606164644844,3.40337224383917
8.762000,2.3682001983672847,3.5107957579919127
8.764000,2.363317311360342,3.6475165941863126
8.766000,2.5049210345616846,3.6279850461585412
8.768000,2.465857938506142,3.1738765545128556
8.770000,2.793011367971313,3.3057145037003126
8.772000,2.553749904631113,3.2471198596169986
8.774000,2.417029068436713,3.603570611123827
8.776000,2.8027771419851986,3.3057145037003126
8.778000,2.919966430151827,3.5889219501029985
8.780000,2.3437857633325705,3.393606469825284
8.782000,2.4853894865339132,3.23247119859617
8.784000,2.3974975204089417,3.291065842679484
8.786000,2.5342183566033416,3.4570840009155415
8.788000,2.363317311360342,3.5156786449988555
8.790000,2.734416723887999,3.208056763561456
8.792000,2.8516060120546274,3.466849774929427
8.794000,2.65140764476997,3.5400930800335697
8.796000,2.3437857633325705,3.1689936675059127
8.798000,2.353551537346456,3.50591287098497
8.800000,2.6025787747005418,3.2520027466239414
8.802000,2.827191577019913,3.1885252155336845
8.804000,2.363317311360342,3.6133363851377127
8.806000,2.626993209735256,3.60845349813077
8.808000,2.836957351033799,3.154345006485084
8.810000,2.5049210345616846,3.706111238269627
8.812000,2.68558785381857,3.5498588540474554
8.814000,2.4267948424505987,3.3887235828183413
8.816000,2.4512092774853134,3.1738765545128556
8.818000,2.6758220798046843,3.2813000686655984
8.820000,2.75394827191577,3.2861829556725413
8.822000,2.495155260547799,3.4863813229571985
8.824000,2.9150835431448843,3.7305256733043413
8.826000,2.553749904631113,3.427786678873884
8.828000,2.3974975204089417,3.559624628061341
8.830000,2.9004348821240558,3.339894712748913
8.832000,2.75394827191577,3.6475165941863126
8.834000,2.631876096742199,3.4131380178530555
8.836000,2.7734798199435415,3.3057145037003126
8.838000,2.661173418783856,3.525444419012741
8.840000,2.6074616617074846,3.6133363851377127
8.842000,2.6758220798046843,3.261768520637827
8.844000,2.9150835431448843,3.4180209048599983
8.846000,2.7441824979018845,3.3203631647211416
8.848000,2.832074464026856,3.7207598992904556
8.850000,2.5098039215686274,3.7549401083390554
8.852000,2.6172274357213703,3.442435339894713
8.854000,2.85648889906157,3.19829098954757
8.856000,2.705119401846342,3.47173266193637
8.858000,2.6074616617074846,3.5449759670405125
8.860000,2.7392996108949417,3.7305256733043413
8.862000,2.7783627069504844,3.7549401083390554
8.864000,2.4023804074158845,3.6719310292210268
8.866000,2.6123445487144275,3.535210193026627
8.868000,2.861371786068513,3.447318226901656
8.870000,2.9053177691309986,3.535210193026627
8.872000,2.919966430151827,3.5840390630960557
8.874000,2.65140764476997,3.5498588540474554
8.876000,2.919966430151827,3.476615548943313
8.878000,2.734416723887999,3.5156786449988555
8.880000,2.836957351033799,3.579156176089113
8.882000,2.6367589837491416,3.23247119859617
8.884000,2.7978942549782557,3.40337224383917
8.886000,2.763714045929656,3.2861829556725413
8.888000,2.568398565651942,3.632867933165484
8.890000,2.524452582589456,3.6865796902418553
8.892000,2.929732204165713,3.3545433737697414
8.894000,2.5342183566033416,3.291065842679484
8.896000,2.460975051499199,3.71099412527657
8.898000,2.9492637521934846,3.735408560311284
8.900000,2.8516060120546274,3.525444419012741
8.902000,2.6465247577630273,3.530327306019684
8.904000,2.4365606164644844,3.6523994811932554
8.906000,2.6465247577630273,3.47173266193637
8.908000,2.5293354695963988,3.1787594415197984
8.910000,2.9736781872281988,3.569390402075227
8.912000,2.6074616617074846,3.6768139162279696
8.914000,2.8418402380407417,3.71099412527657
8.916000,2.89066910811017,3.3301289387350272
8.918000,2.4463263904783705,3.208056763561456
8.920000,2.4756237125200276,3.227588311589227
8.922000,2.417029068436713,3.6816968032349124
8.924000,2.4707408255130847,3.4619668879224843
8.926000,2.78812848096437,3.208056763561456
8.928000,2.9004348821240558,3.427786678873884
8.930000,2.4316777294575416,3.603570611123827
8.932000,2.895551995117113,3.19829098954757
8.934000,2.460975051499199,3.7305256733043413
8.936000,2.456092164492256,3.6572823682001983
8.938000,2.6709391927977415,3.7500572213321126
8.940000,2.724650949874113,3.3594262607766843
8.942000,2.939497978179599,3.4082551308461126
8.944000,2.5342183566033416,3.603570611123827
8.946000,2.7100022888532846,3.5840390630960557
8.948000,2.4316777294575416,3.5645075150682843
8.950000,2.827191577019913,3.33501182574197
8.952000,2.65140764476997,3.535210193026627
8.954000,2.78812848096437,3.3496604867627986
8.956000,2.6074616617074846,3.47173266193637
8.958000,2.4707408255130847,3.291065842679484
8.960000,2.729533836881056,3.535210193026627
8.962000,2.6416418707560845,3.3545433737697414
8.964000,2.5146868085755703,3.4912642099641413
8.966000,2.421911955443656,3.466849774929427
8.968000,2.7197680628671703,3.3203631647211416
8.970000,2.5293354695963988,3.33501182574197
8.972000,2.622110322728313,3.203173876554513
8.974000,2.8027771419851986,3.2715342946517127
8.976000,2.6416418707560845,3.4082551308461126
8.978000,2.8174258030060275,3.6865796902418553
8.980000,2.700236514839399,3.422903791866941
8.982000,2.524452582589456,3.764705882352941
8.984000,2.968795300221256,3.3105973907072554
8.986000,2.7392996108949417,3.7500572213321126
8.988000,2.734416723887999,3.554741741054398
8.990000,2.998092622262913,3.632867933165484
8.992000,2.4023804074158845,3.432669565880827
8.994000,2.5439841306172273,3.2227054245822844
8.996000,2.9541466392004274,3.798886091401541
8.998000,2.695353627832456,3.603570611123827
9.000000,2.622110322728313,3.427786678873884
9.002000,2.41214618142977,3.5840390630960557
9.004000,2.4805065995269704,3.2764171816586556
9.006000,2.832074464026856,3.71099412527657
9.008000,2.6123445487144275,3.6279850461585412
9.010000,2.92484931715877,3.6475165941863126
9.012000,2.524452582589456,3.5840390630960557
9.014000,2.65140764476997,3.706111238269627
9.016000,2.929732204165713,3.57427328908217
9.018000,2.963912413214313,3.554741741054398
9.020000,2.78812848096437,3.4570840009155415
9.022000,2.8760204470893416,3.4570840009155415
9.024000,2.6074616617074846,3.5840390630960557
9.026000,2.7148851758602275,3.4619668879224843
9.028000,2.41214618142977,3.6865796902418553
9.030000,2.9346150911726556,3.501029983978027
9.032000,2.99320973525597,3.427786678873884
9.034000,2.9102006561379414,3.4814984359502557
9.036000,2.5049210345616846,3.706111238269627
9.038000,2.7734798199435415,3.2178225375753415
9.040000,2.9541466392004274,3.4522011139085986
9.042000,2.6074616617074846,3.740291447318227
9.044000,2.465857938506142,3.6963454642557414
9.046000,2.6123445487144275,3.295948729686427
9.048000,2.89066910811017,3.40337224383917
9.050000,2.7490653849088273,3.2568856336308842
9.052000,2.6416418707560845,3.7012283512626842
9.054000,2.5098039215686274,3.501029983978027
9.056000,2.495155260547799,3.71099412527657
9.058000,2.9102006561379414,3.735408560311284
9.060000,2.626993209735256,3.4814984359502557
9.062000,2.9053177691309986,3.4570840009155415
9.064000,2.5098039215686274,3.2422369726100557
9.066000,2.6123445487144275,3.2227054245822844
9.068000,2.85648889906157,3.5938048371099414
9.070000,2.490272373540856,3.57427328908217
9.072000,2.6367589837491416,3.7451743343251698
9.074000,3.0127412832837415,3.637750820172427
9.076000,2.4365606164644844,3.569390402075227
9.078000,2.5049210345616846,3.5840390630960557
9.080000,2.8516060120546274,3.5645075150682843
9.082000,2.968795300221256,3.3594262607766843
9.084000,2.7197680628671703,3.764705882352941
9.086000,3.002975509269856,3.6133363851377127
9.088000,2.6416418707560845,3.4180209048599983
9.090000,2.680704966811627,3.740291447318227
9.092000,2.8809033340962844,3.6963454642557414
9.094000,2.4414435034714277,3.4814984359502557
9.096000,2.4853894865339132,3.26665140764477
9.098000,2.89066910811017,3.632867933165484
9.100000,3.0176241702906843,3.4131380178530555
9.102000,2.5146868085755703,3.3008316166933698
9.104000,2.6660563057907987,3.447318226901656
9.106000,2.695353627832456,3.637750820172427
9.108000,2.89066910811017,3.794003204394598
9.110000,2.5293354695963988,3.5400930800335697
9.112000,2.4512092774853134,3.4814984359502557
9.114000,2.5049210345616846,3.794003204394598
9.116000,2.78812848096437,3.3057145037003126
9.118000,2.5391012436102844,3.3789578088044556
9.120000,2.6758220798046843,3.374074921797513
9.122000,2.5732814526588847,3.7793545433737696
9.124000,2.998092622262913,3.7891203173876553
9.126000,2.68558785381857,3.3057145037003126
9.128000,2.695353627832456,3.7598229953459983
9.130000,2.5146868085755703,3.7451743343251698
9.132000,3.032272831311513,3.7891203173876553
9.134000,2.9004348821240558,3.632867933165484
9.136000,2.490272373540856,3.7500572213321126
9.138000,2.998092622262913,3.4619668879224843
9.140000,3.02738994430457,3.3301289387350272
9.142000,2.9736781872281988,3.6523994811932554
9.144000,2.7734798199435415,3.6475165941863126
9.146000,3.022507057297627,3.3105973907072554
9.148000,2.558632791638056,3.339894712748913
9.150000,3.0127412832837415,3.2764171816586556
9.152000,2.4707408255130847,3.5107957579919127
9.154000,2.9346150911726556,3.5840390630960557
9.156000,2.75394827191577,3.40337224383917
9.158000,2.4805065995269704,3.569390402075227
9.160000,2.5342183566033416,3.6475165941863126
9.162000,2.4512092774853134,3.818417639429313
9.164000,2.8760204470893416,3.740291447318227
9.166000,2.568398565651942,3.7207598992904556
9.168000,2.998092622262913,3.33501182574197
9.170000,2.661173418783856,3.442435339894713
9.172000,2.592813000686656,3.6914625772487986
9.174000,3.0078583962767986,3.525444419012741
9.176000,2.75394827191577,3.8233005264362556
9.178000,2.9834439612420844,3.667048142214084
9.180000,2.8760204470893416,3.261768520637827
9.182000,2.7978942549782557,3.530327306019684
9.184000,2.7392996108949417,3.637750820172427
9.186000,2.695353627832456,3.4912642099641413
9.188000,2.460975051499199,3.5449759670405125
9.190000,2.5439841306172273,3.447318226901656
9.192000,2.861371786068513,3.530327306019684
9.194000,2.85648889906157,3.5205615320057984
9.196000,2.4805065995269704,3.632867933165484
9.198000,2.9541466392004274,3.632867933165484
9.200000,2.929732204165713,3.7305256733043413
9.202000,2.6172274357213703,3.3301289387350272
9.204000,2.4707408255130847,3.569390402075227
9.206000,2.519569695582513,3.6865796902418553
9.208000,2.763714045929656,3.637750820172427
9.210000,3.0420386053253985,3.6572823682001983
9.212000,2.7441824979018845,3.8233005264362556
9.214000,2.7685969329365987,3.466849774929427
9.216000,2.6416418707560845,3.422903791866941
9.218000,2.9834439612420844,3.2715342946517127
9.220000,2.9785610742351416,3.5938048371099414
9.222000,2.5000381475547417,3.6182192721446556
9.224000,2.963912413214313,3.2715342946517127
9.226000,2.490272373540856,3.7549401083390554
9.228000,2.9150835431448843,3.4131380178530555
9.230000,2.568398565651942,3.764705882352941
9.232000,3.066453040360113,3.3545433737697414
9.234000,2.9834439612420844,3.5107957579919127
9.236000,2.8857862211032272,3.632867933165484
9.238000,2.6660563057907987,3.7842374303807125
9.240000,2.8125429159990842,3.803768978408484
9.242000,3.0420386053253985,3.2764171816586556
9.244000,2.9053177691309986,3.559624628061341
9.246000,2.695353627832456,3.33501182574197
9.248000,2.783245593957427,3.6133363851377127
9.250000,2.92484931715877,3.3057145037003126
9.252000,2.705119401846342,3.6865796902418553
9.254000,2.6709391927977415,3.2861829556725413
9.256000,2.9883268482490273,3.8086518654154267
9.258000,2.89066910811017,3.6279850461585412
9.260000,2.783245593957427,3.7891203173876553
9.262000,3.02738994430457,3.6231021591515984
9.264000,2.631876096742199,3.476615548943313
9.266000,2.490272373540856,3.764705882352941
9.268000,2.8223086900129704,3.50591287098497
9.270000,2.919966430151827,3.774471656366827
9.272000,2.568398565651942,3.6768139162279696
9.274000,2.6367589837491416,3.7500572213321126
9.276000,2.8418402380407417,3.5645075150682843
9.278000,3.032272831311513,3.6963454642557414
9.280000,2.8027771419851986,3.6182192721446556
9.282000,2.631876096742199,3.398489356832227
9.284000,2.9883268482490273,3.5498588540474554
9.286000,2.85648889906157,3.7793545433737696
9.288000,2.7148851758602275,3.5449759670405125
9.290000,2.998092622262913,3.47173266193637
9.292000,3.051804379339284,3.8525978484779126
9.294000,3.0469214923323413,3.6279850461585412
9.296000,2.895551995117113,3.447318226901656
9.298000,2.6416418707560845,3.3105973907072554
9.300000,2.9883268482490273,3.5840390630960557
9.302000,2.827191577019913,3.339894712748913
9.304000,2.5342183566033416,3.7012283512626842
9.306000,3.056687266346227,3.3154802777141987
9.308000,2.5781643396658276,3.3057145037003126
9.310000,2.5391012436102844,3.6475165941863126
9.312000,2.597695887693599,3.3203631647211416
9.314000,2.622110322728313,3.364309147783627
9.316000,2.7148851758602275,3.6523994811932554
9.318000,2.963912413214313,3.735408560311284
9.320000,2.763714045929656,3.7451743343251698
9.322000,2.7441824979018845,3.637750820172427
9.324000,2.8174258030060275,3.442435339894713
9.326000,2.6172274357213703,3.33501182574197
9.328000,2.963912413214313,3.6816968032349124
9.330000,2.9492637521934846,3.769588769359884
9.332000,2.8467231250476845,3.837949187457084
9.334000,2.6465247577630273,3.6865796902418553
9.336000,2.8516060120546274,3.579156176089113
9.338000,2.929732204165713,3.837949187457084
9.340000,2.6904707408255133,3.6133363851377127
9.342000,3.06157015335317,3.7891203173876553
9.344000,2.895551995117113,3.662165255207141
9.346000,2.5879301136797133,3.6475165941863126
9.348000,2.519569695582513,3.4522011139085986
9.350000,2.9883268482490273,3.3154802777141987
9.352000,2.8125429159990842,3.7598229953459983
9.354000,3.066453040360113,3.896543831540398
9.356000,2.919966430151827,3.7793545433737696
9.358000,3.0371557183184557,3.8086518654154267
9.360000,2.7978942549782557,3.8525978484779126
9.362000,2.7148851758602275,3.798886091401541
9.364000,3.002975509269856,3.803768978408484
9.366000,2.7148851758602275,3.33501182574197
9.368000,2.7197680628671703,3.4912642099641413
9.370000,3.0859845883878845,3.5889219501029985
9.372000,3.09575036240177,3.6914625772487986
9.374000,2.9443808651865417,3.84771496147097
9.376000,2.8760204470893416,3.6719310292210268
9.378000,2.6367589837491416,3.501029983978027
9.380000,2.9785610742351416,3.769588769359884
9.382000,3.022507057297627,3.598687724116884
9.384000,2.7685969329365987,3.393606469825284
9.386000,2.8711375600823987,3.432669565880827
9.388000,2.9541466392004274,3.8525978484779126
9.390000,2.700236514839399,3.422903791866941
9.392000,2.597695887693599,3.525444419012741
9.394000,2.832074464026856,3.8623636224917983
9.396000,2.8076600289921414,3.7842374303807125
9.398000,2.8711375600823987,3.5156786449988555
9.400000,2.7685969329365987,3.4814984359502557
9.402000,2.9346150911726556,3.867246509498741
9.404000,3.0469214923323413,3.5107957579919127
9.406000,3.0176241702906843,3.8623636224917983
9.408000,2.563515678644999,3.422903791866941
9.410000,2.65140764476997,3.40337224383917
9.412000,2.8174258030060275,3.794003204394598
9.414000,2.65140764476997,3.579156176089113
9.416000,2.793011367971313,3.530327306019684
9.418000,2.68558785381857,3.84771496147097
9.420000,3.0420386053253985,3.4180209048599983
9.422000,3.0859845883878845,3.8916609445334553
9.424000,2.8027771419851986,3.9160753795681695
9.426000,2.783245593957427,3.842832074464027
9.428000,2.75394827191577,3.6523994811932554
9.430000,3.0469214923323413,3.3887235828183413
9.432000,2.680704966811627,3.4570840009155415
9.434000,2.895551995117113,3.5938048371099414
9.436000,2.9590295262073703,3.8086518654154267
9.438000,3.0176241702906843,3.598687724116884
9.440000,2.8223086900129704,3.4814984359502557
9.442000,2.92484931715877,3.8525978484779126
9.444000,3.0908674753948273,3.476615548943313
9.446000,2.7441824979018845,3.7793545433737696
9.448000,2.68558785381857,3.71099412527657
9.450000,2.8076600289921414,3.774471656366827
9.452000,2.6660563057907987,3.5938048371099414
9.454000,2.763714045929656,3.6279850461585412
9.456000,2.9004348821240558,3.71099412527657
9.458000,3.056687266346227,3.6475165941863126
9.460000,2.6758220798046843,3.447318226901656
9.462000,2.6709391927977415,3.632867933165484
9.464000,2.9785610742351416,3.8086518654154267
9.466000,2.5732814526588847,3.496147096971084
9.468000,2.568398565651942,3.706111238269627
9.470000,2.763714045929656,3.735408560311284
9.472000,2.9590295262073703,3.667048142214084
9.474000,2.929732204165713,3.559624628061341
9.476000,3.0127412832837415,3.5498588540474554
9.478000,3.0859845883878845,3.8281834134431985
9.480000,3.0908674753948273,3.3496604867627986
9.482000,2.7490653849088273,3.6523994811932554
9.484000,3.0469214923323413,3.8818951705195697
9.486000,2.8174258030060275,3.774471656366827
9.488000,2.626993209735256,3.867246509498741
9.490000,2.724650949874113,3.798886091401541
9.492000,2.9492637521934846,3.3838406958113985
9.494000,3.056687266346227,3.43755245288777
9.496000,2.622110322728313,3.57427328908217
9.498000,2.563515678644999,3.7305256733043413
9.500000,2.7685969329365987,3.667048142214084
9.502000,2.7734798199435415,3.466849774929427
9.504000,3.125047684443427,3.667048142214084
9.506000,3.1396963454642557,3.6572823682001983
9.508000,2.9346150911726556,3.706111238269627
9.510000,2.929732204165713,3.6865796902418553
9.512000,3.09575036240177,3.5400930800335697
9.514000,2.998092622262913,3.95025558861677
9.516000,2.939497978179599,3.940489814602884
9.518000,2.597695887693599,3.3887235828183413
9.520000,3.1494621194781414,3.4180209048599983
9.522000,3.056687266346227,3.6426337071793697
9.524000,2.705119401846342,3.837949187457084
9.526000,2.6172274357213703,3.525444419012741
9.528000,2.631876096742199,3.4863813229571985
9.530000,2.656290531776913,3.867246509498741
9.532000,2.592813000686656,3.740291447318227
9.534000,3.056687266346227,3.5205615320057984
9.536000,3.1201647974364843,3.6523994811932554
9.538000,2.622110322728313,3.496147096971084
9.540000,3.154345006485084,3.8086518654154267
9.542000,2.8467231250476845,3.6182192721446556
9.544000,2.6367589837491416,3.427786678873884
9.546000,2.6465247577630273,3.935606927595941
9.548000,2.85648889906157,3.603570611123827
9.550000,2.7734798199435415,3.6475165941863126
9.552000,2.8857862211032272,3.6572823682001983
9.554000,2.7148851758602275,3.735408560311284
9.556000,2.8076600289921414,3.559624628061341
9.558000,2.85648889906157,3.7158770122835127
9.560000,3.056687266346227,3.525444419012741
9.562000,3.0469214923323413,3.496147096971084
9.564000,2.8223086900129704,3.5498588540474554
9.566000,3.1152819104295415,3.7256427862973984
9.568000,2.9785610742351416,3.6475165941863126
9.570000,2.6367589837491416,3.6523994811932554
9.572000,2.700236514839399,3.8916609445334553
9.574000,2.8760204470893416,3.6231021591515984
9.576000,3.0811017013809416,3.842832074464027
9.578000,2.9834439612420844,3.525444419012741
9.580000,2.6416418707560845,3.466849774929427
9.582000,2.8857862211032272,3.6523994811932554
9.584000,2.9053177691309986,3.945372701609827
9.586000,3.16411078049897,3.4619668879224843
9.588000,2.861371786068513,3.867246509498741
9.590000,2.9834439612420844,3.569390402075227
9.592000,2.99320973525597,3.5449759670405125
9.594000,3.105516136415656,3.432669565880827
9.596000,2.9785610742351416,3.47173266193637
9.598000,3.154345006485084,3.6426337071793697
9.600000,2.99320973525597,3.5498588540474554
9.602000,3.0371557183184557,3.50591287098497
9.604000,2.968795300221256,3.554741741054398
9.606000,3.1787594415197984,3.40337224383917
9.608000,3.056687266346227,3.667048142214084
9.610000,2.6758220798046843,3.8233005264362556
9.612000,2.700236514839399,3.6963454642557414
9.614000,2.5830472266727704,3.4131380178530555
9.616000,2.705119401846342,3.5205615320057984
9.618000,2.6416418707560845,3.4131380178530555
9.620000,3.032272831311513,3.842832074464027
9.622000,2.8809033340962844,3.5498588540474554
9.624000,2.9883268482490273,3.877012283512627
9.626000,2.6123445487144275,3.896543831540398
9.628000,3.12993057145037,3.4619668879224843
9.630000,2.866254673075456,3.740291447318227
9.632000,3.0811017013809416,3.7305256733043413
9.634000,2.8711375600823987,3.6719310292210268
9.636000,2.8809033340962844,3.769588769359884
9.638000,2.783245593957427,3.5938048371099414
9.640000,2.626993209735256,3.466849774929427
9.642000,2.6025787747005418,3.579156176089113
9.644000,2.758831158922713,3.43755245288777
9.646000,2.8076600289921414,3.8623636224917983
9.648000,2.6416418707560845,3.877012283512627
9.650000,2.8027771419851986,3.6133363851377127
9.652000,2.8174258030060275,3.940489814602884
9.654000,3.1396963454642557,3.84771496147097
9.656000,2.622110322728313,3.5107957579919127
9.658000,2.9346150911726556,3.940489814602884
9.660000,2.680704966811627,3.637750820172427
9.662000,2.626993209735256,3.6182192721446556
9.664000,2.8223086900129704,3.8233005264362556
9.666000,2.7783627069504844,3.57427328908217
9.668000,3.105516136415656,3.872129396505684
9.670000,2.626993209735256,3.940489814602884
9.672000,2.695353627832456,3.667048142214084
9.674000,2.8223086900129704,3.940489814602884
9.676000,3.100633249408713,3.7842374303807125
9.678000,2.793011367971313,3.8525978484779126
9.680000,2.700236514839399,3.9942015716792554
9.682000,2.680704966811627,3.4912642099641413
9.684000,2.8516060120546274,3.5840390630960557
9.686000,2.6416418707560845,3.769588769359884
9.688000,2.92484931715877,3.7158770122835127
9.690000,2.836957351033799,3.8233005264362556
9.692000,2.78812848096437,3.6914625772487986
9.694000,2.92484931715877,3.7842374303807125
9.696000,2.626993209735256,3.935606927595941
9.698000,3.1934081025406273,3.8574807354848555
9.700000,3.056687266346227,3.969787136644541
9.702000,3.1445792324711985,3.906309605554284
9.704000,2.6123445487144275,3.9649042496375984
9.706000,3.19829098954757,3.6865796902418553
9.708000,2.75394827191577,3.6231021591515984
9.710000,3.056687266346227,3.7598229953459983
9.712000,3.125047684443427,3.906309605554284
9.714000,2.9053177691309986,3.706111238269627
9.716000,3.1201647974364843,3.569390402075227
9.718000,2.758831158922713,3.5400930800335697
9.720000,2.7685969329365987,3.81353475242237
9.722000,2.6660563057907987,3.837949187457084
9.724000,2.7441824979018845,3.4863813229571985
9.726000,3.125047684443427,3.867246509498741
9.728000,3.154345006485084,3.442435339894713
9.730000,3.1494621194781414,3.9893186846723125
9.732000,2.695353627832456,3.740291447318227
9.734000,3.0469214923323413,3.8818951705195697
9.736000,3.1738765545128556,3.925841153582055
9.738000,2.7783627069504844,4.008850232700084
9.740000,3.0859845883878845,3.794003204394598
9.742000,3.02738994430457,3.6719310292210268
9.744000,3.1934081025406273,3.525444419012741
9.746000,2.705119401846342,3.735408560311284
9.748000,2.963912413214313,3.6523994811932554
9.750000,3.16411078049897,3.71099412527657
9.752000,3.071335927367056,3.6133363851377127
9.754000,3.1738765545128556,3.6865796902418553
9.756000,2.99320973525597,3.6426337071793697
9.758000,2.705119401846342,3.818417639429313
9.760000,2.9102006561379414,3.979552910658427
9.762000,2.6660563057907987,3.442435339894713
9.764000,3.125047684443427,3.6279850461585412
9.766000,2.9590295262073703,3.969787136644541
9.768000,3.022507057297627,3.5938048371099414
9.770000,2.8174258030060275,3.7207598992904556
9.772000,3.0127412832837415,3.501029983978027
9.774000,2.8174258030060275,3.9893186846723125
9.776000,3.032272831311513,3.8233005264362556
9.778000,2.9004348821240558,3.662165255207141
9.780000,2.8516060120546274,3.7598229953459983
9.782000,3.022507057297627,3.930724040588998
9.784000,3.1934081025406273,3.979552910658427
9.786000,3.105516136415656,3.6816968032349124
9.788000,2.7197680628671703,3.764705882352941
9.790000,3.0176241702906843,3.901426718547341
9.792000,3.0371557183184557,3.4619668879224843
9.794000,2.75394827191577,3.530327306019684
9.796000,2.9834439612420844,3.6475165941863126
9.798000,2.9834439612420844,3.9893186846723125
9.800000,2.832074464026856,3.4570840009155415
9.802000,3.1396963454642557,3.4522011139085986
9.804000,3.1885252155336845,3.935606927595941
9.806000,3.227588311589227,3.6523994811932554
9.808000,3.0078583962767986,3.8525978484779126
9.810000,2.9053177691309986,3.598687724116884
9.812000,3.1934081025406273,3.999084458686198
9.814000,2.7783627069504844,3.598687724116884
9.816000,2.7392996108949417,3.8525978484779126
9.818000,2.7978942549782557,3.57427328908217
9.820000,2.85648889906157,3.6133363851377127
9.822000,3.1201647974364843,3.5107957579919127
9.824000,3.125047684443427,3.872129396505684
9.826000,3.032272831311513,3.769588769359884
9.828000,2.6660563057907987,3.979552910658427
9.830000,2.724650949874113,3.4814984359502557
9.832000,2.9346150911726556,3.901426718547341
9.834000,2.793011367971313,3.8525978484779126
9.836000,3.0127412832837415,3.442435339894713
9.838000,2.7685969329365987,3.6963454642557414
9.840000,3.12993057145037,3.7207598992904556
9.842000,3.1201647974364843,3.6816968032349124
9.844000,3.159227893492027,4.028381780727855
9.846000,2.99320973525597,3.603570611123827
9.848000,2.75394827191577,3.837949187457084
9.850000,2.9785610742351416,3.7158770122835127
9.852000,3.066453040360113,3.7207598992904556
9.854000,2.758831158922713,3.5498588540474554
9.856000,3.0078583962767986,3.4570840009155415
9.858000,2.9004348821240558,3.6963454642557414
9.860000,3.105516136415656,3.7793545433737696
9.862000,3.0811017013809416,3.5156786449988555
9.864000,2.700236514839399,3.9600213626306555
9.866000,2.998092622262913,3.794003204394598
9.868000,3.02738994430457,3.5400930800335697
9.870000,3.032272831311513,3.6914625772487986
9.872000,3.056687266346227,4.013733119707027
9.874000,3.1494621194781414,3.4570840009155415
9.876000,3.051804379339284,3.6816968032349124
9.878000,3.100633249408713,3.9649042496375984
9.880000,2.734416723887999,3.8086518654154267
9.882000,2.9736781872281988,3.8916609445334553
9.884000,2.968795300221256,3.5889219501029985
9.886000,2.9785610742351416,4.038147554741741
9.888000,2.763714045929656,3.935606927595941
9.890000,2.75394827191577,3.47173266193637
9.892000,2.7734798199435415,3.559624628061341
9.894000,3.2422369726100557,3.6572823682001983
9.896000,2.939497978179599,3.7451743343251698
9.898000,2.9736781872281988,3.9649042496375984
9.900000,3.1201647974364843,3.5156786449988555
9.902000,2.700236514839399,3.5205615320057984
9.904000,2.68558785381857,3.9844357976653697
9.906000,2.9883268482490273,3.6865796902418553
9.908000,3.1201647974364843,3.57427328908217
9.910000,3.2471198596169986,3.8281834134431985
9.912000,3.0078583962767986,3.5107957579919127
9.914000,3.100633249408713,3.896543831540398
9.916000,2.724650949874113,3.496147096971084
9.918000,3.1103990234225987,3.5205615320057984
9.920000,2.7197680628671703,3.8916609445334553
9.922000,2.78812848096437,3.867246509498741
9.924000,3.09575036240177,4.013733119707027
9.926000,3.0908674753948273,3.81353475242237
9.928000,2.9102006561379414,3.8330663004501413
9.930000,2.939497978179599,3.867246509498741
9.932000,3.125047684443427,4.023498893720912
9.934000,2.968795300221256,3.9893186846723125
9.936000,2.763714045929656,3.95025558861677
9.938000,3.02738994430457,3.9600213626306555
9.940000,2.9541466392004274,3.867246509498741
9.942000,3.056687266346227,3.842832074464027
9.944000,2.9590295262073703,3.7598229953459983
9.946000,2.866254673075456,3.5400930800335697
9.948000,3.0371557183184557,3.877012283512627
9.950000,3.1885252155336845,3.8574807354848555
9.952000,2.827191577019913,3.579156176089113
9.954000,2.9834439612420844,3.8818951705195697
9.956000,3.0371557183184557,3.598687724116884
9.958000,3.208056763561456,3.598687724116884
9.960000,2.7100022888532846,4.072327763790341
9.962000,2.9004348821240558,3.6279850461585412
9.964000,2.8223086900129704,3.4912642099641413
9.966000,2.700236514839399,3.8086518654154267
9.968000,3.076218814373999,3.501029983978027
9.970000,2.8418402380407417,3.8867780575265125
9.972000,2.6904707408255133,3.71099412527657
9.974000,2.861371786068513,3.794003204394598
9.976000,2.8125429159990842,4.033264667734798
9.978000,2.783245593957427,3.8623636224917983
9.980000,2.75394827191577,3.5449759670405125
9.982000,2.734416723887999,3.637750820172427
9.984000,2.7100022888532846,3.7256427862973984
9.986000,3.125047684443427,3.7305256733043413
9.988000,2.700236514839399,3.940489814602884
9.990000,3.06157015335317,3.5449759670405125
9.992000,2.6904707408255133,3.579156176089113
9.994000,3.261768520637827,3.9893186846723125
9.996000,3.1201647974364843,3.5107957579919127
9.998000,3.2764171816586556,3.8281834134431985
10.000000,3.051804379339284,3.901426718547341
10.002000,3.0078583962767986,3.6816968032349124
10.004000,3.0078583962767986,3.6133363851377127
10.006000,3.071335927367056,3.764705882352941
10.008000,3.032272831311513,3.6865796902418553
10.010000,3.1494621194781414,3.5156786449988555
10.012000,3.06157015335317,3.872129396505684
10.014000,3.16411078049897,3.5498588540474554
10.016000,2.8076600289921414,3.7207598992904556
10.018000,2.7783627069504844,3.6475165941863126
10.020000,2.7441824979018845,3.8330663004501413
10.022000,2.8223086900129704,3.9111924925612267
10.024000,2.836957351033799,3.740291447318227
10.026000,3.0176241702906843,3.9160753795681695
10.028000,3.0859845883878845,4.047913328755627
10.030000,3.154345006485084,4.003967345693141
10.032000,2.963912413214313,3.872129396505684
10.034000,3.3008316166933698,3.5889219501029985
10.036000,2.734416723887999,3.6475165941863126
10.038000,3.002975509269856,3.579156176089113
10.040000,3.125047684443427,3.7305256733043413
10.042000,2.8516060120546274,3.57427328908217
10.044000,3.3008316166933698,4.003967345693141
10.046000,2.99320973525597,4.01861600671397
10.048000,3.227588311589227,4.028381780727855
10.050000,3.1103990234225987,3.877012283512627
10.052000,3.154345006485084,4.038147554741741
10.054000,2.7441824979018845,4.062561989776455
10.056000,2.783245593957427,4.008850232700084
10.058000,2.75394827191577,3.5840390630960557
10.060000,2.92484931715877,4.023498893720912
10.062000,3.291065842679484,4.008850232700084
10.064000,2.734416723887999,3.8086518654154267
10.066000,3.2813000686655984,3.872129396505684
10.068000,3.032272831311513,4.072327763790341
10.070000,3.261768520637827,3.9600213626306555
10.072000,2.8516060120546274,3.8623636224917983
10.074000,2.9834439612420844,3.9209582665751124
10.076000,2.7490653849088273,3.8623636224917983
10.078000,3.2178225375753415,3.974670023651484
10.080000,3.100633249408713,3.774471656366827
10.082000,3.2861829556725413,4.096742198825055
10.084000,3.2813000686655984,3.6914625772487986
10.086000,3.1787594415197984,3.7012283512626842
10.088000,2.998092622262913,3.7012283512626842
10.090000,2.85648889906157,3.803768978408484
10.092000,2.793011367971313,3.7451743343251698
10.094000,2.9443808651865417,3.84771496147097
10.096000,3.1201647974364843,3.979552910658427
10.098000,2.9004348821240558,3.6133363851377127
10.100000,3.2129396505683987,4.096742198825055
10.102000,2.7490653849088273,3.559624628061341
10.104000,2.8027771419851986,3.6279850461585412
10.106000,3.2178225375753415,3.872129396505684
10.108000,3.022507057297627,3.530327306019684
10.110000,3.1396963454642557,3.877012283512627
10.112000,3.0176241702906843,3.7598229953459983
10.114000,2.85648889906157,3.9893186846723125
10.116000,2.998092622262913,3.896543831540398
10.118000,2.7783627069504844,4.023498893720912
10.120000,3.0127412832837415,3.81353475242237
10.122000,2.9053177691309986,3.5840390630960557
10.124000,2.7783627069504844,3.6816968032349124
10.126000,3.2520027466239414,3.8233005264362556
10.128000,2.734416723887999,3.9111924925612267
10.130000,3.1152819104295415,3.7012283512626842
10.132000,3.134813458457313,3.706111238269627
10.134000,2.85648889906157,3.7549401083390554
10.136000,3.227588311589227,3.667048142214084
10.138000,3.0371557183184557,3.9551384756237127
10.140000,3.2861829556725413,3.8574807354848555
10.142000,2.75394827191577,3.901426718547341
10.144000,3.203173876554513,4.052796215762569
10.146000,2.963912413214313,3.872129396505684
10.148000,2.7392996108949417,4.116273746852826
10.150000,3.2764171816586556,3.57427328908217
10.152000,3.1787594415197984,4.008850232700084
10.154000,2.8711375600823987,3.764705882352941
10.156000,2.919966430151827,3.867246509498741
10.158000,3.056687266346227,3.979552910658427
10.160000,2.8174258030060275,3.6133363851377127
10.162000,2.8711375600823987,3.8623636224917983
10.164000,3.19829098954757,3.662165255207141
10.166000,3.2764171816586556,3.8281834134431985
10.168000,2.8027771419851986,3.8574807354848555
10.170000,2.9004348821240558,4.1113908598458835
10.172000,3.261768520637827,4.062561989776455
10.174000,2.7441824979018845,3.940489814602884
10.176000,2.92484931715877,3.9942015716792554
10.178000,2.758831158922713,4.057679102769512
10.180000,2.8711375600823987,3.9942015716792554
10.182000,2.9150835431448843,3.5840390630960557
10.184000,2.9102006561379414,3.803768978408484
10.186000,3.1152819104295415,4.003967345693141
10.188000,3.19829098954757,3.906309605554284
10.190000,3.0859845883878845,4.067444876783398
10.192000,3.071335927367056,3.554741741054398
10.194000,3.295948729686427,3.8281834134431985
10.196000,3.1396963454642557,3.6768139162279696
10.198000,3.1787594415197984,3.9893186846723125
10.200000,2.866254673075456,3.974670023651484
10.202000,3.076218814373999,3.7158770122835127
10.204000,3.1885252155336845,3.5449759670405125
10.206000,3.291065842679484,3.603570611123827
10.208000,2.9004348821240558,3.979552910658427
10.210000,2.968795300221256,3.706111238269627
10.212000,3.105516136415656,3.935606927595941
10.214000,3.0176241702906843,3.8330663004501413
10.216000,3.06157015335317,3.8086518654154267
10.218000,3.1934081025406273,3.974670023651484
10.220000,2.939497978179599,3.579156176089113
10.222000,2.9736781872281988,3.5498588540474554
10.224000,2.827191577019913,4.067444876783398
10.226000,2.9346150911726556,3.9551384756237127
10.228000,3.2471198596169986,3.6523994811932554
10.230000,3.0469214923323413,3.559624628061341
10.232000,3.1836423285267412,3.6426337071793697
10.234000,3.0127412832837415,3.945372701609827
10.236000,3.2715342946517127,3.6523994811932554
10.238000,2.861371786068513,4.023498893720912
10.240000,2.89066910811017,3.6914625772487986
10.242000,2.92484931715877,3.769588769359884
10.244000,3.105516136415656,3.9209582665751124
10.246000,3.208056763561456,3.798886091401541
10.248000,2.9150835431448843,3.8818951705195697
10.250000,3.066453040360113,3.974670023651484
10.252000,3.2129396505683987,4.01861600671397
10.254000,3.0371557183184557,4.028381780727855
10.256000,2.866254673075456,3.569390402075227
10.258000,3.105516136415656,4.01861600671397
10.260000,3.1494621194781414,3.6426337071793697
10.262000,2.8467231250476845,3.9844357976653697
10.264000,3.1787594415197984,3.569390402075227
10.266000,3.16411078049897,3.603570611123827
10.268000,3.051804379339284,4.121156633859769
10.270000,3.032272831311513,3.6426337071793697
10.272000,2.9004348821240558,3.8623636224917983
10.274000,2.9541466392004274,4.038147554741741
10.276000,3.071335927367056,4.086976424811169
10.278000,3.19829098954757,3.8916609445334553
10.280000,3.2227054245822844,3.7598229953459983
10.282000,3.071335927367056,3.71099412527657
10.284000,3.227588311589227,4.150453955901427
10.286000,3.0908674753948273,3.798886091401541
10.288000,3.0127412832837415,3.930724040588998
10.290000,3.12993057145037,3.803768978408484
10.292000,3.02738994430457,3.877012283512627
10.294000,3.2422369726100557,4.028381780727855
10.296000,3.105516136415656,3.7158770122835127
10.298000,3.1738765545128556,3.9111924925612267
10.300000,3.208056763561456,3.6426337071793697
10.302000,3.056687266346227,3.637750820172427
10.304000,3.1689936675059127,3.9160753795681695
10.306000,3.16411078049897,3.71099412527657
10.308000,3.1445792324711985,4.15533684290837
10.310000,2.7978942549782557,3.6231021591515984
10.312000,3.159227893492027,3.6475165941863126
10.314000,3.3545433737697414,4.116273746852826
10.316000,3.3447775997558558,3.6426337071793697
10.318000,3.0371557183184557,3.901426718547341
10.320000,3.33501182574197,3.901426718547341
10.322000,3.3154802777141987,3.7305256733043413
10.324000,2.9883268482490273,4.15533684290837
10.326000,3.1885252155336845,3.974670023651484
10.328000,2.8711375600823987,3.925841153582055
10.330000,3.076218814373999,3.7158770122835127
10.332000,3.1738765545128556,4.086976424811169
10.334000,2.89066910811017,3.6914625772487986
10.336000,2.9883268482490273,3.7207598992904556
10.338000,2.8711375600823987,3.8086518654154267
10.340000,2.8223086900129704,3.999084458686198
10.342000,3.1152819104295415,4.047913328755627
10.344000,3.3496604867627986,3.6182192721446556
10.346000,3.2471198596169986,3.7451743343251698
10.348000,3.26665140764477,4.15533684290837
10.350000,2.8809033340962844,3.872129396505684
10.352000,2.9492637521934846,3.896543831540398
10.354000,3.1787594415197984,3.6231021591515984
10.356000,3.09575036240177,3.84771496147097
10.358000,2.9346150911726556,3.8233005264362556
10.360000,3.2178225375753415,3.901426718547341
10.362000,3.3008316166933698,3.6719310292210268
10.364000,2.919966430151827,3.8818951705195697
10.366000,3.1836423285267412,3.81353475242237
10.368000,3.09575036240177,3.632867933165484
10.370000,2.9736781872281988,4.165102616922256
10.372000,3.3301289387350272,3.6816968032349124
10.374000,2.939497978179599,4.116273746852826
10.376000,2.866254673075456,3.60845349813077
10.378000,3.076218814373999,4.160219729915313
10.380000,3.227588311589227,3.901426718547341
10.382000,3.3203631647211416,4.179751277943084
10.384000,3.0078583962767986,3.5938048371099414
10.386000,3.2129396505683987,3.925841153582055
10.388000,3.3594262607766843,3.6865796902418553
10.390000,2.8223086900129704,3.896543831540398
10.392000,3.3447775997558558,3.818417639429313
10.394000,2.8760204470893416,3.8574807354848555
10.396000,2.9590295262073703,4.033264667734798
10.398000,2.8760204470893416,3.7207598992904556
10.400000,3.261768520637827,3.867246509498741
10.402000,2.9736781872281988,4.047913328755627
10.404000,2.8467231250476845,4.013733119707027
10.406000,2.963912413214313,3.71099412527657
10.408000,2.827191577019913,4.028381780727855
10.410000,2.9590295262073703,3.95025558861677
10.412000,2.827191577019913,3.667048142214084
10.414000,3.339894712748913,3.8086518654154267
10.416000,3.105516136415656,3.7500572213321126
10.418000,3.1152819104295415,3.9160753795681695
10.420000,3.125047684443427,3.974670023651484
10.422000,3.295948729686427,3.6279850461585412
10.424000,3.2861829556725413,3.7256427862973984
10.426000,3.0127412832837415,3.769588769359884
10.428000,3.159227893492027,3.9160753795681695
10.430000,3.40337224383917,4.057679102769512
10.432000,2.9150835431448843,3.9111924925612267
10.434000,3.3594262607766843,3.925841153582055
10.436000,3.09575036240177,4.18951705195697
10.438000,3.374074921797513,3.6279850461585412
10.440000,3.3789578088044556,3.9600213626306555
10.442000,3.4131380178530555,4.126039520866713
10.444000,3.3838406958113985,3.8086518654154267
10.446000,3.2227054245822844,3.8623636224917983
10.448000,3.0908674753948273,3.7793545433737696
10.450000,2.9736781872281988,4.067444876783398
10.452000,2.8857862211032272,3.9844357976653697
10.454000,3.076218814373999,3.974670023651484
10.456000,3.3154802777141987,4.130922407873656
10.458000,2.92484931715877,4.121156633859769
10.460000,3.3105973907072554,3.662165255207141
10.462000,3.3008316166933698,3.9893186846723125
10.464000,2.919966430151827,3.7158770122835127
10.466000,3.2178225375753415,3.6963454642557414
10.468000,3.33501182574197,4.160219729915313
10.470000,3.2471198596169986,3.7842374303807125
10.472000,3.12993057145037,4.150453955901427
10.474000,2.9492637521934846,3.906309605554284
10.476000,3.1836423285267412,3.6523994811932554
10.478000,3.3496604867627986,3.9600213626306555
10.480000,3.051804379339284,4.179751277943084
10.482000,3.26665140764477,3.6963454642557414
10.484000,3.071335927367056,3.7598229953459983
10.486000,3.393606469825284,3.81353475242237
10.488000,3.364309147783627,4.218814373998627
10.490000,3.422903791866941,3.8525978484779126
10.492000,3.1738765545128556,4.18951705195697
10.494000,2.9834439612420844,4.1992828259708554
10.496000,3.1836423285267412,3.71099412527657
10.498000,3.227588311589227,3.877012283512627
10.500000,3.3789578088044556,4.057679102769512
10.502000,2.9541466392004274,3.818417639429313
10.504000,3.3252460517280844,4.013733119707027
10.506000,2.8711375600823987,3.740291447318227
10.508000,2.8418402380407417,3.8916609445334553
10.510000,2.9834439612420844,4.038147554741741
10.512000,3.3154802777141987,4.106507972838941
10.514000,3.071335927367056,3.9209582665751124
10.516000,2.8711375600823987,4.1113908598458835
10.518000,3.1689936675059127,4.140688181887541
10.520000,2.9883268482490273,3.637750820172427
10.522000,3.295948729686427,3.7158770122835127
10.524000,3.02738994430457,4.169985503929198
10.526000,2.9736781872281988,3.877012283512627
10.528000,3.2520027466239414,4.18951705195697
10.530000,3.261768520637827,3.794003204394598
10.532000,2.9785610742351416,4.169985503929198
10.534000,2.963912413214313,3.6768139162279696
10.536000,3.0469214923323413,4.028381780727855
10.538000,3.06157015335317,4.0820935378042265
10.540000,2.919966430151827,4.18951705195697
10.542000,3.295948729686427,3.7598229953459983
10.544000,3.2568856336308842,3.7842374303807125
10.546000,3.06157015335317,4.086976424811169
10.548000,3.203173876554513,4.218814373998627
10.550000,3.2129396505683987,3.867246509498741
10.552000,3.208056763561456,3.71099412527657
10.554000,2.9492637521934846,3.877012283512627
10.556000,3.1152819104295415,3.6523994811932554
10.558000,3.2813000686655984,3.7451743343251698
10.560000,2.9346150911726556,4.101625085831998
10.562000,2.9834439612420844,4.003967345693141
10.564000,3.022507057297627,3.769588769359884
10.566000,3.227588311589227,4.243228809033341
10.568000,3.43755245288777,3.9600213626306555
10.570000,3.227588311589227,4.22369726100557
10.572000,3.3252460517280844,3.769588769359884
10.574000,3.134813458457313,3.6963454642557414
10.576000,3.09575036240177,3.9111924925612267
10.578000,3.09575036240177,4.145571068894484
10.580000,3.1396963454642557,4.028381780727855
10.582000,3.227588311589227,4.023498893720912
10.584000,2.8711375600823987,3.818417639429313
10.586000,3.154345006485084,3.930724040588998
10.588000,3.0127412832837415,4.047913328755627
10.590000,3.4082551308461126,4.243228809033341
10.592000,3.4570840009155415,4.091859311818112
10.594000,3.056687266346227,3.872129396505684
10.596000,3.159227893492027,4.0820935378042265
10.598000,3.203173876554513,3.6963454642557414
10.600000,3.4619668879224843,4.023498893720912
10.602000,3.43755245288777,4.057679102769512
10.604000,3.3057145037003126,3.842832074464027
10.606000,3.261768520637827,4.15533684290837
10.608000,3.291065842679484,3.84771496147097
10.610000,3.427786678873884,4.086976424811169
10.612000,2.8857862211032272,3.6572823682001983
10.614000,3.0176241702906843,4.165102616922256
10.616000,2.8760204470893416,3.8233005264362556
10.618000,3.3057145037003126,4.086976424811169
10.620000,3.43755245288777,3.945372701609827
10.622000,2.9541466392004274,3.7207598992904556
10.624000,3.3154802777141987,4.047913328755627
10.626000,3.3301289387350272,3.9942015716792554
10.628000,2.968795300221256,4.1113908598458835
10.630000,3.0420386053253985,4.15533684290837
10.632000,2.9443808651865417,3.7158770122835127
10.634000,2.9785610742351416,4.106507972838941
10.636000,3.2568856336308842,3.969787136644541
10.638000,3.3154802777141987,3.940489814602884
10.640000,3.3545433737697414,4.028381780727855
10.642000,2.919966430151827,3.901426718547341
10.644000,3.19829098954757,3.9942015716792554
10.646000,3.071335927367056,4.160219729915313
10.648000,3.16411078049897,4.047913328755627
10.650000,3.1689936675059127,3.974670023651484
10.652000,3.261768520637827,3.896543831540398
10.654000,3.4131380178530555,3.8574807354848555
10.656000,3.02738994430457,3.7451743343251698
10.658000,3.4570840009155415,3.774471656366827
10.660000,3.1738765545128556,4.2285801480125125
10.662000,2.9736781872281988,3.842832074464027
10.664000,3.1494621194781414,4.184634164950027
10.666000,3.3203631647211416,3.7012283512626842
10.668000,2.9150835431448843,3.8867780575265125
10.670000,3.0371557183184557,3.9893186846723125
10.672000,3.02738994430457,4.160219729915313
10.674000,3.203173876554513,4.213931486991684
10.676000,2.9736781872281988,3.6865796902418553
10.678000,3.3789578088044556,4.194399938963913
10.680000,3.3252460517280844,4.086976424811169
10.682000,2.9150835431448843,3.8330663004501413
10.684000,3.09575036240177,4.023498893720912
10.686000,3.364309147783627,4.248111696040284
10.688000,3.374074921797513,4.013733119707027
10.690000,3.47173266193637,3.837949187457084
10.692000,3.2471198596169986,3.769588769359884
10.694000,3.3447775997558558,3.7158770122835127
10.696000,3.1885252155336845,4.072327763790341
10.698000,3.3203631647211416,4.008850232700084
10.700000,3.1689936675059127,4.101625085831998
10.702000,3.4570840009155415,3.7549401083390554
10.704000,2.9053177691309986,3.8086518654154267
10.706000,3.3203631647211416,3.8574807354848555
10.708000,3.4619668879224843,3.9649042496375984
10.710000,3.422903791866941,4.179751277943084
10.712000,3.1836423285267412,4.003967345693141
10.714000,3.100633249408713,3.940489814602884
10.716000,3.4863813229571985,4.013733119707027
10.718000,3.295948729686427,4.194399938963913
10.720000,2.9590295262073703,3.764705882352941
10.722000,3.2129396505683987,4.233463035019455
10.724000,3.203173876554513,4.043030441748684
10.726000,3.36919203479057,3.8281834134431985
10.728000,3.002975509269856,4.267643244068055
10.730000,3.447318226901656,3.794003204394598
10.732000,3.032272831311513,4.091859311818112
10.734000,3.3008316166933698,4.204165712977798
10.736000,3.227588311589227,4.213931486991684
10.738000,3.3057145037003126,4.0820935378042265
10.740000,3.442435339894713,3.818417639429313
10.742000,3.3789578088044556,3.735408560311284
10.744000,3.4180209048599983,3.7305256733043413
10.746000,3.4863813229571985,3.969787136644541
10.748000,3.12993057145037,3.7256427862973984
10.750000,3.1787594415197984,3.935606927595941
10.752000,3.051804379339284,4.165102616922256
10.754000,2.9102006561379414,3.8233005264362556
10.756000,3.002975509269856,4.126039520866713
10.758000,2.9834439612420844,3.974670023651484
10.760000,3.3887235828183413,3.740291447318227
10.762000,3.3447775997558558,4.2578774700541695
10.764000,3.2861829556725413,4.101625085831998
10.766000,3.1934081025406273,4.233463035019455
10.768000,3.2764171816586556,4.086976424811169
10.770000,2.9834439612420844,3.764705882352941
10.772000,3.447318226901656,4.1992828259708554
10.774000,3.5107957579919127,4.008850232700084
10.776000,3.134813458457313,4.267643244068055
10.778000,3.022507057297627,4.2285801480125125
10.780000,3.076218814373999,3.7891203173876553
10.782000,3.071335927367056,4.01861600671397
10.784000,3.3496604867627986,3.8623636224917983
10.786000,3.1885252155336845,3.8867780575265125
10.788000,3.1445792324711985,3.8574807354848555
10.790000,3.3887235828183413,4.252994583047227
10.792000,2.99320973525597,3.7207598992904556
10.794000,3.06157015335317,4.209048599984741
10.796000,3.432669565880827,3.935606927595941
10.798000,3.2471198596169986,4.248111696040284
10.800000,3.1738765545128556,3.798886091401541
10.802000,3.1738765545128556,4.1992828259708554
10.804000,3.3447775997558558,3.8525978484779126
10.806000,2.9834439612420844,4.062561989776455
10.808000,3.50591287098497,4.0820935378042265
10.810000,3.442435339894713,3.837949187457084
10.812000,3.100633249408713,3.803768978408484
10.814000,3.1445792324711985,4.1113908598458835
10.816000,3.19829098954757,3.769588769359884
10.818000,3.2520027466239414,3.930724040588998
10.820000,3.47173266193637,3.8623636224917983
10.822000,3.50591287098497,3.8916609445334553
10.824000,3.0908674753948273,4.116273746852826
10.826000,3.0371557183184557,4.277409018081941
10.828000,3.530327306019684,4.179751277943084
10.830000,3.066453040360113,3.774471656366827
10.832000,3.2861829556725413,4.204165712977798
10.834000,3.2861829556725413,4.296940566109712
10.836000,2.963912413214313,4.062561989776455
10.838000,3.4570840009155415,3.8818951705195697
10.840000,3.525444419012741,3.9160753795681695
10.842000,3.295948729686427,3.7451743343251698
10.844000,3.535210193026627,4.126039520866713
10.846000,3.051804379339284,4.194399938963913
10.848000,3.3887235828183413,4.057679102769512
10.850000,3.3252460517280844,4.072327763790341
10.852000,3.1738765545128556,4.311589227130541
10.854000,3.530327306019684,4.22369726100557
10.856000,3.4082551308461126,4.096742198825055
10.858000,3.50591287098497,3.9160753795681695
10.860000,2.9834439612420844,3.7793545433737696
10.862000,2.9541466392004274,3.8623636224917983
10.864000,3.022507057297627,4.204165712977798
10.866000,3.12993057145037,4.184634164950027
10.868000,3.2520027466239414,3.901426718547341
10.870000,3.071335927367056,3.7598229953459983
10.872000,3.0469214923323413,3.769588769359884
10.874000,3.3008316166933698,4.296940566109712
10.876000,3.4570840009155415,4.101625085831998
10.878000,3.134813458457313,3.9844357976653697
10.880000,3.154345006485084,4.184634164950027
10.882000,3.40337224383917,3.8525978484779126
10.884000,3.1934081025406273,3.764705882352941
10.886000,3.159227893492027,3.9209582665751124
10.888000,3.3203631647211416,3.906309605554284
10.890000,3.295948729686427,3.7891203173876553
10.892000,3.535210193026627,4.2578774700541695
10.894000,3.3105973907072554,4.072327763790341
10.896000,3.2471198596169986,3.798886091401541
10.898000,3.50591287098497,4.008850232700084
10.900000,3.3252460517280844,3.8086518654154267
10.902000,3.076218814373999,4.326237888151369
10.904000,3.3594262607766843,4.126039520866713
10.906000,3.3887235828183413,4.077210650797284
10.908000,3.071335927367056,3.818417639429313
10.910000,3.2422369726100557,4.096742198825055
10.912000,3.1738765545128556,4.067444876783398
10.914000,3.2861829556725413,4.028381780727855
10.916000,3.1934081025406273,3.935606927595941
10.918000,3.3887235828183413,3.7549401083390554
10.920000,3.032272831311513,4.252994583047227
10.922000,3.427786678873884,3.9942015716792554
10.924000,3.26665140764477,4.301823453116655
10.926000,3.4131380178530555,4.2871747920958265
10.928000,3.2520027466239414,4.023498893720912
10.930000,3.203173876554513,3.940489814602884
10.932000,3.427786678873884,3.7793545433737696
10.934000,3.0127412832837415,4.1113908598458835
10.936000,3.002975509269856,4.121156633859769
10.938000,3.2764171816586556,4.086976424811169
10.940000,3.1445792324711985,4.165102616922256
10.942000,3.3057145037003126,4.282291905088884
10.944000,3.16411078049897,4.0820935378042265
10.946000,3.1689936675059127,4.174868390936141
10.948000,3.40337224383917,4.311589227130541
10.950000,3.496147096971084,4.218814373998627
10.952000,3.0078583962767986,3.9160753795681695
10.954000,3.5107957579919127,4.023498893720912
10.956000,3.2178225375753415,3.9649042496375984
10.958000,3.2568856336308842,4.1113908598458835
10.960000,3.1885252155336845,4.008850232700084
10.962000,3.2227054245822844,4.165102616922256
10.964000,3.1494621194781414,3.9942015716792554
10.966000,3.100633249408713,3.774471656366827
10.968000,3.1494621194781414,3.969787136644541
10.970000,3.071335927367056,4.140688181887541
10.972000,3.1787594415197984,3.764705882352941
10.974000,3.3545433737697414,3.9942015716792554
10.976000,3.09575036240177,3.896543831540398
10.978000,3.02738994430457,3.8916609445334553
10.980000,3.3838406958113985,3.9600213626306555
10.982000,3.4619668879224843,4.336003662165255
10.984000,3.3447775997558558,3.940489814602884
10.986000,3.554741741054398,4.013733119707027
10.988000,3.159227893492027,4.072327763790341
10.990000,3.50591287098497,4.067444876783398
10.992000,3.432669565880827,3.945372701609827
10.994000,3.12993057145037,4.2871747920958265
10.996000,3.227588311589227,4.194399938963913
10.998000,3.076218814373999,4.296940566109712
11.000000,3.422903791866941,4.360418097199969
11.002000,3.2813000686655984,4.067444876783398
11.004000,3.2227054245822844,3.837949187457084
11.006000,3.5156786449988555,4.213931486991684
11.008000,3.1787594415197984,4.2285801480125125
11.010000,3.2471198596169986,3.9893186846723125
11.012000,3.2471198596169986,3.901426718547341
11.014000,3.3594262607766843,4.043030441748684
11.016000,3.1885252155336845,4.043030441748684
11.018000,3.36919203479057,4.106507972838941
11.020000,3.4131380178530555,3.818417639429313
11.022000,3.1396963454642557,3.794003204394598
11.024000,3.422903791866941,3.8818951705195697
11.026000,3.5156786449988555,3.925841153582055
11.028000,3.1445792324711985,4.282291905088884
11.030000,3.3496604867627986,3.9600213626306555
11.032000,3.09575036240177,4.038147554741741
11.034000,3.0078583962767986,4.321355001144426
11.036000,3.261768520637827,3.9600213626306555
11.038000,3.40337224383917,3.84771496147097
11.040000,3.2568856336308842,3.872129396505684
11.042000,3.393606469825284,4.096742198825055
11.044000,3.0371557183184557,4.126039520866713
11.046000,3.3545433737697414,4.18951705195697
11.048000,3.12993057145037,3.8086518654154267
11.050000,3.1445792324711985,3.8574807354848555
11.052000,3.0371557183184557,4.365300984206912
11.054000,3.022507057297627,3.8525978484779126
11.056000,3.432669565880827,4.355535210193026
11.058000,3.535210193026627,3.930724040588998
11.060000,3.525444419012741,4.345769436179141
11.062000,3.237354085603113,3.794003204394598
11.064000,3.476615548943313,4.01861600671397
11.066000,3.5400930800335697,4.179751277943084
11.068000,3.237354085603113,3.877012283512627
11.070000,3.3252460517280844,3.906309605554284
11.072000,3.43755245288777,3.8867780575265125
11.074000,3.442435339894713,3.872129396505684
11.076000,3.3594262607766843,4.204165712977798
11.078000,3.100633249408713,4.145571068894484
11.080000,3.398489356832227,3.8916609445334553
11.082000,3.466849774929427,4.052796215762569
11.084000,3.442435339894713,4.043030441748684
11.086000,3.50591287098497,3.9111924925612267
11.088000,3.374074921797513,3.9551384756237127
11.090000,3.364309147783627,3.9551384756237127
11.092000,3.12993057145037,4.033264667734798
11.094000,3.3496604867627986,3.9160753795681695
11.096000,3.1152819104295415,3.9942015716792554
11.098000,3.5645075150682843,4.126039520866713
11.100000,3.022507057297627,4.101625085831998
11.102000,3.0908674753948273,3.930724040588998
11.104000,3.447318226901656,3.999084458686198
11.106000,3.1494621194781414,4.184634164950027
11.108000,3.5400930800335697,3.8623636224917983
11.110000,3.559624628061341,4.209048599984741
11.112000,3.26665140764477,4.213931486991684
11.114000,3.525444419012741,4.292057679102769
11.116000,3.579156176089113,4.345769436179141
11.118000,3.2422369726100557,3.974670023651484
11.120000,3.4180209048599983,4.150453955901427
11.122000,3.5498588540474554,4.2871747920958265
11.124000,3.076218814373999,4.355535210193026
11.126000,3.1738765545128556,4.184634164950027
11.128000,3.208056763561456,4.121156633859769
11.130000,3.364309147783627,4.072327763790341
11.132000,3.0420386053253985,4.116273746852826
11.134000,3.19829098954757,4.3750667582207985
11.136000,3.2861829556725413,3.818417639429313
11.138000,3.26665140764477,4.116273746852826
11.140000,3.476615548943313,4.204165712977798
11.142000,3.36919203479057,4.389715419241627
11.144000,3.4619668879224843,3.9649042496375984
11.146000,3.496147096971084,4.194399938963913
11.148000,3.535210193026627,3.95025558861677
11.150000,3.3789578088044556,4.355535210193026
11.152000,3.364309147783627,3.867246509498741
11.154000,3.2471198596169986,4.01861600671397
11.156000,3.2178225375753415,4.101625085831998
11.158000,3.5156786449988555,4.165102616922256
11.160000,3.40337224383917,3.8233005264362556
11.162000,3.6133363851377127,3.95025558861677
11.164000,3.056687266346227,4.179751277943084
11.166000,3.0371557183184557,4.209048599984741
11.168000,3.1689936675059127,4.003967345693141
11.170000,3.1445792324711985,3.9844357976653697
11.172000,3.5840390630960557,4.106507972838941
11.174000,3.076218814373999,4.409246967269398
11.176000,3.1445792324711985,4.003967345693141
11.178000,3.3496604867627986,3.9942015716792554
11.180000,3.3545433737697414,4.091859311818112
11.182000,3.3545433737697414,3.8867780575265125
11.184000,3.261768520637827,4.3164721141374836
11.186000,3.19829098954757,4.067444876783398
11.188000,3.3496604867627986,4.023498893720912
11.190000,3.4570840009155415,4.350652323186083
11.192000,3.5840390630960557,4.1992828259708554
11.194000,3.57427328908217,4.301823453116655
11.196000,3.3838406958113985,4.1113908598458835
11.198000,3.295948729686427,3.935606927595941
11.200000,3.569390402075227,3.8916609445334553
11.202000,3.1201647974364843,4.1113908598458835
11.204000,3.0420386053253985,4.39459830624857
11.206000,3.3105973907072554,4.321355001144426
11.208000,3.5156786449988555,3.867246509498741
11.210000,3.4522011139085986,3.9551384756237127
11.212000,3.6133363851377127,4.3750667582207985
11.214000,3.295948729686427,4.116273746852826
11.216000,3.4082551308461126,4.160219729915313
11.218000,3.3447775997558558,4.169985503929198
11.220000,3.2178225375753415,3.84771496147097
11.222000,3.3789578088044556,4.340886549172198
11.224000,3.2813000686655984,4.4043640802624555
11.226000,3.5156786449988555,3.896543831540398
11.228000,3.071335927367056,3.901426718547341
11.230000,3.5449759670405125,4.355535210193026
11.232000,3.40337224383917,3.8916609445334553
11.234000,3.3301289387350272,4.243228809033341
11.236000,3.3545433737697414,4.2871747920958265
11.238000,3.598687724116884,3.8916609445334553
11.240000,3.637750820172427,4.140688181887541
11.242000,3.3545433737697414,4.340886549172198
11.244000,3.6426337071793697,3.969787136644541
11.246000,3.442435339894713,3.925841153582055
11.248000,3.1396963454642557,4.345769436179141
11.250000,3.4180209048599983,4.0820935378042265
11.252000,3.105516136415656,4.067444876783398
11.254000,3.159227893492027,4.072327763790341
11.256000,3.4619668879224843,4.077210650797284
11.258000,3.4863813229571985,3.9160753795681695
11.260000,3.5205615320057984,4.301823453116655
11.262000,3.47173266193637,4.209048599984741
11.264000,3.632867933165484,4.272526131074998
11.266000,3.105516136415656,4.145571068894484
11.268000,3.5889219501029985,4.355535210193026
11.270000,3.569390402075227,4.399481193255513
11.272000,3.398489356832227,4.096742198825055
11.274000,3.6182192721446556,4.2578774700541695
11.276000,3.3057145037003126,4.028381780727855
11.278000,3.501029983978027,4.296940566109712
11.280000,3.227588311589227,3.877012283512627
11.282000,3.5400930800335697,4.179751277943084
11.284000,3.2471198596169986,4.135805294880599
11.286000,3.3594262607766843,4.379949645227741
11.288000,3.5449759670405125,3.9160753795681695
11.290000,3.33501182574197,4.365300984206912
11.292000,3.066453040360113,3.8525978484779126
11.294000,3.432669565880827,4.336003662165255
11.296000,3.6572823682001983,3.979552910658427
11.298000,3.36919203479057,4.194399938963913
11.300000,3.339894712748913,4.145571068894484
11.302000,3.530327306019684,3.8574807354848555
11.304000,3.535210193026627,4.067444876783398
11.306000,3.3838406958113985,4.008850232700084
11.308000,3.6182192721446556,4.057679102769512
11.310000,3.291065842679484,4.135805294880599
11.312000,3.5107957579919127,4.028381780727855
11.314000,3.6279850461585412,4.248111696040284
11.316000,3.2129396505683987,4.282291905088884
11.318000,3.447318226901656,4.028381780727855
11.320000,3.1934081025406273,3.8867780575265125
11.322000,3.3105973907072554,4.062561989776455
11.324000,3.598687724116884,4.243228809033341
11.326000,3.291065842679484,4.1113908598458835
11.328000,3.125047684443427,4.2285801480125125
11.330000,3.6279850461585412,4.1992828259708554
11.332000,3.3594262607766843,3.969787136644541
11.334000,3.3008316166933698,4.184634164950027
11.336000,3.23247119859617,4.2578774700541695
11.338000,3.3887235828183413,3.925841153582055
11.340000,3.1396963454642557,4.336003662165255
11.342000,3.3203631647211416,3.877012283512627
11.344000,3.447318226901656,4.150453955901427
11.346000,3.40337224383917,4.101625085831998
11.348000,3.1201647974364843,4.3164721141374836
11.350000,3.579156176089113,3.906309605554284
11.352000,3.50591287098497,4.42877851529717
11.354000,3.447318226901656,4.252994583047227
11.356000,3.339894712748913,4.336003662165255
11.358000,3.603570611123827,4.419012741283284
11.360000,3.1201647974364843,4.292057679102769
11.362000,3.203173876554513,3.974670023651484
11.364000,3.134813458457313,4.311589227130541
11.366000,3.36919203479057,4.023498893720912
11.368000,3.1152819104295415,4.145571068894484
11.370000,3.57427328908217,4.365300984206912
11.372000,3.364309147783627,4.116273746852826
11.374000,3.5889219501029985,4.267643244068055
11.376000,3.3496604867627986,4.052796215762569
11.378000,3.569390402075227,4.169985503929198
11.380000,3.6279850461585412,4.194399938963913
11.382000,3.40337224383917,4.008850232700084
11.384000,3.43755245288777,4.047913328755627
11.386000,3.57427328908217,4.39459830624857
11.388000,3.47173266193637,4.3750667582207985
11.390000,3.2178225375753415,4.067444876783398
11.392000,3.1836423285267412,3.9209582665751124
11.394000,3.5938048371099414,3.9600213626306555
11.396000,3.295948729686427,4.01861600671397
11.398000,3.1445792324711985,4.130922407873656
11.400000,3.4522011139085986,4.2578774700541695
11.402000,3.662165255207141,3.8867780575265125
11.404000,3.33501182574197,4.01861600671397
11.406000,3.5938048371099414,3.9649042496375984
11.408000,3.1787594415197984,4.023498893720912
11.410000,3.422903791866941,4.301823453116655
11.412000,3.5498588540474554,4.052796215762569
11.414000,3.261768520637827,4.052796215762569
11.416000,3.374074921797513,4.126039520866713
11.418000,3.3154802777141987,3.9649042496375984
11.420000,3.3008316166933698,4.150453955901427
11.422000,3.476615548943313,3.974670023651484
11.424000,3.6914625772487986,3.930724040588998
11.426000,3.7012283512626842,4.01861600671397
11.428000,3.2178225375753415,3.9160753795681695
11.430000,3.3105973907072554,4.389715419241627
11.432000,3.559624628061341,4.419012741283284
11.434000,3.1738765545128556,4.086976424811169
11.436000,3.2471198596169986,4.2285801480125125
11.438000,3.525444419012741,4.355535210193026
11.440000,3.12993057145037,4.209048599984741
11.442000,3.261768520637827,4.365300984206912
11.444000,3.422903791866941,4.1992828259708554
11.446000,3.598687724116884,4.0820935378042265
11.448000,3.3545433737697414,4.096742198825055
11.450000,3.2861829556725413,4.2578774700541695
11.452000,3.2861829556725413,4.243228809033341
11.454000,3.4082551308461126,4.184634164950027
11.456000,3.4570840009155415,4.414129854276341
11.458000,3.4082551308461126,4.023498893720912
11.460000,3.427786678873884,4.39459830624857
11.462000,3.4570840009155415,4.389715419241627
11.464000,3.5938048371099414,4.296940566109712
11.466000,3.2227054245822844,4.165102616922256
11.468000,3.227588311589227,3.896543831540398
11.470000,3.6572823682001983,4.140688181887541
11.472000,3.6475165941863126,4.038147554741741
11.474000,3.1738765545128556,4.248111696040284
11.476000,3.1445792324711985,3.901426718547341
11.478000,3.134813458457313,4.453192950331884
11.480000,3.6572823682001983,4.482490272373541
11.482000,3.3057145037003126,4.18951705195697
11.484000,3.237354085603113,4.18951705195697
11.486000,3.3496604867627986,4.46295872434577
11.488000,3.3594262607766843,4.121156633859769
11.490000,3.603570611123827,4.467841611352712
11.492000,3.1885252155336845,4.1992828259708554
11.494000,3.2568856336308842,4.057679102769512
11.496000,3.3545433737697414,4.043030441748684
11.498000,3.5156786449988555,3.95025558861677
11.500000,3.3496604867627986,4.15533684290837
11.502000,3.1787594415197984,4.145571068894484
11.504000,3.6182192721446556,3.9942015716792554
11.506000,3.637750820172427,4.448310063324941
11.508000,3.154345006485084,4.409246967269398
11.510000,3.7012283512626842,4.038147554741741
11.512000,3.598687724116884,4.458075837338827
11.514000,3.569390402075227,4.502021820401312
11.516000,3.501029983978027,4.296940566109712
11.518000,3.7256427862973984,4.292057679102769
11.520000,3.295948729686427,4.072327763790341
11.522000,3.1689936675059127,4.067444876783398
11.524000,3.50591287098497,4.072327763790341
11.526000,3.6816968032349124,4.22369726100557
11.528000,3.4863813229571985,4.272526131074998
11.530000,3.5645075150682843,4.487373159380484
11.532000,3.632867933165484,4.497138933394369
11.534000,3.1494621194781414,4.306706340123598
11.536000,3.374074921797513,4.4336614023041125
11.538000,3.735408560311284,4.292057679102769
11.540000,3.227588311589227,4.126039520866713
11.542000,3.6133363851377127,4.4336614023041125
11.544000,3.3545433737697414,4.277409018081941
11.546000,3.4814984359502557,4.135805294880599
11.548000,3.16411078049897,4.443427176317998
11.550000,3.2471198596169986,4.062561989776455
11.552000,3.422903791866941,3.969787136644541
11.554000,3.1738765545128556,3.9551384756237127
11.556000,3.525444419012741,4.292057679102769
11.558000,3.398489356832227,4.243228809033341
11.560000,3.6816968032349124,4.272526131074998
11.562000,3.2520027466239414,4.4336614023041125
11.564000,3.447318226901656,3.979552910658427
11.566000,3.535210193026627,4.282291905088884
11.568000,3.4814984359502557,4.389715419241627
11.570000,3.525444419012741,4.326237888151369
11.572000,3.6865796902418553,4.033264667734798
11.574000,3.6865796902418553,3.9551384756237127
11.576000,3.3301289387350272,4.057679102769512
11.578000,3.432669565880827,4.477607385366598
11.580000,3.662165255207141,4.0820935378042265
11.582000,3.7256427862973984,4.502021820401312
11.584000,3.535210193026627,3.969787136644541
11.586000,3.2861829556725413,4.0820935378042265
11.588000,3.554741741054398,4.135805294880599
11.590000,3.5645075150682843,4.384832532234684
11.592000,3.26665140764477,4.39459830624857
11.594000,3.476615548943313,4.272526131074998
11.596000,3.2861829556725413,4.233463035019455
11.598000,3.1934081025406273,4.052796215762569
11.600000,3.569390402075227,3.95025558861677
11.602000,3.4863813229571985,4.506904707408255
11.604000,3.603570611123827,4.0820935378042265
11.606000,3.6279850461585412,4.2285801480125125
11.608000,3.5840390630960557,4.389715419241627
11.610000,3.6133363851377127,4.502021820401312
11.612000,3.374074921797513,4.01861600671397
11.614000,3.466849774929427,4.238345922026398
11.616000,3.6768139162279696,4.101625085831998
11.618000,3.5645075150682843,4.423895628290227
11.620000,3.227588311589227,4.233463035019455
11.622000,3.637750820172427,4.043030441748684
11.624000,3.6182192721446556,4.262760357061112
11.626000,3.7207598992904556,4.502021820401312
11.628000,3.6133363851377127,4.062561989776455
11.630000,3.4814984359502557,4.511787594415198
11.632000,3.496147096971084,4.2871747920958265
11.634000,3.261768520637827,4.209048599984741
11.636000,3.1885252155336845,4.384832532234684
11.638000,3.23247119859617,4.209048599984741
11.640000,3.208056763561456,4.5264362554360265
11.642000,3.40337224383917,4.4336614023041125
11.644000,3.6182192721446556,4.043030441748684
11.646000,3.2715342946517127,4.033264667734798
11.648000,3.525444419012741,4.262760357061112
11.650000,3.261768520637827,4.360418097199969
11.652000,3.3252460517280844,4.179751277943084
11.654000,3.7598229953459983,4.126039520866713
11.656000,3.3594262607766843,3.9649042496375984
11.658000,3.261768520637827,4.448310063324941
11.660000,3.6133363851377127,4.233463035019455
11.662000,3.43755245288777,4.472724498359655
11.664000,3.36919203479057,4.033264667734798
11.666000,3.50591287098497,4.043030441748684
11.668000,3.1934081025406273,4.033264667734798
11.670000,3.5938048371099414,4.365300984206912
11.672000,3.3447775997558558,4.1992828259708554
11.674000,3.769588769359884,4.487373159380484
11.676000,3.2715342946517127,4.106507972838941
11.678000,3.427786678873884,4.360418097199969
11.680000,3.6133363851377127,4.22369726100557
11.682000,3.227588311589227,4.502021820401312
11.684000,3.374074921797513,4.345769436179141
11.686000,3.57427328908217,4.067444876783398
11.688000,3.7549401083390554,4.062561989776455
11.690000,3.5645075150682843,4.043030441748684
11.692000,3.6231021591515984,4.482490272373541
11.694000,3.40337224383917,4.272526131074998
11.696000,3.530327306019684,4.0820935378042265
11.698000,3.4619668879224843,4.01861600671397
11.700000,3.7207598992904556,4.072327763790341
11.702000,3.50591287098497,4.2871747920958265
11.704000,3.5840390630960557,4.194399938963913
11.706000,3.6865796902418553,4.321355001144426
11.708000,3.530327306019684,4.331120775158312
11.710000,3.7256427862973984,4.204165712977798
11.712000,3.5107957579919127,4.22369726100557
11.714000,3.501029983978027,4.282291905088884
11.716000,3.447318226901656,4.077210650797284
11.718000,3.4131380178530555,4.209048599984741
11.720000,3.3057145037003126,4.384832532234684
11.722000,3.496147096971084,4.438544289311055
11.724000,3.33501182574197,4.116273746852826
11.726000,3.2129396505683987,4.560616464484626
11.728000,3.3789578088044556,4.013733119707027
11.730000,3.374074921797513,4.169985503929198
11.732000,3.60845349813077,4.531319142442969
11.734000,3.6426337071793697,4.482490272373541
11.736000,3.7500572213321126,3.974670023651484
11.738000,3.7158770122835127,4.18951705195697
11.740000,3.7549401083390554,4.4043640802624555
11.742000,3.43755245288777,4.091859311818112
11.744000,3.632867933165484,4.360418097199969
11.746000,3.3203631647211416,4.336003662165255
11.748000,3.559624628061341,4.072327763790341
11.750000,3.706111238269627,4.01861600671397
11.752000,3.769588769359884,4.023498893720912
11.754000,3.5205615320057984,4.419012741283284
11.756000,3.559624628061341,4.409246967269398
11.758000,3.3887235828183413,4.506904707408255
11.760000,3.7500572213321126,4.46295872434577
11.762000,3.26665140764477,4.5557335774776835
11.764000,3.442435339894713,4.399481193255513
11.766000,3.579156176089113,4.570382238498512
11.768000,3.3203631647211416,4.0820935378042265
11.770000,3.60845349813077,4.389715419241627
11.772000,3.237354085603113,4.18951705195697
11.774000,3.7451743343251698,4.238345922026398
11.776000,3.43755245288777,4.008850232700084
11.778000,3.5107957579919127,4.135805294880599
11.780000,3.667048142214084,4.013733119707027
11.782000,3.769588769359884,4.482490272373541
11.784000,3.535210193026627,4.355535210193026
11.786000,3.2813000686655984,4.570382238498512
11.788000,3.2764171816586556,4.4043640802624555
11.790000,3.3545433737697414,4.204165712977798
11.792000,3.3252460517280844,4.135805294880599
11.794000,3.57427328908217,4.052796215762569
11.796000,3.7598229953459983,4.038147554741741
11.798000,3.5889219501029985,4.497138933394369
11.800000,3.803768978408484,4.301823453116655
11.802000,3.5156786449988555,4.013733119707027
11.804000,3.6279850461585412,4.306706340123598
11.806000,3.5107957579919127,4.003967345693141
11.808000,3.227588311589227,4.213931486991684
11.810000,3.496147096971084,4.355535210193026
11.812000,3.6719310292210268,4.345769436179141
11.814000,3.6279850461585412,4.506904707408255
11.816000,3.6426337071793697,4.204165712977798
11.818000,3.432669565880827,4.306706340123598
11.820000,3.794003204394598,4.511787594415198
11.822000,3.2227054245822844,4.062561989776455
11.824000,3.427786678873884,4.013733119707027
11.826000,3.3057145037003126,4.541084916456855
11.828000,3.227588311589227,4.575265125505455
11.830000,3.432669565880827,4.536202029449912
11.832000,3.36919203479057,4.3164721141374836
11.834000,3.3838406958113985,4.5850308995193405
11.836000,3.501029983978027,4.365300984206912
11.838000,3.496147096971084,4.248111696040284
11.840000,3.5449759670405125,4.086976424811169
11.842000,3.6914625772487986,4.506904707408255
11.844000,3.4180209048599983,4.482490272373541
11.846000,3.3838406958113985,4.511787594415198
11.848000,3.57427328908217,4.077210650797284
11.850000,3.8086518654154267,4.267643244068055
11.852000,3.36919203479057,4.116273746852826
11.854000,3.798886091401541,4.209048599984741
11.856000,3.227588311589227,4.340886549172198
11.858000,3.6768139162279696,4.340886549172198
11.860000,3.4619668879224843,4.311589227130541
11.862000,3.5645075150682843,4.057679102769512
11.864000,3.4131380178530555,4.2578774700541695
11.866000,3.5400930800335697,4.047913328755627
11.868000,3.7891203173876553,4.116273746852826
11.870000,3.3545433737697414,4.365300984206912
11.872000,3.3887235828183413,4.409246967269398
11.874000,3.706111238269627,4.106507972838941
11.876000,3.295948729686427,4.599679560540169
11.878000,3.237354085603113,4.038147554741741
11.880000,3.662165255207141,4.350652323186083
11.882000,3.447318226901656,4.487373159380484
11.884000,3.803768978408484,4.565499351491569
11.886000,3.5889219501029985,4.482490272373541
11.888000,3.3301289387350272,4.033264667734798
11.890000,3.3008316166933698,4.184634164950027
11.892000,3.6279850461585412,4.116273746852826
11.894000,3.3301289387350272,4.565499351491569
11.896000,3.794003204394598,4.135805294880599
11.898000,3.525444419012741,4.565499351491569
11.900000,3.5645075150682843,4.101625085831998
11.902000,3.432669565880827,4.052796215762569
11.904000,3.7891203173876553,4.028381780727855
11.906000,3.5449759670405125,4.487373159380484
11.908000,3.637750820172427,4.453192950331884
11.910000,3.496147096971084,4.145571068894484
11.912000,3.26665140764477,4.062561989776455
11.914000,3.569390402075227,4.448310063324941
11.916000,3.837949187457084,4.3750667582207985
11.918000,3.579156176089113,4.458075837338827
11.920000,3.40337224383917,4.272526131074998
11.922000,3.569390402075227,4.209048599984741
11.924000,3.432669565880827,4.414129854276341
11.926000,3.3838406958113985,4.277409018081941
11.928000,3.3887235828183413,4.419012741283284
11.930000,3.2520027466239414,4.106507972838941
11.932000,3.6426337071793697,4.423895628290227
11.934000,3.57427328908217,4.541084916456855
11.936000,3.6182192721446556,4.062561989776455
11.938000,3.60845349813077,4.6143282215609975
11.940000,3.525444419012741,4.565499351491569
11.942000,3.339894712748913,4.414129854276341
11.944000,3.803768978408484,4.516670481422141
11.946000,3.398489356832227,4.233463035019455
11.948000,3.364309147783627,4.038147554741741
11.950000,3.6719310292210268,4.609445334554055
11.952000,3.33501182574197,4.306706340123598
11.954000,3.2813000686655984,4.594796673533226
11.956000,3.7158770122835127,4.624093995574883
11.958000,3.8525978484779126,4.140688181887541
11.960000,3.7451743343251698,4.2578774700541695
11.962000,3.6523994811932554,4.272526131074998
11.964000,3.5840390630960557,4.150453955901427
11.966000,3.7158770122835127,4.3750667582207985
11.968000,3.798886091401541,4.296940566109712
11.970000,3.4814984359502557,4.062561989776455
11.972000,3.769588769359884,4.423895628290227
11.974000,3.8574807354848555,4.145571068894484
11.976000,3.33501182574197,4.502021820401312
11.978000,3.7500572213321126,4.545967803463798
11.980000,3.4082551308461126,4.204165712977798
11.982000,3.837949187457084,4.545967803463798
11.984000,3.2764171816586556,4.46295872434577
11.986000,3.427786678873884,4.3164721141374836
11.988000,3.476615548943313,4.306706340123598
11.990000,3.774471656366827,4.204165712977798
11.992000,3.637750820172427,4.46295872434577
11.994000,3.6231021591515984,4.277409018081941
11.996000,3.4912642099641413,4.326237888151369
11.998000,3.291065842679484,4.209048599984741
12.000000,3.706111238269627,4.384832532234684
12.002000,3.7549401083390554,4.22369726100557
12.004000,3.3447775997558558,4.282291905088884
12.006000,3.8233005264362556,4.145571068894484
12.008000,3.7549401083390554,4.46295872434577
12.010000,3.43755245288777,4.3164721141374836
12.012000,3.7500572213321126,4.502021820401312
12.014000,3.554741741054398,4.184634164950027
12.016000,3.60845349813077,4.326237888151369
12.018000,3.5840390630960557,4.184634164950027
12.020000,3.4522011139085986,4.409246967269398
12.022000,3.47173266193637,4.243228809033341
12.024000,3.291065842679484,4.516670481422141
12.026000,3.6816968032349124,4.5557335774776835
12.028000,3.4082551308461126,4.355535210193026
12.030000,3.6133363851377127,4.423895628290227
12.032000,3.535210193026627,4.448310063324941
12.034000,3.603570611123827,4.116273746852826
12.036000,3.5498588540474554,4.570382238498512
12.038000,3.3154802777141987,4.360418097199969
12.040000,3.6133363851377127,4.106507972838941
12.042000,3.4522011139085986,4.282291905088884
12.044000,3.50591287098497,4.126039520866713
12.046000,3.598687724116884,4.370183871213855
12.048000,3.7598229953459983,4.5557335774776835
12.050000,3.7305256733043413,4.423895628290227
12.052000,3.7158770122835127,4.243228809033341
12.054000,3.3594262607766843,4.355535210193026
12.056000,3.764705882352941,4.365300984206912
12.058000,3.5156786449988555,4.365300984206912
12.060000,3.3301289387350272,4.423895628290227
12.062000,3.706111238269627,4.5264362554360265
12.064000,3.7451743343251698,4.487373159380484
12.066000,3.798886091401541,4.570382238498512
12.068000,3.842832074464027,4.077210650797284
12.070000,3.6914625772487986,4.4336614023041125
12.072000,3.501029983978027,4.2285801480125125
12.074000,3.393606469825284,4.609445334554055
12.076000,3.5400930800335697,4.2285801480125125
12.078000,3.632867933165484,4.453192950331884
12.080000,3.4131380178530555,4.482490272373541
12.082000,3.632867933165484,4.072327763790341
12.084000,3.7012283512626842,4.482490272373541
12.086000,3.3545433737697414,4.350652323186083
12.088000,3.3789578088044556,4.4336614023041125
12.090000,3.8281834134431985,4.169985503929198
12.092000,3.794003204394598,4.267643244068055
12.094000,3.877012283512627,4.326237888151369
12.096000,3.8330663004501413,4.360418097199969
12.098000,3.71099412527657,4.638742656595713
12.100000,3.6182192721446556,4.174868390936141
12.102000,3.4180209048599983,4.350652323186083
12.104000,3.637750820172427,4.277409018081941
12.106000,3.8574807354848555,4.282291905088884
12.108000,3.4570840009155415,4.355535210193026
12.110000,3.4082551308461126,4.121156633859769
12.112000,3.6816968032349124,4.497138933394369
12.114000,3.4570840009155415,4.589913786526283
12.116000,3.364309147783627,4.179751277943084
12.118000,3.4619668879224843,4.365300984206912
12.120000,3.6768139162279696,4.409246967269398
12.122000,3.901426718547341,4.467841611352712
12.124000,3.466849774929427,4.4043640802624555
12.126000,3.33501182574197,4.570382238498512
12.128000,3.535210193026627,4.39459830624857
12.130000,3.7012283512626842,4.594796673533226
12.132000,3.4131380178530555,4.589913786526283
12.134000,3.447318226901656,4.389715419241627
12.136000,3.3154802777141987,4.179751277943084
12.138000,3.422903791866941,4.096742198825055
12.140000,3.4082551308461126,4.194399938963913
12.142000,3.3838406958113985,4.560616464484626
12.144000,3.530327306019684,4.262760357061112
12.146000,3.7598229953459983,4.46295872434577
12.148000,3.8233005264362556,4.350652323186083
12.150000,3.7793545433737696,4.248111696040284
12.152000,3.466849774929427,4.443427176317998
12.154000,3.4131380178530555,4.560616464484626
12.156000,3.3789578088044556,4.326237888151369
12.158000,3.774471656366827,4.502021820401312
12.160000,3.442435339894713,4.18951705195697
12.162000,3.3154802777141987,4.121156633859769
12.164000,3.71099412527657,4.628976882581827
12.166000,3.6182192721446556,4.570382238498512
12.168000,3.842832074464027,4.3164721141374836
12.170000,3.466849774929427,4.267643244068055
12.172000,3.4863813229571985,4.218814373998627
12.174000,3.496147096971084,4.292057679102769
12.176000,3.3594262607766843,4.516670481422141
12.178000,3.6914625772487986,4.580148012512398
12.180000,3.7305256733043413,4.379949645227741
12.182000,3.906309605554284,4.165102616922256
12.184000,3.5889219501029985,4.565499351491569
12.186000,3.6426337071793697,4.384832532234684
12.188000,3.896543831540398,4.277409018081941
12.190000,3.3887235828183413,4.301823453116655
12.192000,3.774471656366827,4.414129854276341
12.194000,3.71099412527657,4.126039520866713
12.196000,3.740291447318227,4.350652323186083
12.198000,3.877012283512627,4.6143282215609975
12.200000,3.7842374303807125,4.360418097199969
12.202000,3.3545433737697414,4.438544289311055
12.204000,3.735408560311284,4.46295872434577
12.206000,3.794003204394598,4.545967803463798
12.208000,3.8233005264362556,4.658274204623484
12.210000,3.393606469825284,4.66803997863737
12.212000,3.4863813229571985,4.423895628290227
12.214000,3.5205615320057984,4.6143282215609975
12.216000,3.9209582665751124,4.66803997863737
12.218000,3.8525978484779126,4.482490272373541
12.220000,3.530327306019684,4.677805752651255
12.222000,3.4619668879224843,4.458075837338827
12.224000,3.803768978408484,4.4043640802624555
12.226000,3.4180209048599983,4.340886549172198
12.228000,3.872129396505684,4.609445334554055
12.230000,3.6572823682001983,4.575265125505455
12.232000,3.7500572213321126,4.42877851529717
12.234000,3.4619668879224843,4.267643244068055
12.236000,3.525444419012741,4.536202029449912
12.238000,3.803768978408484,4.477607385366598
12.240000,3.4131380178530555,4.560616464484626
12.242000,3.40337224383917,4.458075837338827
12.244000,3.432669565880827,4.204165712977798
12.246000,3.60845349813077,4.589913786526283
12.248000,3.393606469825284,4.516670481422141
12.250000,3.706111238269627,4.218814373998627
12.252000,3.7256427862973984,4.326237888151369
12.254000,3.57427328908217,4.589913786526283
12.256000,3.6475165941863126,4.565499351491569
12.258000,3.7793545433737696,4.506904707408255
12.260000,3.81353475242237,4.599679560540169
12.262000,3.6865796902418553,4.213931486991684
12.264000,3.393606469825284,4.5264362554360265
12.266000,3.940489814602884,4.61921110856794
12.268000,3.3887235828183413,4.209048599984741
12.270000,3.7500572213321126,4.15533684290837
12.272000,3.8623636224917983,4.560616464484626
12.274000,3.4619668879224843,4.306706340123598
12.276000,3.8525978484779126,4.213931486991684
12.278000,3.447318226901656,4.628976882581827
12.280000,3.5889219501029985,4.340886549172198
12.282000,3.8574807354848555,4.179751277943084
12.284000,3.4863813229571985,4.575265125505455
12.286000,3.398489356832227,4.624093995574883
12.288000,3.662165255207141,4.570382238498512
12.290000,3.525444419012741,4.39459830624857
12.292000,3.8330663004501413,4.301823453116655
12.294000,3.5889219501029985,4.22369726100557
12.296000,3.803768978408484,4.511787594415198
12.298000,3.5449759670405125,4.599679560540169
12.300000,3.794003204394598,4.628976882581827
12.302000,3.3594262607766843,4.570382238498512
12.304000,3.559624628061341,4.272526131074998
12.306000,3.6816968032349124,4.5850308995193405
12.308000,3.7793545433737696,4.511787594415198
12.310000,3.603570611123827,4.370183871213855
12.312000,3.9160753795681695,4.238345922026398
12.314000,3.559624628061341,4.365300984206912
12.316000,3.554741741054398,4.5557335774776835
12.318000,3.906309605554284,4.213931486991684
12.320000,3.8574807354848555,4.565499351491569
12.322000,3.569390402075227,4.3750667582207985
12.324000,3.525444419012741,4.46295872434577
12.326000,3.6719310292210268,4.399481193255513
12.328000,3.9209582665751124,4.726634622720684
12.330000,3.81353475242237,4.516670481422141
12.332000,3.9551384756237127,4.707103074692912
12.334000,3.637750820172427,4.628976882581827
12.336000,3.5205615320057984,4.365300984206912
12.338000,3.393606469825284,4.487373159380484
12.340000,3.3838406958113985,4.726634622720684
12.342000,3.535210193026627,4.3750667582207985
12.344000,3.432669565880827,4.184634164950027
12.346000,3.6523994811932554,4.204165712977798
12.348000,3.4082551308461126,4.165102616922256
12.350000,3.7500572213321126,4.516670481422141
12.352000,3.867246509498741,4.5557335774776835
12.354000,3.432669565880827,4.2578774700541695
12.356000,3.637750820172427,4.194399938963913
12.358000,3.7549401083390554,4.267643244068055
12.360000,3.530327306019684,4.174868390936141
12.362000,3.6963454642557414,4.697337300679027
12.364000,3.6231021591515984,4.721751735713741
12.366000,3.901426718547341,4.165102616922256
12.368000,3.818417639429313,4.184634164950027
12.370000,3.501029983978027,4.423895628290227
12.372000,3.3887235828183413,4.658274204623484
12.374000,3.40337224383917,4.331120775158312
12.376000,3.84771496147097,4.609445334554055
12.378000,3.569390402075227,4.331120775158312
12.380000,3.6816968032349124,4.663157091630427
12.382000,3.4912642099641413,4.628976882581827
12.384000,3.5938048371099414,4.423895628290227
12.386000,3.6279850461585412,4.467841611352712
12.388000,3.6572823682001983,4.580148012512398
12.390000,3.735408560311284,4.267643244068055
12.392000,3.8525978484779126,4.721751735713741
12.394000,3.7256427862973984,4.292057679102769
12.396000,3.706111238269627,4.5264362554360265
12.398000,3.5449759670405125,4.516670481422141
12.400000,3.569390402075227,4.150453955901427
12.402000,3.5205615320057984,4.218814373998627
12.404000,3.84771496147097,4.272526131074998
12.406000,3.4570840009155415,4.233463035019455
12.408000,3.5107957579919127,4.624093995574883
12.410000,3.7451743343251698,4.204165712977798
12.412000,3.740291447318227,4.487373159380484
12.414000,3.774471656366827,4.550850690470741
12.416000,3.764705882352941,4.521553368429084
12.418000,3.8525978484779126,4.233463035019455
12.420000,3.6231021591515984,4.467841611352712
12.422000,3.60845349813077,4.565499351491569
12.424000,3.9600213626306555,4.511787594415198
12.426000,3.6231021591515984,4.277409018081941
12.428000,3.837949187457084,4.7315175097276265
12.430000,3.8623636224917983,4.350652323186083
12.432000,3.9160753795681695,4.541084916456855
12.434000,3.945372701609827,4.331120775158312
12.436000,3.569390402075227,4.301823453116655
12.438000,3.43755245288777,4.4043640802624555
12.440000,3.4082551308461126,4.409246967269398
12.442000,3.803768978408484,4.506904707408255
12.444000,3.50591287098497,4.638742656595713
12.446000,3.5400930800335697,4.609445334554055
12.448000,3.554741741054398,4.458075837338827
12.450000,3.6133363851377127,4.6143282215609975
12.452000,3.501029983978027,4.682688639658198
12.454000,3.466849774929427,4.4336614023041125
12.456000,3.769588769359884,4.5557335774776835
12.458000,3.5107957579919127,4.4336614023041125
12.460000,3.6133363851377127,4.336003662165255
12.462000,3.8525978484779126,4.453192950331884
12.464000,3.867246509498741,4.3164721141374836
12.466000,3.867246509498741,4.61921110856794
12.468000,3.706111238269627,4.458075837338827
12.470000,3.7793545433737696,4.282291905088884
12.472000,3.579156176089113,4.599679560540169
12.474000,3.764705882352941,4.7315175097276265
12.476000,3.43755245288777,4.492256046387427
12.478000,3.632867933165484,4.243228809033341
12.480000,3.5889219501029985,4.331120775158312
12.482000,3.9893186846723125,4.292057679102769
12.484000,3.8233005264362556,4.4043640802624555
12.486000,3.496147096971084,4.6729228656443125
12.488000,3.432669565880827,4.536202029449912
12.490000,3.901426718547341,4.570382238498512
12.492000,3.764705882352941,4.2871747920958265
12.494000,3.7842374303807125,4.726634622720684
12.496000,3.867246509498741,4.687571526665141
12.498000,3.9844357976653697,4.3750667582207985
12.500000,3.5449759670405125,4.604562447547112
12.502000,3.8233005264362556,4.22369726100557
12.504000,3.6963454642557414,4.511787594415198
12.506000,3.432669565880827,4.39459830624857
12.508000,3.935606927595941,4.184634164950027
12.510000,3.769588769359884,4.419012741283284
12.512000,3.535210193026627,4.687571526665141
12.514000,3.476615548943313,4.360418097199969
12.516000,3.84771496147097,4.204165712977798
12.518000,3.969787136644541,4.599679560540169
12.520000,3.9551384756237127,4.589913786526283
12.522000,3.9111924925612267,4.506904707408255
12.524000,3.7598229953459983,4.506904707408255
12.526000,3.447318226901656,4.18951705195697
12.528000,3.999084458686198,4.345769436179141
12.530000,3.57427328908217,4.697337300679027
12.532000,3.5205615320057984,4.18951705195697
12.534000,3.5840390630960557,4.306706340123598
12.536000,3.6914625772487986,4.5264362554360265
12.538000,3.6182192721446556,4.233463035019455
12.540000,3.5498588540474554,4.624093995574883
12.542000,3.7793545433737696,4.61921110856794
12.544000,3.896543831540398,4.751049057755398
12.546000,3.945372701609827,4.736400396734569
12.548000,3.9844357976653697,4.194399938963913
12.550000,3.4619668879224843,4.448310063324941
12.552000,3.57427328908217,4.741283283741512
12.554000,3.632867933165484,4.697337300679027
12.556000,3.6231021591515984,4.497138933394369
12.558000,3.901426718547341,4.580148012512398
12.560000,3.9942015716792554,4.252994583047227
12.562000,3.50591287098497,4.3164721141374836
12.564000,4.01861600671397,4.624093995574883
12.566000,3.7891203173876553,4.321355001144426
12.568000,3.7256427862973984,4.296940566109712
12.570000,3.7158770122835127,4.399481193255513
12.572000,3.769588769359884,4.492256046387427
12.574000,3.5840390630960557,4.63385976958877
12.576000,3.6279850461585412,4.218814373998627
12.578000,3.47173266193637,4.741283283741512
12.580000,3.9844357976653697,4.677805752651255
12.582000,3.637750820172427,4.770580605783169
12.584000,3.7891203173876553,4.272526131074998
12.586000,3.569390402075227,4.39459830624857
12.588000,3.9160753795681695,4.516670481422141
12.590000,3.9160753795681695,4.365300984206912
12.592000,3.8233005264362556,4.63385976958877
12.594000,3.8574807354848555,4.365300984206912
12.596000,3.554741741054398,4.487373159380484
12.598000,3.442435339894713,4.384832532234684
12.600000,3.60845349813077,4.541084916456855
12.602000,3.5205615320057984,4.46295872434577
12.604000,3.6279850461585412,4.4336614023041125
12.606000,3.7842374303807125,4.589913786526283
12.608000,3.7305256733043413,4.453192950331884
12.610000,3.525444419012741,4.340886549172198
12.612000,3.5449759670405125,4.3164721141374836
12.614000,3.8623636224917983,4.6436255436026554
12.616000,3.9209582665751124,4.736400396734569
12.618000,4.003967345693141,4.682688639658198
12.620000,3.95025558861677,4.39459830624857
12.622000,3.5449759670405125,4.711985961699855
12.624000,3.71099412527657,4.384832532234684
12.626000,3.8867780575265125,4.213931486991684
12.628000,3.60845349813077,4.321355001144426
12.630000,3.4570840009155415,4.326237888151369
12.632000,3.999084458686198,4.6436255436026554
12.634000,3.8233005264362556,4.6143282215609975
12.636000,3.906309605554284,4.663157091630427
12.638000,3.8916609445334553,4.3164721141374836
12.640000,3.632867933165484,4.277409018081941
12.642000,3.559624628061341,4.697337300679027
12.644000,3.501029983978027,4.340886549172198
12.646000,3.579156176089113,4.653391317616541
12.648000,3.554741741054398,4.5557335774776835
12.650000,3.8281834134431985,4.262760357061112
12.652000,3.5645075150682843,4.736400396734569
12.654000,3.5449759670405125,4.721751735713741
12.656000,3.5156786449988555,4.6729228656443125
12.658000,3.8525978484779126,4.438544289311055
12.660000,3.7793545433737696,4.248111696040284
12.662000,3.6279850461585412,4.296940566109712
12.664000,3.9942015716792554,4.46295872434577
12.666000,3.999084458686198,4.46295872434577
12.668000,3.5205615320057984,4.360418097199969
12.670000,3.50591287098497,4.575265125505455
12.672000,3.6279850461585412,4.794995040817883
12.674000,4.033264667734798,4.599679560540169
12.676000,4.038147554741741,4.350652323186083
12.678000,3.535210193026627,4.516670481422141
12.680000,3.7012283512626842,4.419012741283284
12.682000,3.5107957579919127,4.252994583047227
12.684000,3.764705882352941,4.497138933394369
12.686000,3.554741741054398,4.409246967269398
12.688000,3.945372701609827,4.726634622720684
12.690000,3.803768978408484,4.4336614023041125
12.692000,3.6279850461585412,4.550850690470741
12.694000,3.84771496147097,4.765697718776226
12.696000,3.530327306019684,4.326237888151369
12.698000,3.8233005264362556,4.243228809033341
12.700000,3.7451743343251698,4.687571526665141
12.702000,3.5107957579919127,4.638742656595713
12.704000,3.637750820172427,4.570382238498512
12.706000,3.9893186846723125,4.658274204623484
12.708000,3.4863813229571985,4.721751735713741
12.710000,3.979552910658427,4.252994583047227
12.712000,3.8330663004501413,4.292057679102769
12.714000,3.930724040588998,4.589913786526283
12.716000,3.6768139162279696,4.628976882581827
12.718000,3.9160753795681695,4.707103074692912
12.720000,3.5449759670405125,4.248111696040284
12.722000,3.5889219501029985,4.819409475852598
12.724000,3.84771496147097,4.487373159380484
12.726000,3.50591287098497,4.721751735713741
12.728000,3.9942015716792554,4.423895628290227
12.730000,4.062561989776455,4.790112153810941
12.732000,3.9844357976653697,4.560616464484626
12.734000,3.7012283512626842,4.697337300679027
12.736000,3.842832074464027,4.443427176317998
12.738000,4.067444876783398,4.296940566109712
12.740000,3.706111238269627,4.790112153810941
12.742000,4.038147554741741,4.819409475852598
12.744000,3.6523994811932554,4.599679560540169
12.746000,3.945372701609827,4.63385976958877
12.748000,3.5938048371099414,4.42877851529717
12.750000,3.8623636224917983,4.467841611352712
12.752000,3.5156786449988555,4.609445334554055
12.754000,4.038147554741741,4.438544289311055
12.756000,3.8867780575265125,4.677805752651255
12.758000,3.8867780575265125,4.677805752651255
12.760000,4.01861600671397,4.82429236285954
12.762000,4.0820935378042265,4.580148012512398
12.764000,3.5938048371099414,4.267643244068055
12.766000,3.95025558861677,4.663157091630427
12.768000,4.043030441748684,4.516670481422141
12.770000,3.5107957579919127,4.7608148317692836
12.772000,3.525444419012741,4.663157091630427
12.774000,3.5449759670405125,4.477607385366598
12.776000,3.71099412527657,4.4336614023041125
12.778000,4.01861600671397,4.355535210193026
12.780000,3.7305256733043413,4.575265125505455
12.782000,3.9209582665751124,4.663157091630427
12.784000,4.0820935378042265,4.648508430609598
12.786000,3.9942015716792554,4.531319142442969
12.788000,3.7305256733043413,4.716868848706798
12.790000,3.9600213626306555,4.848706797894255
12.792000,3.6719310292210268,4.252994583047227
12.794000,3.6279850461585412,4.492256046387427
12.796000,3.667048142214084,4.272526131074998
12.798000,3.632867933165484,4.770580605783169
12.800000,3.71099412527657,4.765697718776226
12.802000,3.7451743343251698,4.321355001144426
12.804000,4.086976424811169,4.61921110856794
12.806000,3.6182192721446556,4.814526588845655
12.808000,3.603570611123827,4.570382238498512
12.810000,3.794003204394598,4.345769436179141
12.812000,3.662165255207141,4.707103074692912
12.814000,3.50591287098497,4.785229266803998
12.816000,3.935606927595941,4.277409018081941
12.818000,3.872129396505684,4.5850308995193405
12.820000,3.906309605554284,4.355535210193026
12.822000,3.999084458686198,4.5850308995193405
12.824000,3.872129396505684,4.3164721141374836
12.826000,4.062561989776455,4.834058136873426
12.828000,4.047913328755627,4.599679560540169
12.830000,4.013733119707027,4.365300984206912
12.832000,3.7451743343251698,4.4336614023041125
12.834000,3.5889219501029985,4.848706797894255
12.836000,3.50591287098497,4.492256046387427
12.838000,3.6719310292210268,4.7315175097276265
12.840000,3.769588769359884,4.438544289311055
12.842000,3.930724040588998,4.624093995574883
12.844000,4.101625085831998,4.638742656595713
12.846000,3.940489814602884,4.63385976958877
12.848000,3.794003204394598,4.472724498359655
12.850000,3.896543831540398,4.682688639658198
12.852000,3.6914625772487986,4.736400396734569
12.854000,3.7598229953459983,4.751049057755398
12.856000,3.9844357976653697,4.677805752651255
12.858000,3.5205615320057984,4.716868848706798
12.860000,3.9209582665751124,4.843823910887312
12.862000,4.057679102769512,4.3164721141374836
12.864000,4.086976424811169,4.423895628290227
12.866000,4.062561989776455,4.658274204623484
12.868000,4.01861600671397,4.311589227130541
12.870000,3.81353475242237,4.653391317616541
12.872000,3.6914625772487986,4.541084916456855
12.874000,3.6572823682001983,4.61921110856794
12.876000,3.901426718547341,4.350652323186083
12.878000,3.6231021591515984,4.345769436179141
12.880000,4.033264667734798,4.873121232928969
12.882000,4.0820935378042265,4.340886549172198
12.884000,4.096742198825055,4.746166170748455
12.886000,3.7012283512626842,4.726634622720684
12.888000,3.60845349813077,4.282291905088884
12.890000,3.535210193026627,4.492256046387427
12.892000,3.6133363851377127,4.775463492790112
12.894000,4.01861600671397,4.609445334554055
12.896000,3.7305256733043413,4.326237888151369
12.898000,3.569390402075227,4.458075837338827
12.900000,3.6231021591515984,4.848706797894255
12.902000,3.6523994811932554,4.716868848706798
12.904000,3.6914625772487986,4.653391317616541
12.906000,3.8086518654154267,4.3750667582207985
12.908000,3.667048142214084,4.594796673533226
12.910000,4.062561989776455,4.360418097199969
12.912000,4.057679102769512,4.399481193255513
12.914000,3.632867933165484,4.882887006942855
12.916000,3.6865796902418553,4.658274204623484
12.918000,3.774471656366827,4.809643701838712
12.920000,3.7891203173876553,4.326237888151369
12.922000,3.6426337071793697,4.516670481422141
12.924000,3.999084458686198,4.326237888151369
12.926000,3.6475165941863126,4.355535210193026
12.928000,3.71099412527657,4.790112153810941
12.930000,3.9209582665751124,4.39459830624857
12.932000,3.842832074464027,4.658274204623484
12.934000,4.0820935378042265,4.790112153810941
12.936000,3.740291447318227,4.414129854276341
12.938000,3.81353475242237,4.570382238498512
12.940000,3.935606927595941,4.492256046387427
12.942000,3.84771496147097,4.848706797894255
12.944000,4.121156633859769,4.838941023880369
12.946000,3.945372701609827,4.663157091630427
12.948000,3.969787136644541,4.311589227130541
12.950000,4.01861600671397,4.42877851529717
12.952000,4.023498893720912,4.692454413672084
12.954000,3.769588769359884,4.565499351491569
12.956000,4.086976424811169,4.794995040817883
12.958000,3.974670023651484,4.765697718776226
12.960000,4.101625085831998,4.521553368429084
12.962000,3.71099412527657,4.624093995574883
12.964000,3.7598229953459983,4.85847257190814
12.966000,3.6963454642557414,4.448310063324941
12.968000,4.052796215762569,4.536202029449912
12.970000,4.096742198825055,4.687571526665141
12.972000,3.999084458686198,4.521553368429084
12.974000,4.067444876783398,4.487373159380484
12.976000,4.130922407873656,4.829175249866483
12.978000,3.8233005264362556,4.448310063324941
12.980000,3.9893186846723125,4.897535667963684
12.982000,3.979552910658427,4.511787594415198
12.984000,4.043030441748684,4.521553368429084
12.986000,3.6231021591515984,4.438544289311055
12.988000,4.047913328755627,4.663157091630427
12.990000,3.7500572213321126,4.39459830624857
12.992000,4.028381780727855,4.521553368429084
12.994000,3.735408560311284,4.721751735713741
12.996000,3.5938048371099414,4.340886549172198
12.998000,3.569390402075227,4.785229266803998
13.000000,3.8867780575265125,4.39459830624857
13.002000,3.667048142214084,4.829175249866483
13.004000,3.6914625772487986,4.741283283741512
13.006000,4.1113908598458835,4.682688639658198
13.008000,3.6279850461585412,4.707103074692912
13.010000,3.6475165941863126,4.419012741283284
13.012000,3.940489814602884,4.799877927824826
13.014000,3.877012283512627,4.521553368429084
13.016000,3.8330663004501413,4.628976882581827
13.018000,3.925841153582055,4.550850690470741
13.020000,3.974670023651484,4.360418097199969
13.022000,3.5889219501029985,4.502021820401312
13.024000,4.052796215762569,4.4336614023041125
13.026000,3.969787136644541,4.882887006942855
13.028000,4.106507972838941,4.560616464484626
13.030000,3.6914625772487986,4.82429236285954
13.032000,3.945372701609827,4.4336614023041125
13.034000,3.740291447318227,4.531319142442969
13.036000,3.979552910658427,4.775463492790112
13.038000,4.047913328755627,4.755931944762341
13.040000,3.5938048371099414,4.648508430609598
13.042000,3.598687724116884,4.785229266803998
13.044000,3.9600213626306555,4.360418097199969
13.046000,4.047913328755627,4.829175249866483
13.048000,3.603570611123827,4.497138933394369
13.050000,3.974670023651484,4.7315175097276265
13.052000,3.9209582665751124,4.497138933394369
13.054000,3.6279850461585412,4.868238345922026
13.056000,3.7842374303807125,4.384832532234684
13.058000,3.598687724116884,4.721751735713741
13.060000,3.6133363851377127,4.746166170748455
13.062000,4.121156633859769,4.492256046387427
13.064000,3.969787136644541,4.3750667582207985
13.066000,4.106507972838941,4.5264362554360265
13.068000,3.9893186846723125,4.423895628290227
13.070000,4.052796215762569,4.345769436179141
13.072000,4.062561989776455,4.721751735713741
13.074000,3.6572823682001983,4.570382238498512
13.076000,4.126039520866713,4.682688639658198
13.078000,3.7012283512626842,4.336003662165255
13.080000,3.837949187457084,4.6729228656443125
13.082000,4.077210650797284,4.843823910887312
13.084000,3.872129396505684,4.653391317616541
13.086000,4.077210650797284,4.384832532234684
13.088000,3.6719310292210268,4.370183871213855
13.090000,3.9942015716792554,4.472724498359655
13.092000,3.9551384756237127,4.887769893949798
13.094000,3.837949187457084,4.648508430609598
13.096000,3.945372701609827,4.4043640802624555
13.098000,3.774471656366827,4.379949645227741
13.100000,3.9844357976653697,4.843823910887312
13.102000,3.7842374303807125,4.6143282215609975
13.104000,4.1113908598458835,4.848706797894255
13.106000,3.5938048371099414,4.609445334554055
13.108000,3.8574807354848555,4.648508430609598
13.110000,3.95025558861677,4.653391317616541
13.112000,4.033264667734798,4.3750667582207985
13.114000,3.7158770122835127,4.751049057755398
13.116000,3.769588769359884,4.580148012512398
13.118000,4.047913328755627,4.682688639658198
13.120000,3.8233005264362556,4.848706797894255
13.122000,3.9209582665751124,4.384832532234684
13.124000,3.935606927595941,4.5557335774776835
13.126000,3.6914625772487986,4.66803997863737
13.128000,4.1113908598458835,4.570382238498512
13.130000,3.9209582665751124,4.873121232928969
13.132000,4.165102616922256,4.365300984206912
13.134000,3.60845349813077,4.63385976958877
13.136000,3.6572823682001983,4.82429236285954
13.138000,4.165102616922256,4.575265125505455
13.140000,3.7305256733043413,4.511787594415198
13.142000,3.60845349813077,4.707103074692912
13.144000,3.945372701609827,4.497138933394369
13.146000,3.9844357976653697,4.946364538033112
13.148000,4.0820935378042265,4.785229266803998
13.150000,3.945372701609827,4.687571526665141
13.152000,3.9649042496375984,4.350652323186083
13.154000,3.740291447318227,4.7315175097276265
13.156000,4.091859311818112,4.677805752651255
13.158000,4.038147554741741,4.838941023880369
13.160000,3.735408560311284,4.794995040817883
13.162000,3.740291447318227,4.409246967269398
13.164000,4.0820935378042265,4.487373159380484
13.166000,3.9649042496375984,4.399481193255513
13.168000,4.057679102769512,4.917067215991455
13.170000,4.130922407873656,4.736400396734569
13.172000,3.6523994811932554,4.677805752651255
13.174000,3.9649042496375984,4.956130312046998
13.176000,4.179751277943084,4.589913786526283
13.178000,3.9600213626306555,4.736400396734569
13.180000,4.043030441748684,4.755931944762341
13.182000,3.667048142214084,4.85847257190814
13.184000,4.086976424811169,4.8780041199359125
13.186000,3.603570611123827,4.594796673533226
13.188000,3.706111238269627,4.5557335774776835
13.190000,4.121156633859769,4.565499351491569
13.192000,4.145571068894484,4.873121232928969
13.194000,4.003967345693141,4.4043640802624555
13.196000,3.837949187457084,4.482490272373541
13.198000,3.60845349813077,4.834058136873426
13.200000,3.9209582665751124,4.653391317616541
13.202000,3.842832074464027,4.794995040817883
13.204000,4.077210650797284,4.545967803463798
13.206000,4.023498893720912,4.961013199053941
13.208000,3.769588769359884,4.682688639658198
13.210000,3.7158770122835127,4.658274204623484
13.212000,4.008850232700084,4.741283283741512
13.214000,3.803768978408484,4.770580605783169
13.216000,3.818417639429313,4.692454413672084
13.218000,4.062561989776455,4.892652780956741
13.220000,3.803768978408484,4.85847257190814
13.222000,3.8818951705195697,4.790112153810941
13.224000,3.901426718547341,4.46295872434577
13.226000,4.086976424811169,4.497138933394369
13.228000,4.057679102769512,4.379949645227741
13.230000,3.7793545433737696,4.7608148317692836
13.232000,3.896543831540398,4.6436255436026554
13.234000,4.047913328755627,4.472724498359655
13.236000,4.204165712977798,4.85847257190814
13.238000,4.067444876783398,4.61921110856794
13.240000,3.803768978408484,4.663157091630427
13.242000,3.7256427862973984,4.648508430609598
13.244000,3.6963454642557414,4.570382238498512
13.246000,3.84771496147097,4.917067215991455
13.248000,3.6279850461585412,4.936598764019227
13.250000,3.6572823682001983,4.746166170748455
13.252000,4.160219729915313,4.628976882581827
13.254000,3.9600213626306555,4.946364538033112
13.256000,4.213931486991684,4.892652780956741
13.258000,3.7500572213321126,4.941481651026169
13.260000,4.135805294880599,4.39459830624857
13.262000,3.999084458686198,4.541084916456855
13.264000,3.6816968032349124,4.751049057755398
13.266000,4.077210650797284,4.697337300679027
13.268000,3.7793545433737696,4.746166170748455
13.270000,3.872129396505684,4.7315175097276265
13.272000,3.81353475242237,4.902418554970627
13.274000,3.6426337071793697,4.677805752651255
13.276000,3.9551384756237127,4.829175249866483
13.278000,3.969787136644541,4.90730144197757
13.280000,3.6279850461585412,4.809643701838712
13.282000,3.7158770122835127,4.497138933394369
13.284000,3.8818951705195697,4.868238345922026
13.286000,3.877012283512627,4.809643701838712
13.288000,4.126039520866713,4.961013199053941
13.290000,3.7500572213321126,4.814526588845655
13.292000,3.9844357976653697,4.897535667963684
13.294000,3.901426718547341,4.838941023880369
13.296000,3.803768978408484,4.721751735713741
13.298000,3.667048142214084,4.63385976958877
13.300000,3.6816968032349124,4.697337300679027
13.302000,3.9209582665751124,4.628976882581827
13.304000,4.169985503929198,4.42877851529717
13.306000,4.126039520866713,4.726634622720684
13.308000,3.7793545433737696,4.472724498359655
13.310000,3.842832074464027,4.6729228656443125
13.312000,4.184634164950027,4.5850308995193405
13.314000,4.174868390936141,4.516670481422141
13.316000,3.8330663004501413,4.956130312046998
13.318000,3.8574807354848555,4.46295872434577
13.320000,4.135805294880599,4.531319142442969
13.322000,4.043030441748684,4.4043640802624555
13.324000,4.0820935378042265,4.628976882581827
13.326000,3.8086518654154267,4.848706797894255
13.328000,3.8525978484779126,4.755931944762341
13.330000,4.140688181887541,4.6436255436026554
13.332000,4.145571068894484,4.775463492790112
13.334000,4.174868390936141,4.550850690470741
13.336000,3.6865796902418553,4.541084916456855
13.338000,3.8281834134431985,4.804760814831769
13.340000,3.9111924925612267,4.4336614023041125
13.342000,3.842832074464027,4.467841611352712
13.344000,4.091859311818112,4.414129854276341
13.346000,4.15533684290837,4.580148012512398
13.348000,4.213931486991684,4.438544289311055
13.350000,4.218814373998627,4.90730144197757
13.352000,3.7891203173876553,4.541084916456855
13.354000,3.774471656366827,4.63385976958877
13.356000,4.238345922026398,4.90730144197757
13.358000,4.126039520866713,4.677805752651255
13.360000,3.6475165941863126,4.936598764019227
13.362000,4.218814373998627,4.5264362554360265
13.364000,4.140688181887541,4.604562447547112
13.366000,4.101625085831998,4.46295872434577
13.368000,3.8233005264362556,4.609445334554055
13.370000,4.184634164950027,4.931715877012284
13.372000,3.842832074464027,4.609445334554055
13.374000,3.8233005264362556,4.8535896849011975
13.376000,4.204165712977798,4.897535667963684
13.378000,3.774471656366827,4.497138933394369
13.380000,3.969787136644541,4.829175249866483
13.382000,4.165102616922256,4.467841611352712
13.384000,4.057679102769512,4.589913786526283
13.386000,3.6816968032349124,4.628976882581827
13.388000,4.209048599984741,4.804760814831769
13.390000,4.169985503929198,4.751049057755398
13.392000,3.8574807354848555,4.609445334554055
13.394000,4.213931486991684,4.692454413672084
13.396000,3.7891203173876553,4.5850308995193405
13.398000,3.8574807354848555,4.6436255436026554
13.400000,3.8916609445334553,4.467841611352712
13.402000,4.038147554741741,4.541084916456855
13.404000,4.18951705195697,4.458075837338827
13.406000,3.7451743343251698,4.917067215991455
13.408000,3.803768978408484,4.721751735713741
13.410000,4.135805294880599,4.682688639658198
13.412000,3.7891203173876553,4.804760814831769
13.414000,4.1992828259708554,4.785229266803998
13.416000,3.769588769359884,4.751049057755398
13.418000,3.7012283512626842,4.736400396734569
13.420000,3.6914625772487986,4.780346379797055
13.422000,3.940489814602884,4.61921110856794
13.424000,4.1992828259708554,4.790112153810941
13.426000,4.233463035019455,4.9707789730678265
13.428000,3.7500572213321126,4.682688639658198
13.430000,3.6865796902418553,4.502021820401312
13.432000,4.033264667734798,4.4336614023041125
13.434000,3.818417639429313,4.902418554970627
13.436000,3.735408560311284,4.819409475852598
13.438000,4.248111696040284,4.663157091630427
13.440000,4.233463035019455,4.834058136873426
13.442000,3.7500572213321126,4.975661860074769
13.444000,3.706111238269627,5.024490730144198
13.446000,3.7256427862973984,4.819409475852598
13.448000,3.798886091401541,4.9707789730678265
13.450000,4.15533684290837,4.7315175097276265
13.452000,4.135805294880599,4.843823910887312
13.454000,4.126039520866713,4.746166170748455
13.456000,4.01861600671397,4.550850690470741
13.458000,4.174868390936141,4.609445334554055
13.460000,4.028381780727855,4.438544289311055
13.462000,3.935606927595941,4.946364538033112
13.464000,4.043030441748684,4.66803997863737
13.466000,3.7451743343251698,4.887769893949798
13.468000,4.18951705195697,4.897535667963684
13.470000,4.277409018081941,5.024490730144198
13.472000,4.062561989776455,4.8535896849011975
13.474000,3.9111924925612267,4.638742656595713
13.476000,3.6963454642557414,4.502021820401312
13.478000,4.023498893720912,4.453192950331884
13.480000,4.057679102769512,4.453192950331884
13.482000,3.969787136644541,4.995193408102541
13.484000,3.925841153582055,4.589913786526283
13.486000,3.7207598992904556,4.707103074692912
13.488000,4.121156633859769,4.658274204623484
13.490000,3.740291447318227,4.6729228656443125
13.492000,3.969787136644541,4.751049057755398
13.494000,3.842832074464027,4.82429236285954
13.496000,3.95025558861677,4.628976882581827
13.498000,3.837949187457084,4.594796673533226
13.500000,4.209048599984741,4.663157091630427
13.502000,4.067444876783398,4.834058136873426
13.504000,3.9111924925612267,4.863355458915083
13.506000,3.9111924925612267,4.741283283741512
13.508000,4.277409018081941,4.829175249866483
13.510000,4.086976424811169,4.477607385366598
13.512000,4.101625085831998,4.677805752651255
13.514000,4.252994583047227,4.736400396734569
13.516000,3.794003204394598,4.9707789730678265
13.518000,4.204165712977798,5.014724956130312
13.520000,3.7500572213321126,4.521553368429084
13.522000,4.209048599984741,4.453192950331884
13.524000,4.072327763790341,4.892652780956741
13.526000,3.940489814602884,4.492256046387427
13.528000,4.038147554741741,4.819409475852598
13.530000,3.906309605554284,4.736400396734569
13.532000,4.204165712977798,4.848706797894255
13.534000,3.9551384756237127,4.458075837338827
13.536000,4.052796215762569,4.819409475852598
13.538000,4.033264667734798,4.5850308995193405
13.540000,4.121156633859769,4.7608148317692836
13.542000,4.184634164950027,4.809643701838712
13.544000,3.7305256733043413,4.589913786526283
13.546000,4.126039520866713,4.975661860074769
13.548000,3.81353475242237,4.707103074692912
13.550000,4.160219729915313,4.687571526665141
13.552000,4.194399938963913,4.638742656595713
13.554000,4.267643244068055,5.048905165178912
13.556000,4.169985503929198,4.90730144197757
13.558000,4.252994583047227,4.61921110856794
13.560000,4.233463035019455,5.024490730144198
13.562000,4.160219729915313,4.8535896849011975
13.564000,3.9209582665751124,4.575265125505455
13.566000,3.7549401083390554,4.575265125505455
13.568000,3.7891203173876553,4.545967803463798
13.570000,3.7598229953459983,4.677805752651255
13.572000,4.2285801480125125,5.024490730144198
13.574000,4.096742198825055,4.492256046387427
13.576000,4.18951705195697,4.809643701838712
13.578000,4.277409018081941,4.965896086060884
13.580000,4.008850232700084,4.497138933394369
13.582000,4.047913328755627,4.863355458915083
13.584000,3.979552910658427,4.7608148317692836
13.586000,4.18951705195697,4.5850308995193405
13.588000,4.038147554741741,5.009842069123369
13.590000,4.292057679102769,5.0000762951094835
13.592000,4.096742198825055,4.892652780956741
13.594000,3.999084458686198,4.497138933394369
13.596000,4.243228809033341,4.912184328984512
13.598000,3.9893186846723125,4.985427634088655
13.600000,3.877012283512627,4.936598764019227
13.602000,4.15533684290837,4.956130312046998
13.604000,3.7549401083390554,4.716868848706798
13.606000,4.2871747920958265,4.6729228656443125
13.608000,3.969787136644541,4.624093995574883
13.610000,4.008850232700084,4.565499351491569
13.612000,3.735408560311284,4.604562447547112
13.614000,3.842832074464027,4.604562447547112
13.616000,4.277409018081941,4.521553368429084
13.618000,4.047913328755627,4.804760814831769
13.620000,4.008850232700084,4.9707789730678265
13.622000,4.282291905088884,4.5557335774776835
13.624000,4.038147554741741,4.545967803463798
13.626000,3.8086518654154267,5.034256504158083
13.628000,4.213931486991684,4.707103074692912
13.630000,4.062561989776455,4.604562447547112
13.632000,4.1113908598458835,4.951247425040055
13.634000,4.296940566109712,4.770580605783169
13.636000,4.194399938963913,4.902418554970627
13.638000,4.1113908598458835,5.024490730144198
13.640000,4.204165712977798,4.975661860074769
13.642000,4.204165712977798,4.8535896849011975
13.644000,4.106507972838941,4.8535896849011975
13.646000,4.18951705195697,5.078202487220569
13.648000,4.116273746852826,4.609445334554055
13.650000,4.296940566109712,5.073319600213626
13.652000,3.740291447318227,4.746166170748455
13.654000,3.9160753795681695,4.917067215991455
13.656000,4.116273746852826,4.570382238498512
13.658000,3.7793545433737696,4.85847257190814
13.660000,4.008850232700084,4.775463492790112
13.662000,4.086976424811169,5.073319600213626
13.664000,3.930724040588998,4.61921110856794
13.666000,4.238345922026398,4.692454413672084
13.668000,3.9844357976653697,5.004959182116426
13.670000,4.22369726100557,4.936598764019227
13.672000,3.867246509498741,4.897535667963684
13.674000,3.7598229953459983,4.536202029449912
13.676000,3.764705882352941,4.653391317616541
13.678000,4.047913328755627,4.794995040817883
13.680000,3.95025558861677,4.995193408102541
13.682000,4.003967345693141,4.7608148317692836
13.684000,4.047913328755627,5.044022278171969
13.686000,4.204165712977798,5.024490730144198
13.688000,4.028381780727855,4.82429236285954
13.690000,3.896543831540398,4.785229266803998
13.692000,3.7451743343251698,4.902418554970627
13.694000,4.2578774700541695,4.746166170748455
13.696000,4.218814373998627,5.039139391165026
13.698000,3.837949187457084,4.711985961699855
13.700000,3.9111924925612267,4.638742656595713
13.702000,4.169985503929198,4.721751735713741
13.704000,3.974670023651484,5.078202487220569
13.706000,4.340886549172198,4.721751735713741
13.708000,4.311589227130541,4.7608148317692836
13.710000,4.262760357061112,4.956130312046998
13.712000,3.8867780575265125,4.90730144197757
13.714000,3.81353475242237,5.073319600213626
13.716000,3.8916609445334553,4.961013199053941
13.718000,3.8330663004501413,4.7608148317692836
13.720000,4.311589227130541,5.0293736171511405
13.722000,3.925841153582055,5.0293736171511405
13.724000,4.091859311818112,5.039139391165026
13.726000,4.262760357061112,4.697337300679027
13.728000,4.306706340123598,4.780346379797055
13.730000,3.930724040588998,4.834058136873426
13.732000,4.101625085831998,4.7608148317692836
13.734000,4.18951705195697,5.014724956130312
13.736000,3.9893186846723125,4.873121232928969
13.738000,3.8233005264362556,4.751049057755398
13.740000,4.277409018081941,4.921950102998398
13.742000,3.974670023651484,4.7022201876859695
13.744000,4.277409018081941,4.648508430609598
13.746000,4.169985503929198,4.82429236285954
13.748000,3.9600213626306555,4.941481651026169
13.750000,3.9942015716792554,4.902418554970627
13.752000,3.9551384756237127,4.785229266803998
13.754000,4.038147554741741,4.648508430609598
13.756000,3.8623636224917983,4.711985961699855
13.758000,3.896543831540398,4.521553368429084
13.760000,3.7598229953459983,4.677805752651255
13.762000,3.974670023651484,5.087968261234455
13.764000,4.023498893720912,4.716868848706798
13.766000,4.01861600671397,4.951247425040055
13.768000,4.2285801480125125,4.716868848706798
13.770000,4.067444876783398,4.589913786526283
13.772000,3.95025558861677,5.034256504158083
13.774000,4.209048599984741,4.687571526665141
13.776000,3.9160753795681695,4.995193408102541
13.778000,4.116273746852826,4.648508430609598
13.780000,4.301823453116655,5.009842069123369
13.782000,4.165102616922256,4.765697718776226
13.784000,3.9844357976653697,4.751049057755398
13.786000,4.194399938963913,5.107499809262226
13.788000,4.204165712977798,4.804760814831769
13.790000,4.2285801480125125,4.721751735713741
13.792000,4.1992828259708554,4.838941023880369
13.794000,3.794003204394598,4.912184328984512
13.796000,4.296940566109712,4.6143282215609975
13.798000,4.086976424811169,4.604562447547112
13.800000,4.033264667734798,4.897535667963684
13.802000,4.336003662165255,4.799877927824826
13.804000,4.150453955901427,4.5850308995193405
13.806000,4.292057679102769,4.677805752651255
13.808000,4.233463035019455,4.775463492790112
13.810000,4.277409018081941,4.609445334554055
13.812000,4.301823453116655,4.765697718776226
13.814000,3.9209582665751124,4.570382238498512
13.816000,3.877012283512627,4.85847257190814
13.818000,4.150453955901427,4.887769893949798
13.820000,3.818417639429313,4.580148012512398
13.822000,4.038147554741741,4.936598764019227
13.824000,3.877012283512627,4.638742656595713
13.826000,4.218814373998627,4.980544747081712
13.828000,4.267643244068055,4.726634622720684
13.830000,4.3164721141374836,4.961013199053941
13.832000,4.204165712977798,4.990310521095598
13.834000,4.282291905088884,4.785229266803998
13.836000,3.84771496147097,5.004959182116426
13.838000,4.252994583047227,4.765697718776226
13.840000,3.9111924925612267,5.107499809262226
13.842000,3.8818951705195697,4.765697718776226
13.844000,3.8867780575265125,4.560616464484626
13.846000,4.135805294880599,4.863355458915083
13.848000,3.945372701609827,4.90730144197757
13.850000,4.057679102769512,4.887769893949798
13.852000,4.340886549172198,4.663157091630427
13.854000,3.9893186846723125,5.112382696269169
13.856000,4.301823453116655,5.112382696269169
13.858000,4.072327763790341,4.770580605783169
13.860000,3.8525978484779126,4.902418554970627
13.862000,4.116273746852826,4.921950102998398
13.864000,3.974670023651484,5.0293736171511405
13.866000,3.95025558861677,4.550850690470741
13.868000,4.355535210193026,4.912184328984512
13.870000,4.1992828259708554,4.7608148317692836
13.872000,4.277409018081941,4.565499351491569
13.874000,4.350652323186083,4.624093995574883
13.876000,4.135805294880599,4.926832990005341
13.878000,3.9649042496375984,4.711985961699855
13.880000,4.15533684290837,4.570382238498512
13.882000,3.8525978484779126,4.838941023880369
13.884000,4.365300984206912,4.648508430609598
13.886000,4.243228809033341,4.917067215991455
13.888000,4.218814373998627,4.775463492790112
13.890000,4.370183871213855,4.980544747081712
13.892000,4.0820935378042265,4.550850690470741
13.894000,4.204165712977798,4.912184328984512
13.896000,4.028381780727855,4.912184328984512
13.898000,4.3750667582207985,4.7315175097276265
13.900000,3.935606927595941,4.882887006942855
13.902000,4.340886549172198,4.785229266803998
13.904000,3.901426718547341,4.594796673533226
13.906000,3.896543831540398,4.882887006942855
13.908000,4.262760357061112,4.765697718776226
13.910000,3.867246509498741,4.687571526665141
13.912000,4.101625085831998,4.580148012512398
13.914000,3.8818951705195697,5.073319600213626
13.916000,4.209048599984741,4.90730144197757
13.918000,3.8574807354848555,4.941481651026169
13.920000,3.81353475242237,5.009842069123369
13.922000,4.121156633859769,5.136797131303884
13.924000,4.15533684290837,5.053788052185855
13.926000,4.174868390936141,5.068436713206683
13.928000,4.096742198825055,5.009842069123369
13.930000,3.9942015716792554,4.775463492790112
13.932000,4.379949645227741,5.073319600213626
13.934000,4.3750667582207985,4.692454413672084
13.936000,3.9942015716792554,4.707103074692912
13.938000,4.126039520866713,5.083085374227512
13.940000,4.028381780727855,4.941481651026169
13.942000,4.39459830624857,5.102616922255283
13.944000,4.238345922026398,4.946364538033112
13.946000,4.262760357061112,4.755931944762341
13.948000,4.150453955901427,4.770580605783169
13.950000,4.3750667582207985,4.882887006942855
13.952000,4.126039520866713,4.663157091630427
13.954000,3.935606927595941,4.775463492790112
13.956000,4.4043640802624555,4.965896086060884
13.958000,4.326237888151369,4.653391317616541
13.960000,4.140688181887541,4.975661860074769
13.962000,4.038147554741741,4.751049057755398
13.964000,3.8330663004501413,4.599679560540169
13.966000,4.101625085831998,4.6436255436026554
13.968000,4.204165712977798,4.892652780956741
13.970000,4.033264667734798,4.765697718776226
13.972000,4.340886549172198,4.687571526665141
13.974000,4.384832532234684,4.770580605783169
13.976000,4.057679102769512,4.941481651026169
13.978000,4.331120775158312,4.863355458915083
13.980000,4.4043640802624555,4.941481651026169
13.982000,3.842832074464027,4.775463492790112
13.984000,4.028381780727855,4.848706797894255
13.986000,4.204165712977798,4.658274204623484
13.988000,3.906309605554284,4.809643701838712
13.990000,3.8574807354848555,5.048905165178912
13.992000,4.379949645227741,4.90730144197757
13.994000,4.321355001144426,4.751049057755398
13.996000,3.9893186846723125,5.1465629053177695
13.998000,4.008850232700084,5.122148470283054
14.000000,3.842832074464027,4.995193408102541
14.002000,4.22369726100557,4.697337300679027
14.004000,4.248111696040284,4.609445334554055
14.006000,3.979552910658427,4.624093995574883
14.008000,3.896543831540398,4.912184328984512
14.010000,4.399481193255513,4.594796673533226
14.012000,3.930724040588998,5.092851148241397
14.014000,3.9942015716792554,4.951247425040055
14.016000,3.842832074464027,4.7608148317692836
14.018000,3.9209582665751124,4.956130312046998
14.020000,4.077210650797284,4.66803997863737
14.022000,3.842832074464027,4.946364538033112
14.024000,4.067444876783398,4.785229266803998
14.026000,3.8623636224917983,4.8780041199359125
14.028000,4.072327763790341,4.9707789730678265
14.030000,4.077210650797284,5.127031357289998
14.032000,4.243228809033341,4.736400396734569
14.034000,3.877012283512627,5.073319600213626
14.036000,3.935606927595941,4.8780041199359125
14.038000,4.013733119707027,4.7315175097276265
14.040000,4.326237888151369,5.073319600213626
14.042000,3.974670023651484,4.961013199053941
14.044000,4.028381780727855,5.0586709391927975
14.046000,4.262760357061112,4.8780041199359125
14.048000,4.140688181887541,4.648508430609598
14.050000,4.267643244068055,4.663157091630427
14.052000,3.8818951705195697,4.799877927824826
14.054000,4.262760357061112,5.166094453345541
14.056000,3.9111924925612267,5.0586709391927975
14.058000,3.867246509498741,4.653391317616541
14.060000,3.8623636224917983,4.897535667963684
14.062000,4.379949645227741,5.185626001373312
14.064000,3.9942015716792554,4.912184328984512
14.066000,4.3750667582207985,4.882887006942855
14.068000,4.150453955901427,4.6436255436026554
14.070000,4.204165712977798,4.863355458915083
14.072000,4.3750667582207985,4.90730144197757
14.074000,4.169985503929198,4.599679560540169
14.076000,4.150453955901427,4.85847257190814
14.078000,4.160219729915313,4.936598764019227
14.080000,3.9209582665751124,4.63385976958877
14.082000,4.42877851529717,4.599679560540169
14.084000,4.033264667734798,5.034256504158083
14.086000,3.9893186846723125,5.044022278171969
14.088000,4.248111696040284,4.848706797894255
14.090000,4.135805294880599,4.829175249866483
14.092000,4.272526131074998,4.721751735713741
14.094000,3.896543831540398,4.931715877012284
14.096000,4.331120775158312,4.975661860074769
14.098000,3.896543831540398,4.965896086060884
14.100000,4.365300984206912,5.004959182116426
14.102000,4.370183871213855,5.117265583276112
14.104000,3.9111924925612267,4.956130312046998
14.106000,4.0820935378042265,5.156328679331655
14.108000,4.282291905088884,4.658274204623484
14.110000,3.9160753795681695,4.628976882581827
14.112000,4.243228809033341,4.716868848706798
14.114000,3.969787136644541,4.995193408102541
14.116000,3.979552910658427,4.7608148317692836
14.118000,4.384832532234684,4.834058136873426
14.120000,3.867246509498741,4.931715877012284
14.122000,4.272526131074998,4.956130312046998
14.124000,4.3750667582207985,5.0000762951094835
14.126000,4.0820935378042265,4.926832990005341
14.128000,4.326237888151369,4.8535896849011975
14.130000,4.013733119707027,4.951247425040055
14.132000,4.42877851529717,4.697337300679027
14.134000,4.238345922026398,5.048905165178912
14.136000,4.399481193255513,4.716868848706798
14.138000,4.365300984206912,4.814526588845655
14.140000,4.4336614023041125,4.961013199053941
14.142000,3.999084458686198,4.755931944762341
14.144000,4.062561989776455,4.902418554970627
14.146000,4.311589227130541,4.746166170748455
14.148000,3.9160753795681695,5.107499809262226
14.150000,4.204165712977798,4.7608148317692836
14.152000,4.2578774700541695,4.628976882581827
14.154000,4.370183871213855,4.66803997863737
14.156000,4.096742198825055,4.8535896849011975
14.158000,3.8916609445334553,4.941481651026169
14.160000,4.282291905088884,5.107499809262226
14.162000,4.233463035019455,5.024490730144198
14.164000,4.379949645227741,4.946364538033112
14.166000,3.9160753795681695,4.863355458915083
14.168000,4.414129854276341,4.961013199053941
14.170000,4.272526131074998,4.63385976958877
14.172000,4.130922407873656,5.073319600213626
14.174000,4.46295872434577,5.190508888380255
14.176000,4.379949645227741,4.721751735713741
14.178000,4.130922407873656,4.951247425040055
14.180000,3.935606927595941,4.863355458915083
14.182000,3.8818951705195697,4.63385976958877
14.184000,4.4043640802624555,4.624093995574883
14.186000,4.39459830624857,4.697337300679027
14.188000,4.399481193255513,4.90730144197757
14.190000,4.067444876783398,5.107499809262226
14.192000,4.365300984206912,4.741283283741512
14.194000,4.331120775158312,5.107499809262226
14.196000,4.140688181887541,5.166094453345541
14.198000,4.4043640802624555,5.200274662394141
14.200000,4.423895628290227,4.804760814831769
14.202000,4.077210650797284,4.843823910887312
14.204000,4.023498893720912,4.677805752651255
14.206000,4.126039520866713,4.946364538033112
14.208000,4.057679102769512,5.195391775387198
14.210000,4.277409018081941,4.985427634088655
14.212000,4.379949645227741,5.0293736171511405
14.214000,3.9160753795681695,5.200274662394141
14.216000,3.979552910658427,4.736400396734569
14.218000,4.3164721141374836,4.780346379797055
14.220000,4.443427176317998,4.882887006942855
14.222000,4.311589227130541,4.658274204623484
14.224000,4.2578774700541695,5.190508888380255
14.226000,4.472724498359655,4.751049057755398
14.228000,3.9551384756237127,4.775463492790112
14.230000,4.443427176317998,4.765697718776226
14.232000,4.2871747920958265,5.019607843137255
14.234000,3.901426718547341,4.834058136873426
14.236000,4.1992828259708554,5.078202487220569
14.238000,4.3750667582207985,5.024490730144198
14.240000,4.296940566109712,4.926832990005341
14.242000,4.096742198825055,4.921950102998398
14.244000,4.336003662165255,4.7608148317692836
14.246000,4.331120775158312,5.044022278171969
14.248000,3.901426718547341,5.131914244296941
14.250000,4.086976424811169,4.863355458915083
14.252000,3.9600213626306555,4.6729228656443125
14.254000,4.306706340123598,4.726634622720684
14.256000,4.487373159380484,4.9707789730678265
14.258000,4.443427176317998,4.785229266803998
14.260000,4.39459830624857,4.799877927824826
14.262000,4.482490272373541,4.980544747081712
14.264000,4.448310063324941,4.7022201876859695
14.266000,4.238345922026398,4.8780041199359125
14.268000,4.423895628290227,4.721751735713741
14.270000,3.906309605554284,5.0586709391927975
14.272000,4.218814373998627,4.834058136873426
14.274000,4.296940566109712,4.658274204623484
14.276000,4.306706340123598,4.775463492790112
14.278000,4.233463035019455,5.151445792324712
14.280000,4.487373159380484,4.90730144197757
14.282000,4.209048599984741,4.7315175097276265
14.284000,4.15533684290837,4.887769893949798
14.286000,4.2578774700541695,4.868238345922026
14.288000,4.160219729915313,4.770580605783169
14.290000,3.930724040588998,4.965896086060884
14.292000,3.930724040588998,4.6729228656443125
14.294000,4.345769436179141,4.794995040817883
14.296000,4.126039520866713,4.7022201876859695
14.298000,3.95025558861677,5.214923323414969
14.300000,4.336003662165255,4.809643701838712
14.302000,4.15533684290837,5.09773403524834
14.304000,4.174868390936141,5.068436713206683
14.306000,4.033264667734798,4.848706797894255
14.308000,3.979552910658427,4.912184328984512
14.310000,4.22369726100557,4.829175249866483
14.312000,4.492256046387427,4.780346379797055
14.314000,4.160219729915313,4.819409475852598
14.316000,4.028381780727855,5.053788052185855
14.318000,4.389715419241627,4.912184328984512
14.320000,3.969787136644541,4.6729228656443125
14.322000,3.999084458686198,4.941481651026169
14.324000,4.296940566109712,4.961013199053941
14.326000,4.384832532234684,5.185626001373312
14.328000,4.204165712977798,4.951247425040055
14.330000,3.9893186846723125,4.917067215991455
14.332000,4.46295872434577,5.112382696269169
14.334000,4.194399938963913,5.122148470283054
14.336000,4.384832532234684,5.117265583276112
14.338000,4.399481193255513,4.751049057755398
14.340000,4.511787594415198,4.873121232928969
14.342000,4.160219729915313,5.224689097428855
14.344000,4.248111696040284,5.131914244296941
14.346000,4.1113908598458835,4.7315175097276265
14.348000,4.306706340123598,4.951247425040055
14.350000,4.340886549172198,4.917067215991455
14.352000,4.472724498359655,4.926832990005341
14.354000,4.057679102769512,4.819409475852598
14.356000,4.145571068894484,5.078202487220569
14.358000,4.140688181887541,4.677805752651255
14.360000,4.448310063324941,5.102616922255283
14.362000,4.370183871213855,4.726634622720684
14.364000,3.930724040588998,4.809643701838712
14.366000,4.209048599984741,4.6729228656443125
14.368000,3.9649042496375984,4.780346379797055
14.370000,4.326237888151369,4.7022201876859695
14.372000,4.453192950331884,4.965896086060884
14.374000,4.46295872434577,5.249103532463569
14.376000,4.15533684290837,4.882887006942855
14.378000,4.487373159380484,5.151445792324712
14.380000,4.301823453116655,4.965896086060884
14.382000,4.277409018081941,5.112382696269169
14.384000,3.945372701609827,4.892652780956741
14.386000,4.365300984206912,5.161211566338598
14.388000,4.321355001144426,5.044022278171969
14.390000,4.292057679102769,4.9707789730678265
14.392000,4.116273746852826,5.117265583276112
14.394000,4.126039520866713,5.253986419470512
14.396000,4.047913328755627,4.90730144197757
14.398000,4.360418097199969,5.26863508049134
14.400000,4.5264362554360265,4.785229266803998
14.402000,4.209048599984741,4.90730144197757
14.404000,4.536202029449912,4.921950102998398
14.406000,4.282291905088884,5.185626001373312
14.408000,4.130922407873656,5.048905165178912
14.410000,4.160219729915313,4.82429236285954
14.412000,4.331120775158312,4.912184328984512
14.414000,4.321355001144426,4.692454413672084
14.416000,4.336003662165255,4.8535896849011975
14.418000,4.233463035019455,5.2051575494010835
14.420000,4.2578774700541695,4.892652780956741
14.422000,4.267643244068055,4.926832990005341
14.424000,4.360418097199969,5.283283741512169
14.426000,4.355535210193026,5.185626001373312
14.428000,4.130922407873656,5.224689097428855
14.430000,4.126039520866713,4.990310521095598
14.432000,4.169985503929198,4.965896086060884
14.434000,4.062561989776455,4.834058136873426
14.436000,4.096742198825055,5.087968261234455
14.438000,4.521553368429084,4.8780041199359125
14.440000,4.174868390936141,5.180743114366369
14.442000,4.043030441748684,4.765697718776226
14.444000,4.502021820401312,5.219806210421912
14.446000,4.531319142442969,4.829175249866483
14.448000,4.096742198825055,4.809643701838712
14.450000,4.409246967269398,5.263752193484398
14.452000,4.384832532234684,5.283283741512169
14.454000,4.043030441748684,4.775463492790112
14.456000,4.033264667734798,5.009842069123369
14.458000,3.9893186846723125,4.868238345922026
14.460000,4.477607385366598,4.995193408102541
14.462000,4.145571068894484,5.087968261234455
14.464000,4.091859311818112,4.892652780956741
14.466000,4.160219729915313,5.0293736171511405
14.468000,4.062561989776455,5.239337758449683
14.470000,4.2285801480125125,4.951247425040055
14.472000,4.3750667582207985,5.141680018310827
14.474000,4.0820935378042265,5.253986419470512
14.476000,4.116273746852826,5.131914244296941
14.478000,4.311589227130541,5.053788052185855
14.480000,4.165102616922256,5.083085374227512
14.482000,4.077210650797284,4.90730144197757
14.484000,4.331120775158312,5.102616922255283
14.486000,4.135805294880599,4.926832990005341
14.488000,4.477607385366598,5.214923323414969
14.490000,4.003967345693141,5.112382696269169
14.492000,3.9942015716792554,5.283283741512169
14.494000,4.389715419241627,5.180743114366369
14.496000,4.384832532234684,5.034256504158083
14.498000,4.419012741283284,5.2979324025329975
14.500000,4.550850690470741,5.161211566338598
14.502000,4.184634164950027,4.990310521095598
14.504000,4.331120775158312,5.117265583276112
14.506000,4.487373159380484,5.239337758449683
14.508000,4.067444876783398,5.122148470283054
14.510000,4.218814373998627,5.073319600213626
14.512000,4.384832532234684,5.112382696269169
14.514000,4.472724498359655,4.780346379797055
14.516000,4.106507972838941,5.039139391165026
14.518000,4.399481193255513,4.751049057755398
14.520000,4.126039520866713,4.751049057755398
14.522000,4.419012741283284,4.809643701838712
14.524000,4.365300984206912,4.7608148317692836
14.526000,4.18951705195697,5.0586709391927975
14.528000,4.033264667734798,4.995193408102541
14.530000,4.39459830624857,4.716868848706798
14.532000,4.282291905088884,5.258869306477455
14.534000,4.521553368429084,4.746166170748455
14.536000,4.3164721141374836,5.009842069123369
14.538000,4.497138933394369,4.751049057755398
14.540000,4.443427176317998,5.078202487220569
14.542000,4.135805294880599,4.7608148317692836
14.544000,4.086976424811169,5.249103532463569
14.546000,4.0820935378042265,4.799877927824826
14.548000,4.130922407873656,5.214923323414969
14.550000,4.043030441748684,4.985427634088655
14.552000,4.506904707408255,5.170977340352484
14.554000,4.306706340123598,5.117265583276112
14.556000,4.072327763790341,5.127031357289998
14.558000,3.9942015716792554,5.278400854505226
14.560000,4.506904707408255,5.288166628519112
14.562000,4.482490272373541,5.239337758449683
14.564000,4.160219729915313,4.755931944762341
14.566000,4.116273746852826,4.751049057755398
14.568000,4.1113908598458835,5.044022278171969
14.570000,4.1992828259708554,4.868238345922026
14.572000,4.521553368429084,4.897535667963684
14.574000,4.497138933394369,4.755931944762341
14.576000,4.497138933394369,4.9707789730678265
14.578000,4.028381780727855,4.746166170748455
14.580000,4.003967345693141,5.161211566338598
14.582000,4.008850232700084,4.746166170748455
14.584000,4.248111696040284,4.7608148317692836
14.586000,4.169985503929198,5.253986419470512
14.588000,4.4043640802624555,5.092851148241397
14.590000,4.22369726100557,4.765697718776226
14.592000,4.389715419241627,4.951247425040055
14.594000,4.130922407873656,5.083085374227512
14.596000,4.292057679102769,5.2979324025329975
14.598000,4.18951705195697,5.092851148241397
14.600000,4.18951705195697,5.151445792324712
14.602000,4.5264362554360265,4.7608148317692836
14.604000,4.5850308995193405,5.102616922255283
14.606000,4.492256046387427,5.273517967498283
14.608000,4.5264362554360265,5.273517967498283
14.610000,4.467841611352712,4.863355458915083
14.612000,4.326237888151369,5.0293736171511405
14.614000,4.589913786526283,5.09773403524834
14.616000,4.458075837338827,5.112382696269169
14.618000,4.165102616922256,4.912184328984512
14.620000,4.028381780727855,5.190508888380255
14.622000,4.028381780727855,5.019607843137255
14.624000,4.135805294880599,5.136797131303884
14.626000,4.233463035019455,5.322346837567712
14.628000,4.565499351491569,4.951247425040055
14.630000,4.096742198825055,4.834058136873426
14.632000,4.506904707408255,4.995193408102541
14.634000,4.248111696040284,5.244220645456626
14.636000,4.096742198825055,5.044022278171969
14.638000,4.438544289311055,4.887769893949798
14.640000,4.39459830624857,5.073319600213626
14.642000,4.023498893720912,5.278400854505226
14.644000,4.292057679102769,4.995193408102541
14.646000,4.218814373998627,4.897535667963684
14.648000,4.560616464484626,5.151445792324712
14.650000,4.0820935378042265,4.85847257190814
14.652000,4.409246967269398,4.775463492790112
14.654000,4.296940566109712,5.293049515526055
14.656000,4.311589227130541,4.917067215991455
14.658000,4.1113908598458835,5.122148470283054
14.660000,4.077210650797284,4.790112153810941
14.662000,4.355535210193026,5.004959182116426
14.664000,4.5264362554360265,5.151445792324712
14.666000,4.184634164950027,5.224689097428855
14.668000,4.121156633859769,5.278400854505226
14.670000,4.604562447547112,5.346761272602426
14.672000,4.4043640802624555,4.794995040817883
14.674000,4.536202029449912,4.775463492790112
14.676000,4.086976424811169,5.244220645456626
14.678000,4.277409018081941,4.956130312046998
14.680000,4.047913328755627,5.312581063553826
14.682000,4.565499351491569,5.122148470283054
14.684000,4.4043640802624555,5.014724956130312
14.686000,4.077210650797284,5.0293736171511405
14.688000,4.370183871213855,4.882887006942855
14.690000,4.550850690470741,5.293049515526055
14.692000,4.1113908598458835,5.312581063553826
14.694000,4.209048599984741,5.009842069123369
14.696000,4.39459830624857,5.317463950560769
14.698000,4.1992828259708554,5.253986419470512
14.700000,4.3164721141374836,5.185626001373312
14.702000,4.604562447547112,4.9707789730678265
14.704000,4.355535210193026,5.195391775387198
14.706000,4.516670481422141,5.014724956130312
14.708000,4.2871747920958265,4.790112153810941
14.710000,4.2871747920958265,5.06355382619974
14.712000,4.326237888151369,5.151445792324712
14.714000,4.096742198825055,5.0000762951094835
14.716000,4.472724498359655,5.2979324025329975
14.718000,4.140688181887541,5.0293736171511405
14.720000,4.453192950331884,5.346761272602426
14.722000,4.165102616922256,5.33699549858854
14.724000,4.541084916456855,5.249103532463569
14.726000,4.047913328755627,5.014724956130312
14.728000,4.365300984206912,4.90730144197757
14.730000,4.39459830624857,5.1758602273594265
14.732000,4.135805294880599,5.361409933623254
14.734000,4.5850308995193405,5.244220645456626
14.736000,4.145571068894484,4.941481651026169
14.738000,4.497138933394369,5.112382696269169
14.740000,4.072327763790341,5.0586709391927975
14.742000,4.311589227130541,5.161211566338598
14.744000,4.482490272373541,5.136797131303884
14.746000,4.409246967269398,4.8535896849011975
14.748000,4.262760357061112,5.034256504158083
14.750000,4.628976882581827,5.053788052185855
14.752000,4.204165712977798,5.136797131303884
14.754000,4.22369726100557,5.2051575494010835
14.756000,4.4336614023041125,5.127031357289998
14.758000,4.218814373998627,5.3565270466163115
14.760000,4.169985503929198,4.8535896849011975
14.762000,4.521553368429084,5.293049515526055
14.764000,4.6143282215609975,5.224689097428855
14.766000,4.052796215762569,4.82429236285954
14.768000,4.355535210193026,4.82429236285954
14.770000,4.067444876783398,5.273517967498283
14.772000,4.209048599984741,5.092851148241397
14.774000,4.360418097199969,4.780346379797055
14.776000,4.301823453116655,4.868238345922026
14.778000,4.467841611352712,4.931715877012284
14.780000,4.414129854276341,4.848706797894255
14.782000,4.399481193255513,5.048905165178912
14.784000,4.5557335774776835,5.200274662394141
14.786000,4.42877851529717,5.332112611581597
14.788000,4.46295872434577,4.902418554970627
14.790000,4.399481193255513,5.33699549858854
14.792000,4.238345922026398,5.210040436408026
14.794000,4.575265125505455,5.166094453345541
14.796000,4.204165712977798,4.814526588845655
14.798000,4.243228809033341,4.926832990005341
14.800000,4.467841611352712,5.346761272602426
14.802000,4.252994583047227,4.951247425040055
14.804000,4.052796215762569,5.170977340352484
14.806000,4.384832532234684,4.809643701838712
14.808000,4.272526131074998,4.85847257190814
14.810000,4.086976424811169,5.3272297245746545
14.812000,4.15533684290837,4.785229266803998
14.814000,4.072327763790341,5.122148470283054
14.816000,4.135805294880599,5.0000762951094835
14.818000,4.130922407873656,4.814526588845655
14.820000,4.482490272373541,5.156328679331655
14.822000,4.209048599984741,5.039139391165026
14.824000,4.506904707408255,5.1465629053177695
14.826000,4.194399938963913,4.843823910887312
14.828000,4.126039520866713,5.380941481651027
14.830000,4.550850690470741,5.1465629053177695
14.832000,4.062561989776455,4.936598764019227
14.834000,4.531319142442969,5.288166628519112
14.836000,4.565499351491569,4.965896086060884
14.838000,4.2871747920958265,5.102616922255283
14.840000,4.355535210193026,5.3272297245746545
14.842000,4.531319142442969,4.82429236285954
14.844000,4.321355001144426,4.912184328984512
14.846000,4.209048599984741,4.941481651026169
14.848000,4.072327763790341,4.926832990005341
14.850000,4.126039520866713,5.014724956130312
14.852000,4.140688181887541,5.278400854505226
14.854000,4.423895628290227,5.2979324025329975
14.856000,4.389715419241627,5.351644159609369
14.858000,4.448310063324941,4.829175249866483
14.860000,4.204165712977798,5.200274662394141
14.862000,4.301823453116655,5.244220645456626
14.864000,4.599679560540169,5.33699549858854
14.866000,4.61921110856794,4.873121232928969
14.868000,4.096742198825055,5.380941481651027
14.870000,4.506904707408255,5.092851148241397
14.872000,4.628976882581827,5.039139391165026
14.874000,4.296940566109712,5.0586709391927975
14.876000,4.336003662165255,5.307698176546883
14.878000,4.101625085831998,4.965896086060884
14.880000,4.370183871213855,5.083085374227512
14.882000,4.252994583047227,5.366292820630197
14.884000,4.086976424811169,5.283283741512169
14.886000,4.5557335774776835,5.3272297245746545
14.888000,4.599679560540169,5.039139391165026
14.890000,4.277409018081941,4.902418554970627
14.892000,4.66803997863737,4.961013199053941
14.894000,4.565499351491569,5.151445792324712
14.896000,4.648508430609598,5.009842069123369
14.898000,4.472724498359655,5.180743114366369
14.900000,4.389715419241627,4.941481651026169
14.902000,4.22369726100557,4.9707789730678265
14.904000,4.6436255436026554,4.848706797894255
14.906000,4.536202029449912,5.141680018310827
14.908000,4.6143282215609975,4.8780041199359125
14.910000,4.204165712977798,5.195391775387198
14.912000,4.545967803463798,5.283283741512169
14.914000,4.594796673533226,5.180743114366369
14.916000,4.165102616922256,5.2051575494010835
14.918000,4.658274204623484,5.112382696269169
14.920000,4.150453955901427,4.936598764019227
14.922000,4.63385976958877,5.307698176546883
14.924000,4.321355001144426,5.376058594644084
14.926000,4.560616464484626,4.965896086060884
14.928000,4.663157091630427,5.141680018310827
14.930000,4.296940566109712,5.151445792324712
14.932000,4.570382238498512,5.190508888380255
14.934000,4.3750667582207985,5.107499809262226
14.936000,4.658274204623484,5.346761272602426
14.938000,4.233463035019455,5.253986419470512
14.940000,4.160219729915313,4.941481651026169
14.942000,4.296940566109712,5.219806210421912
14.944000,4.1992828259708554,5.083085374227512
14.946000,4.277409018081941,5.420004577706569
14.948000,4.604562447547112,5.083085374227512
14.950000,4.130922407873656,5.395590142671855
14.952000,4.531319142442969,4.882887006942855
14.954000,4.340886549172198,4.956130312046998
14.956000,4.174868390936141,5.380941481651027
14.958000,4.653391317616541,4.951247425040055
14.960000,4.589913786526283,4.834058136873426
14.962000,4.541084916456855,5.390707255664912
14.964000,4.179751277943084,5.283283741512169
14.966000,4.624093995574883,4.838941023880369
14.968000,4.423895628290227,5.044022278171969
14.970000,4.423895628290227,4.848706797894255
14.972000,4.184634164950027,5.034256504158083
14.974000,4.126039520866713,5.385824368657969
14.976000,4.22369726100557,4.931715877012284
14.978000,4.467841611352712,5.131914244296941
14.980000,4.2285801480125125,4.995193408102541
14.982000,4.121156633859769,5.30281528953994
14.984000,4.350652323186083,5.044022278171969
14.986000,4.252994583047227,5.034256504158083
14.988000,4.4336614023041125,5.117265583276112
14.990000,4.545967803463798,4.946364538033112
14.992000,4.477607385366598,5.30281528953994
14.994000,4.692454413672084,5.166094453345541
14.996000,4.340886549172198,5.0000762951094835
14.998000,4.5850308995193405,4.85847257190814
15.000000,4.379949645227741,5.156328679331655
15.002000,4.589913786526283,5.039139391165026
15.004000,4.482490272373541,5.312581063553826
15.006000,4.5557335774776835,5.019607843137255
15.008000,4.419012741283284,5.014724956130312
15.010000,4.179751277943084,5.024490730144198
15.012000,4.663157091630427,5.0293736171511405
15.014000,4.516670481422141,5.317463950560769
15.016000,4.687571526665141,5.307698176546883
15.018000,4.262760357061112,5.395590142671855
15.020000,4.482490272373541,5.351644159609369
15.022000,4.487373159380484,4.951247425040055
15.024000,4.46295872434577,5.083085374227512
15.026000,4.492256046387427,5.434653238727398
15.028000,4.169985503929198,5.33699549858854
15.030000,4.42877851529717,4.843823910887312
15.032000,4.458075837338827,5.434653238727398
15.034000,4.448310063324941,5.014724956130312
15.036000,4.6436255436026554,5.361409933623254
15.038000,4.6143282215609975,5.400473029678798
15.040000,4.663157091630427,5.224689097428855
15.042000,4.472724498359655,5.078202487220569
15.044000,4.321355001144426,5.283283741512169
15.046000,4.545967803463798,4.897535667963684
15.048000,4.331120775158312,5.273517967498283
15.050000,4.521553368429084,5.161211566338598
15.052000,4.1113908598458835,5.073319600213626
15.054000,4.663157091630427,5.141680018310827
15.056000,4.174868390936141,5.439536125734341
15.058000,4.521553368429084,5.195391775387198
15.060000,4.3750667582207985,4.90730144197757
15.062000,4.252994583047227,5.234454871442741
15.064000,4.697337300679027,5.33699549858854
15.066000,4.560616464484626,5.024490730144198
15.068000,4.653391317616541,5.37117570763714
15.070000,4.46295872434577,4.995193408102541
15.072000,4.336003662165255,5.180743114366369
15.074000,4.248111696040284,5.136797131303884
15.076000,4.414129854276341,5.288166628519112
15.078000,4.5850308995193405,4.863355458915083
15.080000,4.5557335774776835,4.868238345922026
15.082000,4.209048599984741,5.112382696269169
15.084000,4.711985961699855,5.083085374227512
15.086000,4.61921110856794,5.258869306477455
15.088000,4.536202029449912,4.941481651026169
15.090000,4.39459830624857,5.141680018310827
15.092000,4.262760357061112,5.346761272602426
15.094000,4.697337300679027,5.439536125734341
15.096000,4.609445334554055,5.239337758449683
15.098000,4.545967803463798,5.200274662394141
15.100000,4.292057679102769,4.951247425040055
15.102000,4.209048599984741,5.429770351720455
15.104000,4.7022201876859695,5.4151216906996265
15.106000,4.453192950331884,4.917067215991455
15.108000,4.140688181887541,5.190508888380255
15.110000,4.350652323186083,5.014724956130312
15.112000,4.331120775158312,4.921950102998398
15.114000,4.560616464484626,5.317463950560769
15.116000,4.448310063324941,5.009842069123369
15.118000,4.4336614023041125,5.214923323414969
15.120000,4.169985503929198,4.882887006942855
15.122000,4.580148012512398,5.219806210421912
15.124000,4.135805294880599,5.312581063553826
15.126000,4.565499351491569,5.034256504158083
15.128000,4.423895628290227,5.249103532463569
15.130000,4.248111696040284,4.926832990005341
15.132000,4.331120775158312,4.941481651026169
15.134000,4.506904707408255,4.887769893949798
15.136000,4.140688181887541,4.985427634088655
15.138000,4.467841611352712,5.2051575494010835
15.140000,4.292057679102769,5.1465629053177695
15.142000,4.711985961699855,5.30281528953994
15.144000,4.516670481422141,5.400473029678798
15.146000,4.648508430609598,5.09773403524834
15.148000,4.292057679102769,5.087968261234455
15.150000,4.726634622720684,5.083085374227512
15.152000,4.184634164950027,5.083085374227512
15.154000,4.594796673533226,5.244220645456626
15.156000,4.682688639658198,5.26863508049134
15.158000,4.379949645227741,4.965896086060884
15.160000,4.438544289311055,5.1758602273594265
15.162000,4.360418097199969,5.273517967498283
15.164000,4.736400396734569,4.995193408102541
15.166000,4.145571068894484,5.346761272602426
15.168000,4.697337300679027,5.06355382619974
15.170000,4.5264362554360265,5.454184786755169
15.172000,4.267643244068055,5.341878385595483
15.174000,4.66803997863737,5.26863508049134
15.176000,4.277409018081941,5.376058594644084
15.178000,4.389715419241627,5.449301899748226
15.180000,4.409246967269398,4.990310521095598
15.182000,4.262760357061112,5.122148470283054
15.184000,4.5850308995193405,5.073319600213626
15.186000,4.184634164950027,4.90730144197757
15.188000,4.594796673533226,5.112382696269169
15.190000,4.628976882581827,5.151445792324712
15.192000,4.467841611352712,5.161211566338598
15.194000,4.63385976958877,5.361409933623254
15.196000,4.66803997863737,5.37117570763714
15.198000,4.272526131074998,5.3272297245746545
15.200000,4.331120775158312,5.33699549858854
15.202000,4.511787594415198,4.985427634088655
15.204000,4.448310063324941,5.37117570763714
15.206000,4.370183871213855,5.210040436408026
15.208000,4.658274204623484,5.449301899748226
15.210000,4.550850690470741,5.439536125734341
15.212000,4.160219729915313,4.985427634088655
15.214000,4.160219729915313,5.136797131303884
15.216000,4.277409018081941,5.2979324025329975
15.218000,4.5557335774776835,4.965896086060884
15.220000,4.746166170748455,5.346761272602426
15.222000,4.5264362554360265,5.078202487220569
15.224000,4.4043640802624555,5.06355382619974
15.226000,4.448310063324941,5.395590142671855
15.228000,4.282291905088884,5.170977340352484
15.230000,4.169985503929198,5.341878385595483
15.232000,4.687571526665141,5.219806210421912
15.234000,4.536202029449912,5.390707255664912
15.236000,4.4043640802624555,5.459067673762112
15.238000,4.521553368429084,4.995193408102541
15.240000,4.409246967269398,5.332112611581597
15.242000,4.336003662165255,5.200274662394141
15.244000,4.487373159380484,5.37117570763714
15.246000,4.272526131074998,5.122148470283054
15.248000,4.648508430609598,5.332112611581597
15.250000,4.741283283741512,5.4444190127412835
15.252000,4.6143282215609975,5.307698176546883
15.254000,4.443427176317998,4.990310521095598
15.256000,4.243228809033341,5.053788052185855
15.258000,4.624093995574883,5.4444190127412835
15.260000,4.721751735713741,5.293049515526055
15.262000,4.2578774700541695,5.449301899748226
15.264000,4.511787594415198,5.039139391165026
15.266000,4.370183871213855,5.131914244296941
15.268000,4.711985961699855,5.244220645456626
15.270000,4.545967803463798,5.253986419470512
15.272000,4.770580605783169,5.0586709391927975
15.274000,4.389715419241627,5.3272297245746545
15.276000,4.336003662165255,5.273517967498283
15.278000,4.39459830624857,5.229571984435798
15.280000,4.18951705195697,5.06355382619974
15.282000,4.628976882581827,5.039139391165026
15.284000,4.66803997863737,4.936598764019227
15.286000,4.687571526665141,5.312581063553826
15.288000,4.66803997863737,5.019607843137255
15.290000,4.438544289311055,5.434653238727398
15.292000,4.531319142442969,5.4737163347829405
15.294000,4.306706340123598,5.293049515526055
15.296000,4.42877851529717,5.4444190127412835
15.298000,4.6143282215609975,4.931715877012284
15.300000,4.536202029449912,4.975661860074769
15.302000,4.4336614023041125,5.0000762951094835
15.304000,4.66803997863737,4.985427634088655
15.306000,4.409246967269398,5.102616922255283
15.308000,4.248111696040284,5.024490730144198
15.310000,4.267643244068055,5.180743114366369
15.312000,4.482490272373541,5.2979324025329975
15.314000,4.350652323186083,5.307698176546883
15.316000,4.565499351491569,5.400473029678798
15.318000,4.3164721141374836,5.439536125734341
15.320000,4.658274204623484,5.180743114366369
15.322000,4.609445334554055,5.185626001373312
15.324000,4.443427176317998,5.4444190127412835
15.326000,4.638742656595713,5.283283741512169
15.328000,4.575265125505455,5.0000762951094835
15.330000,4.321355001144426,5.390707255664912
15.332000,4.63385976958877,4.931715877012284
15.334000,4.707103074692912,5.2051575494010835
15.336000,4.331120775158312,5.1758602273594265
15.338000,4.331120775158312,5.454184786755169
15.340000,4.5557335774776835,4.980544747081712
15.342000,4.785229266803998,5.463950560769055
15.344000,4.1992828259708554,5.3565270466163115
15.346000,4.282291905088884,5.288166628519112
15.348000,4.365300984206912,5.483482108796826
15.350000,4.716868848706798,5.522545204852369
15.352000,4.487373159380484,5.463950560769055
15.354000,4.292057679102769,4.961013199053941
15.356000,4.389715419241627,4.985427634088655
15.358000,4.311589227130541,5.395590142671855
15.360000,4.565499351491569,4.990310521095598
15.362000,4.5850308995193405,5.1758602273594265
15.364000,4.360418097199969,5.405355916685741
15.366000,4.638742656595713,5.214923323414969
15.368000,4.682688639658198,5.424887464713512
15.370000,4.331120775158312,5.400473029678798
15.372000,4.785229266803998,5.50789654383154
15.374000,4.370183871213855,4.946364538033112
15.376000,4.506904707408255,5.493247882810712
15.378000,4.42877851529717,5.073319600213626
15.380000,4.511787594415198,5.190508888380255
15.382000,4.238345922026398,5.2979324025329975
15.384000,4.521553368429084,5.517662317845426
15.386000,4.682688639658198,5.5030136568245975
15.388000,4.687571526665141,5.06355382619974
15.390000,4.716868848706798,5.166094453345541
15.392000,4.721751735713741,5.224689097428855
15.394000,4.345769436179141,5.219806210421912
15.396000,4.658274204623484,5.50789654383154
15.398000,4.63385976958877,5.141680018310827
15.400000,4.331120775158312,5.239337758449683
15.402000,4.243228809033341,5.009842069123369
15.404000,4.248111696040284,5.2051575494010835
15.406000,4.399481193255513,5.053788052185855
15.408000,4.272526131074998,5.068436713206683
15.410000,4.46295872434577,5.239337758449683
15.412000,4.653391317616541,5.141680018310827
15.414000,4.765697718776226,5.253986419470512
15.416000,4.624093995574883,5.312581063553826
15.418000,4.238345922026398,5.0293736171511405
15.420000,4.2578774700541695,5.493247882810712
15.422000,4.809643701838712,5.522545204852369
15.424000,4.248111696040284,5.219806210421912
15.426000,4.589913786526283,5.127031357289998
15.428000,4.46295872434577,4.975661860074769
15.430000,4.458075837338827,5.258869306477455
15.432000,4.389715419241627,5.048905165178912
15.434000,4.726634622720684,5.434653238727398
15.436000,4.46295872434577,5.083085374227512
15.438000,4.384832532234684,4.985427634088655
15.440000,4.248111696040284,4.956130312046998
15.442000,4.282291905088884,5.019607843137255
15.444000,4.22369726100557,5.376058594644084
15.446000,4.521553368429084,5.463950560769055
15.448000,4.746166170748455,5.131914244296941
15.450000,4.6436255436026554,5.214923323414969
15.452000,4.809643701838712,5.488364995803769
15.454000,4.6729228656443125,5.136797131303884
15.456000,4.248111696040284,5.4151216906996265
15.458000,4.7315175097276265,4.9707789730678265
15.460000,4.3164721141374836,5.3565270466163115
15.462000,4.4043640802624555,5.424887464713512
15.464000,4.252994583047227,4.995193408102541
15.466000,4.301823453116655,5.283283741512169
15.468000,4.340886549172198,4.965896086060884
15.470000,4.399481193255513,5.307698176546883
15.472000,4.682688639658198,5.166094453345541
15.474000,4.63385976958877,5.322346837567712
15.476000,4.252994583047227,5.3565270466163115
15.478000,4.677805752651255,5.551842526894026
15.480000,4.340886549172198,4.985427634088655
15.482000,4.233463035019455,5.210040436408026
15.484000,4.248111696040284,5.488364995803769
15.486000,4.345769436179141,5.263752193484398
15.488000,4.721751735713741,5.380941481651027
15.490000,4.453192950331884,5.288166628519112
15.492000,4.541084916456855,5.214923323414969
15.494000,4.716868848706798,5.053788052185855
15.496000,4.624093995574883,5.546959639887083
15.498000,4.711985961699855,5.439536125734341
15.500000,4.3750667582207985,5.307698176546883
15.502000,4.4336614023041125,5.556725413900969
15.504000,4.726634622720684,5.4151216906996265
15.506000,4.711985961699855,5.122148470283054
15.508000,4.365300984206912,5.156328679331655
15.510000,4.5557335774776835,5.332112611581597
15.512000,4.746166170748455,5.195391775387198
15.514000,4.5850308995193405,5.234454871442741
15.516000,4.46295872434577,5.351644159609369
15.518000,4.399481193255513,5.517662317845426
15.520000,4.5557335774776835,4.985427634088655
15.522000,4.262760357061112,5.293049515526055
15.524000,4.658274204623484,5.546959639887083
15.526000,4.384832532234684,5.537193865873197
15.528000,4.482490272373541,5.083085374227512
15.530000,4.370183871213855,5.463950560769055
15.532000,4.2578774700541695,5.376058594644084
15.534000,4.448310063324941,5.434653238727398
15.536000,4.809643701838712,5.141680018310827
15.538000,4.550850690470741,5.06355382619974
15.540000,4.580148012512398,5.478599221789883
15.542000,4.6143282215609975,5.366292820630197
15.544000,4.399481193255513,5.200274662394141
15.546000,4.521553368429084,5.37117570763714
15.548000,4.755931944762341,5.556725413900969
15.550000,4.755931944762341,5.09773403524834
15.552000,4.531319142442969,5.034256504158083
15.554000,4.311589227130541,5.263752193484398
15.556000,4.580148012512398,5.546959639887083
15.558000,4.741283283741512,5.420004577706569
15.560000,4.721751735713741,5.312581063553826
15.562000,4.311589227130541,5.366292820630197
15.564000,4.687571526665141,5.053788052185855
15.566000,4.331120775158312,5.4151216906996265
15.568000,4.267643244068055,5.2979324025329975
15.570000,4.42877851529717,5.06355382619974
15.572000,4.7022201876859695,5.229571984435798
15.574000,4.653391317616541,5.195391775387198
15.576000,4.829175249866483,5.366292820630197
15.578000,4.301823453116655,5.57625696192874
15.580000,4.804760814831769,5.395590142671855
15.582000,4.682688639658198,5.156328679331655
15.584000,4.336003662165255,5.434653238727398
15.586000,4.414129854276341,5.346761272602426
15.588000,4.624093995574883,5.048905165178912
15.590000,4.663157091630427,5.239337758449683
15.592000,4.511787594415198,5.253986419470512
15.594000,4.624093995574883,5.044022278171969
15.596000,4.340886549172198,5.4444190127412835
15.598000,4.511787594415198,5.54207675288014
15.600000,4.321355001144426,5.366292820630197
15.602000,4.272526131074998,5.493247882810712
15.604000,4.345769436179141,5.156328679331655
15.606000,4.419012741283284,5.136797131303884
15.608000,4.653391317616541,5.1758602273594265
15.610000,4.443427176317998,5.078202487220569
15.612000,4.687571526665141,5.380941481651027
15.614000,4.5850308995193405,5.214923323414969
15.616000,4.336003662165255,5.229571984435798
15.618000,4.599679560540169,5.556725413900969
15.620000,4.282291905088884,5.09773403524834
15.622000,4.7608148317692836,5.083085374227512
15.624000,4.321355001144426,5.4444190127412835
15.626000,4.438544289311055,5.449301899748226
15.628000,4.687571526665141,5.273517967498283
15.630000,4.780346379797055,5.424887464713512
15.632000,4.492256046387427,5.141680018310827
15.634000,4.843823910887312,5.4151216906996265
15.636000,4.707103074692912,5.400473029678798
15.638000,4.804760814831769,5.0586709391927975
15.640000,4.399481193255513,5.024490730144198
15.642000,4.487373159380484,5.3565270466163115
15.644000,4.282291905088884,5.449301899748226
15.646000,4.809643701838712,5.57625696192874
15.648000,4.39459830624857,5.571374074921797
15.650000,4.570382238498512,5.1758602273594265
15.652000,4.653391317616541,5.546959639887083
15.654000,4.409246967269398,5.210040436408026
15.656000,4.716868848706798,5.54207675288014
15.658000,4.331120775158312,5.009842069123369
15.660000,4.604562447547112,5.083085374227512
15.662000,4.8535896849011975,5.439536125734341
15.664000,4.389715419241627,5.332112611581597
15.666000,4.755931944762341,5.54207675288014
15.668000,4.3750667582207985,5.537193865873197
15.670000,4.848706797894255,5.014724956130312
15.672000,4.6729228656443125,5.0293736171511405
15.674000,4.843823910887312,5.385824368657969
15.676000,4.453192950331884,5.551842526894026
15.678000,4.46295872434577,5.498130769817655
15.680000,4.472724498359655,5.532310978866255
15.682000,4.848706797894255,5.166094453345541
15.684000,4.829175249866483,5.083085374227512
15.686000,4.7022201876859695,5.459067673762112
15.688000,4.550850690470741,5.527428091859312
15.690000,4.516670481422141,5.024490730144198
15.692000,4.5557335774776835,5.434653238727398
15.694000,4.4043640802624555,5.537193865873197
15.696000,4.326237888151369,5.170977340352484
15.698000,4.658274204623484,5.258869306477455
15.700000,4.736400396734569,5.161211566338598
15.702000,4.721751735713741,5.214923323414969
15.704000,4.3750667582207985,5.034256504158083
15.706000,4.340886549172198,5.190508888380255
15.708000,4.658274204623484,5.06355382619974
15.710000,4.3750667582207985,5.615320057984283
15.712000,4.624093995574883,5.102616922255283
15.714000,4.414129854276341,5.141680018310827
15.716000,4.887769893949798,5.410238803692684
15.718000,4.296940566109712,5.219806210421912
15.720000,4.5850308995193405,5.09773403524834
15.722000,4.85847257190814,5.459067673762112
15.724000,4.790112153810941,5.107499809262226
15.726000,4.838941023880369,5.234454871442741
15.728000,4.692454413672084,5.410238803692684
15.730000,4.8535896849011975,5.0293736171511405
15.732000,4.580148012512398,5.083085374227512
15.734000,4.550850690470741,5.4444190127412835
15.736000,4.311589227130541,5.185626001373312
15.738000,4.467841611352712,5.273517967498283
15.740000,4.751049057755398,5.161211566338598
15.742000,4.7315175097276265,5.527428091859312
15.744000,4.389715419241627,5.190508888380255
15.746000,4.887769893949798,5.200274662394141
15.748000,4.711985961699855,5.239337758449683
15.750000,4.785229266803998,5.26863508049134
15.752000,4.458075837338827,5.459067673762112
15.754000,4.863355458915083,5.54207675288014
15.756000,4.765697718776226,5.2979324025329975
15.758000,4.516670481422141,5.420004577706569
15.760000,4.785229266803998,5.322346837567712
15.762000,4.682688639658198,5.170977340352484
15.764000,4.868238345922026,5.517662317845426
15.766000,4.399481193255513,5.0586709391927975
15.768000,4.765697718776226,5.361409933623254
15.770000,4.550850690470741,5.395590142671855
15.772000,4.379949645227741,5.258869306477455
15.774000,4.46295872434577,5.605554283970397
15.776000,4.624093995574883,5.229571984435798
15.778000,4.531319142442969,5.293049515526055
15.780000,4.575265125505455,5.112382696269169
15.782000,4.707103074692912,5.33699549858854
15.784000,4.506904707408255,5.156328679331655
15.786000,4.882887006942855,5.57625696192874
15.788000,4.321355001144426,5.424887464713512
15.790000,4.726634622720684,5.341878385595483
15.792000,4.599679560540169,5.087968261234455
15.794000,4.331120775158312,5.288166628519112
15.796000,4.575265125505455,5.527428091859312
15.798000,4.873121232928969,5.376058594644084
15.800000,4.331120775158312,5.151445792324712
15.802000,4.7608148317692836,5.195391775387198
15.804000,4.785229266803998,5.385824368657969
15.806000,4.834058136873426,5.190508888380255
15.808000,4.443427176317998,5.566491187914854
15.810000,4.8535896849011975,5.253986419470512
15.812000,4.531319142442969,5.581139848935683
15.814000,4.345769436179141,5.33699549858854
15.816000,4.565499351491569,5.434653238727398
15.818000,4.902418554970627,5.131914244296941
15.820000,4.902418554970627,5.527428091859312
15.822000,4.326237888151369,5.6250858319981685
15.824000,4.804760814831769,5.219806210421912
15.826000,4.82429236285954,5.434653238727398
15.828000,4.863355458915083,5.37117570763714
15.830000,4.736400396734569,5.488364995803769
15.832000,4.682688639658198,5.073319600213626
15.834000,4.917067215991455,5.380941481651027
15.836000,4.604562447547112,5.586022735942626
15.838000,4.658274204623484,5.586022735942626
15.840000,4.892652780956741,5.06355382619974
15.842000,4.604562447547112,5.380941481651027
15.844000,4.448310063324941,5.429770351720455
15.846000,4.516670481422141,5.33699549858854
15.848000,4.565499351491569,5.468833447775998
15.850000,4.570382238498512,5.449301899748226
15.852000,4.7315175097276265,5.654383154039826
15.854000,4.487373159380484,5.263752193484398
15.856000,4.379949645227741,5.341878385595483
15.858000,4.443427176317998,5.54207675288014
15.860000,4.882887006942855,5.3272297245746545
15.862000,4.477607385366598,5.249103532463569
15.864000,4.594796673533226,5.3565270466163115
15.866000,4.472724498359655,5.322346837567712
15.868000,4.66803997863737,5.322346837567712
15.870000,4.502021820401312,5.26863508049134
15.872000,4.677805752651255,5.312581063553826
15.874000,4.575265125505455,5.239337758449683
15.876000,4.575265125505455,5.244220645456626
15.878000,4.799877927824826,5.586022735942626
15.880000,4.521553368429084,5.346761272602426
15.882000,4.355535210193026,5.239337758449683
15.884000,4.838941023880369,5.278400854505226
15.886000,4.545967803463798,5.214923323414969
15.888000,4.794995040817883,5.400473029678798
15.890000,4.692454413672084,5.420004577706569
15.892000,4.790112153810941,5.112382696269169
15.894000,4.541084916456855,5.2979324025329975
15.896000,4.7315175097276265,5.341878385595483
15.898000,4.931715877012284,5.468833447775998
15.900000,4.389715419241627,5.278400854505226
15.902000,4.85847257190814,5.288166628519112
15.904000,4.423895628290227,5.210040436408026
15.906000,4.609445334554055,5.459067673762112
15.908000,4.355535210193026,5.634851606012055
15.910000,4.7022201876859695,5.293049515526055
15.912000,4.545967803463798,5.478599221789883
15.914000,4.389715419241627,5.478599221789883
15.916000,4.843823910887312,5.09773403524834
15.918000,4.3750667582207985,5.4151216906996265
15.920000,4.6143282215609975,5.659266041046769
15.922000,4.941481651026169,5.3272297245746545
15.924000,4.521553368429084,5.634851606012055
15.926000,4.707103074692912,5.219806210421912
15.928000,4.658274204623484,5.307698176546883
15.930000,4.443427176317998,5.522545204852369
15.932000,4.790112153810941,5.551842526894026
15.934000,4.379949645227741,5.6495002670328835
15.936000,4.838941023880369,5.180743114366369
15.938000,4.785229266803998,5.351644159609369
15.940000,4.829175249866483,5.439536125734341
15.942000,4.8780041199359125,5.634851606012055
15.944000,4.848706797894255,5.390707255664912
15.946000,4.4336614023041125,5.2051575494010835
15.948000,4.7608148317692836,5.224689097428855
15.950000,4.39459830624857,5.351644159609369
15.952000,4.887769893949798,5.493247882810712
15.954000,4.790112153810941,5.405355916685741
15.956000,4.414129854276341,5.4444190127412835
15.958000,4.707103074692912,5.385824368657969
15.960000,4.628976882581827,5.239337758449683
15.962000,4.39459830624857,5.669031815060655
15.964000,4.882887006942855,5.669031815060655
15.966000,4.648508430609598,5.341878385595483
15.968000,4.926832990005341,5.366292820630197
15.970000,4.834058136873426,5.283283741512169
15.972000,4.4336614023041125,5.307698176546883
15.974000,4.7315175097276265,5.566491187914854
15.976000,4.531319142442969,5.522545204852369
15.978000,4.506904707408255,5.141680018310827
15.980000,4.389715419241627,5.180743114366369
15.982000,4.961013199053941,5.2979324025329975
15.984000,4.370183871213855,5.210040436408026
15.986000,4.692454413672084,5.664148928053712
15.988000,4.599679560540169,5.498130769817655
15.990000,4.814526588845655,5.127031357289998
15.992000,4.389715419241627,5.434653238727398
15.994000,4.6143282215609975,5.351644159609369
15.996000,4.66803997863737,5.161211566338598
15.998000,4.804760814831769,5.312581063553826
16.000000,4.379949645227741,5.629968719005112
16.002000,4.721751735713741,5.493247882810712
16.004000,4.39459830624857,5.30281528953994
16.006000,4.809643701838712,5.405355916685741
16.008000,4.589913786526283,5.449301899748226
16.010000,4.863355458915083,5.26863508049134
16.012000,4.541084916456855,5.117265583276112
16.014000,4.5850308995193405,5.688563363088426
16.016000,4.90730144197757,5.429770351720455
16.018000,4.7315175097276265,5.37117570763714
16.020000,4.399481193255513,5.571374074921797
16.022000,4.6436255436026554,5.1465629053177695
16.024000,4.379949645227741,5.322346837567712
16.026000,4.594796673533226,5.698329137102312
16.028000,4.545967803463798,5.395590142671855
16.030000,4.516670481422141,5.488364995803769
16.032000,4.790112153810941,5.551842526894026
16.034000,4.658274204623484,5.5030136568245975
16.036000,4.531319142442969,5.517662317845426
16.038000,4.389715419241627,5.639734493018998
16.040000,4.912184328984512,5.6495002670328835
16.042000,4.804760814831769,5.439536125734341
16.044000,4.604562447547112,5.200274662394141
16.046000,4.707103074692912,5.3272297245746545
16.048000,4.82429236285954,5.283283741512169
16.050000,4.648508430609598,5.478599221789883
16.052000,4.736400396734569,5.463950560769055
16.054000,4.951247425040055,5.117265583276112
16.056000,4.541084916456855,5.249103532463569
16.058000,4.638742656595713,5.283283741512169
16.060000,4.7022201876859695,5.341878385595483
16.062000,4.6143282215609975,5.346761272602426
16.064000,4.843823910887312,5.620202944991226
16.066000,4.506904707408255,5.278400854505226
16.068000,4.458075837338827,5.454184786755169
16.070000,4.516670481422141,5.122148470283054
16.072000,4.882887006942855,5.127031357289998
16.074000,4.467841611352712,5.37117570763714
16.076000,4.965896086060884,5.620202944991226
16.078000,4.926832990005341,5.586022735942626
16.080000,4.965896086060884,5.434653238727398
16.082000,4.419012741283284,5.5957885099565114
16.084000,4.521553368429084,5.590905622949569
16.086000,4.6436255436026554,5.478599221789883
16.088000,4.897535667963684,5.273517967498283
16.090000,4.726634622720684,5.571374074921797
16.092000,4.5264362554360265,5.200274662394141
16.094000,4.653391317616541,5.151445792324712
16.096000,4.511787594415198,5.459067673762112
16.098000,4.965896086060884,5.26863508049134
16.100000,4.785229266803998,5.239337758449683
16.102000,4.951247425040055,5.278400854505226
16.104000,4.575265125505455,5.605554283970397
16.106000,4.838941023880369,5.253986419470512
16.108000,4.609445334554055,5.380941481651027
16.110000,4.775463492790112,5.61043717097734
16.112000,4.453192950331884,5.659266041046769
16.114000,4.863355458915083,5.2051575494010835
16.116000,4.8535896849011975,5.185626001373312
16.118000,4.9707789730678265,5.639734493018998
16.120000,4.980544747081712,5.170977340352484
16.122000,4.458075837338827,5.478599221789883
16.124000,4.995193408102541,5.180743114366369
16.126000,4.746166170748455,5.332112611581597
16.128000,4.477607385366598,5.600671396963454
16.130000,4.5850308995193405,5.195391775387198
16.132000,4.716868848706798,5.615320057984283
16.134000,4.82429236285954,5.30281528953994
16.136000,4.755931944762341,5.517662317845426
16.138000,4.755931944762341,5.151445792324712
16.140000,4.707103074692912,5.30281528953994
16.142000,4.936598764019227,5.30281528953994
16.144000,4.897535667963684,5.449301899748226
16.146000,4.658274204623484,5.459067673762112
16.148000,4.838941023880369,5.2979324025329975
16.150000,4.716868848706798,5.180743114366369
16.152000,4.995193408102541,5.6495002670328835
16.154000,4.892652780956741,5.605554283970397
16.156000,4.482490272373541,5.517662317845426
16.158000,4.941481651026169,5.278400854505226
16.160000,4.897535667963684,5.703212024109255
16.162000,4.541084916456855,5.239337758449683
16.164000,4.438544289311055,5.546959639887083
16.166000,4.990310521095598,5.156328679331655
16.168000,4.497138933394369,5.424887464713512
16.170000,4.487373159380484,5.581139848935683
16.172000,4.4336614023041125,5.629968719005112
16.174000,4.834058136873426,5.351644159609369
16.176000,4.419012741283284,5.214923323414969
16.178000,4.502021820401312,5.571374074921797
16.180000,4.565499351491569,5.210040436408026
16.182000,4.419012741283284,5.644617380025941
16.184000,4.663157091630427,5.317463950560769
16.186000,4.917067215991455,5.2051575494010835
16.188000,4.751049057755398,5.258869306477455
16.190000,4.638742656595713,5.151445792324712
16.192000,4.834058136873426,5.732509346150912
16.194000,4.477607385366598,5.454184786755169
16.196000,4.550850690470741,5.219806210421912
16.198000,4.46295872434577,5.566491187914854
16.200000,4.751049057755398,5.605554283970397
16.202000,4.5557335774776835,5.151445792324712
16.204000,4.550850690470741,5.420004577706569
16.206000,4.42877851529717,5.400473029678798
16.208000,4.819409475852598,5.693446250095369
16.210000,4.755931944762341,5.229571984435798
16.212000,4.521553368429084,5.400473029678798
16.214000,4.5557335774776835,5.7422751201647975
16.216000,4.980544747081712,5.522545204852369
16.218000,4.8780041199359125,5.214923323414969
16.220000,4.965896086060884,5.278400854505226
16.222000,4.975661860074769,5.293049515526055
16.224000,4.638742656595713,5.385824368657969
16.226000,4.863355458915083,5.161211566338598
16.228000,4.834058136873426,5.424887464713512
16.230000,4.5850308995193405,5.639734493018998
16.232000,4.770580605783169,5.454184786755169
16.234000,4.521553368429084,5.312581063553826
16.236000,5.014724956130312,5.556725413900969
16.238000,4.838941023880369,5.26863508049134
16.240000,5.0000762951094835,5.537193865873197
16.242000,4.819409475852598,5.195391775387198
16.244000,4.985427634088655,5.185626001373312
16.246000,4.951247425040055,5.566491187914854
16.248000,4.648508430609598,5.512779430838483
16.250000,4.7608148317692836,5.229571984435798
16.252000,4.677805752651255,5.26863508049134
16.254000,4.63385976958877,5.5957885099565114
16.256000,4.755931944762341,5.273517967498283
16.258000,4.624093995574883,5.3565270466163115
16.260000,4.863355458915083,5.180743114366369
16.262000,4.8535896849011975,5.244220645456626
16.264000,4.502021820401312,5.293049515526055
16.266000,4.785229266803998,5.605554283970397
16.268000,4.975661860074769,5.737392233157855
16.270000,4.716868848706798,5.537193865873197
16.272000,4.5557335774776835,5.50789654383154
16.274000,4.926832990005341,5.493247882810712
16.276000,4.834058136873426,5.688563363088426
16.278000,4.765697718776226,5.37117570763714
16.280000,4.863355458915083,5.463950560769055
16.282000,4.785229266803998,5.312581063553826
16.284000,5.034256504158083,5.532310978866255
16.286000,4.6436255436026554,5.532310978866255
16.288000,4.531319142442969,5.717860685130083
16.290000,4.716868848706798,5.693446250095369
16.292000,4.6143282215609975,5.332112611581597
16.294000,4.707103074692912,5.61043717097734
16.296000,4.580148012512398,5.7422751201647975
16.298000,4.804760814831769,5.429770351720455
16.300000,4.575265125505455,5.673914702067598
16.302000,4.46295872434577,5.761806668192569
16.304000,4.975661860074769,5.498130769817655
16.306000,4.9707789730678265,5.4151216906996265
16.308000,4.536202029449912,5.664148928053712
16.310000,4.917067215991455,5.566491187914854
16.312000,4.502021820401312,5.26863508049134
16.314000,4.829175249866483,5.410238803692684
16.316000,4.575265125505455,5.195391775387198
16.318000,4.770580605783169,5.341878385595483
16.320000,4.599679560540169,5.571374074921797
16.322000,4.550850690470741,5.703212024109255
16.324000,5.044022278171969,5.532310978866255
16.326000,4.726634622720684,5.74715800717174
16.328000,4.541084916456855,5.366292820630197
16.330000,4.868238345922026,5.258869306477455
16.332000,4.956130312046998,5.71297779812314
16.334000,5.014724956130312,5.669031815060655
16.336000,4.834058136873426,5.717860685130083
16.338000,4.477607385366598,5.3272297245746545
16.340000,4.951247425040055,5.669031815060655
16.342000,5.048905165178912,5.551842526894026
16.344000,4.951247425040055,5.737392233157855
16.346000,5.009842069123369,5.322346837567712
16.348000,4.638742656595713,5.210040436408026
16.350000,4.7315175097276265,5.429770351720455
16.352000,4.482490272373541,5.195391775387198
16.354000,4.980544747081712,5.385824368657969
16.356000,4.516670481422141,5.454184786755169
16.358000,4.838941023880369,5.429770351720455
16.360000,4.609445334554055,5.429770351720455
16.362000,4.912184328984512,5.429770351720455
16.364000,4.6436255436026554,5.600671396963454
16.366000,4.85847257190814,5.74715800717174
16.368000,4.609445334554055,5.488364995803769
16.370000,5.014724956130312,5.459067673762112
16.372000,4.931715877012284,5.693446250095369
16.374000,4.770580605783169,5.483482108796826
16.376000,4.682688639658198,5.600671396963454
16.378000,4.477607385366598,5.317463950560769
16.380000,4.550850690470741,5.3272297245746545
16.382000,4.785229266803998,5.776455329213397
16.384000,5.004959182116426,5.283283741512169
16.386000,4.697337300679027,5.200274662394141
16.388000,4.780346379797055,5.395590142671855
16.390000,4.912184328984512,5.2051575494010835
16.392000,4.506904707408255,5.722743572137026
16.394000,4.516670481422141,5.556725413900969
16.396000,4.9707789730678265,5.71297779812314
16.398000,4.829175249866483,5.459067673762112
16.400000,4.868238345922026,5.654383154039826
16.402000,4.804760814831769,5.307698176546883
16.404000,4.926832990005341,5.7422751201647975
16.406000,4.809643701838712,5.688563363088426
16.408000,4.663157091630427,5.71297779812314
16.410000,5.039139391165026,5.546959639887083
16.412000,4.63385976958877,5.341878385595483
16.414000,4.531319142442969,5.322346837567712
16.416000,4.682688639658198,5.634851606012055
16.418000,5.044022278171969,5.488364995803769
16.420000,4.985427634088655,5.664148928053712
16.422000,4.751049057755398,5.776455329213397
16.424000,4.648508430609598,5.756923781185626
16.426000,4.711985961699855,5.703212024109255
16.428000,4.653391317616541,5.244220645456626
16.430000,4.502021820401312,5.629968719005112
16.432000,5.078202487220569,5.581139848935683
16.434000,4.711985961699855,5.4444190127412835
16.436000,4.5850308995193405,5.229571984435798
16.438000,4.658274204623484,5.459067673762112
16.440000,4.751049057755398,5.439536125734341
16.442000,4.541084916456855,5.4151216906996265
16.444000,5.009842069123369,5.654383154039826
16.446000,4.716868848706798,5.581139848935683
16.448000,4.521553368429084,5.7715724422064545
16.450000,4.594796673533226,5.249103532463569
16.452000,4.66803997863737,5.395590142671855
16.454000,4.726634622720684,5.634851606012055
16.456000,4.936598764019227,5.3565270466163115
16.458000,4.956130312046998,5.229571984435798
16.460000,4.609445334554055,5.8008697642481115
16.462000,4.5850308995193405,5.463950560769055
16.464000,4.790112153810941,5.551842526894026
16.466000,4.628976882581827,5.708094911116198
16.468000,4.541084916456855,5.400473029678798
16.470000,4.941481651026169,5.4737163347829405
16.472000,4.902418554970627,5.664148928053712
16.474000,4.6729228656443125,5.410238803692684
16.476000,4.980544747081712,5.478599221789883
16.478000,4.829175249866483,5.239337758449683
16.480000,5.0293736171511405,5.537193865873197
16.482000,4.580148012512398,5.756923781185626
16.484000,4.961013199053941,5.532310978866255
16.486000,4.5264362554360265,5.219806210421912
16.488000,4.775463492790112,5.26863508049134
16.490000,4.9707789730678265,5.737392233157855
16.492000,4.936598764019227,5.4151216906996265
16.494000,4.545967803463798,5.522545204852369
16.496000,4.8535896849011975,5.561608300907912
16.498000,4.711985961699855,5.810635538261997
16.500000,4.61921110856794,5.71297779812314
16.502000,5.0293736171511405,5.351644159609369
16.504000,4.565499351491569,5.791103990234226
16.506000,4.9707789730678265,5.273517967498283
16.508000,4.848706797894255,5.253986419470512
16.510000,4.902418554970627,5.54207675288014
16.512000,5.0000762951094835,5.688563363088426
16.514000,4.66803997863737,5.752040894178683
16.516000,4.995193408102541,5.253986419470512
16.518000,5.0000762951094835,5.756923781185626
16.520000,4.85847257190814,5.3565270466163115
16.522000,4.707103074692912,5.722743572137026
16.524000,4.936598764019227,5.732509346150912
16.526000,4.990310521095598,5.341878385595483
16.528000,5.014724956130312,5.33699549858854
16.530000,4.751049057755398,5.317463950560769
16.532000,5.048905165178912,5.6495002670328835
16.534000,4.848706797894255,5.5030136568245975
16.536000,5.083085374227512,5.551842526894026
16.538000,4.609445334554055,5.825284199282826
16.540000,4.721751735713741,5.4444190127412835
16.542000,4.912184328984512,5.517662317845426
16.544000,4.5264362554360265,5.50789654383154
16.546000,4.780346379797055,5.644617380025941
16.548000,4.887769893949798,5.537193865873197
16.550000,4.536202029449912,5.629968719005112
16.552000,4.780346379797055,5.805752651255054
16.554000,4.965896086060884,5.3272297245746545
16.556000,4.912184328984512,5.424887464713512
16.558000,4.663157091630427,5.825284199282826
16.560000,5.112382696269169,5.512779430838483
16.562000,4.780346379797055,5.4737163347829405
16.564000,4.648508430609598,5.2979324025329975
16.566000,4.843823910887312,5.2979324025329975
16.568000,4.887769893949798,5.581139848935683
16.570000,4.809643701838712,5.351644159609369
16.572000,5.083085374227512,5.322346837567712
16.574000,4.785229266803998,5.546959639887083
16.576000,4.990310521095598,5.786221103227283
16.578000,5.0586709391927975,5.71297779812314
16.580000,4.5557335774776835,5.5957885099565114
16.582000,5.0586709391927975,5.795986877241169
16.584000,4.819409475852598,5.322346837567712
16.586000,4.985427634088655,5.7715724422064545
16.588000,4.946364538033112,5.57625696192874
16.590000,4.658274204623484,5.654383154039826
16.592000,5.073319600213626,5.244220645456626
16.594000,5.078202487220569,5.600671396963454
16.596000,5.024490730144198,5.385824368657969
16.598000,4.829175249866483,5.478599221789883
16.600000,4.912184328984512,5.644617380025941
16.602000,4.63385976958877,5.605554283970397
16.604000,5.019607843137255,5.385824368657969
16.606000,4.975661860074769,5.590905622949569
16.608000,4.868238345922026,5.249103532463569
16.610000,4.716868848706798,5.5030136568245975
16.612000,4.90730144197757,5.253986419470512
16.614000,4.8535896849011975,5.57625696192874
16.616000,4.746166170748455,5.317463950560769
16.618000,4.85847257190814,5.756923781185626
16.620000,4.917067215991455,5.493247882810712
16.622000,4.809643701838712,5.459067673762112
16.624000,4.926832990005341,5.810635538261997
16.626000,4.9707789730678265,5.4737163347829405
16.628000,4.5850308995193405,5.434653238727398
16.630000,4.550850690470741,5.752040894178683
16.632000,4.980544747081712,5.825284199282826
16.634000,4.599679560540169,5.81551842526894
16.636000,4.609445334554055,5.546959639887083
16.638000,4.697337300679027,5.776455329213397
16.640000,5.131914244296941,5.3272297245746545
16.642000,4.995193408102541,5.634851606012055
16.644000,4.843823910887312,5.551842526894026
16.646000,5.131914244296941,5.669031815060655
16.648000,5.044022278171969,5.7422751201647975
16.650000,4.917067215991455,5.6250858319981685
16.652000,5.102616922255283,5.693446250095369
16.654000,4.902418554970627,5.454184786755169
16.656000,4.785229266803998,5.8008697642481115
16.658000,4.61921110856794,5.341878385595483
16.660000,5.131914244296941,5.61043717097734
16.662000,4.892652780956741,5.390707255664912
16.664000,5.004959182116426,5.317463950560769
16.666000,4.8535896849011975,5.669031815060655
16.668000,4.926832990005341,5.737392233157855
16.670000,4.902418554970627,5.791103990234226
16.672000,5.053788052185855,5.376058594644084
16.674000,4.985427634088655,5.385824368657969
16.676000,4.85847257190814,5.756923781185626
16.678000,4.663157091630427,5.732509346150912
16.680000,5.06355382619974,5.644617380025941
16.682000,5.127031357289998,5.615320057984283
16.684000,4.980544747081712,5.522545204852369
16.686000,4.653391317616541,5.424887464713512
16.688000,4.863355458915083,5.33699549858854
16.690000,5.039139391165026,5.332112611581597
16.692000,4.653391317616541,5.4737163347829405
16.694000,4.892652780956741,5.6495002670328835
16.696000,5.004959182116426,5.439536125734341
16.698000,4.589913786526283,5.3272297245746545
16.700000,5.034256504158083,5.307698176546883
16.702000,4.682688639658198,5.50789654383154
16.704000,4.5850308995193405,5.664148928053712
16.706000,4.609445334554055,5.71297779812314
16.708000,4.648508430609598,5.7422751201647975
16.710000,5.141680018310827,5.605554283970397
16.712000,4.873121232928969,5.61043717097734
16.714000,5.112382696269169,5.820401312275883
16.716000,5.0000762951094835,5.54207675288014
16.718000,4.936598764019227,5.312581063553826
16.720000,4.873121232928969,5.439536125734341
16.722000,5.083085374227512,5.420004577706569
16.724000,5.141680018310827,5.820401312275883
16.726000,4.7315175097276265,5.54207675288014
16.728000,5.073319600213626,5.434653238727398
16.730000,5.053788052185855,5.429770351720455
16.732000,4.995193408102541,5.429770351720455
16.734000,4.882887006942855,5.556725413900969
16.736000,4.980544747081712,5.590905622949569
16.738000,4.658274204623484,5.644617380025941
16.740000,4.887769893949798,5.4151216906996265
16.742000,4.63385976958877,5.874113069352254
16.744000,4.61921110856794,5.332112611581597
16.746000,4.736400396734569,5.600671396963454
16.748000,4.82429236285954,5.727626459143969
16.750000,4.7608148317692836,5.835049973296711
16.752000,4.604562447547112,5.669031815060655
16.754000,5.044022278171969,5.4737163347829405
16.756000,4.770580605783169,5.659266041046769
16.758000,5.131914244296941,5.449301899748226
16.760000,4.814526588845655,5.449301899748226
16.762000,4.726634622720684,5.864347295338368
16.764000,4.663157091630427,5.498130769817655
16.766000,5.078202487220569,5.537193865873197
16.768000,4.5850308995193405,5.454184786755169
16.770000,4.936598764019227,5.864347295338368
16.772000,4.85847257190814,5.293049515526055
16.774000,4.721751735713741,5.517662317845426
16.776000,5.141680018310827,5.420004577706569
16.778000,4.7022201876859695,5.390707255664912
16.780000,5.107499809262226,5.483482108796826
16.782000,4.8780041199359125,5.4737163347829405
16.784000,5.161211566338598,5.293049515526055
16.786000,4.873121232928969,5.810635538261997
16.788000,5.112382696269169,5.820401312275883
16.790000,4.956130312046998,5.322346837567712
16.792000,5.122148470283054,5.361409933623254
16.794000,4.7315175097276265,5.8008697642481115
16.796000,4.882887006942855,5.512779430838483
16.798000,4.804760814831769,5.820401312275883
16.800000,4.843823910887312,5.293049515526055
16.802000,4.917067215991455,5.732509346150912
16.804000,4.834058136873426,5.307698176546883
16.806000,5.141680018310827,5.468833447775998
16.808000,4.990310521095598,5.620202944991226
16.810000,4.755931944762341,5.498130769817655
16.812000,5.087968261234455,5.424887464713512
16.814000,4.790112153810941,5.893644617380026
16.816000,4.721751735713741,5.698329137102312
16.818000,4.746166170748455,5.429770351720455
16.820000,5.1465629053177695,5.346761272602426
16.822000,4.814526588845655,5.8887617303730835
16.824000,5.1758602273594265,5.366292820630197
16.826000,4.648508430609598,5.478599221789883
16.828000,5.09773403524834,5.498130769817655
16.830000,4.721751735713741,5.7422751201647975
16.832000,4.887769893949798,5.449301899748226
16.834000,4.90730144197757,5.678797589074541
16.836000,4.873121232928969,5.424887464713512
16.838000,4.985427634088655,5.634851606012055
16.840000,5.185626001373312,5.37117570763714
16.842000,4.897535667963684,5.488364995803769
16.844000,5.009842069123369,5.586022735942626
16.846000,5.136797131303884,5.307698176546883
16.848000,5.166094453345541,5.590905622949569
16.850000,5.09773403524834,5.590905622949569
16.852000,4.819409475852598,5.703212024109255
16.854000,4.658274204623484,5.634851606012055
16.856000,4.863355458915083,5.37117570763714
16.858000,4.882887006942855,5.600671396963454
16.860000,5.141680018310827,5.50789654383154
16.862000,4.8535896849011975,5.410238803692684
16.864000,5.1465629053177695,5.395590142671855
16.866000,4.8535896849011975,5.400473029678798
16.868000,4.838941023880369,5.61043717097734
16.870000,5.073319600213626,5.488364995803769
16.872000,5.06355382619974,5.6495002670328835
16.874000,4.7608148317692836,5.400473029678798
16.876000,4.897535667963684,5.424887464713512
16.878000,4.7022201876859695,5.71297779812314
16.880000,4.8780041199359125,5.795986877241169
16.882000,4.799877927824826,5.629968719005112
16.884000,5.09773403524834,5.380941481651027
16.886000,4.990310521095598,5.620202944991226
16.888000,4.751049057755398,5.61043717097734
16.890000,4.902418554970627,5.54207675288014
16.892000,4.6436255436026554,5.605554283970397
16.894000,5.156328679331655,5.708094911116198
16.896000,4.941481651026169,5.512779430838483
16.898000,4.951247425040055,5.664148928053712
16.900000,4.980544747081712,5.864347295338368
16.902000,4.9707789730678265,5.869230182345311
16.904000,4.6436255436026554,5.346761272602426
16.906000,4.82429236285954,5.7422751201647975
16.908000,5.180743114366369,5.61043717097734
16.910000,4.624093995574883,5.669031815060655
16.912000,4.721751735713741,5.659266041046769
16.914000,4.770580605783169,5.341878385595483
16.916000,4.926832990005341,5.878995956359198
16.918000,5.044022278171969,5.869230182345311
16.920000,4.90730144197757,5.429770351720455
16.922000,5.004959182116426,5.7422751201647975
16.924000,4.829175249866483,5.864347295338368
16.926000,4.926832990005341,5.869230182345311
16.928000,4.887769893949798,5.903410391393912
16.930000,5.044022278171969,5.903410391393912
16.932000,4.746166170748455,5.5957885099565114
16.934000,4.790112153810941,5.400473029678798
16.936000,4.63385976958877,5.468833447775998
16.938000,5.210040436408026,5.693446250095369
16.940000,4.882887006942855,5.634851606012055
16.942000,4.770580605783169,5.708094911116198
16.944000,5.0586709391927975,5.4444190127412835
16.946000,4.965896086060884,5.5957885099565114
16.948000,4.848706797894255,5.717860685130083
16.950000,5.210040436408026,5.385824368657969
16.952000,4.892652780956741,5.698329137102312
16.954000,5.136797131303884,5.9180590524147405
16.956000,4.90730144197757,5.795986877241169
16.958000,5.214923323414969,5.913176165407798
16.960000,5.092851148241397,5.791103990234226
16.962000,5.2051575494010835,5.424887464713512
16.964000,5.170977340352484,5.439536125734341
16.966000,5.195391775387198,5.854581521324483
16.968000,4.6436255436026554,5.546959639887083
16.970000,5.09773403524834,5.498130769817655
16.972000,5.2051575494010835,5.615320057984283
16.974000,4.961013199053941,5.9180590524147405
16.976000,5.1465629053177695,5.732509346150912
16.978000,4.990310521095598,5.932707713435569
16.980000,5.200274662394141,5.835049973296711
16.982000,5.214923323414969,5.727626459143969
16.984000,4.965896086060884,5.805752651255054
16.986000,4.892652780956741,5.644617380025941
16.988000,5.092851148241397,5.517662317845426
16.990000,5.210040436408026,5.424887464713512
16.992000,5.161211566338598,5.9180590524147405
16.994000,5.170977340352484,5.795986877241169
16.996000,4.692454413672084,5.439536125734341
16.998000,4.980544747081712,5.581139848935683
17.000000,4.975661860074769,5.424887464713512
17.002000,5.087968261234455,5.869230182345311
17.004000,4.765697718776226,5.673914702067598
17.006000,4.951247425040055,5.376058594644084
17.008000,4.931715877012284,5.629968719005112
17.010000,4.697337300679027,5.761806668192569
17.012000,4.912184328984512,5.400473029678798
17.014000,4.726634622720684,5.634851606012055
17.016000,4.873121232928969,5.454184786755169
17.018000,4.697337300679027,5.571374074921797
17.020000,4.790112153810941,5.766689555199512
17.022000,4.638742656595713,5.351644159609369
17.024000,4.785229266803998,5.546959639887083
17.026000,4.902418554970627,5.459067673762112
17.028000,5.136797131303884,5.669031815060655
17.030000,4.687571526665141,5.5030136568245975
17.032000,4.82429236285954,5.864347295338368
17.034000,4.838941023880369,5.5957885099565114
17.036000,4.961013199053941,5.366292820630197
17.038000,5.053788052185855,5.71297779812314
17.040000,5.0586709391927975,5.74715800717174
17.042000,4.770580605783169,5.551842526894026
17.044000,5.107499809262226,5.380941481651027
17.046000,5.166094453345541,5.805752651255054
17.048000,5.048905165178912,5.869230182345311
17.050000,5.234454871442741,5.615320057984283
17.052000,4.995193408102541,5.5030136568245975
17.054000,4.985427634088655,5.61043717097734
17.056000,4.965896086060884,5.454184786755169
17.058000,5.214923323414969,5.727626459143969
17.060000,5.122148470283054,5.615320057984283
17.062000,4.814526588845655,5.5030136568245975
17.064000,4.682688639658198,5.551842526894026
17.066000,4.8535896849011975,5.722743572137026
17.068000,5.185626001373312,5.449301899748226
17.070000,4.912184328984512,5.737392233157855
17.072000,5.068436713206683,5.825284199282826
17.074000,4.951247425040055,5.654383154039826
17.076000,4.90730144197757,5.581139848935683
17.078000,4.892652780956741,5.908293278400855
17.080000,4.838941023880369,5.5957885099565114
17.082000,5.024490730144198,5.566491187914854
17.084000,4.697337300679027,5.498130769817655
17.086000,4.66803997863737,5.698329137102312
17.088000,4.975661860074769,5.532310978866255
17.090000,4.770580605783169,5.376058594644084
17.092000,4.873121232928969,5.380941481651027
17.094000,5.180743114366369,5.639734493018998
17.096000,5.122148470283054,5.8887617303730835
17.098000,4.6729228656443125,5.37117570763714
17.100000,5.224689097428855,5.517662317845426
17.102000,4.721751735713741,5.615320057984283
17.104000,5.190508888380255,5.927824826428626
17.106000,5.214923323414969,5.673914702067598
17.108000,5.014724956130312,5.810635538261997
17.110000,5.210040436408026,5.795986877241169
17.112000,4.868238345922026,5.8887617303730835
17.114000,5.229571984435798,5.678797589074541
17.116000,5.083085374227512,5.95223926146334
17.118000,5.048905165178912,5.869230182345311
17.120000,4.799877927824826,5.410238803692684
17.122000,4.863355458915083,5.449301899748226
17.124000,4.985427634088655,5.698329137102312
17.126000,4.965896086060884,5.537193865873197
17.128000,5.034256504158083,5.5957885099565114
17.130000,4.682688639658198,5.937590600442512
17.132000,5.263752193484398,5.776455329213397
17.134000,5.214923323414969,5.693446250095369
17.136000,5.1465629053177695,5.820401312275883
17.138000,5.185626001373312,5.698329137102312
17.140000,4.746166170748455,5.908293278400855
17.142000,4.961013199053941,5.463950560769055
17.144000,5.263752193484398,5.932707713435569
17.146000,4.863355458915083,5.4737163347829405
17.148000,4.7315175097276265,5.878995956359198
17.150000,5.039139391165026,5.942473487449455
17.152000,5.102616922255283,5.61043717097734
17.154000,5.239337758449683,5.669031815060655
17.156000,5.263752193484398,5.5030136568245975
17.158000,5.092851148241397,5.586022735942626
17.160000,5.1758602273594265,5.517662317845426
17.162000,4.917067215991455,5.673914702067598
17.164000,4.677805752651255,5.844815747310597
17.166000,5.273517967498283,5.878995956359198
17.168000,4.755931944762341,5.605554283970397
17.170000,4.7315175097276265,5.673914702067598
17.172000,4.990310521095598,5.727626459143969
17.174000,4.736400396734569,5.698329137102312
17.176000,5.034256504158083,5.8301670862897685
17.178000,4.975661860074769,5.546959639887083
17.180000,5.014724956130312,5.512779430838483
17.182000,4.687571526665141,5.922941939421683
17.184000,4.85847257190814,5.791103990234226
17.186000,4.692454413672084,5.620202944991226
17.188000,4.711985961699855,5.561608300907912
17.190000,5.219806210421912,5.752040894178683
17.192000,5.219806210421912,5.605554283970397
17.194000,5.044022278171969,5.708094911116198
17.196000,5.039139391165026,5.966887922484169
17.198000,4.921950102998398,5.654383154039826
17.200000,5.131914244296941,5.688563363088426
17.202000,5.161211566338598,5.420004577706569
17.204000,5.244220645456626,5.732509346150912
17.206000,5.073319600213626,5.639734493018998
17.208000,5.09773403524834,5.395590142671855
17.210000,5.0586709391927975,5.756923781185626
17.212000,4.7022201876859695,5.698329137102312
17.214000,5.190508888380255,5.966887922484169
17.216000,4.921950102998398,5.927824826428626
17.218000,5.253986419470512,5.95223926146334
17.220000,5.112382696269169,5.454184786755169
17.222000,4.951247425040055,5.561608300907912
17.224000,4.917067215991455,5.54207675288014
17.226000,4.985427634088655,5.835049973296711
17.228000,4.7022201876859695,5.8008697642481115
17.230000,4.726634622720684,5.864347295338368
17.232000,5.083085374227512,5.61043717097734
17.234000,5.0293736171511405,5.8301670862897685
17.236000,4.794995040817883,5.825284199282826
17.238000,5.253986419470512,5.805752651255054
17.240000,5.258869306477455,5.962005035477226
17.242000,4.863355458915083,5.8301670862897685
17.244000,4.746166170748455,5.512779430838483
17.246000,5.288166628519112,5.81551842526894
17.248000,5.048905165178912,5.708094911116198
17.250000,4.995193408102541,5.98641947051194
17.252000,5.048905165178912,5.981536583504997
17.254000,5.044022278171969,5.9180590524147405
17.256000,4.721751735713741,5.9180590524147405
17.258000,4.902418554970627,5.722743572137026
17.260000,4.829175249866483,5.6250858319981685
17.262000,5.200274662394141,5.732509346150912
17.264000,4.707103074692912,5.81551842526894
17.266000,4.936598764019227,5.854581521324483
17.268000,5.127031357289998,5.908293278400855
17.270000,5.092851148241397,5.683680476081483
17.272000,4.809643701838712,5.590905622949569
17.274000,4.961013199053941,5.976653696498055
17.276000,4.707103074692912,5.839932860303654
17.278000,4.85847257190814,5.957122148470283
17.280000,5.078202487220569,5.7422751201647975
17.282000,5.234454871442741,5.517662317845426
17.284000,5.2979324025329975,5.566491187914854
17.286000,4.985427634088655,5.488364995803769
17.288000,5.180743114366369,5.854581521324483
17.290000,5.2051575494010835,5.5030136568245975
17.292000,5.170977340352484,5.74715800717174
17.294000,4.995193408102541,5.835049973296711
17.296000,4.794995040817883,5.874113069352254
17.298000,5.117265583276112,5.522545204852369
17.300000,5.107499809262226,5.908293278400855
17.302000,4.961013199053941,5.522545204852369
17.304000,4.946364538033112,5.654383154039826
17.306000,4.985427634088655,5.6495002670328835
17.308000,5.127031357289998,5.795986877241169
17.310000,4.936598764019227,5.874113069352254
17.312000,4.956130312046998,5.761806668192569
17.314000,5.141680018310827,6.005951018539712
17.316000,5.234454871442741,5.634851606012055
17.318000,4.814526588845655,5.512779430838483
17.320000,5.131914244296941,5.981536583504997
17.322000,4.736400396734569,5.7715724422064545
17.324000,5.273517967498283,5.874113069352254
17.326000,5.112382696269169,5.732509346150912
17.328000,5.034256504158083,5.678797589074541
17.330000,4.863355458915083,5.922941939421683
17.332000,5.2051575494010835,5.776455329213397
17.334000,5.161211566338598,5.7422751201647975
17.336000,5.156328679331655,5.4444190127412835
17.338000,4.809643701838712,5.996185244525826
17.340000,5.156328679331655,5.698329137102312
17.342000,5.288166628519112,5.795986877241169
17.344000,5.317463950560769,5.810635538261997
17.346000,5.317463950560769,5.776455329213397
17.348000,5.219806210421912,5.854581521324483
17.350000,5.117265583276112,5.590905622949569
17.352000,5.307698176546883,5.449301899748226
17.354000,4.990310521095598,5.810635538261997
17.356000,5.068436713206683,5.74715800717174
17.358000,5.288166628519112,5.7422751201647975
17.360000,5.210040436408026,5.429770351720455
17.362000,4.897535667963684,5.6250858319981685
17.364000,5.083085374227512,5.4737163347829405
17.366000,4.755931944762341,5.732509346150912
17.368000,5.014724956130312,5.776455329213397
17.370000,5.1465629053177695,5.620202944991226
17.372000,4.917067215991455,5.893644617380026
17.374000,5.0293736171511405,5.532310978866255
17.376000,5.092851148241397,5.664148928053712
17.378000,4.819409475852598,6.030365453574426
17.380000,4.819409475852598,5.893644617380026
17.382000,5.214923323414969,5.5030136568245975
17.384000,5.3272297245746545,5.537193865873197
17.386000,5.307698176546883,5.9473563744563975
17.388000,4.892652780956741,5.722743572137026
17.390000,5.219806210421912,5.766689555199512
17.392000,5.195391775387198,5.659266041046769
17.394000,5.0000762951094835,5.454184786755169
17.396000,4.794995040817883,5.590905622949569
17.398000,5.136797131303884,5.659266041046769
17.400000,4.794995040817883,5.971770809491112
17.402000,5.151445792324712,5.991302357518883
17.404000,4.946364538033112,5.546959639887083
17.406000,5.014724956130312,5.664148928053712
17.408000,5.092851148241397,5.996185244525826
17.410000,5.33699549858854,6.030365453574426
17.412000,5.170977340352484,5.449301899748226
17.414000,4.975661860074769,5.786221103227283
17.416000,4.921950102998398,6.025482566567483
17.418000,5.26863508049134,5.8008697642481115
17.420000,4.873121232928969,5.566491187914854
17.422000,5.127031357289998,5.854581521324483
17.424000,4.961013199053941,6.010833905546654
17.426000,5.180743114366369,5.517662317845426
17.428000,4.790112153810941,5.527428091859312
17.430000,5.244220645456626,5.844815747310597
17.432000,4.868238345922026,5.688563363088426
17.434000,4.834058136873426,5.454184786755169
17.436000,4.965896086060884,5.644617380025941
17.438000,4.8535896849011975,5.732509346150912
17.440000,5.044022278171969,6.010833905546654
17.442000,5.214923323414969,5.50789654383154
17.444000,4.834058136873426,6.030365453574426
17.446000,4.814526588845655,5.962005035477226
17.448000,5.102616922255283,5.825284199282826
17.450000,5.293049515526055,6.0401312275883114
17.452000,4.921950102998398,5.678797589074541
17.454000,5.185626001373312,5.639734493018998
17.456000,5.161211566338598,5.839932860303654
17.458000,5.107499809262226,5.78133821622034
17.460000,5.312581063553826,5.898527504386969
17.462000,5.166094453345541,5.586022735942626
17.464000,5.092851148241397,5.493247882810712
17.466000,5.034256504158083,5.820401312275883
17.468000,5.092851148241397,5.98641947051194
17.470000,5.278400854505226,6.049897001602197
17.472000,5.351644159609369,5.839932860303654
17.474000,4.82429236285954,5.874113069352254
17.476000,5.141680018310827,5.571374074921797
17.478000,5.087968261234455,5.698329137102312
17.480000,5.170977340352484,5.966887922484169
17.482000,4.8535896849011975,6.015716792553597
17.484000,4.7608148317692836,5.869230182345311
17.486000,4.917067215991455,5.522545204852369
17.488000,5.361409933623254,6.0401312275883114
17.490000,5.278400854505226,5.478599221789883
17.492000,5.200274662394141,5.556725413900969
17.494000,4.931715877012284,5.551842526894026
17.496000,4.82429236285954,5.673914702067598
17.498000,5.044022278171969,5.766689555199512
17.500000,5.229571984435798,5.791103990234226
17.502000,5.190508888380255,5.898527504386969
17.504000,5.317463950560769,5.922941939421683
17.506000,4.804760814831769,5.996185244525826
17.508000,4.829175249866483,5.6250858319981685
17.510000,4.892652780956741,6.059662775616083
17.512000,5.136797131303884,5.991302357518883
17.514000,4.85847257190814,5.537193865873197
17.516000,5.087968261234455,5.962005035477226
17.518000,4.975661860074769,6.0694285496299685
17.520000,5.2051575494010835,6.005951018539712
17.522000,5.239337758449683,5.522545204852369
17.524000,4.882887006942855,5.756923781185626
17.526000,5.102616922255283,5.971770809491112
17.528000,5.307698176546883,5.629968719005112
17.530000,4.995193408102541,5.6495002670328835
17.532000,5.087968261234455,5.498130769817655
17.534000,5.214923323414969,5.932707713435569
17.536000,4.936598764019227,5.810635538261997
17.538000,4.814526588845655,5.81551842526894
17.540000,4.819409475852598,5.95223926146334
17.542000,5.078202487220569,5.84969863431754
17.544000,5.087968261234455,5.7715724422064545
17.546000,5.263752193484398,5.488364995803769
17.548000,5.214923323414969,5.805752651255054
17.550000,5.376058594644084,5.61043717097734
17.552000,5.034256504158083,6.05477988860914
17.554000,4.790112153810941,5.488364995803769
17.556000,5.180743114366369,5.971770809491112
17.558000,5.004959182116426,6.045014114595254
17.560000,4.882887006942855,5.688563363088426
17.562000,5.26863508049134,5.678797589074541
17.564000,5.361409933623254,5.561608300907912
17.566000,5.33699549858854,5.7715724422064545
17.568000,4.902418554970627,5.991302357518883
17.570000,5.37117570763714,5.74715800717174
17.572000,5.239337758449683,5.7422751201647975
17.574000,5.224689097428855,5.864347295338368
17.576000,5.214923323414969,5.483482108796826
17.578000,5.073319600213626,6.025482566567483
17.580000,4.82429236285954,5.874113069352254
17.582000,4.85847257190814,5.654383154039826
17.584000,5.293049515526055,5.6250858319981685
17.586000,5.156328679331655,6.010833905546654
17.588000,4.912184328984512,5.708094911116198
17.590000,5.09773403524834,5.752040894178683
17.592000,4.995193408102541,5.8887617303730835
17.594000,5.283283741512169,5.942473487449455
17.596000,5.346761272602426,5.864347295338368
17.598000,4.868238345922026,5.805752651255054
17.600000,4.799877927824826,6.059662775616083
17.602000,4.834058136873426,6.064545662623026
17.604000,4.804760814831769,6.010833905546654
17.606000,4.873121232928969,5.859464408331426
17.608000,5.2051575494010835,5.634851606012055
17.610000,5.3272297245746545,5.971770809491112
17.612000,5.210040436408026,6.049897001602197
17.614000,5.117265583276112,6.074311436636911
17.616000,5.312581063553826,5.678797589074541
17.618000,4.82429236285954,5.81551842526894
17.620000,5.092851148241397,5.673914702067598
17.622000,5.180743114366369,5.8301670862897685
17.624000,5.366292820630197,6.001068131532769
17.626000,5.307698176546883,5.795986877241169
17.628000,5.317463950560769,5.703212024109255
17.630000,4.873121232928969,5.98641947051194
17.632000,4.902418554970627,5.932707713435569
17.634000,4.799877927824826,5.71297779812314
17.636000,5.014724956130312,5.971770809491112
17.638000,5.288166628519112,5.756923781185626
17.640000,4.829175249866483,5.839932860303654
17.642000,4.90730144197757,5.805752651255054
17.644000,5.053788052185855,5.634851606012055
17.646000,5.390707255664912,5.708094911116198
17.648000,5.107499809262226,5.693446250095369
17.650000,4.917067215991455,5.878995956359198
17.652000,5.322346837567712,6.001068131532769
17.654000,5.0000762951094835,5.981536583504997
17.656000,5.224689097428855,6.103608758678568
17.658000,5.249103532463569,5.664148928053712
17.660000,5.366292820630197,5.581139848935683
17.662000,5.166094453345541,5.839932860303654
17.664000,4.990310521095598,5.844815747310597
17.666000,5.317463950560769,5.908293278400855
17.668000,5.380941481651027,6.0694285496299685
17.670000,5.2979324025329975,5.6495002670328835
17.672000,5.156328679331655,6.045014114595254
17.674000,5.3565270466163115,5.893644617380026
17.676000,5.229571984435798,5.756923781185626
17.678000,4.8535896849011975,5.971770809491112
17.680000,5.405355916685741,6.05477988860914
17.682000,4.995193408102541,5.84969863431754
17.684000,5.009842069123369,5.6495002670328835
17.686000,4.848706797894255,6.093842984664683
17.688000,5.078202487220569,5.98641947051194
17.690000,5.253986419470512,5.839932860303654
17.692000,5.351644159609369,6.045014114595254
17.694000,4.897535667963684,5.669031815060655
17.696000,4.917067215991455,5.74715800717174
17.698000,4.873121232928969,5.942473487449455
17.700000,5.190508888380255,5.57625696192874
17.702000,4.85847257190814,5.805752651255054
17.704000,4.956130312046998,5.903410391393912
17.706000,4.838941023880369,5.859464408331426
17.708000,5.210040436408026,5.756923781185626
17.710000,5.034256504158083,6.0401312275883114
17.712000,5.219806210421912,5.678797589074541
17.714000,4.873121232928969,5.844815747310597
17.716000,5.131914244296941,5.991302357518883
17.718000,4.961013199053941,5.605554283970397
17.720000,4.951247425040055,5.78133821622034
17.722000,5.127031357289998,5.883878843366141
17.724000,4.951247425040055,5.835049973296711
17.726000,4.961013199053941,5.927824826428626
17.728000,5.249103532463569,5.913176165407798
17.730000,5.200274662394141,5.566491187914854
17.732000,5.341878385595483,5.561608300907912
17.734000,5.078202487220569,6.045014114595254
17.736000,4.882887006942855,5.996185244525826
17.738000,5.37117570763714,5.8008697642481115
17.740000,4.8535896849011975,5.5957885099565114
17.742000,5.0000762951094835,5.864347295338368
17.744000,4.848706797894255,5.600671396963454
17.746000,5.2051575494010835,5.859464408331426
17.748000,5.288166628519112,6.010833905546654
17.750000,4.917067215991455,5.937590600442512
17.752000,4.936598764019227,5.913176165407798
17.754000,4.90730144197757,5.825284199282826
17.756000,5.420004577706569,6.12314030670634
17.758000,4.995193408102541,6.059662775616083
17.760000,4.838941023880369,5.7422751201647975
17.762000,5.273517967498283,5.5957885099565114
17.764000,5.312581063553826,5.932707713435569
17.766000,5.210040436408026,5.776455329213397
17.768000,5.087968261234455,6.02059967956054
17.770000,5.024490730144198,5.683680476081483
17.772000,5.024490730144198,5.84969863431754
17.774000,4.961013199053941,5.561608300907912
17.776000,5.2979324025329975,5.971770809491112
17.778000,5.087968261234455,5.7422751201647975
17.780000,4.85847257190814,5.922941939421683
17.782000,5.434653238727398,5.673914702067598
17.784000,5.234454871442741,5.942473487449455
17.786000,4.873121232928969,5.566491187914854
17.788000,5.410238803692684,5.708094911116198
17.790000,5.180743114366369,5.654383154039826
17.792000,5.034256504158083,6.132906080720226
17.794000,4.912184328984512,6.128023193713283
17.796000,4.980544747081712,6.005951018539712
17.798000,5.048905165178912,5.761806668192569
17.800000,5.219806210421912,5.98641947051194
17.802000,5.09773403524834,5.932707713435569
17.804000,5.161211566338598,5.9180590524147405
17.806000,5.068436713206683,6.015716792553597
17.808000,5.258869306477455,6.05477988860914
17.810000,5.06355382619974,5.825284199282826
17.812000,5.405355916685741,5.957122148470283
17.814000,5.380941481651027,5.957122148470283
17.816000,4.941481651026169,5.7422751201647975
17.818000,4.951247425040055,6.0694285496299685
17.820000,5.170977340352484,5.78133821622034
17.822000,5.048905165178912,5.688563363088426
17.824000,4.873121232928969,5.922941939421683
17.826000,5.380941481651027,5.922941939421683
17.828000,5.219806210421912,5.717860685130083
17.830000,4.921950102998398,5.7422751201647975
17.832000,5.009842069123369,5.634851606012055
17.834000,5.341878385595483,5.659266041046769
17.836000,5.117265583276112,5.825284199282826
17.838000,5.429770351720455,5.878995956359198
17.840000,5.322346837567712,6.045014114595254
17.842000,5.312581063553826,5.698329137102312
17.844000,5.312581063553826,5.752040894178683
17.846000,5.37117570763714,5.722743572137026
17.848000,5.039139391165026,6.108491645685511
17.850000,5.322346837567712,5.7715724422064545
17.852000,5.341878385595483,5.786221103227283
17.854000,5.273517967498283,6.0987258716716255
17.856000,5.288166628519112,6.05477988860914
17.858000,5.185626001373312,6.001068131532769
17.860000,4.887769893949798,5.6250858319981685
17.862000,5.122148470283054,5.6250858319981685
17.864000,4.897535667963684,5.605554283970397
17.866000,5.151445792324712,5.629968719005112
17.868000,5.127031357289998,5.5957885099565114
17.870000,4.8780041199359125,5.776455329213397
17.872000,4.961013199053941,5.84969863431754
17.874000,5.073319600213626,6.025482566567483
17.876000,5.127031357289998,5.57625696192874
17.878000,5.346761272602426,5.854581521324483
17.880000,5.405355916685741,5.74715800717174
17.882000,5.190508888380255,5.981536583504997
17.884000,5.166094453345541,5.756923781185626
17.886000,5.258869306477455,5.795986877241169
17.888000,4.912184328984512,5.996185244525826
17.890000,4.8780041199359125,6.0694285496299685
17.892000,5.053788052185855,5.703212024109255
17.894000,5.26863508049134,6.079194323643854
17.896000,5.405355916685741,5.683680476081483
17.898000,5.361409933623254,5.883878843366141
17.900000,5.224689097428855,5.893644617380026
17.902000,5.2051575494010835,5.898527504386969
17.904000,4.956130312046998,5.688563363088426
17.906000,5.009842069123369,6.137788967727169
17.908000,5.210040436408026,5.717860685130083
17.910000,5.219806210421912,5.605554283970397
17.912000,5.420004577706569,6.093842984664683
17.914000,5.224689097428855,6.0694285496299685
17.916000,5.459067673762112,5.761806668192569
17.918000,4.965896086060884,5.6495002670328835
17.920000,5.459067673762112,6.128023193713283
17.922000,5.253986419470512,5.693446250095369
17.924000,5.3565270466163115,5.9473563744563975
17.926000,4.931715877012284,6.152437628747998
17.928000,5.3565270466163115,5.95223926146334
17.930000,5.253986419470512,5.732509346150912
17.932000,5.239337758449683,5.590905622949569
17.934000,5.136797131303884,6.005951018539712
17.936000,4.975661860074769,6.108491645685511
17.938000,5.4444190127412835,5.839932860303654
17.940000,5.117265583276112,5.878995956359198
17.942000,5.4151216906996265,5.615320057984283
17.944000,5.1465629053177695,5.898527504386969
17.946000,5.117265583276112,5.883878843366141
17.948000,5.053788052185855,5.878995956359198
17.950000,4.902418554970627,6.108491645685511
17.952000,5.151445792324712,5.966887922484169
17.954000,4.951247425040055,6.0987258716716255
17.956000,5.253986419470512,5.766689555199512
17.958000,5.424887464713512,5.654383154039826
17.960000,5.459067673762112,5.615320057984283
17.962000,4.951247425040055,6.147554741741055
17.964000,5.380941481651027,5.971770809491112
17.966000,5.1465629053177695,6.030365453574426
17.968000,5.380941481651027,6.176852063782712
17.970000,5.136797131303884,5.991302357518883
17.972000,5.376058594644084,5.78133821622034
17.974000,5.131914244296941,6.0694285496299685
17.976000,5.346761272602426,6.02059967956054
17.978000,5.424887464713512,5.727626459143969
17.980000,4.956130312046998,5.620202944991226
17.982000,4.90730144197757,5.98641947051194
17.984000,5.2979324025329975,5.922941939421683
17.986000,5.249103532463569,6.001068131532769
17.988000,5.180743114366369,5.795986877241169
17.990000,5.004959182116426,5.7715724422064545
17.992000,5.3272297245746545,6.010833905546654
17.994000,5.424887464713512,6.176852063782712
17.996000,5.06355382619974,5.957122148470283
17.998000,5.0586709391927975,6.0694285496299685
18.000000,5.429770351720455,5.869230182345311
18.002000,5.488364995803769,6.142671854734112
18.004000,5.136797131303884,5.761806668192569
18.006000,5.288166628519112,6.142671854734112
18.008000,5.068436713206683,5.854581521324483
18.010000,5.127031357289998,5.78133821622034
18.012000,5.385824368657969,5.693446250095369
18.014000,5.37117570763714,6.064545662623026
18.016000,4.897535667963684,6.137788967727169
18.018000,5.278400854505226,5.761806668192569
18.020000,5.37117570763714,6.084077210650797
18.022000,5.468833447775998,6.045014114595254
18.024000,5.258869306477455,5.776455329213397
18.026000,5.478599221789883,5.937590600442512
18.028000,5.30281528953994,5.669031815060655
18.030000,5.224689097428855,5.791103990234226
18.032000,5.068436713206683,6.08896009765774
18.034000,5.151445792324712,5.688563363088426
18.036000,5.127031357289998,6.1866178377965975
18.038000,4.961013199053941,5.761806668192569
18.040000,5.26863508049134,5.708094911116198
18.042000,5.263752193484398,6.103608758678568
18.044000,5.1465629053177695,5.644617380025941
18.046000,5.434653238727398,6.093842984664683
18.048000,5.449301899748226,5.878995956359198
18.050000,5.004959182116426,5.6250858319981685
18.052000,5.249103532463569,6.0987258716716255
18.054000,4.965896086060884,6.196383611810483
18.056000,5.048905165178912,5.678797589074541
18.058000,5.380941481651027,6.005951018539712
18.060000,5.092851148241397,5.859464408331426
18.062000,5.3565270466163115,5.6250858319981685
18.064000,4.941481651026169,5.659266041046769
18.066000,5.410238803692684,5.71297779812314
18.068000,5.263752193484398,5.6250858319981685
18.070000,4.961013199053941,5.634851606012055
18.072000,5.185626001373312,6.196383611810483
18.074000,5.312581063553826,6.001068131532769
18.076000,5.229571984435798,5.629968719005112
18.078000,5.361409933623254,5.996185244525826
18.080000,4.941481651026169,5.922941939421683
18.082000,5.244220645456626,5.703212024109255
18.084000,5.239337758449683,5.927824826428626
18.086000,5.1758602273594265,6.113374532692454
18.088000,5.190508888380255,6.206149385824369
18.090000,5.019607843137255,5.644617380025941
18.092000,5.0293736171511405,6.0987258716716255
18.094000,5.09773403524834,6.176852063782712
18.096000,5.190508888380255,6.113374532692454
18.098000,5.405355916685741,5.95223926146334
18.100000,5.26863508049134,5.678797589074541
18.102000,5.454184786755169,6.025482566567483
18.104000,5.3565270466163115,5.869230182345311
18.106000,4.995193408102541,5.869230182345311
18.108000,5.224689097428855,5.8301670862897685
18.110000,5.380941481651027,5.859464408331426
18.112000,5.06355382619974,6.167086289768826
18.114000,5.253986419470512,5.976653696498055
18.116000,4.956130312046998,5.673914702067598
18.118000,5.33699549858854,5.854581521324483
18.120000,5.0586709391927975,5.752040894178683
18.122000,5.1465629053177695,5.761806668192569
18.124000,5.498130769817655,5.966887922484169
18.126000,5.244220645456626,5.825284199282826
18.128000,5.439536125734341,5.708094911116198
18.130000,5.112382696269169,6.025482566567483
18.132000,5.258869306477455,6.167086289768826
18.134000,5.341878385595483,6.181734950789655
18.136000,5.2051575494010835,5.98641947051194
18.138000,5.468833447775998,5.95223926146334
18.140000,5.127031357289998,5.8301670862897685
18.142000,5.053788052185855,5.937590600442512
18.144000,5.185626001373312,5.6250858319981685
18.146000,5.131914244296941,5.683680476081483
18.148000,5.0000762951094835,6.0694285496299685
18.150000,5.224689097428855,5.639734493018998
18.152000,5.332112611581597,6.045014114595254
18.154000,4.941481651026169,5.957122148470283
18.156000,5.483482108796826,5.673914702067598
18.158000,5.332112611581597,6.108491645685511
18.160000,5.420004577706569,6.025482566567483
18.162000,5.361409933623254,6.015716792553597
18.164000,5.131914244296941,5.717860685130083
18.166000,5.26863508049134,6.108491645685511
18.168000,5.463950560769055,5.727626459143969
18.170000,5.156328679331655,5.786221103227283
18.172000,5.30281528953994,5.854581521324483
18.174000,5.087968261234455,6.064545662623026
18.176000,5.385824368657969,6.030365453574426
18.178000,5.224689097428855,5.752040894178683
18.180000,5.185626001373312,6.05477988860914
18.182000,5.151445792324712,5.864347295338368
18.184000,4.985427634088655,6.12314030670634
18.186000,5.034256504158083,5.683680476081483
18.188000,4.961013199053941,6.035248340581369
18.190000,5.4444190127412835,5.737392233157855
18.192000,4.941481651026169,5.95223926146334
18.194000,5.410238803692684,5.864347295338368
18.196000,5.185626001373312,5.98641947051194
18.198000,5.229571984435798,5.981536583504997
18.200000,5.141680018310827,5.791103990234226
18.202000,5.09773403524834,5.95223926146334
18.204000,5.33699549858854,6.132906080720226
18.206000,5.537193865873197,6.22568093385214
18.208000,5.224689097428855,5.844815747310597
18.210000,5.522545204852369,5.756923781185626
18.212000,5.102616922255283,5.786221103227283
18.214000,5.385824368657969,5.893644617380026
18.216000,5.483482108796826,5.942473487449455
18.218000,5.107499809262226,6.074311436636911
18.220000,5.498130769817655,6.0987258716716255
18.222000,4.995193408102541,5.98641947051194
18.224000,5.127031357289998,5.903410391393912
18.226000,5.37117570763714,6.001068131532769
18.228000,5.522545204852369,5.644617380025941
18.230000,5.151445792324712,6.15732051575494
18.232000,5.151445792324712,5.996185244525826
18.234000,5.390707255664912,5.717860685130083
18.236000,5.185626001373312,5.71297779812314
18.238000,5.195391775387198,5.991302357518883
18.240000,4.965896086060884,6.235446707866026
18.242000,5.053788052185855,5.752040894178683
18.244000,5.33699549858854,6.05477988860914
18.246000,5.532310978866255,5.84969863431754
18.248000,5.376058594644084,5.78133821622034
18.250000,5.078202487220569,5.71297779812314
18.252000,5.463950560769055,6.128023193713283
18.254000,5.156328679331655,5.913176165407798
18.256000,5.376058594644084,6.015716792553597
18.258000,5.004959182116426,6.103608758678568
18.260000,5.420004577706569,5.786221103227283
18.262000,5.522545204852369,5.937590600442512
18.264000,5.30281528953994,5.883878843366141
18.266000,5.180743114366369,6.010833905546654
18.268000,5.210040436408026,6.0694285496299685
18.270000,5.2051575494010835,5.693446250095369
18.272000,5.561608300907912,5.693446250095369
18.274000,5.498130769817655,5.664148928053712
18.276000,5.083085374227512,5.854581521324483
18.278000,5.141680018310827,6.0401312275883114
18.280000,5.117265583276112,6.235446707866026
18.282000,5.09773403524834,6.074311436636911
18.284000,5.405355916685741,5.795986877241169
18.286000,5.244220645456626,5.927824826428626
18.288000,5.185626001373312,6.137788967727169
18.290000,5.5030136568245975,5.737392233157855
18.292000,5.161211566338598,5.71297779812314
18.294000,5.556725413900969,6.015716792553597
18.296000,5.488364995803769,5.898527504386969
18.298000,5.053788052185855,5.835049973296711
18.300000,4.9707789730678265,5.688563363088426
18.302000,5.4444190127412835,5.8301670862897685
18.304000,5.053788052185855,6.030365453574426
18.306000,5.170977340352484,5.8887617303730835
18.308000,5.102616922255283,6.005951018539712
18.310000,5.50789654383154,5.732509346150912
18.312000,5.253986419470512,5.820401312275883
18.314000,4.985427634088655,6.08896009765774
18.316000,5.078202487220569,6.005951018539712
18.318000,5.102616922255283,6.015716792553597
18.320000,5.361409933623254,5.835049973296711
18.322000,5.307698176546883,6.12314030670634
18.324000,5.420004577706569,5.962005035477226
18.326000,5.019607843137255,6.0401312275883114
18.328000,5.09773403524834,6.22568093385214
18.330000,5.224689097428855,5.854581521324483
18.332000,5.009842069123369,6.079194323643854
18.334000,5.141680018310827,5.869230182345311
18.336000,5.185626001373312,5.7715724422064545
18.338000,5.039139391165026,6.074311436636911
18.340000,5.380941481651027,6.147554741741055
18.342000,5.463950560769055,6.15732051575494
18.344000,5.224689097428855,5.7715724422064545
18.346000,5.380941481651027,5.756923781185626
18.348000,5.229571984435798,5.874113069352254
18.350000,5.141680018310827,5.732509346150912
18.352000,5.57625696192874,6.201266498817426
18.354000,5.5030136568245975,5.957122148470283
18.356000,5.468833447775998,5.874113069352254
18.358000,5.429770351720455,5.835049973296711
18.360000,5.424887464713512,6.152437628747998
18.362000,5.57625696192874,6.001068131532769
18.364000,5.068436713206683,5.766689555199512
18.366000,5.263752193484398,6.05477988860914
18.368000,5.395590142671855,6.171969176775769
18.370000,5.112382696269169,5.752040894178683
18.372000,5.073319600213626,5.937590600442512
18.374000,5.0000762951094835,5.727626459143969
18.376000,5.161211566338598,5.839932860303654
18.378000,5.376058594644084,6.147554741741055
18.380000,5.190508888380255,5.732509346150912
18.382000,5.09773403524834,6.001068131532769
18.384000,5.019607843137255,6.235446707866026
18.386000,5.024490730144198,6.196383611810483
18.388000,5.561608300907912,6.015716792553597
18.390000,5.234454871442741,5.98641947051194
18.392000,5.439536125734341,5.8887617303730835
18.394000,5.019607843137255,6.084077210650797
18.396000,5.283283741512169,5.703212024109255
18.398000,5.537193865873197,6.196383611810483
18.400000,5.2051575494010835,5.795986877241169
18.402000,5.034256504158083,6.128023193713283
18.404000,5.54207675288014,6.240329594872969
18.406000,5.234454871442741,6.015716792553597
18.408000,5.293049515526055,6.0987258716716255
18.410000,5.517662317845426,5.805752651255054
18.412000,5.30281528953994,5.942473487449455
18.414000,5.258869306477455,6.113374532692454
18.416000,5.366292820630197,5.874113069352254
18.418000,5.434653238727398,5.878995956359198
18.420000,5.156328679331655,5.7715724422064545
18.422000,5.229571984435798,6.059662775616083
18.424000,5.424887464713512,5.971770809491112
18.426000,5.117265583276112,5.78133821622034
18.428000,5.57625696192874,6.240329594872969
18.430000,5.004959182116426,6.25986114290074
18.432000,5.439536125734341,5.922941939421683
18.434000,5.30281528953994,5.859464408331426
18.436000,5.537193865873197,6.162203402761883
18.438000,5.434653238727398,5.766689555199512
18.440000,5.332112611581597,5.727626459143969
18.442000,5.380941481651027,6.132906080720226
18.444000,5.078202487220569,6.269626916914626
18.446000,5.253986419470512,6.132906080720226
18.448000,5.376058594644084,5.957122148470283
18.450000,5.561608300907912,5.703212024109255
18.452000,5.30281528953994,5.74715800717174
18.454000,5.556725413900969,5.776455329213397
18.456000,5.141680018310827,6.045014114595254
18.458000,5.263752193484398,5.825284199282826
18.460000,5.083085374227512,5.971770809491112
18.462000,5.078202487220569,5.8008697642481115
18.464000,5.210040436408026,5.756923781185626
18.466000,5.459067673762112,5.878995956359198
18.468000,5.405355916685741,6.005951018539712
18.470000,5.420004577706569,6.289158464942397
18.472000,5.102616922255283,6.049897001602197
18.474000,5.385824368657969,6.010833905546654
18.476000,5.048905165178912,5.913176165407798
18.478000,5.253986419470512,6.284275577935454
18.480000,5.122148470283054,5.844815747310597
18.482000,5.053788052185855,6.240329594872969
18.484000,5.039139391165026,5.957122148470283
18.486000,5.09773403524834,6.235446707866026
18.488000,5.053788052185855,6.079194323643854
18.490000,5.112382696269169,6.235446707866026
18.492000,5.107499809262226,5.893644617380026
18.494000,5.2979324025329975,5.722743572137026
18.496000,5.532310978866255,6.030365453574426
18.498000,5.283283741512169,5.8008697642481115
18.500000,5.288166628519112,6.113374532692454
18.502000,5.546959639887083,6.064545662623026
18.504000,5.102616922255283,6.279392690928511
18.506000,5.61043717097734,5.98641947051194
18.508000,5.522545204852369,5.883878843366141
18.510000,5.380941481651027,5.766689555199512
18.512000,5.3565270466163115,5.820401312275883
18.514000,5.024490730144198,6.12314030670634
18.516000,5.61043717097734,5.854581521324483
18.518000,5.087968261234455,6.298924238956283
18.520000,5.107499809262226,5.761806668192569
18.522000,5.1465629053177695,6.289158464942397
18.524000,5.566491187914854,5.825284199282826
18.526000,5.156328679331655,5.9180590524147405
18.528000,5.102616922255283,5.976653696498055
18.530000,5.400473029678798,6.289158464942397
18.532000,5.117265583276112,6.220798046845197
18.534000,5.50789654383154,6.142671854734112
18.536000,5.341878385595483,5.971770809491112
18.538000,5.156328679331655,5.869230182345311
18.540000,5.405355916685741,6.005951018539712
18.542000,5.092851148241397,5.74715800717174
18.544000,5.131914244296941,5.883878843366141
18.546000,5.620202944991226,6.25986114290074
18.548000,5.044022278171969,6.084077210650797
18.550000,5.493247882810712,6.211032272831312
18.552000,5.361409933623254,6.29404135194934
18.554000,5.50789654383154,5.737392233157855
18.556000,5.561608300907912,6.211032272831312
18.558000,5.288166628519112,5.8301670862897685
18.560000,5.127031357289998,5.752040894178683
18.562000,5.483482108796826,6.084077210650797
18.564000,5.219806210421912,6.108491645685511
18.566000,5.551842526894026,5.942473487449455
18.568000,5.307698176546883,6.19150072480354
18.570000,5.185626001373312,5.9473563744563975
18.572000,5.200274662394141,6.128023193713283
18.574000,5.5957885099565114,5.761806668192569
18.576000,5.380941481651027,5.761806668192569
18.578000,5.429770351720455,6.230563820859083
18.580000,5.3565270466163115,6.137788967727169
18.582000,5.634851606012055,5.761806668192569
18.584000,5.351644159609369,6.201266498817426
18.586000,5.366292820630197,5.991302357518883
18.588000,5.190508888380255,6.303807125963226
18.590000,5.06355382619974,6.284275577935454
18.592000,5.083085374227512,5.844815747310597
18.594000,5.439536125734341,6.201266498817426
18.596000,5.117265583276112,6.162203402761883
18.598000,5.263752193484398,6.250095368886854
18.600000,5.195391775387198,5.913176165407798
18.602000,5.293049515526055,5.766689555199512
18.604000,5.195391775387198,6.12314030670634
18.606000,5.634851606012055,6.113374532692454
18.608000,5.3565270466163115,6.084077210650797
18.610000,5.087968261234455,6.074311436636911
18.612000,5.376058594644084,6.0987258716716255
18.614000,5.366292820630197,6.128023193713283
18.616000,5.317463950560769,6.128023193713283
18.618000,5.351644159609369,5.9473563744563975
18.620000,5.54207675288014,5.981536583504997
18.622000,5.605554283970397,5.869230182345311
18.624000,5.161211566338598,5.84969863431754
18.626000,5.429770351720455,6.313572899977111
18.628000,5.322346837567712,6.181734950789655
18.630000,5.380941481651027,6.220798046845197
18.632000,5.283283741512169,6.250095368886854
18.634000,5.3272297245746545,5.957122148470283
18.636000,5.488364995803769,5.869230182345311
18.638000,5.107499809262226,6.074311436636911
18.640000,5.57625696192874,6.010833905546654
18.642000,5.4737163347829405,6.308690012970168
18.644000,5.50789654383154,6.093842984664683
18.646000,5.09773403524834,6.250095368886854
18.648000,5.586022735942626,5.839932860303654
18.650000,5.117265583276112,6.152437628747998
18.652000,5.102616922255283,6.342870222018768
18.654000,5.581139848935683,6.333104448004883
18.656000,5.644617380025941,6.279392690928511
18.658000,5.258869306477455,5.971770809491112
18.660000,5.546959639887083,5.996185244525826
18.662000,5.37117570763714,5.786221103227283
18.664000,5.351644159609369,6.2159151598382545
18.666000,5.37117570763714,5.795986877241169
18.668000,5.351644159609369,5.878995956359198
18.670000,5.6495002670328835,6.289158464942397
18.672000,5.4737163347829405,6.2159151598382545
18.674000,5.317463950560769,6.108491645685511
18.676000,5.361409933623254,6.254978255893797
18.678000,5.170977340352484,5.835049973296711
18.680000,5.380941481651027,6.010833905546654
18.682000,5.185626001373312,5.8301670862897685
18.684000,5.156328679331655,6.093842984664683
18.686000,5.395590142671855,6.015716792553597
18.688000,5.09773403524834,6.171969176775769
18.690000,5.566491187914854,5.791103990234226
18.692000,5.288166628519112,6.049897001602197
18.694000,5.258869306477455,6.230563820859083
18.696000,5.263752193484398,6.352635996032654
18.698000,5.161211566338598,6.250095368886854
18.700000,5.669031815060655,6.074311436636911
18.702000,5.239337758449683,5.7715724422064545
18.704000,5.161211566338598,5.898527504386969
18.706000,5.376058594644084,6.32822156099794
18.708000,5.532310978866255,6.132906080720226
18.710000,5.273517967498283,5.966887922484169
18.712000,5.219806210421912,5.839932860303654
18.714000,5.09773403524834,5.878995956359198
18.716000,5.566491187914854,5.776455329213397
18.718000,5.400473029678798,5.8008697642481115
18.720000,5.185626001373312,6.084077210650797
18.722000,5.439536125734341,6.254978255893797
18.724000,5.644617380025941,6.201266498817426
18.726000,5.600671396963454,6.015716792553597
18.728000,5.590905622949569,6.318455786984054
18.730000,5.258869306477455,6.342870222018768
18.732000,5.30281528953994,5.791103990234226
18.734000,5.400473029678798,6.093842984664683
18.736000,5.454184786755169,5.766689555199512
18.738000,5.459067673762112,5.8887617303730835
18.740000,5.210040436408026,5.898527504386969
18.742000,5.6495002670328835,6.084077210650797
18.744000,5.112382696269169,6.045014114595254
18.746000,5.253986419470512,5.854581521324483
18.748000,5.405355916685741,5.932707713435569
18.750000,5.2979324025329975,6.15732051575494
18.752000,5.273517967498283,6.284275577935454
18.754000,5.4151216906996265,5.9180590524147405
18.756000,5.107499809262226,6.337987335011825
18.758000,5.112382696269169,6.181734950789655
18.760000,5.185626001373312,6.08896009765774
18.762000,5.2979324025329975,6.171969176775769
18.764000,5.322346837567712,6.196383611810483
18.766000,5.195391775387198,6.005951018539712
18.768000,5.459067673762112,6.254978255893797
18.770000,5.629968719005112,5.971770809491112
18.772000,5.185626001373312,6.342870222018768
18.774000,5.26863508049134,5.805752651255054
18.776000,5.161211566338598,5.869230182345311
18.778000,5.09773403524834,5.791103990234226
18.780000,5.3272297245746545,5.942473487449455
18.782000,5.312581063553826,5.9180590524147405
18.784000,5.405355916685741,6.162203402761883
18.786000,5.664148928053712,6.201266498817426
18.788000,5.556725413900969,6.357518883039597
18.790000,5.434653238727398,6.118257419699397
18.792000,5.405355916685741,5.966887922484169
18.794000,5.127031357289998,6.298924238956283
18.796000,5.376058594644084,6.0694285496299685
18.798000,5.4444190127412835,6.22568093385214
18.800000,5.571374074921797,6.313572899977111
18.802000,5.581139848935683,5.839932860303654
18.804000,5.4444190127412835,5.874113069352254
18.806000,5.454184786755169,6.113374532692454
18.808000,5.571374074921797,6.064545662623026
18.810000,5.5030136568245975,6.181734950789655
18.812000,5.190508888380255,5.786221103227283
18.814000,5.644617380025941,5.878995956359198
18.816000,5.136797131303884,6.030365453574426
18.818000,5.410238803692684,5.996185244525826
18.820000,5.673914702067598,6.176852063782712
18.822000,5.166094453345541,6.001068131532769
18.824000,5.288166628519112,5.957122148470283
18.826000,5.459067673762112,5.962005035477226
18.828000,5.522545204852369,6.005951018539712
18.830000,5.698329137102312,5.835049973296711
18.832000,5.688563363088426,5.810635538261997
18.834000,5.253986419470512,5.81551842526894
18.836000,5.1465629053177695,5.927824826428626
18.838000,5.678797589074541,6.3672846570534825
18.840000,5.424887464713512,5.903410391393912
18.842000,5.210040436408026,6.201266498817426
18.844000,5.244220645456626,6.079194323643854
18.846000,5.2051575494010835,5.81551842526894
18.848000,5.30281528953994,5.9180590524147405
18.850000,5.317463950560769,5.864347295338368
18.852000,5.122148470283054,6.333104448004883
18.854000,5.244220645456626,6.162203402761883
18.856000,5.1758602273594265,5.8008697642481115
18.858000,5.4444190127412835,6.059662775616083
18.860000,5.605554283970397,6.02059967956054
18.862000,5.454184786755169,5.893644617380026
18.864000,5.200274662394141,6.137788967727169
18.866000,5.429770351720455,6.093842984664683
18.868000,5.673914702067598,6.142671854734112
18.870000,5.346761272602426,6.079194323643854
18.872000,5.117265583276112,6.176852063782712
18.874000,5.581139848935683,6.079194323643854
18.876000,5.522545204852369,6.2452124818799115
18.878000,5.273517967498283,6.264744029907683
18.880000,5.639734493018998,6.171969176775769
18.882000,5.688563363088426,6.230563820859083
18.884000,5.1758602273594265,6.1866178377965975
18.886000,5.351644159609369,5.908293278400855
18.888000,5.498130769817655,6.152437628747998
18.890000,5.669031815060655,6.162203402761883
18.892000,5.258869306477455,6.15732051575494
18.894000,5.351644159609369,5.825284199282826
18.896000,5.385824368657969,6.001068131532769
18.898000,5.346761272602426,6.137788967727169
18.900000,5.180743114366369,6.1866178377965975
18.902000,5.61043717097734,6.142671854734112
18.904000,5.717860685130083,6.206149385824369
18.906000,5.234454871442741,5.927824826428626
18.908000,5.26863508049134,6.32822156099794
18.910000,5.263752193484398,6.132906080720226
18.912000,5.376058594644084,6.25986114290074
18.914000,5.283283741512169,6.196383611810483
18.916000,5.688563363088426,6.308690012970168
18.918000,5.708094911116198,5.9180590524147405
18.920000,5.586022735942626,6.171969176775769
18.922000,5.1758602273594265,6.308690012970168
18.924000,5.71297779812314,5.864347295338368
18.926000,5.385824368657969,5.81551842526894
18.928000,5.214923323414969,6.220798046845197
18.930000,5.673914702067598,5.874113069352254
18.932000,5.219806210421912,6.342870222018768
18.934000,5.166094453345541,5.81551842526894
18.936000,5.410238803692684,6.211032272831312
18.938000,5.429770351720455,6.313572899977111
18.940000,5.307698176546883,6.3916990920881975
18.942000,5.131914244296941,6.298924238956283
18.944000,5.629968719005112,5.966887922484169
18.946000,5.483482108796826,5.922941939421683
18.948000,5.708094911116198,6.08896009765774
18.950000,5.288166628519112,5.8301670862897685
18.952000,5.459067673762112,5.957122148470283
18.954000,5.6495002670328835,6.411230640115969
18.956000,5.600671396963454,5.81551842526894
18.958000,5.478599221789883,6.22568093385214
18.960000,5.561608300907912,6.152437628747998
18.962000,5.522545204852369,6.313572899977111
18.964000,5.346761272602426,6.318455786984054
18.966000,5.659266041046769,6.32822156099794
18.968000,5.454184786755169,6.142671854734112
18.970000,5.26863508049134,5.883878843366141
18.972000,5.659266041046769,5.9180590524147405
18.974000,5.380941481651027,6.005951018539712
18.976000,5.219806210421912,5.996185244525826
18.978000,5.537193865873197,6.049897001602197
18.980000,5.288166628519112,6.152437628747998
18.982000,5.405355916685741,6.05477988860914
18.984000,5.229571984435798,5.9180590524147405
18.986000,5.400473029678798,6.240329594872969
18.988000,5.737392233157855,6.108491645685511
18.990000,5.5030136568245975,6.3916990920881975
18.992000,5.586022735942626,6.045014114595254
18.994000,5.459067673762112,5.9180590524147405
18.996000,5.5030136568245975,5.835049973296711
18.998000,5.673914702067598,6.079194323643854
19.000000,5.410238803692684,6.2745098039215685
19.002000,5.2979324025329975,6.147554741741055
19.004000,5.54207675288014,6.211032272831312
19.006000,5.258869306477455,5.864347295338368
19.008000,5.454184786755169,6.167086289768826
19.010000,5.522545204852369,5.874113069352254
19.012000,5.463950560769055,5.9180590524147405
19.014000,5.50789654383154,5.981536583504997
19.016000,5.703212024109255,6.176852063782712
19.018000,5.410238803692684,6.045014114595254
19.020000,5.532310978866255,6.2452124818799115
19.022000,5.283283741512169,6.406347753109026
19.024000,5.7422751201647975,5.893644617380026
19.026000,5.688563363088426,6.025482566567483
19.028000,5.420004577706569,6.425879301136797
19.030000,5.532310978866255,6.025482566567483
19.032000,5.537193865873197,5.98641947051194
19.034000,5.703212024109255,6.08896009765774
19.036000,5.166094453345541,6.19150072480354
19.038000,5.74715800717174,6.059662775616083
19.040000,5.33699549858854,6.025482566567483
19.042000,5.166094453345541,6.377050431067369
19.044000,5.273517967498283,6.0401312275883114
19.046000,5.605554283970397,6.347753109025711
19.048000,5.380941481651027,5.98641947051194
19.050000,5.683680476081483,5.942473487449455
19.052000,5.395590142671855,6.36240177004654
19.054000,5.1758602273594265,5.937590600442512
19.056000,5.385824368657969,5.991302357518883
19.058000,5.454184786755169,6.0401312275883114
19.060000,5.234454871442741,6.059662775616083
19.062000,5.512779430838483,6.113374532692454
19.064000,5.586022735942626,6.1866178377965975
19.066000,5.722743572137026,6.347753109025711
19.068000,5.737392233157855,5.996185244525826
19.070000,5.380941481651027,6.347753109025711
19.072000,5.761806668192569,6.030365453574426
19.074000,5.639734493018998,5.991302357518883
19.076000,5.332112611581597,5.98641947051194
19.078000,5.634851606012055,6.284275577935454
19.080000,5.263752193484398,6.103608758678568
19.082000,5.283283741512169,5.908293278400855
19.084000,5.532310978866255,6.005951018539712
19.086000,5.488364995803769,6.015716792553597
19.088000,5.756923781185626,6.36240177004654
19.090000,5.449301899748226,6.445410849164569
19.092000,5.463950560769055,6.303807125963226
19.094000,5.224689097428855,6.43076218814374
19.096000,5.385824368657969,6.303807125963226
19.098000,5.429770351720455,6.250095368886854
19.100000,5.249103532463569,6.381933318074312
19.102000,5.644617380025941,6.0401312275883114
19.104000,5.322346837567712,6.36240177004654
19.106000,5.351644159609369,6.035248340581369
19.108000,5.4737163347829405,6.445410849164569
19.110000,5.488364995803769,6.269626916914626
19.112000,5.234454871442741,6.411230640115969
19.114000,5.2979324025329975,6.401464866102083
19.116000,5.332112611581597,5.9473563744563975
19.118000,5.26863508049134,6.05477988860914
19.120000,5.190508888380255,6.137788967727169
19.122000,5.410238803692684,6.381933318074312
19.124000,5.234454871442741,6.3672846570534825
19.126000,5.434653238727398,6.059662775616083
19.128000,5.488364995803769,6.074311436636911
19.130000,5.752040894178683,6.181734950789655
19.132000,5.688563363088426,6.32822156099794
19.134000,5.546959639887083,6.425879301136797
19.136000,5.703212024109255,6.313572899977111
19.138000,5.366292820630197,5.878995956359198
19.140000,5.307698176546883,6.32822156099794
19.142000,5.590905622949569,6.36240177004654
19.144000,5.283283741512169,5.922941939421683
19.146000,5.278400854505226,5.942473487449455
19.148000,5.776455329213397,6.36240177004654
19.150000,5.30281528953994,6.220798046845197
19.152000,5.717860685130083,5.981536583504997
19.154000,5.312581063553826,6.059662775616083
19.156000,5.249103532463569,6.059662775616083
19.158000,5.644617380025941,6.035248340581369
19.160000,5.307698176546883,6.162203402761883
19.162000,5.449301899748226,6.3916990920881975
19.164000,5.253986419470512,6.030365453574426
19.166000,5.263752193484398,5.971770809491112
19.168000,5.678797589074541,6.103608758678568
19.170000,5.776455329213397,5.971770809491112
19.172000,5.4444190127412835,6.352635996032654
19.174000,5.727626459143969,6.19150072480354
19.176000,5.4737163347829405,6.347753109025711
19.178000,5.61043717097734,5.9180590524147405
19.180000,5.263752193484398,6.264744029907683
19.182000,5.737392233157855,6.25986114290074
19.184000,5.26863508049134,6.269626916914626
19.186000,5.385824368657969,6.15732051575494
19.188000,5.4151216906996265,6.411230640115969
19.190000,5.2979324025329975,6.372167544060425
19.192000,5.581139848935683,6.347753109025711
19.194000,5.332112611581597,6.406347753109026
19.196000,5.512779430838483,6.303807125963226
19.198000,5.493247882810712,6.29404135194934
19.200000,5.317463950560769,6.269626916914626
19.202000,5.732509346150912,6.030365453574426
19.204000,5.678797589074541,6.059662775616083
19.206000,5.61043717097734,6.142671854734112
19.208000,5.390707255664912,6.132906080720226
19.210000,5.722743572137026,6.386816205081255
19.212000,5.551842526894026,6.474708171206226
19.214000,5.4444190127412835,6.074311436636911
19.216000,5.459067673762112,5.893644617380026
19.218000,5.488364995803769,6.035248340581369
19.220000,5.434653238727398,6.084077210650797
19.222000,5.586022735942626,6.0401312275883114
19.224000,5.312581063553826,6.132906080720226
19.226000,5.253986419470512,6.220798046845197
19.228000,5.439536125734341,6.171969176775769
19.230000,5.693446250095369,6.1866178377965975
19.232000,5.395590142671855,6.46494239719234
19.234000,5.224689097428855,6.240329594872969
19.236000,5.615320057984283,6.220798046845197
19.238000,5.5030136568245975,6.176852063782712
19.240000,5.283283741512169,6.43076218814374
19.242000,5.288166628519112,6.074311436636911
19.244000,5.219806210421912,6.035248340581369
19.246000,5.6495002670328835,6.352635996032654
19.248000,5.5957885099565114,6.460059510185397
19.250000,5.732509346150912,6.103608758678568
19.252000,5.395590142671855,6.142671854734112
19.254000,5.249103532463569,5.991302357518883
19.256000,5.424887464713512,5.927824826428626
19.258000,5.312581063553826,6.29404135194934
19.260000,5.605554283970397,5.898527504386969
19.262000,5.258869306477455,6.425879301136797
19.264000,5.561608300907912,6.059662775616083
19.266000,5.678797589074541,6.05477988860914
19.268000,5.239337758449683,6.416113527122912
19.270000,5.61043717097734,6.435645075150683
19.272000,5.522545204852369,6.323338673990997
19.274000,5.429770351720455,5.981536583504997
19.276000,5.629968719005112,6.401464866102083
19.278000,5.717860685130083,6.142671854734112
19.280000,5.693446250095369,6.313572899977111
19.282000,5.278400854505226,6.05477988860914
19.284000,5.791103990234226,6.479591058213169
19.286000,5.3565270466163115,6.142671854734112
19.288000,5.71297779812314,6.479591058213169
19.290000,5.244220645456626,6.357518883039597
19.292000,5.761806668192569,6.347753109025711
19.294000,5.3272297245746545,6.128023193713283
19.296000,5.57625696192874,5.9473563744563975
19.298000,5.776455329213397,5.996185244525826
19.300000,5.537193865873197,6.240329594872969
19.302000,5.488364995803769,6.010833905546654
19.304000,5.351644159609369,6.406347753109026
19.306000,5.708094911116198,6.36240177004654
19.308000,5.54207675288014,6.064545662623026
19.310000,5.566491187914854,6.455176623178454
19.312000,5.249103532463569,5.898527504386969
19.314000,5.317463950560769,6.045014114595254
19.316000,5.698329137102312,6.406347753109026
19.318000,5.737392233157855,5.971770809491112
19.320000,5.478599221789883,6.435645075150683
19.322000,5.629968719005112,6.010833905546654
19.324000,5.468833447775998,6.005951018539712
19.326000,5.78133821622034,6.406347753109026
19.328000,5.283283741512169,6.132906080720226
19.330000,5.634851606012055,6.455176623178454
19.332000,5.483482108796826,5.913176165407798
19.334000,5.825284199282826,5.966887922484169
19.336000,5.317463950560769,6.39658197909514
19.338000,5.3272297245746545,6.162203402761883
19.340000,5.2979324025329975,5.913176165407798
19.342000,5.644617380025941,6.079194323643854
19.344000,5.654383154039826,5.98641947051194
19.346000,5.498130769817655,6.0987258716716255
19.348000,5.786221103227283,6.450293736171512
19.350000,5.551842526894026,6.333104448004883
19.352000,5.317463950560769,5.976653696498055
19.354000,5.5030136568245975,5.9180590524147405
19.356000,5.273517967498283,6.386816205081255
19.358000,5.249103532463569,6.128023193713283
19.360000,5.820401312275883,6.352635996032654
19.362000,5.615320057984283,6.489356832227054
19.364000,5.6495002670328835,6.2745098039215685
19.366000,5.459067673762112,6.352635996032654
19.368000,5.459067673762112,6.318455786984054
19.370000,5.537193865873197,5.976653696498055
19.372000,5.644617380025941,6.269626916914626
19.374000,5.756923781185626,6.3672846570534825
19.376000,5.395590142671855,6.460059510185397
19.378000,5.698329137102312,6.113374532692454
19.380000,5.3272297245746545,5.957122148470283
19.382000,5.717860685130083,6.450293736171512
19.384000,5.307698176546883,6.1866178377965975
19.386000,5.332112611581597,6.015716792553597
19.388000,5.517662317845426,6.015716792553597
19.390000,5.2979324025329975,6.128023193713283
19.392000,5.424887464713512,6.049897001602197
19.394000,5.727626459143969,6.230563820859083
19.396000,5.795986877241169,6.377050431067369
19.398000,5.57625696192874,6.162203402761883
19.400000,5.307698176546883,5.937590600442512
19.402000,5.429770351720455,6.2745098039215685
19.404000,5.3272297245746545,6.264744029907683
19.406000,5.639734493018998,6.440527962157626
19.408000,5.454184786755169,6.333104448004883
19.410000,5.449301899748226,6.445410849164569
19.412000,5.786221103227283,6.08896009765774
19.414000,5.278400854505226,6.313572899977111
19.416000,5.634851606012055,6.08896009765774
19.418000,5.835049973296711,6.113374532692454
19.420000,5.727626459143969,6.43076218814374
19.422000,5.6495002670328835,6.2159151598382545
19.424000,5.424887464713512,6.19150072480354
19.426000,5.620202944991226,6.2745098039215685
19.428000,5.488364995803769,6.49912260624094
19.430000,5.498130769817655,6.377050431067369
19.432000,5.693446250095369,6.5137712672617685
19.434000,5.54207675288014,6.196383611810483
19.436000,5.26863508049134,6.25986114290074
19.438000,5.581139848935683,6.196383611810483
19.440000,5.708094911116198,6.132906080720226
19.442000,5.722743572137026,6.128023193713283
19.444000,5.4151216906996265,6.235446707866026
19.446000,5.634851606012055,6.079194323643854
19.448000,5.37117570763714,6.201266498817426
19.450000,5.566491187914854,6.479591058213169
19.452000,5.844815747310597,6.206149385824369
19.454000,5.351644159609369,6.3672846570534825
19.456000,5.434653238727398,6.264744029907683
19.458000,5.795986877241169,6.489356832227054
19.460000,5.273517967498283,6.333104448004883
19.462000,5.693446250095369,6.337987335011825
19.464000,5.732509346150912,6.0401312275883114
19.466000,5.454184786755169,5.957122148470283
19.468000,5.600671396963454,6.02059967956054
19.470000,5.810635538261997,6.29404135194934
19.472000,5.527428091859312,6.093842984664683
19.474000,5.33699549858854,6.46494239719234
19.476000,5.859464408331426,6.401464866102083
19.478000,5.732509346150912,6.074311436636911
19.480000,5.478599221789883,6.181734950789655
19.482000,5.732509346150912,6.059662775616083
19.484000,5.581139848935683,6.318455786984054
19.486000,5.81551842526894,6.12314030670634
19.488000,5.78133821622034,6.0694285496299685
19.490000,5.78133821622034,6.005951018539712
19.492000,5.5030136568245975,6.196383611810483
19.494000,5.37117570763714,6.162203402761883
19.496000,5.839932860303654,6.425879301136797
19.498000,5.5957885099565114,6.22568093385214
19.500000,5.634851606012055,5.9473563744563975
19.502000,5.30281528953994,6.357518883039597
19.504000,5.566491187914854,6.1866178377965975
19.506000,5.756923781185626,6.22568093385214
19.508000,5.566491187914854,6.001068131532769
19.510000,5.6495002670328835,6.201266498817426
19.512000,5.825284199282826,5.996185244525826
19.514000,5.376058594644084,6.064545662623026
19.516000,5.659266041046769,5.971770809491112
19.518000,5.376058594644084,6.406347753109026
19.520000,5.669031815060655,6.333104448004883
19.522000,5.366292820630197,6.22568093385214
19.524000,5.708094911116198,6.411230640115969
19.526000,5.498130769817655,6.118257419699397
19.528000,5.322346837567712,6.303807125963226
19.530000,5.429770351720455,6.347753109025711
19.532000,5.693446250095369,6.445410849164569
19.534000,5.376058594644084,6.19150072480354
19.536000,5.385824368657969,6.08896009765774
19.538000,5.678797589074541,6.445410849164569
19.540000,5.7715724422064545,6.284275577935454
19.542000,5.4151216906996265,6.518654154268711
19.544000,5.761806668192569,6.528419928282597
19.546000,5.590905622949569,6.377050431067369
19.548000,5.390707255664912,6.1866178377965975
19.550000,5.332112611581597,6.494239719233997
19.552000,5.5957885099565114,6.29404135194934
19.554000,5.776455329213397,6.030365453574426
19.556000,5.8301670862897685,6.132906080720226
19.558000,5.761806668192569,6.0694285496299685
19.560000,5.385824368657969,6.406347753109026
19.562000,5.869230182345311,6.142671854734112
19.564000,5.878995956359198,6.147554741741055
19.566000,5.483482108796826,6.357518883039597
19.568000,5.835049973296711,6.411230640115969
19.570000,5.84969863431754,6.230563820859083
19.572000,5.703212024109255,6.0987258716716255
19.574000,5.605554283970397,6.0694285496299685
19.576000,5.33699549858854,5.98641947051194
19.578000,5.307698176546883,6.137788967727169
19.580000,5.669031815060655,6.196383611810483
19.582000,5.71297779812314,6.435645075150683
19.584000,5.566491187914854,6.113374532692454
19.586000,5.4737163347829405,6.552834363317311
19.588000,5.590905622949569,6.32822156099794
19.590000,5.81551842526894,6.025482566567483
19.592000,5.517662317845426,6.015716792553597
19.594000,5.669031815060655,6.494239719233997
19.596000,5.493247882810712,6.0987258716716255
19.598000,5.644617380025941,6.3916990920881975
19.600000,5.459067673762112,6.25986114290074
19.602000,5.468833447775998,6.352635996032654
19.604000,5.586022735942626,6.132906080720226
19.606000,5.532310978866255,6.445410849164569
19.608000,5.8887617303730835,6.49912260624094
19.610000,5.5030136568245975,6.171969176775769
19.612000,5.400473029678798,6.469825284199283
19.614000,5.898527504386969,6.455176623178454
19.616000,5.664148928053712,6.269626916914626
19.618000,5.581139848935683,6.406347753109026
19.620000,5.71297779812314,6.1866178377965975
19.622000,5.844815747310597,6.176852063782712
19.624000,5.312581063553826,6.49912260624094
19.626000,5.629968719005112,6.347753109025711
19.628000,5.429770351720455,6.167086289768826
19.630000,5.795986877241169,6.005951018539712
19.632000,5.893644617380026,6.279392690928511
19.634000,5.766689555199512,6.264744029907683
19.636000,5.439536125734341,6.479591058213169
19.638000,5.659266041046769,6.420996414129855
19.640000,5.859464408331426,6.298924238956283
19.642000,5.600671396963454,6.56748302433814
19.644000,5.673914702067598,6.269626916914626
19.646000,5.805752651255054,6.337987335011825
19.648000,5.478599221789883,6.357518883039597
19.650000,5.654383154039826,6.46494239719234
19.652000,5.512779430838483,6.113374532692454
19.654000,5.380941481651027,6.279392690928511
19.656000,5.654383154039826,6.56748302433814
19.658000,5.5957885099565114,6.32822156099794
19.660000,5.7715724422064545,6.240329594872969
19.662000,5.8301670862897685,6.25986114290074
19.664000,5.869230182345311,6.230563820859083
19.666000,5.825284199282826,6.474708171206226
19.668000,5.673914702067598,6.05477988860914
19.670000,5.786221103227283,6.142671854734112
19.672000,5.571374074921797,6.352635996032654
19.674000,5.864347295338368,6.0694285496299685
19.676000,5.57625696192874,6.103608758678568
19.678000,5.893644617380026,6.045014114595254
19.680000,5.8887617303730835,6.298924238956283
19.682000,5.493247882810712,6.284275577935454
19.684000,5.898527504386969,6.53330281528954
19.686000,5.693446250095369,6.254978255893797
19.688000,5.71297779812314,6.445410849164569
19.690000,5.6495002670328835,6.323338673990997
19.692000,5.810635538261997,6.220798046845197
19.694000,5.590905622949569,6.005951018539712
19.696000,5.410238803692684,6.181734950789655
19.698000,5.566491187914854,6.167086289768826
19.700000,5.893644617380026,6.19150072480354
19.702000,5.659266041046769,6.508888380254826
19.704000,5.459067673762112,6.142671854734112
19.706000,5.605554283970397,6.308690012970168
19.708000,5.78133821622034,6.479591058213169
19.710000,5.380941481651027,6.29404135194934
19.712000,5.459067673762112,6.323338673990997
19.714000,5.737392233157855,6.469825284199283
19.716000,5.766689555199512,6.08896009765774
19.718000,5.61043717097734,6.201266498817426
19.720000,5.361409933623254,6.064545662623026
19.722000,5.522545204852369,6.093842984664683
19.724000,5.81551842526894,6.035248340581369
19.726000,5.454184786755169,6.049897001602197
19.728000,5.839932860303654,6.53330281528954
19.730000,5.752040894178683,6.1866178377965975
19.732000,5.498130769817655,6.445410849164569
19.734000,5.566491187914854,6.211032272831312
19.736000,5.424887464713512,6.0694285496299685
19.738000,5.57625696192874,6.377050431067369
19.740000,5.561608300907912,6.128023193713283
19.742000,5.81551842526894,6.19150072480354
19.744000,5.854581521324483,6.386816205081255
19.746000,5.478599221789883,6.313572899977111
19.748000,5.620202944991226,6.445410849164569
19.750000,5.688563363088426,6.377050431067369
19.752000,5.766689555199512,6.284275577935454
19.754000,5.795986877241169,6.46494239719234
19.756000,5.854581521324483,6.22568093385214
19.758000,5.7422751201647975,6.176852063782712
19.760000,5.561608300907912,6.196383611810483
19.762000,5.5957885099565114,6.05477988860914
19.764000,5.483482108796826,6.386816205081255
19.766000,5.752040894178683,6.479591058213169
19.768000,5.493247882810712,6.2452124818799115
19.770000,5.566491187914854,6.435645075150683
19.772000,5.791103990234226,6.206149385824369
19.774000,5.688563363088426,6.19150072480354
19.776000,5.844815747310597,6.167086289768826
19.778000,5.854581521324483,6.167086289768826
19.780000,5.7422751201647975,6.279392690928511
19.782000,5.835049973296711,6.010833905546654
19.784000,5.78133821622034,6.4844739452201114
19.786000,5.483482108796826,6.333104448004883
19.788000,5.795986877241169,6.147554741741055
19.790000,5.522545204852369,6.323338673990997
19.792000,5.493247882810712,6.196383611810483
19.794000,5.752040894178683,6.36240177004654
19.796000,5.429770351720455,6.206149385824369
19.798000,5.786221103227283,6.342870222018768
19.800000,5.756923781185626,6.508888380254826
19.802000,5.6250858319981685,6.518654154268711
19.804000,5.9180590524147405,6.084077210650797
19.806000,5.839932860303654,6.333104448004883
19.808000,5.4737163347829405,6.2452124818799115
19.810000,5.8301670862897685,6.254978255893797
19.812000,5.6250858319981685,6.0987258716716255
19.814000,5.903410391393912,6.308690012970168
19.816000,5.556725413900969,6.36240177004654
19.818000,5.639734493018998,6.25986114290074
19.820000,5.893644617380026,6.386816205081255
19.822000,5.61043717097734,6.02059967956054
19.824000,5.420004577706569,6.0987258716716255
19.826000,5.922941939421683,6.36240177004654
19.828000,5.922941939421683,6.113374532692454
19.830000,5.795986877241169,6.181734950789655
19.832000,5.820401312275883,6.416113527122912
19.834000,5.424887464713512,6.5137712672617685
19.836000,5.805752651255054,6.342870222018768
19.838000,5.859464408331426,6.211032272831312
19.840000,5.493247882810712,6.342870222018768
19.842000,5.835049973296711,6.064545662623026
19.844000,5.737392233157855,6.411230640115969
19.846000,5.683680476081483,6.235446707866026
19.848000,5.9473563744563975,6.53330281528954
19.850000,5.78133821622034,6.084077210650797
19.852000,5.5957885099565114,6.337987335011825
19.854000,5.551842526894026,6.137788967727169
19.856000,5.84969863431754,6.357518883039597
19.858000,5.4444190127412835,6.381933318074312
19.860000,5.537193865873197,6.333104448004883
19.862000,5.844815747310597,6.5430685893034255
19.864000,5.376058594644084,6.445410849164569
19.866000,5.50789654383154,6.196383611810483
19.868000,5.703212024109255,6.401464866102083
19.870000,5.869230182345311,6.201266498817426
19.872000,5.537193865873197,6.479591058213169
19.874000,5.932707713435569,6.15732051575494
19.876000,5.752040894178683,6.562600137331197
19.878000,5.512779430838483,6.128023193713283
19.880000,5.478599221789883,6.128023193713283
19.882000,5.654383154039826,6.0987258716716255
19.884000,5.95223926146334,6.616311894407568
19.886000,5.454184786755169,6.5430685893034255
19.888000,5.561608300907912,6.5723659113450825
19.890000,5.698329137102312,6.616311894407568
19.892000,5.634851606012055,6.518654154268711
19.894000,5.942473487449455,6.352635996032654
19.896000,5.410238803692684,6.181734950789655
19.898000,5.429770351720455,6.406347753109026
19.900000,5.639734493018998,6.2745098039215685
19.902000,5.937590600442512,6.240329594872969
19.904000,5.9473563744563975,6.406347753109026
19.906000,5.820401312275883,6.357518883039597
19.908000,5.737392233157855,6.508888380254826
19.910000,5.673914702067598,6.489356832227054
19.912000,5.791103990234226,6.39658197909514
19.914000,5.84969863431754,6.4844739452201114
19.916000,5.395590142671855,6.064545662623026
19.918000,5.957122148470283,6.05477988860914
19.920000,5.835049973296711,6.045014114595254
19.922000,5.922941939421683,6.523537041275654
19.924000,5.581139848935683,6.32822156099794
19.926000,5.439536125734341,6.49912260624094
19.928000,5.795986877241169,6.137788967727169
19.930000,5.620202944991226,6.63584344243534
19.932000,5.459067673762112,6.621194781414511
19.934000,5.478599221789883,6.43076218814374
19.936000,5.942473487449455,6.19150072480354
19.938000,5.459067673762112,6.3672846570534825
19.940000,5.546959639887083,6.220798046845197
19.942000,5.795986877241169,6.201266498817426
19.944000,5.61043717097734,6.5137712672617685
19.946000,5.405355916685741,6.074311436636911
19.948000,5.761806668192569,6.528419928282597
19.950000,5.844815747310597,6.064545662623026
19.952000,5.6495002670328835,6.201266498817426
19.954000,5.586022735942626,6.640726329442283
19.956000,5.727626459143969,6.05477988860914
19.958000,5.434653238727398,6.2452124818799115
19.960000,5.913176165407798,6.552834363317311
19.962000,5.527428091859312,6.2745098039215685
19.964000,5.390707255664912,6.29404135194934
19.966000,5.659266041046769,6.460059510185397
19.968000,5.454184786755169,6.220798046845197
19.970000,5.634851606012055,6.352635996032654
19.972000,5.434653238727398,6.29404135194934
19.974000,5.439536125734341,6.0987258716716255
19.976000,5.551842526894026,6.5723659113450825
19.978000,5.405355916685741,6.577248798352025
19.980000,5.673914702067598,6.289158464942397
19.982000,5.6495002670328835,6.32822156099794
19.984000,5.874113069352254,6.381933318074312
19.986000,5.600671396963454,6.162203402761883
19.988000,5.629968719005112,6.591897459372854
19.990000,5.7715724422064545,6.2159151598382545
19.992000,5.825284199282826,6.167086289768826
19.994000,5.454184786755169,6.352635996032654
19.996000,5.454184786755169,6.577248798352025
19.998000,5.7715724422064545,6.15732051575494
20.000000,5.693446250095369,6.591897459372854
20.002000,5.5957885099565114,6.347753109025711
20.004000,5.4444190127412835,6.142671854734112
20.006000,5.927824826428626,6.6016632333867395
20.008000,5.737392233157855,6.372167544060425
20.010000,5.966887922484169,6.5723659113450825
20.012000,5.95223926146334,6.640726329442283
20.014000,5.844815747310597,6.181734950789655
20.016000,5.664148928053712,6.25986114290074
20.018000,5.932707713435569,6.56748302433814
20.020000,5.825284199282826,6.469825284199283
20.022000,5.629968719005112,6.606546120393682
20.024000,5.693446250095369,6.450293736171512
20.026000,5.957122148470283,6.587014572365911
20.028000,5.463950560769055,6.377050431067369
20.030000,5.664148928053712,6.152437628747998
20.032000,5.566491187914854,6.528419928282597
20.034000,5.4151216906996265,6.254978255893797
20.036000,5.420004577706569,6.39658197909514
20.038000,5.50789654383154,6.4844739452201114
20.040000,5.766689555199512,6.650492103456169
20.042000,5.664148928053712,6.303807125963226
20.044000,5.410238803692684,6.4844739452201114
20.046000,5.644617380025941,6.323338673990997
20.048000,5.483482108796826,6.411230640115969
20.050000,5.586022735942626,6.181734950789655
20.052000,5.454184786755169,6.621194781414511
20.054000,5.942473487449455,6.582131685358968
20.056000,5.776455329213397,6.19150072480354
20.058000,5.4151216906996265,6.552834363317311
20.060000,5.629968719005112,6.411230640115969
20.062000,5.722743572137026,6.616311894407568
20.064000,5.883878843366141,6.176852063782712
20.066000,5.424887464713512,6.445410849164569
20.068000,5.5957885099565114,6.504005493247883
20.070000,5.981536583504997,6.49912260624094
20.072000,5.9473563744563975,6.645609216449226
20.074000,5.703212024109255,6.4844739452201114
20.076000,5.654383154039826,6.552834363317311
20.078000,6.010833905546654,6.411230640115969
20.080000,5.878995956359198,6.538185702296483
20.082000,5.61043717097734,6.220798046845197
20.084000,5.839932860303654,6.2159151598382545
20.086000,5.78133821622034,6.079194323643854
20.088000,5.81551842526894,6.298924238956283
20.090000,5.463950560769055,6.308690012970168
20.092000,5.962005035477226,6.220798046845197
20.094000,5.688563363088426,6.103608758678568
20.096000,5.732509346150912,6.596780346379797
20.098000,5.5957885099565114,6.562600137331197
20.100000,5.991302357518883,6.538185702296483
20.102000,5.498130769817655,6.3672846570534825
20.104000,5.468833447775998,6.528419928282597
20.106000,5.74715800717174,6.49912260624094
20.108000,5.683680476081483,6.401464866102083
20.110000,5.454184786755169,6.289158464942397
20.112000,5.693446250095369,6.655374990463112
20.114000,5.488364995803769,6.557717250324254
20.116000,5.717860685130083,6.220798046845197
20.118000,5.957122148470283,6.401464866102083
20.120000,5.654383154039826,6.1866178377965975
20.122000,5.586022735942626,6.36240177004654
20.124000,5.6495002670328835,6.557717250324254
20.126000,5.8301670862897685,6.337987335011825
20.128000,5.50789654383154,6.167086289768826
20.130000,5.532310978866255,6.113374532692454
20.132000,5.835049973296711,6.577248798352025
20.134000,5.737392233157855,6.5723659113450825
20.136000,6.025482566567483,6.176852063782712
20.138000,5.688563363088426,6.201266498817426
20.140000,5.493247882810712,6.19150072480354
20.142000,6.015716792553597,6.562600137331197
20.144000,5.669031815060655,6.508888380254826
20.146000,5.566491187914854,6.333104448004883
20.148000,5.991302357518883,6.440527962157626
20.150000,5.434653238727398,6.611429007400625
20.152000,5.835049973296711,6.206149385824369
20.154000,5.498130769817655,6.504005493247883
20.156000,5.488364995803769,6.406347753109026
20.158000,5.7715724422064545,6.201266498817426
20.160000,5.698329137102312,6.577248798352025
20.162000,5.703212024109255,6.279392690928511
20.164000,5.937590600442512,6.137788967727169
20.166000,5.942473487449455,6.56748302433814
20.168000,5.795986877241169,6.3916990920881975
20.170000,5.673914702067598,6.508888380254826
20.172000,5.468833447775998,6.108491645685511
20.174000,5.493247882810712,6.196383611810483
20.176000,6.025482566567483,6.147554741741055
20.178000,5.810635538261997,6.36240177004654
20.180000,5.586022735942626,6.684672312504769
20.182000,5.517662317845426,6.562600137331197
20.184000,5.776455329213397,6.416113527122912
20.186000,5.766689555199512,6.3916990920881975
20.188000,5.463950560769055,6.552834363317311
20.190000,5.678797589074541,6.557717250324254
20.192000,5.673914702067598,6.254978255893797
20.194000,5.5957885099565114,6.308690012970168
20.196000,5.708094911116198,6.5430685893034255
20.198000,5.874113069352254,6.582131685358968
20.200000,5.459067673762112,6.504005493247883
20.202000,5.493247882810712,6.416113527122912
20.204000,5.8008697642481115,6.357518883039597
20.206000,5.820401312275883,6.137788967727169
20.208000,5.898527504386969,6.557717250324254
20.210000,5.859464408331426,6.128023193713283
20.212000,5.5957885099565114,6.19150072480354
20.214000,5.644617380025941,6.254978255893797
20.216000,5.61043717097734,6.596780346379797
20.218000,6.001068131532769,6.142671854734112
20.220000,5.95223926146334,6.621194781414511
20.222000,5.659266041046769,6.626077668421455
20.224000,5.50789654383154,6.32822156099794
20.226000,5.571374074921797,6.508888380254826
20.228000,5.546959639887083,6.132906080720226
20.230000,5.859464408331426,6.411230640115969
20.232000,5.78133821622034,6.142671854734112
20.234000,5.766689555199512,6.577248798352025
20.236000,5.854581521324483,6.562600137331197
20.238000,5.874113069352254,6.298924238956283
20.240000,5.703212024109255,6.621194781414511
20.242000,5.566491187914854,6.181734950789655
20.244000,5.727626459143969,6.616311894407568
20.246000,5.81551842526894,6.469825284199283
20.248000,5.551842526894026,6.250095368886854
20.250000,6.05477988860914,6.352635996032654
20.252000,5.927824826428626,6.240329594872969
20.254000,5.756923781185626,6.406347753109026
20.256000,5.966887922484169,6.450293736171512
20.258000,5.605554283970397,6.474708171206226
20.260000,5.654383154039826,6.269626916914626
20.262000,5.561608300907912,6.611429007400625
20.264000,5.8301670862897685,6.474708171206226
20.266000,5.581139848935683,6.313572899977111
20.268000,6.005951018539712,6.3672846570534825
20.270000,5.683680476081483,6.152437628747998
20.272000,5.9473563744563975,6.162203402761883
20.274000,5.644617380025941,6.333104448004883
20.276000,5.468833447775998,6.626077668421455
20.278000,5.962005035477226,6.347753109025711
20.280000,5.913176165407798,6.3916990920881975
20.282000,6.02059967956054,6.284275577935454
20.284000,5.957122148470283,6.25986114290074
20.286000,5.976653696498055,6.6602578774700545
20.288000,5.512779430838483,6.6016632333867395
20.290000,5.932707713435569,6.254978255893797
20.292000,6.015716792553597,6.53330281528954
20.294000,5.786221103227283,6.713969634546426
20.296000,5.962005035477226,6.5723659113450825
20.298000,6.049897001602197,6.6309605554283975
20.300000,5.810635538261997,6.626077668421455
20.302000,5.810635538261997,6.552834363317311
20.304000,6.045014114595254,6.504005493247883
20.306000,5.854581521324483,6.284275577935454
20.308000,5.908293278400855,6.713969634546426
20.310000,5.962005035477226,6.411230640115969
20.312000,5.8887617303730835,6.557717250324254
20.314000,5.639734493018998,6.264744029907683
20.316000,5.795986877241169,6.347753109025711
20.318000,5.659266041046769,6.523537041275654
20.320000,5.698329137102312,6.46494239719234
20.322000,5.8301670862897685,6.377050431067369
20.324000,5.81551842526894,6.53330281528954
20.326000,5.478599221789883,6.420996414129855
20.328000,6.025482566567483,6.43076218814374
20.330000,5.527428091859312,6.591897459372854
20.332000,5.835049973296711,6.43076218814374
20.334000,5.571374074921797,6.713969634546426
20.336000,5.488364995803769,6.303807125963226
20.338000,5.586022735942626,6.181734950789655
20.340000,5.527428091859312,6.1866178377965975
20.342000,5.634851606012055,6.142671854734112
20.344000,5.991302357518883,6.6016632333867395
20.346000,5.498130769817655,6.49912260624094
20.348000,5.605554283970397,6.201266498817426
20.350000,5.874113069352254,6.494239719233997
20.352000,5.766689555199512,6.655374990463112
20.354000,6.02059967956054,6.621194781414511
20.356000,5.835049973296711,6.474708171206226
20.358000,5.937590600442512,6.201266498817426
20.360000,5.971770809491112,6.372167544060425
20.362000,5.629968719005112,6.323338673990997
20.364000,5.825284199282826,6.67002365148394
20.366000,6.02059967956054,6.621194781414511
20.368000,5.673914702067598,6.32822156099794
20.370000,5.688563363088426,6.655374990463112
20.372000,5.5957885099565114,6.176852063782712
20.374000,5.95223926146334,6.3916990920881975
20.376000,5.600671396963454,6.70420386053254
20.378000,5.820401312275883,6.445410849164569
20.380000,5.922941939421683,6.7188525215533685
20.382000,5.864347295338368,6.640726329442283
20.384000,5.654383154039826,6.298924238956283
20.386000,5.664148928053712,6.655374990463112
20.388000,6.035248340581369,6.606546120393682
20.390000,6.001068131532769,6.6895551995117115
20.392000,5.835049973296711,6.420996414129855
20.394000,5.805752651255054,6.43076218814374
20.396000,5.922941939421683,6.46494239719234
20.398000,5.752040894178683,6.43076218814374
20.400000,5.693446250095369,6.46494239719234
20.402000,6.0401312275883114,6.39658197909514
20.404000,5.98641947051194,6.626077668421455
20.406000,6.02059967956054,6.381933318074312
20.408000,6.010833905546654,6.152437628747998
20.410000,5.878995956359198,6.645609216449226
20.412000,5.898527504386969,6.43076218814374
20.414000,5.98641947051194,6.6016632333867395
20.416000,6.005951018539712,6.645609216449226
20.418000,5.971770809491112,6.606546120393682
20.420000,5.590905622949569,6.582131685358968
20.422000,5.6495002670328835,6.289158464942397
20.424000,5.74715800717174,6.333104448004883
20.426000,5.7422751201647975,6.19150072480354
20.428000,6.0694285496299685,6.748149843595026
20.430000,5.71297779812314,6.46494239719234
20.432000,5.922941939421683,6.323338673990997
20.434000,5.571374074921797,6.372167544060425
20.436000,5.761806668192569,6.303807125963226
20.438000,6.08896009765774,6.70420386053254
20.440000,5.5957885099565114,6.36240177004654
20.442000,5.786221103227283,6.303807125963226
20.444000,5.664148928053712,6.289158464942397
20.446000,5.966887922484169,6.19150072480354
20.448000,5.7422751201647975,6.25986114290074
20.450000,5.98641947051194,6.474708171206226
20.452000,5.854581521324483,6.67002365148394
20.454000,6.005951018539712,6.582131685358968
20.456000,5.937590600442512,6.181734950789655
20.458000,5.976653696498055,6.53330281528954
20.460000,5.996185244525826,6.674906538490883
20.462000,5.586022735942626,6.611429007400625
20.464000,5.634851606012055,6.43076218814374
20.466000,5.859464408331426,6.206149385824369
20.468000,5.571374074921797,6.3916990920881975
20.470000,5.761806668192569,6.318455786984054
20.472000,5.8301670862897685,6.6602578774700545
20.474000,5.908293278400855,6.29404135194934
20.476000,5.74715800717174,6.645609216449226
20.478000,6.05477988860914,6.577248798352025
20.480000,5.688563363088426,6.425879301136797
20.482000,5.61043717097734,6.7188525215533685
20.484000,5.586022735942626,6.56748302433814
20.486000,5.7422751201647975,6.308690012970168
20.488000,5.522545204852369,6.352635996032654
20.490000,6.093842984664683,6.469825284199283
20.492000,5.825284199282826,6.621194781414511
20.494000,5.600671396963454,6.333104448004883
20.496000,6.001068131532769,6.420996414129855
20.498000,5.717860685130083,6.606546120393682
20.500000,5.864347295338368,6.29404135194934
20.502000,5.776455329213397,6.743266956588083
20.504000,5.883878843366141,6.694438086518654
20.506000,5.639734493018998,6.757915617608911
20.508000,5.869230182345311,6.6895551995117115
20.510000,5.854581521324483,6.709086747539483
20.512000,5.556725413900969,6.352635996032654
20.514000,5.57625696192874,6.479591058213169
20.516000,5.717860685130083,6.591897459372854
20.518000,5.869230182345311,6.176852063782712
20.520000,6.118257419699397,6.36240177004654
20.522000,5.913176165407798,6.674906538490883
20.524000,6.084077210650797,6.377050431067369
20.526000,5.932707713435569,6.46494239719234
20.528000,5.883878843366141,6.269626916914626
20.530000,6.001068131532769,6.337987335011825
20.532000,5.688563363088426,6.6309605554283975
20.534000,5.620202944991226,6.6895551995117115
20.536000,5.615320057984283,6.440527962157626
20.538000,5.8301670862897685,6.508888380254826
20.540000,5.546959639887083,6.22568093385214
20.542000,6.108491645685511,6.298924238956283
20.544000,5.756923781185626,6.753032730601968
20.546000,5.673914702067598,6.552834363317311
20.548000,5.8008697642481115,6.469825284199283
20.550000,5.54207675288014,6.474708171206226
20.552000,5.835049973296711,6.626077668421455
20.554000,6.113374532692454,6.49912260624094
20.556000,5.878995956359198,6.357518883039597
20.558000,6.0987258716716255,6.196383611810483
20.560000,6.0401312275883114,6.254978255893797
20.562000,6.025482566567483,6.440527962157626
20.564000,5.673914702067598,6.250095368886854
20.566000,5.913176165407798,6.211032272831312
20.568000,5.581139848935683,6.777447165636683
20.570000,5.7715724422064545,6.626077668421455
20.572000,5.893644617380026,6.269626916914626
20.574000,5.71297779812314,6.425879301136797
20.576000,5.590905622949569,6.279392690928511
20.578000,5.922941939421683,6.420996414129855
20.580000,5.761806668192569,6.552834363317311
20.582000,5.664148928053712,6.445410849164569
20.584000,5.869230182345311,6.699320973525597
20.586000,5.791103990234226,6.357518883039597
20.588000,5.913176165407798,6.386816205081255
20.590000,5.561608300907912,6.699320973525597
20.592000,6.118257419699397,6.377050431067369
20.594000,5.932707713435569,6.621194781414511
20.596000,5.654383154039826,6.401464866102083
20.598000,6.035248340581369,6.748149843595026
20.600000,5.825284199282826,6.5137712672617685
20.602000,5.5957885099565114,6.254978255893797
20.604000,6.010833905546654,6.6602578774700545
20.606000,5.898527504386969,6.547951476310368
20.608000,5.664148928053712,6.289158464942397
20.610000,5.996185244525826,6.621194781414511
20.612000,5.932707713435569,6.606546120393682
20.614000,5.878995956359198,6.709086747539483
20.616000,5.722743572137026,6.440527962157626
20.618000,6.113374532692454,6.528419928282597
20.620000,6.0987258716716255,6.313572899977111
20.622000,6.12314030670634,6.308690012970168
20.624000,5.864347295338368,6.352635996032654
20.626000,6.108491645685511,6.455176623178454
20.628000,5.859464408331426,6.56748302433814
20.630000,5.903410391393912,6.298924238956283
20.632000,5.8887617303730835,6.5723659113450825
20.634000,5.678797589074541,6.2159151598382545
20.636000,5.996185244525826,6.655374990463112
20.638000,6.0401312275883114,6.284275577935454
20.640000,6.05477988860914,6.655374990463112
20.642000,5.8008697642481115,6.36240177004654
20.644000,5.835049973296711,6.425879301136797
20.646000,5.7715724422064545,6.250095368886854
20.648000,5.57625696192874,6.640726329442283
20.650000,6.074311436636911,6.56748302433814
20.652000,6.118257419699397,6.611429007400625
20.654000,5.932707713435569,6.528419928282597
20.656000,5.71297779812314,6.220798046845197
20.658000,5.996185244525826,6.582131685358968
20.660000,5.698329137102312,6.2452124818799115
20.662000,5.966887922484169,6.63584344243534
20.664000,6.010833905546654,6.39658197909514
20.666000,6.0401312275883114,6.596780346379797
20.668000,5.7422751201647975,6.733501182574197
20.670000,6.05477988860914,6.616311894407568
20.672000,5.752040894178683,6.381933318074312
20.674000,6.103608758678568,6.518654154268711
20.676000,5.976653696498055,6.406347753109026
20.678000,6.074311436636911,6.6309605554283975
20.680000,5.71297779812314,6.591897459372854
20.682000,6.12314030670634,6.489356832227054
20.684000,6.0694285496299685,6.557717250324254
20.686000,6.084077210650797,6.6309605554283975
20.688000,5.590905622949569,6.342870222018768
20.690000,5.874113069352254,6.318455786984054
20.692000,5.581139848935683,6.753032730601968
20.694000,6.0401312275883114,6.70420386053254
20.696000,5.922941939421683,6.347753109025711
20.698000,5.752040894178683,6.753032730601968
20.700000,6.128023193713283,6.787212939650568
20.702000,5.81551842526894,6.308690012970168
20.704000,5.634851606012055,6.577248798352025
20.706000,6.0987258716716255,6.645609216449226
20.708000,6.0694285496299685,6.377050431067369
20.710000,5.664148928053712,6.5723659113450825
20.712000,5.913176165407798,6.528419928282597
20.714000,5.737392233157855,6.792095826657511
20.716000,5.825284199282826,6.665140764476997
20.718000,5.81551842526894,6.655374990463112
20.720000,6.128023193713283,6.792095826657511
20.722000,5.664148928053712,6.645609216449226
20.724000,5.722743572137026,6.416113527122912
20.726000,5.864347295338368,6.801861600671397
20.728000,6.045014114595254,6.508888380254826
20.730000,5.9180590524147405,6.504005493247883
20.732000,6.0401312275883114,6.733501182574197
20.734000,5.722743572137026,6.684672312504769
20.736000,6.0694285496299685,6.289158464942397
20.738000,5.835049973296711,6.753032730601968
20.740000,5.620202944991226,6.787212939650568
20.742000,5.756923781185626,6.767681391622797
20.744000,6.049897001602197,6.377050431067369
20.746000,5.854581521324483,6.626077668421455
20.748000,5.669031815060655,6.250095368886854
20.750000,6.103608758678568,6.816510261692225
20.752000,5.644617380025941,6.757915617608911
20.754000,6.128023193713283,6.616311894407568
20.756000,6.113374532692454,6.596780346379797
20.758000,5.732509346150912,6.821393148699168
20.760000,5.698329137102312,6.679789425497826
20.762000,6.08896009765774,6.743266956588083
20.764000,5.942473487449455,6.504005493247883
20.766000,6.128023193713283,6.240329594872969
20.768000,5.732509346150912,6.6602578774700545
20.770000,5.5957885099565114,6.728618295567254
20.772000,5.717860685130083,6.29404135194934
20.774000,5.717860685130083,6.279392690928511
20.776000,6.079194323643854,6.406347753109026
20.778000,5.844815747310597,6.826276035706111
20.780000,5.664148928053712,6.455176623178454
20.782000,6.0694285496299685,6.289158464942397
20.784000,6.152437628747998,6.36240177004654
20.786000,5.883878843366141,6.347753109025711
20.788000,5.95223926146334,6.264744029907683
20.790000,5.874113069352254,6.796978713664454
20.792000,6.084077210650797,6.372167544060425
20.794000,6.0694285496299685,6.435645075150683
20.796000,6.108491645685511,6.650492103456169
20.798000,6.132906080720226,6.63584344243534
20.800000,5.7715724422064545,6.767681391622797
20.802000,5.9180590524147405,6.323338673990997
20.804000,6.05477988860914,6.582131685358968
20.806000,6.05477988860914,6.73838406958114
20.808000,6.064545662623026,6.587014572365911
20.810000,5.927824826428626,6.279392690928511
20.812000,5.678797589074541,6.645609216449226
20.814000,5.981536583504997,6.826276035706111
20.816000,6.152437628747998,6.63584344243534
20.818000,6.176852063782712,6.425879301136797
20.820000,6.02059967956054,6.80674448767834
20.822000,5.878995956359198,6.347753109025711
20.824000,6.118257419699397,6.626077668421455
20.826000,5.8887617303730835,6.80674448767834
20.828000,5.996185244525826,6.5430685893034255
20.830000,5.971770809491112,6.70420386053254
20.832000,5.644617380025941,6.6016632333867395
20.834000,5.776455329213397,6.36240177004654
20.836000,6.113374532692454,6.342870222018768
20.838000,6.015716792553597,6.342870222018768
20.840000,6.152437628747998,6.616311894407568
20.842000,5.966887922484169,6.757915617608911
20.844000,5.966887922484169,6.796978713664454
20.846000,6.05477988860914,6.743266956588083
20.848000,6.049897001602197,6.523537041275654
20.850000,6.113374532692454,6.709086747539483
20.852000,5.703212024109255,6.6309605554283975
20.854000,5.854581521324483,6.460059510185397
20.856000,5.98641947051194,6.39658197909514
20.858000,5.835049973296711,6.557717250324254
20.860000,6.059662775616083,6.77256427862974
20.862000,5.8301670862897685,6.650492103456169
20.864000,6.0987258716716255,6.469825284199283
20.866000,6.1866178377965975,6.333104448004883
20.868000,5.7715724422064545,6.70420386053254
20.870000,5.991302357518883,6.46494239719234
20.872000,5.996185244525826,6.508888380254826
20.874000,6.0694285496299685,6.289158464942397
20.876000,5.976653696498055,6.313572899977111
20.878000,5.844815747310597,6.323338673990997
20.880000,5.737392233157855,6.49912260624094
20.882000,5.629968719005112,6.323338673990997
20.884000,5.971770809491112,6.577248798352025
20.886000,5.878995956359198,6.489356832227054
20.888000,5.991302357518883,6.762798504615854
20.890000,5.839932860303654,6.655374990463112
20.892000,5.942473487449455,6.743266956588083
20.894000,5.835049973296711,6.8409246967269395
20.896000,6.176852063782712,6.406347753109026
20.898000,6.02059967956054,6.796978713664454
20.900000,5.903410391393912,6.401464866102083
20.902000,5.722743572137026,6.836041809719997
20.904000,5.922941939421683,6.6016632333867395
20.906000,5.981536583504997,6.377050431067369
20.908000,6.15732051575494,6.406347753109026
20.910000,6.0401312275883114,6.626077668421455
20.912000,5.795986877241169,6.748149843595026
20.914000,6.118257419699397,6.6602578774700545
20.916000,5.791103990234226,6.279392690928511
20.918000,5.95223926146334,6.5430685893034255
20.920000,5.9180590524147405,6.709086747539483
20.922000,6.0694285496299685,6.73838406958114
20.924000,5.688563363088426,6.479591058213169
20.926000,6.05477988860914,6.621194781414511
20.928000,6.206149385824369,6.757915617608911
20.930000,6.176852063782712,6.386816205081255
20.932000,5.966887922484169,6.591897459372854
20.934000,6.093842984664683,6.762798504615854
20.936000,5.776455329213397,6.347753109025711
20.938000,5.693446250095369,6.591897459372854
20.940000,6.142671854734112,6.518654154268711
20.942000,6.093842984664683,6.469825284199283
20.944000,5.71297779812314,6.577248798352025
20.946000,6.196383611810483,6.587014572365911
20.948000,5.727626459143969,6.606546120393682
20.950000,6.035248340581369,6.32822156099794
20.952000,5.639734493018998,6.753032730601968
20.954000,5.737392233157855,6.308690012970168
20.956000,5.737392233157855,6.63584344243534
20.958000,5.903410391393912,6.684672312504769
20.960000,6.015716792553597,6.3916990920881975
20.962000,6.010833905546654,6.591897459372854
20.964000,5.825284199282826,6.645609216449226
20.966000,6.12314030670634,6.32822156099794
20.968000,6.074311436636911,6.713969634546426
20.970000,6.049897001602197,6.372167544060425
20.972000,5.966887922484169,6.694438086518654
20.974000,5.991302357518883,6.640726329442283
20.976000,5.664148928053712,6.816510261692225
20.978000,5.9473563744563975,6.6309605554283975
20.980000,6.132906080720226,6.645609216449226
20.982000,6.02059967956054,6.29404135194934
20.984000,5.732509346150912,6.523537041275654
20.986000,6.108491645685511,6.5430685893034255
20.988000,5.708094911116198,6.665140764476997
20.990000,5.937590600442512,6.723735408560311
20.992000,6.132906080720226,6.289158464942397
20.994000,5.71297779812314,6.386816205081255
20.996000,5.727626459143969,6.557717250324254
20.998000,5.98641947051194,6.36240177004654
21.000000,6.240329594872969,6.587014572365911
21.002000,5.722743572137026,6.831158922713054
21.004000,6.059662775616083,6.416113527122912
21.006000,5.654383154039826,6.313572899977111
21.008000,5.913176165407798,6.80674448767834
21.010000,5.678797589074541,6.591897459372854
21.012000,5.957122148470283,6.699320973525597
21.014000,5.752040894178683,6.469825284199283
21.016000,5.664148928053712,6.5723659113450825
21.018000,5.683680476081483,6.679789425497826
21.020000,6.230563820859083,6.6602578774700545
21.022000,6.064545662623026,6.5723659113450825
21.024000,5.966887922484169,6.552834363317311
21.026000,5.732509346150912,6.39658197909514
21.028000,5.722743572137026,6.347753109025711
21.030000,5.791103990234226,6.6895551995117115
21.032000,5.786221103227283,6.381933318074312
21.034000,6.045014114595254,6.538185702296483
21.036000,6.030365453574426,6.3672846570534825
21.038000,6.167086289768826,6.606546120393682
21.040000,6.22568093385214,6.816510261692225
21.042000,5.957122148470283,6.743266956588083
21.044000,5.74715800717174,6.489356832227054
21.046000,6.211032272831312,6.450293736171512
21.048000,6.19150072480354,6.562600137331197
21.050000,6.201266498817426,6.435645075150683
21.052000,5.9180590524147405,6.713969634546426
21.054000,6.12314030670634,6.845807583733882
21.056000,6.235446707866026,6.411230640115969
21.058000,6.137788967727169,6.53330281528954
21.060000,6.250095368886854,6.63584344243534
21.062000,6.201266498817426,6.684672312504769
21.064000,6.12314030670634,6.826276035706111
21.066000,6.176852063782712,6.347753109025711
21.068000,5.898527504386969,6.67002365148394
21.070000,6.137788967727169,6.420996414129855
21.072000,5.854581521324483,6.821393148699168
21.074000,5.786221103227283,6.616311894407568
21.076000,5.8301670862897685,6.357518883039597
21.078000,5.927824826428626,6.606546120393682
21.080000,5.776455329213397,6.479591058213169
21.082000,6.064545662623026,6.587014572365911
21.084000,6.181734950789655,6.352635996032654
21.086000,5.908293278400855,6.528419928282597
21.088000,5.927824826428626,6.596780346379797
21.090000,6.064545662623026,6.562600137331197
21.092000,5.737392233157855,6.879987792782483
21.094000,6.005951018539712,6.494239719233997
21.096000,5.752040894178683,6.562600137331197
21.098000,6.132906080720226,6.3672846570534825
21.100000,6.0694285496299685,6.8409246967269395
21.102000,5.927824826428626,6.621194781414511
21.104000,5.95223926146334,6.523537041275654
21.106000,6.2159151598382545,6.826276035706111
21.108000,5.74715800717174,6.655374990463112
21.110000,5.7715724422064545,6.865339131761654
21.112000,5.962005035477226,6.63584344243534
21.114000,5.698329137102312,6.582131685358968
21.116000,5.820401312275883,6.313572899977111
21.118000,5.752040894178683,6.5723659113450825
21.120000,5.95223926146334,6.381933318074312
21.122000,6.074311436636911,6.728618295567254
21.124000,6.02059967956054,6.5430685893034255
21.126000,5.756923781185626,6.445410849164569
21.128000,6.269626916914626,6.357518883039597
21.130000,6.171969176775769,6.577248798352025
21.132000,6.142671854734112,6.440527962157626
21.134000,5.84969863431754,6.445410849164569
21.136000,5.962005035477226,6.5430685893034255
21.138000,6.128023193713283,6.640726329442283
21.140000,6.010833905546654,6.5723659113450825
21.142000,5.962005035477226,6.73838406958114
21.144000,5.991302357518883,6.450293736171512
21.146000,5.776455329213397,6.337987335011825
21.148000,5.839932860303654,6.757915617608911
21.150000,5.922941939421683,6.894636453803312
21.152000,6.0987258716716255,6.53330281528954
21.154000,5.791103990234226,6.5430685893034255
21.156000,5.71297779812314,6.318455786984054
21.158000,5.937590600442512,6.416113527122912
21.160000,5.756923781185626,6.6895551995117115
21.162000,6.19150072480354,6.8409246967269395
21.164000,6.113374532692454,6.831158922713054
21.166000,6.147554741741055,6.49912260624094
21.168000,6.025482566567483,6.621194781414511
21.170000,5.869230182345311,6.411230640115969
21.172000,5.74715800717174,6.49912260624094
21.174000,6.05477988860914,6.489356832227054
21.176000,5.795986877241169,6.8702220187685965
21.178000,6.030365453574426,6.845807583733882
21.180000,5.825284199282826,6.655374990463112
21.182000,6.05477988860914,6.381933318074312
21.184000,6.2452124818799115,6.357518883039597
21.186000,6.25986114290074,6.582131685358968
21.188000,6.235446707866026,6.90928511482414
21.190000,5.78133821622034,6.46494239719234
21.192000,6.001068131532769,6.5723659113450825
21.194000,5.732509346150912,6.865339131761654
21.196000,5.7715724422064545,6.39658197909514
21.198000,5.81551842526894,6.357518883039597
21.200000,5.761806668192569,6.80674448767834
21.202000,6.010833905546654,6.342870222018768
21.204000,6.269626916914626,6.850690470740825
21.206000,6.15732051575494,6.557717250324254
21.208000,6.010833905546654,6.753032730601968
21.210000,5.820401312275883,6.552834363317311
21.212000,5.761806668192569,6.801861600671397
21.214000,5.703212024109255,6.49912260624094
21.216000,5.7715724422064545,6.67002365148394
21.218000,5.791103990234226,6.694438086518654
21.220000,5.791103990234226,6.645609216449226
21.222000,6.264744029907683,6.821393148699168
21.224000,5.883878843366141,6.5137712672617685
21.226000,5.786221103227283,6.850690470740825
21.228000,5.893644617380026,6.5430685893034255
21.230000,6.181734950789655,6.352635996032654
21.232000,6.108491645685511,6.884870679789426
21.234000,6.181734950789655,6.523537041275654
21.236000,6.2745098039215685,6.860456244754711
21.238000,5.71297779812314,6.357518883039597
21.240000,6.162203402761883,6.479591058213169
21.242000,5.957122148470283,6.792095826657511
21.244000,6.030365453574426,6.816510261692225
21.246000,6.176852063782712,6.469825284199283
21.248000,5.9473563744563975,6.801861600671397
21.250000,5.927824826428626,6.591897459372854
21.252000,5.98641947051194,6.860456244754711
21.254000,5.903410391393912,6.674906538490883
21.256000,6.167086289768826,6.762798504615854
21.258000,5.776455329213397,6.850690470740825
21.260000,5.864347295338368,6.894636453803312
21.262000,6.137788967727169,6.401464866102083
21.264000,6.2745098039215685,6.347753109025711
21.266000,6.240329594872969,6.899519340810254
21.268000,6.064545662623026,6.386816205081255
21.270000,5.913176165407798,6.665140764476997
21.272000,5.859464408331426,6.748149843595026
21.274000,6.289158464942397,6.347753109025711
21.276000,6.201266498817426,6.9288166628519114
21.278000,5.727626459143969,6.884870679789426
21.280000,5.7422751201647975,6.406347753109026
21.282000,6.05477988860914,6.46494239719234
21.284000,5.810635538261997,6.523537041275654
21.286000,6.162203402761883,6.587014572365911
21.288000,5.913176165407798,6.674906538490883
21.290000,5.98641947051194,6.796978713664454
21.292000,6.045014114595254,6.494239719233997
21.294000,6.298924238956283,6.587014572365911
21.296000,6.176852063782712,6.801861600671397
21.298000,6.308690012970168,6.694438086518654
21.300000,5.737392233157855,6.494239719233997
21.302000,6.093842984664683,6.626077668421455
21.304000,6.010833905546654,6.782330052643625
21.306000,5.71297779812314,6.889753566796369
21.308000,6.2452124818799115,6.792095826657511
21.310000,6.152437628747998,6.709086747539483
21.312000,6.015716792553597,6.6602578774700545
21.314000,5.810635538261997,6.36240177004654
21.316000,5.859464408331426,6.416113527122912
21.318000,6.049897001602197,6.684672312504769
21.320000,6.08896009765774,6.523537041275654
21.322000,5.727626459143969,6.474708171206226
21.324000,6.001068131532769,6.801861600671397
21.326000,6.035248340581369,6.547951476310368
21.328000,5.820401312275883,6.587014572365911
21.330000,6.128023193713283,6.787212939650568
21.332000,5.7715724422064545,6.479591058213169
21.334000,6.132906080720226,6.753032730601968
21.336000,5.835049973296711,6.713969634546426
21.338000,5.7715724422064545,6.938582436865797
21.340000,5.9180590524147405,6.674906538490883
21.342000,6.19150072480354,6.87510490577554
21.344000,5.9180590524147405,6.650492103456169
21.346000,6.25986114290074,6.80674448767834
21.348000,5.9180590524147405,6.733501182574197
21.350000,6.308690012970168,6.674906538490883
21.352000,5.942473487449455,6.914168001831083
21.354000,5.761806668192569,6.757915617608911
21.356000,6.289158464942397,6.894636453803312
21.358000,5.859464408331426,6.709086747539483
21.360000,5.908293278400855,6.753032730601968
21.362000,6.303807125963226,6.743266956588083
21.364000,5.854581521324483,6.850690470740825
21.366000,5.854581521324483,6.538185702296483
21.368000,5.81551842526894,6.401464866102083
21.370000,5.84969863431754,6.699320973525597
21.372000,5.971770809491112,6.865339131761654
21.374000,6.32822156099794,6.684672312504769
21.376000,5.898527504386969,6.3916990920881975
21.378000,5.732509346150912,6.3916990920881975
21.380000,6.152437628747998,6.49912260624094
21.382000,5.844815747310597,6.425879301136797
21.384000,6.015716792553597,6.953231097886626
21.386000,5.898527504386969,6.577248798352025
21.388000,6.059662775616083,6.474708171206226
21.390000,6.22568093385214,6.450293736171512
21.392000,6.025482566567483,6.865339131761654
21.394000,5.878995956359198,6.587014572365911
21.396000,6.05477988860914,6.933699549858854
21.398000,6.220798046845197,6.821393148699168
21.400000,5.95223926146334,6.611429007400625
21.402000,6.171969176775769,6.836041809719997
21.404000,5.756923781185626,6.469825284199283
21.406000,5.786221103227283,6.8116273746852825
21.408000,5.893644617380026,6.8116273746852825
21.410000,5.791103990234226,6.577248798352025
21.412000,5.9473563744563975,6.552834363317311
21.414000,5.883878843366141,6.56748302433814
21.416000,5.74715800717174,6.674906538490883
21.418000,6.1866178377965975,6.528419928282597
21.420000,6.059662775616083,6.455176623178454
21.422000,6.32822156099794,6.528419928282597
21.424000,5.869230182345311,6.8116273746852825
21.426000,5.932707713435569,6.80674448767834
21.428000,6.2452124818799115,6.679789425497826
21.430000,5.7422751201647975,6.836041809719997
21.432000,6.32822156099794,6.650492103456169
21.434000,6.005951018539712,6.6895551995117115
21.436000,6.2159151598382545,6.425879301136797
21.438000,6.132906080720226,6.884870679789426
21.440000,5.942473487449455,6.753032730601968
21.442000,5.835049973296711,6.889753566796369
21.444000,6.25986114290074,6.5430685893034255
21.446000,5.810635538261997,6.713969634546426
21.448000,5.874113069352254,6.435645075150683
21.450000,6.313572899977111,6.494239719233997
21.452000,6.220798046845197,6.5723659113450825
21.454000,5.913176165407798,6.665140764476997
21.456000,5.81551842526894,6.80674448767834
21.458000,5.996185244525826,6.5723659113450825
21.460000,6.079194323643854,6.650492103456169
21.462000,5.874113069352254,6.56748302433814
21.464000,5.922941939421683,6.713969634546426
21.466000,6.074311436636911,6.6602578774700545
21.468000,6.279392690928511,6.46494239719234
21.470000,5.8887617303730835,6.723735408560311
21.472000,6.167086289768826,6.591897459372854
21.474000,6.12314030670634,6.723735408560311
21.476000,6.045014114595254,6.748149843595026
21.478000,6.15732051575494,6.6309605554283975
21.480000,6.02059967956054,6.904402227817197
21.482000,6.22568093385214,6.801861600671397
21.484000,6.279392690928511,6.587014572365911
21.486000,5.869230182345311,6.757915617608911
21.488000,6.337987335011825,6.767681391622797
21.490000,5.844815747310597,6.709086747539483
21.492000,6.220798046845197,6.826276035706111
21.494000,6.211032272831312,6.77256427862974
21.496000,6.211032272831312,6.748149843595026
21.498000,6.132906080720226,6.420996414129855
21.500000,5.878995956359198,6.9581139848935685
21.502000,5.913176165407798,6.894636453803312
21.504000,6.19150072480354,6.401464866102083
21.506000,5.95223926146334,6.552834363317311
21.508000,5.864347295338368,6.865339131761654
21.510000,6.181734950789655,6.8702220187685965
21.512000,5.903410391393912,6.674906538490883
21.514000,6.093842984664683,6.469825284199283
21.516000,5.766689555199512,6.8702220187685965
21.518000,5.820401312275883,6.860456244754711
21.520000,6.206149385824369,6.94346532387274
21.522000,6.093842984664683,6.7188525215533685
21.524000,5.913176165407798,6.621194781414511
21.526000,6.29404135194934,6.582131685358968
21.528000,6.357518883039597,6.9874113069352255
21.530000,6.181734950789655,6.7188525215533685
21.532000,5.937590600442512,6.4844739452201114
21.534000,5.8008697642481115,6.948348210879683
21.536000,6.333104448004883,6.596780346379797
21.538000,6.049897001602197,6.70420386053254
21.540000,6.059662775616083,6.6016632333867395
21.542000,6.303807125963226,6.938582436865797
21.544000,5.937590600442512,6.445410849164569
21.546000,6.347753109025711,6.762798504615854
21.548000,5.791103990234226,6.606546120393682
21.550000,5.942473487449455,6.6016632333867395
21.552000,6.084077210650797,6.694438086518654
21.554000,5.8008697642481115,6.577248798352025
21.556000,6.005951018539712,6.645609216449226
21.558000,6.206149385824369,6.494239719233997
21.560000,6.220798046845197,6.8116273746852825
21.562000,5.874113069352254,6.967879758907454
21.564000,5.971770809491112,6.650492103456169
21.566000,6.298924238956283,6.596780346379797
21.568000,5.8008697642481115,6.694438086518654
21.570000,6.206149385824369,6.782330052643625
21.572000,6.162203402761883,6.889753566796369
21.574000,6.279392690928511,6.518654154268711
21.576000,6.035248340581369,6.655374990463112
21.578000,5.854581521324483,6.440527962157626
21.580000,6.0694285496299685,6.816510261692225
21.582000,6.357518883039597,6.9874113069352255
21.584000,6.12314030670634,6.90928511482414
21.586000,6.074311436636911,6.713969634546426
21.588000,5.922941939421683,6.948348210879683
21.590000,5.981536583504997,6.56748302433814
21.592000,6.36240177004654,6.504005493247883
21.594000,6.289158464942397,6.435645075150683
21.596000,5.883878843366141,6.674906538490883
21.598000,6.303807125963226,6.919050888838026
21.600000,6.29404135194934,6.53330281528954
21.602000,5.844815747310597,6.865339131761654
21.604000,6.118257419699397,6.884870679789426
21.606000,5.805752651255054,6.6602578774700545
21.608000,6.196383611810483,6.8409246967269395
21.610000,6.128023193713283,6.508888380254826
21.612000,6.108491645685511,6.723735408560311
21.614000,5.9180590524147405,6.777447165636683
21.616000,5.981536583504997,6.982528419928283
21.618000,5.859464408331426,6.836041809719997
21.620000,6.108491645685511,6.9874113069352255
21.622000,6.1866178377965975,6.445410849164569
21.624000,6.22568093385214,6.665140764476997
21.626000,6.3672846570534825,6.684672312504769
21.628000,5.98641947051194,6.992294193942168
21.630000,5.839932860303654,6.767681391622797
21.632000,6.010833905546654,6.879987792782483
21.634000,5.839932860303654,6.889753566796369
21.636000,6.250095368886854,6.948348210879683
21.638000,6.333104448004883,6.782330052643625
21.640000,5.913176165407798,6.8702220187685965
21.642000,5.922941939421683,6.650492103456169
21.644000,5.810635538261997,6.782330052643625
21.646000,5.835049973296711,6.70420386053254
21.648000,5.996185244525826,6.6309605554283975
21.650000,6.147554741741055,6.528419928282597
21.652000,6.176852063782712,6.836041809719997
21.654000,6.137788967727169,6.518654154268711
21.656000,5.957122148470283,7.026474402990768
21.658000,5.8887617303730835,6.723735408560311
21.660000,6.377050431067369,6.865339131761654
21.662000,6.08896009765774,6.967879758907454
21.664000,6.240329594872969,7.006942854962997
21.666000,6.093842984664683,6.665140764476997
21.668000,6.074311436636911,6.8702220187685965
21.670000,6.240329594872969,6.469825284199283
21.672000,5.976653696498055,6.933699549858854
21.674000,6.035248340581369,7.021591515983825
21.676000,6.0694285496299685,6.850690470740825
21.678000,6.05477988860914,6.4844739452201114
21.680000,6.005951018539712,6.504005493247883
21.682000,6.377050431067369,7.021591515983825
21.684000,6.152437628747998,6.596780346379797
21.686000,6.29404135194934,6.767681391622797
21.688000,6.381933318074312,7.021591515983825
21.690000,6.0694285496299685,6.645609216449226
21.692000,6.342870222018768,6.767681391622797
21.694000,6.3672846570534825,6.70420386053254
21.696000,5.971770809491112,6.518654154268711
21.698000,6.176852063782712,6.474708171206226
21.700000,6.113374532692454,6.460059510185397
21.702000,6.25986114290074,6.674906538490883
21.704000,6.064545662623026,6.923933775844969
21.706000,6.313572899977111,6.440527962157626
21.708000,6.372167544060425,6.821393148699168
21.710000,5.874113069352254,6.577248798352025
21.712000,5.942473487449455,6.94346532387274
21.714000,6.22568093385214,7.036240177004654
21.716000,5.839932860303654,6.982528419928283
21.718000,5.864347295338368,6.733501182574197
21.720000,6.0401312275883114,7.021591515983825
21.722000,5.976653696498055,6.997177080949111
21.724000,6.167086289768826,6.596780346379797
21.726000,5.942473487449455,6.53330281528954
21.728000,6.084077210650797,6.528419928282597
21.730000,5.883878843366141,6.455176623178454
21.732000,6.0694285496299685,6.733501182574197
21.734000,5.874113069352254,6.733501182574197
21.736000,5.957122148470283,6.46494239719234
21.738000,6.235446707866026,6.596780346379797
21.740000,6.001068131532769,6.6016632333867395
21.742000,6.318455786984054,7.031357289997711
21.744000,5.825284199282826,6.8409246967269395
21.746000,6.211032272831312,6.9581139848935685
21.748000,6.049897001602197,6.923933775844969
21.750000,6.3916990920881975,6.7188525215533685
21.752000,5.95223926146334,6.504005493247883
21.754000,6.118257419699397,7.006942854962997
21.756000,5.932707713435569,6.865339131761654
21.758000,6.420996414129855,6.577248798352025
21.760000,6.337987335011825,6.67002365148394
21.762000,5.854581521324483,6.63584344243534
21.764000,6.045014114595254,6.948348210879683
21.766000,6.298924238956283,6.728618295567254
21.768000,6.128023193713283,6.694438086518654
21.770000,6.142671854734112,6.650492103456169
21.772000,5.835049973296711,6.70420386053254
21.774000,5.981536583504997,6.860456244754711
21.776000,6.381933318074312,6.577248798352025
21.778000,5.908293278400855,7.026474402990768
21.780000,6.176852063782712,6.582131685358968
21.782000,6.36240177004654,6.6016632333867395
21.784000,6.035248340581369,6.46494239719234
21.786000,6.045014114595254,6.967879758907454
21.788000,6.108491645685511,6.904402227817197
21.790000,6.352635996032654,6.5430685893034255
21.792000,6.010833905546654,6.894636453803312
21.794000,6.386816205081255,6.889753566796369
21.796000,5.937590600442512,6.953231097886626
21.798000,6.29404135194934,6.9288166628519114
21.800000,5.937590600442512,6.679789425497826
21.802000,6.005951018539712,6.826276035706111
21.804000,5.937590600442512,6.4844739452201114
21.806000,6.377050431067369,7.036240177004654
21.808000,6.02059967956054,6.87510490577554
21.810000,6.318455786984054,6.767681391622797
21.812000,6.02059967956054,6.723735408560311
21.814000,6.02059967956054,7.031357289997711
21.816000,6.29404135194934,7.026474402990768
21.818000,6.15732051575494,7.0460059510185395
21.820000,6.36240177004654,6.67002365148394
21.822000,6.0401312275883114,6.879987792782483
21.824000,6.250095368886854,6.879987792782483
21.826000,6.206149385824369,6.97764553292134
21.828000,6.035248340581369,6.640726329442283
21.830000,6.3672846570534825,6.557717250324254
21.832000,6.0401312275883114,6.9874113069352255
21.834000,6.0401312275883114,6.616311894407568
21.836000,6.171969176775769,6.489356832227054
21.838000,5.971770809491112,6.914168001831083
21.840000,6.2452124818799115,6.962996871900511
21.842000,6.303807125963226,6.767681391622797
21.844000,6.36240177004654,6.938582436865797
21.846000,6.137788967727169,7.026474402990768
21.848000,6.240329594872969,6.821393148699168
21.850000,5.8887617303730835,6.6602578774700545
21.852000,6.15732051575494,6.728618295567254
21.854000,6.313572899977111,7.031357289997711
21.856000,5.922941939421683,6.621194781414511
21.858000,6.093842984664683,6.518654154268711
21.860000,6.425879301136797,6.504005493247883
21.862000,6.3672846570534825,6.821393148699168
21.864000,5.991302357518883,6.723735408560311
21.866000,6.108491645685511,6.591897459372854
21.868000,6.201266498817426,6.709086747539483
21.870000,6.181734950789655,6.6016632333867395
21.872000,6.254978255893797,6.9874113069352255
21.874000,6.15732051575494,6.884870679789426
21.876000,5.981536583504997,6.8409246967269395
21.878000,6.235446707866026,6.962996871900511
21.880000,6.0694285496299685,6.606546120393682
21.882000,6.132906080720226,6.914168001831083
21.884000,5.942473487449455,7.075303273060197
21.886000,6.162203402761883,6.596780346379797
21.888000,6.36240177004654,7.0167086289768825
21.890000,5.864347295338368,6.801861600671397
21.892000,6.381933318074312,7.060654612039368
21.894000,6.093842984664683,6.684672312504769
21.896000,6.035248340581369,6.494239719233997
21.898000,6.318455786984054,6.582131685358968
21.900000,6.0694285496299685,6.5430685893034255
21.902000,5.962005035477226,6.992294193942168
21.904000,5.9473563744563975,6.826276035706111
21.906000,6.420996414129855,6.8409246967269395
21.908000,6.450293736171512,6.650492103456169
21.910000,6.381933318074312,6.801861600671397
21.912000,6.074311436636911,6.860456244754711
21.914000,6.211032272831312,6.97764553292134
21.916000,5.971770809491112,6.508888380254826
21.918000,6.308690012970168,6.5430685893034255
21.920000,6.015716792553597,6.904402227817197
21.922000,6.181734950789655,6.591897459372854
21.924000,6.171969176775769,7.050888838025482
21.926000,5.878995956359198,7.089951934081025
21.928000,5.908293278400855,6.63584344243534
21.930000,6.416113527122912,6.894636453803312
21.932000,6.22568093385214,6.596780346379797
21.934000,6.010833905546654,6.73838406958114
21.936000,5.908293278400855,6.665140764476997
21.938000,6.084077210650797,6.831158922713054
21.940000,6.147554741741055,6.626077668421455
21.942000,5.98641947051194,6.6602578774700545
21.944000,6.0401312275883114,6.56748302433814
21.946000,6.29404135194934,7.089951934081025
21.948000,6.2745098039215685,6.860456244754711
21.950000,6.22568093385214,6.80674448767834
21.952000,6.416113527122912,6.626077668421455
21.954000,6.15732051575494,6.914168001831083
21.956000,5.869230182345311,7.031357289997711
21.958000,6.005951018539712,6.733501182574197
21.960000,6.049897001602197,6.6016632333867395
21.962000,6.401464866102083,7.089951934081025
21.964000,6.303807125963226,6.919050888838026
21.966000,6.36240177004654,7.060654612039368
21.968000,6.220798046845197,7.002059967956054
21.970000,6.171969176775769,6.923933775844969
21.972000,6.220798046845197,7.021591515983825
21.974000,6.201266498817426,6.826276035706111
21.976000,6.445410849164569,6.845807583733882
21.978000,6.196383611810483,6.748149843595026
21.980000,6.093842984664683,6.972762645914397
21.982000,5.927824826428626,6.899519340810254
21.984000,6.19150072480354,6.855573357747768
21.986000,6.337987335011825,6.865339131761654
21.988000,5.927824826428626,6.97764553292134
21.990000,6.0987258716716255,6.899519340810254
21.992000,6.377050431067369,6.762798504615854
21.994000,5.903410391393912,6.616311894407568
21.996000,6.333104448004883,6.9581139848935685
21.998000,6.416113527122912,6.953231097886626
22.000000,6.455176623178454,6.87510490577554
22.002000,6.15732051575494,7.041123064011597
22.004000,6.435645075150683,6.9288166628519114
22.006000,6.32822156099794,6.562600137331197
22.008000,6.064545662623026,6.723735408560311
22.010000,5.981536583504997,6.528419928282597
22.012000,6.25986114290074,6.914168001831083
22.014000,5.976653696498055,7.094834821087968
22.016000,6.46494239719234,6.77256427862974
22.018000,6.318455786984054,6.616311894407568
22.020000,5.996185244525826,6.884870679789426
22.022000,6.32822156099794,6.626077668421455
22.024000,6.313572899977111,6.606546120393682
22.026000,6.005951018539712,6.577248798352025
22.028000,6.147554741741055,6.782330052643625
22.030000,6.093842984664683,6.777447165636683
22.032000,6.279392690928511,6.826276035706111
22.034000,6.357518883039597,6.992294193942168
22.036000,6.333104448004883,6.645609216449226
22.038000,6.201266498817426,7.089951934081025
22.040000,6.167086289768826,6.753032730601968
22.042000,5.942473487449455,6.87510490577554
22.044000,6.19150072480354,6.762798504615854
22.046000,6.264744029907683,6.640726329442283
22.048000,6.045014114595254,7.080186160067139
22.050000,5.937590600442512,6.796978713664454
22.052000,6.12314030670634,6.757915617608911
22.054000,6.201266498817426,6.923933775844969
22.056000,5.976653696498055,6.547951476310368
22.058000,6.230563820859083,6.748149843595026
22.060000,5.962005035477226,7.094834821087968
22.062000,6.46494239719234,7.060654612039368
22.064000,6.059662775616083,7.114366369115739
22.066000,6.132906080720226,7.041123064011597
22.068000,6.460059510185397,7.099717708094911
22.070000,6.206149385824369,6.816510261692225
22.072000,6.303807125963226,6.596780346379797
22.074000,6.0401312275883114,6.899519340810254
22.076000,6.303807125963226,6.626077668421455
22.078000,6.0401312275883114,6.748149843595026
22.080000,6.250095368886854,7.002059967956054
22.082000,6.479591058213169,6.709086747539483
22.084000,6.147554741741055,6.63584344243534
22.086000,6.386816205081255,6.577248798352025
22.088000,6.171969176775769,6.709086747539483
22.090000,6.352635996032654,6.782330052643625
22.092000,6.3916990920881975,6.801861600671397
22.094000,6.15732051575494,6.699320973525597
22.096000,6.254978255893797,7.119249256122682
22.098000,6.289158464942397,6.728618295567254
22.100000,5.957122148470283,6.826276035706111
22.102000,6.074311436636911,6.699320973525597
22.104000,6.142671854734112,6.845807583733882
22.106000,6.450293736171512,6.777447165636683
22.108000,6.211032272831312,6.621194781414511
22.110000,6.298924238956283,6.997177080949111
22.112000,6.079194323643854,6.684672312504769
22.114000,6.474708171206226,6.733501182574197
22.116000,6.303807125963226,6.56748302433814
22.118000,6.269626916914626,6.933699549858854
22.120000,6.001068131532769,6.933699549858854
22.122000,6.377050431067369,6.787212939650568
22.124000,6.0401312275883114,6.6309605554283975
22.126000,6.128023193713283,6.562600137331197
22.128000,6.206149385824369,6.547951476310368
22.130000,6.0694285496299685,6.655374990463112
22.132000,6.142671854734112,6.787212939650568
22.134000,6.079194323643854,6.674906538490883
22.136000,6.02059967956054,6.6016632333867395
22.138000,6.416113527122912,6.56748302433814
22.140000,5.913176165407798,6.884870679789426
22.142000,6.167086289768826,6.5430685893034255
22.144000,6.43076218814374,6.582131685358968
22.146000,6.479591058213169,7.099717708094911
22.148000,6.02059967956054,6.616311894407568
22.150000,6.406347753109026,7.114366369115739
22.152000,6.455176623178454,6.792095826657511
22.154000,5.962005035477226,6.748149843595026
22.156000,6.308690012970168,6.728618295567254
22.158000,6.079194323643854,7.085069047074082
22.160000,5.962005035477226,6.621194781414511
22.162000,6.167086289768826,6.70420386053254
22.164000,6.352635996032654,6.757915617608911
22.166000,6.43076218814374,6.845807583733882
22.168000,6.386816205081255,7.094834821087968
22.170000,6.005951018539712,6.777447165636683
22.172000,6.411230640115969,6.97764553292134
22.174000,5.922941939421683,7.104600595101854
22.176000,6.489356832227054,6.87510490577554
22.178000,6.118257419699397,6.728618295567254
22.180000,6.318455786984054,6.87510490577554
22.182000,6.079194323643854,7.006942854962997
22.184000,6.22568093385214,6.762798504615854
22.186000,6.206149385824369,7.114366369115739
22.188000,5.991302357518883,6.67002365148394
22.190000,6.25986114290074,7.070420386053254
22.192000,6.254978255893797,7.070420386053254
22.194000,6.323338673990997,6.616311894407568
22.196000,6.303807125963226,7.138780804150454
22.198000,6.08896009765774,6.879987792782483
22.200000,5.976653696498055,6.860456244754711
22.202000,6.152437628747998,6.596780346379797
22.204000,6.08896009765774,7.075303273060197
22.206000,6.3916990920881975,6.972762645914397
22.208000,6.142671854734112,6.855573357747768
22.210000,6.445410849164569,6.787212939650568
22.212000,6.206149385824369,6.845807583733882
22.214000,6.313572899977111,6.6602578774700545
22.216000,6.49912260624094,7.050888838025482
22.218000,6.05477988860914,7.01182574196994
22.220000,6.079194323643854,6.63584344243534
22.222000,6.264744029907683,6.694438086518654
22.224000,6.128023193713283,6.757915617608911
22.226000,6.508888380254826,6.6016632333867395
22.228000,6.0987258716716255,7.14854657816434
22.230000,6.36240177004654,6.621194781414511
22.232000,6.010833905546654,6.562600137331197
22.234000,6.211032272831312,6.879987792782483
22.236000,6.142671854734112,6.77256427862974
22.238000,6.528419928282597,7.002059967956054
22.240000,5.971770809491112,6.753032730601968
22.242000,6.36240177004654,7.1338979171435115
22.244000,6.298924238956283,6.655374990463112
22.246000,6.298924238956283,6.904402227817197
22.248000,6.147554741741055,6.97764553292134
22.250000,6.494239719233997,6.626077668421455
22.252000,6.152437628747998,6.831158922713054
22.254000,6.22568093385214,6.899519340810254
22.256000,6.494239719233997,6.655374990463112
22.258000,6.352635996032654,6.743266956588083
22.260000,6.250095368886854,6.611429007400625
22.262000,6.0987258716716255,6.679789425497826
22.264000,6.025482566567483,6.587014572365911
22.266000,6.39658197909514,7.153429465171283
22.268000,6.342870222018768,6.879987792782483
22.270000,6.450293736171512,7.0167086289768825
22.272000,6.0401312275883114,7.089951934081025
22.274000,6.211032272831312,6.87510490577554
22.276000,6.39658197909514,7.050888838025482
22.278000,6.342870222018768,6.933699549858854
22.280000,6.538185702296483,6.782330052643625
22.282000,6.347753109025711,6.621194781414511
22.284000,6.181734950789655,6.879987792782483
22.286000,6.230563820859083,6.9874113069352255
22.288000,5.971770809491112,6.860456244754711
22.290000,6.318455786984054,6.997177080949111
22.292000,6.450293736171512,6.587014572365911
22.294000,6.479591058213169,6.6309605554283975
22.296000,6.22568093385214,7.026474402990768
22.298000,5.962005035477226,6.80674448767834
22.300000,6.25986114290074,7.041123064011597
22.302000,6.206149385824369,7.0167086289768825
22.304000,6.523537041275654,6.923933775844969
22.306000,5.98641947051194,6.801861600671397
22.308000,6.08896009765774,6.9874113069352255
22.310000,6.108491645685511,6.70420386053254
22.312000,6.142671854734112,7.026474402990768
22.314000,6.504005493247883,6.914168001831083
22.316000,6.5430685893034255,7.021591515983825
22.318000,6.29404135194934,7.0460059510185395
22.320000,6.284275577935454,6.582131685358968
22.322000,6.518654154268711,6.5723659113450825
22.324000,6.201266498817426,6.948348210879683
22.326000,6.2452124818799115,6.821393148699168
22.328000,6.32822156099794,7.104600595101854
22.330000,6.196383611810483,6.904402227817197
22.332000,6.46494239719234,6.894636453803312
22.334000,6.386816205081255,7.158312352178226
22.336000,6.474708171206226,6.836041809719997
22.338000,6.508888380254826,6.962996871900511
22.340000,5.976653696498055,6.655374990463112
22.342000,6.406347753109026,6.953231097886626
22.344000,6.508888380254826,6.782330052643625
22.346000,6.269626916914626,6.70420386053254
22.348000,6.196383611810483,6.919050888838026
22.350000,6.3916990920881975,6.723735408560311
22.352000,6.22568093385214,7.158312352178226
22.354000,6.103608758678568,6.967879758907454
22.356000,5.98641947051194,6.982528419928283
22.358000,6.479591058213169,7.1631952391851685
22.360000,6.142671854734112,6.948348210879683
22.362000,6.2452124818799115,7.172961013199054
22.364000,6.118257419699397,6.7188525215533685
22.366000,6.333104448004883,7.18272678721294
22.368000,6.2452124818799115,7.104600595101854
22.370000,6.46494239719234,6.6895551995117115
22.372000,6.435645075150683,6.845807583733882
22.374000,6.1866178377965975,6.777447165636683
22.376000,6.298924238956283,6.645609216449226
22.378000,6.406347753109026,6.860456244754711
22.380000,6.303807125963226,6.855573357747768
22.382000,6.425879301136797,7.031357289997711
22.384000,6.49912260624094,6.640726329442283
22.386000,6.269626916914626,7.129015030136569
22.388000,6.079194323643854,6.6016632333867395
22.390000,6.3916990920881975,7.14854657816434
22.392000,6.15732051575494,7.026474402990768
22.394000,6.08896009765774,6.611429007400625
22.396000,5.976653696498055,6.801861600671397
22.398000,6.53330281528954,6.9874113069352255
22.400000,6.289158464942397,7.143663691157397
22.402000,6.5723659113450825,6.962996871900511
22.404000,6.450293736171512,7.187609674219883
22.406000,6.142671854734112,6.645609216449226
22.408000,6.049897001602197,6.933699549858854
22.410000,6.128023193713283,6.914168001831083
22.412000,6.005951018539712,7.124132143129625
22.414000,6.25986114290074,6.757915617608911
22.416000,6.103608758678568,6.9874113069352255
22.418000,6.064545662623026,7.089951934081025
22.420000,6.557717250324254,6.9288166628519114
22.422000,6.357518883039597,7.021591515983825
22.424000,6.3672846570534825,6.899519340810254
22.426000,6.557717250324254,7.089951934081025
22.428000,6.577248798352025,6.845807583733882
22.430000,6.211032272831312,6.63584344243534
22.432000,6.538185702296483,6.6895551995117115
22.434000,5.991302357518883,6.845807583733882
22.436000,5.981536583504997,6.70420386053254
22.438000,6.308690012970168,7.192492561226826
22.440000,6.406347753109026,7.085069047074082
22.442000,6.079194323643854,6.865339131761654
22.444000,6.05477988860914,6.8409246967269395
22.446000,6.284275577935454,6.655374990463112
22.448000,6.523537041275654,6.899519340810254
22.450000,6.5723659113450825,6.743266956588083
22.452000,6.093842984664683,6.7188525215533685
22.454000,6.084077210650797,6.611429007400625
22.456000,6.25986114290074,7.070420386053254
22.458000,6.323338673990997,6.743266956588083
22.460000,6.46494239719234,7.187609674219883
22.462000,6.333104448004883,6.97764553292134
22.464000,6.43076218814374,6.982528419928283
22.466000,6.528419928282597,7.065537499046311
22.468000,5.996185244525826,6.865339131761654
22.470000,6.0694285496299685,6.831158922713054
22.472000,6.29404135194934,6.8409246967269395
22.474000,6.552834363317311,7.18272678721294
22.476000,6.381933318074312,6.948348210879683
22.478000,6.2452124818799115,7.050888838025482
22.480000,6.333104448004883,7.177843900205997
22.482000,6.118257419699397,7.0460059510185395
22.484000,6.147554741741055,7.129015030136569
22.486000,6.425879301136797,7.099717708094911
22.488000,6.010833905546654,7.14854657816434
22.490000,6.0987258716716255,7.172961013199054
22.492000,6.381933318074312,6.962996871900511
22.494000,6.02059967956054,6.611429007400625
22.496000,6.093842984664683,7.187609674219883
22.498000,6.0401312275883114,7.021591515983825
22.500000,6.059662775616083,6.73838406958114
22.502000,6.547951476310368,7.124132143129625
22.504000,6.5430685893034255,6.884870679789426
22.506000,6.284275577935454,7.01182574196994
22.508000,6.128023193713283,7.197375448233768
22.510000,6.43076218814374,6.63584344243534
22.512000,6.015716792553597,7.14854657816434
22.514000,6.279392690928511,7.036240177004654
22.516000,6.171969176775769,6.948348210879683
22.518000,6.372167544060425,6.850690470740825
22.520000,6.49912260624094,7.060654612039368
22.522000,6.2452124818799115,6.860456244754711
22.524000,6.250095368886854,7.138780804150454
22.526000,6.128023193713283,6.7188525215533685
22.528000,6.347753109025711,6.796978713664454
22.530000,6.2159151598382545,7.18272678721294
22.532000,6.118257419699397,7.21690699626154
22.534000,6.416113527122912,6.826276035706111
22.536000,6.2745098039215685,6.997177080949111
22.538000,6.05477988860914,7.153429465171283
22.540000,6.010833905546654,6.762798504615854
22.542000,6.469825284199283,6.665140764476997
22.544000,6.137788967727169,7.055771725032425
22.546000,6.469825284199283,6.8116273746852825
22.548000,6.010833905546654,6.782330052643625
22.550000,6.074311436636911,6.792095826657511
22.552000,6.289158464942397,7.060654612039368
22.554000,6.167086289768826,7.143663691157397
22.556000,6.3916990920881975,6.899519340810254
22.558000,6.254978255893797,6.845807583733882
22.560000,6.313572899977111,6.80674448767834
22.562000,6.596780346379797,6.679789425497826
22.564000,6.518654154268711,6.821393148699168
22.566000,6.08896009765774,6.645609216449226
22.568000,6.49912260624094,6.684672312504769
22.570000,6.29404135194934,7.089951934081025
22.572000,6.552834363317311,6.6309605554283975
22.574000,6.538185702296483,6.77256427862974
22.576000,6.15732051575494,6.865339131761654
22.578000,6.347753109025711,6.938582436865797
22.580000,6.518654154268711,6.645609216449226
22.582000,6.211032272831312,6.821393148699168
22.584000,6.445410849164569,7.114366369115739
22.586000,6.0987258716716255,6.836041809719997
22.588000,6.323338673990997,6.645609216449226
22.590000,6.547951476310368,6.699320973525597
22.592000,6.3916990920881975,6.743266956588083
22.594000,6.36240177004654,6.914168001831083
22.596000,6.201266498817426,7.070420386053254
22.598000,6.5137712672617685,6.860456244754711
22.600000,6.528419928282597,6.9874113069352255
22.602000,6.46494239719234,6.767681391622797
22.604000,6.269626916914626,7.221789883268483
22.606000,6.142671854734112,6.757915617608911
22.608000,6.235446707866026,6.855573357747768
22.610000,6.425879301136797,6.6602578774700545
22.612000,6.523537041275654,7.18272678721294
22.614000,6.2159151598382545,6.997177080949111
22.616000,6.313572899977111,6.90928511482414
22.618000,6.5430685893034255,7.01182574196994
22.620000,6.557717250324254,6.801861600671397
22.622000,6.494239719233997,6.762798504615854
22.624000,6.494239719233997,7.050888838025482
22.626000,6.142671854734112,6.762798504615854
22.628000,6.298924238956283,7.124132143129625
22.630000,6.196383611810483,6.723735408560311
22.632000,6.36240177004654,6.836041809719997
22.634000,6.279392690928511,7.197375448233768
22.636000,6.460059510185397,7.158312352178226
22.638000,6.557717250324254,7.18272678721294
22.640000,6.621194781414511,7.026474402990768
22.642000,6.240329594872969,6.879987792782483
22.644000,6.455176623178454,6.655374990463112
22.646000,6.049897001602197,6.962996871900511
22.648000,6.547951476310368,7.0460059510185395
22.650000,6.43076218814374,6.826276035706111
22.652000,6.201266498817426,7.197375448233768
22.654000,6.137788967727169,7.094834821087968
22.656000,6.611429007400625,6.684672312504769
22.658000,6.206149385824369,6.762798504615854
22.660000,6.538185702296483,6.748149843595026
22.662000,6.577248798352025,6.850690470740825
22.664000,6.093842984664683,6.709086747539483
22.666000,6.29404135194934,6.860456244754711
22.668000,6.435645075150683,6.894636453803312
22.670000,6.577248798352025,6.9874113069352255
22.672000,6.455176623178454,7.104600595101854
22.674000,6.19150072480354,7.177843900205997
22.676000,6.5430685893034255,6.938582436865797
22.678000,6.240329594872969,7.109483482108796
22.680000,6.084077210650797,6.655374990463112
22.682000,6.137788967727169,7.094834821087968
22.684000,6.5430685893034255,7.094834821087968
22.686000,6.0401312275883114,6.709086747539483
22.688000,6.235446707866026,6.728618295567254
22.690000,6.46494239719234,6.723735408560311
22.692000,6.440527962157626,6.9288166628519114
22.694000,6.049897001602197,6.831158922713054
22.696000,6.5137712672617685,6.777447165636683
22.698000,6.108491645685511,7.114366369115739
22.700000,6.479591058213169,6.889753566796369
22.702000,6.15732051575494,7.070420386053254
22.704000,6.176852063782712,7.124132143129625
22.706000,6.308690012970168,6.9874113069352255
22.708000,6.201266498817426,6.9288166628519114
22.710000,6.640726329442283,6.821393148699168
22.712000,6.3672846570534825,6.97764553292134
22.714000,6.284275577935454,6.70420386053254
22.716000,6.2745098039215685,6.972762645914397
22.718000,6.132906080720226,7.192492561226826
22.720000,6.152437628747998,6.77256427862974
22.722000,6.474708171206226,6.9288166628519114
22.724000,6.518654154268711,6.8702220187685965
22.726000,6.5430685893034255,7.0167086289768825
22.728000,6.103608758678568,6.953231097886626
22.730000,6.162203402761883,6.777447165636683
22.732000,6.08896009765774,7.036240177004654
22.734000,6.386816205081255,6.709086747539483
22.736000,6.318455786984054,6.8409246967269395
22.738000,6.2745098039215685,6.831158922713054
22.740000,6.445410849164569,6.743266956588083
22.742000,6.455176623178454,6.831158922713054
22.744000,6.523537041275654,7.172961013199054
22.746000,6.53330281528954,6.80674448767834
22.748000,6.289158464942397,6.723735408560311
22.750000,6.2745098039215685,6.709086747539483
22.752000,6.63584344243534,6.743266956588083
22.754000,6.640726329442283,6.919050888838026
22.756000,6.4844739452201114,7.002059967956054
22.758000,6.333104448004883,6.73838406958114
22.760000,6.440527962157626,6.855573357747768
22.762000,6.547951476310368,6.94346532387274
22.764000,6.337987335011825,7.236438544289311
22.766000,6.504005493247883,7.143663691157397
22.768000,6.303807125963226,6.9288166628519114
22.770000,6.611429007400625,7.089951934081025
22.772000,6.2745098039215685,7.119249256122682
22.774000,6.63584344243534,6.850690470740825
22.776000,6.372167544060425,6.728618295567254
22.778000,6.201266498817426,7.226672770275425
22.780000,6.059662775616083,6.865339131761654
22.782000,6.2745098039215685,7.18272678721294
22.784000,6.25986114290074,6.865339131761654
22.786000,6.401464866102083,6.713969634546426
22.788000,6.440527962157626,7.168078126192111
22.790000,6.6309605554283975,6.684672312504769
22.792000,6.196383611810483,7.021591515983825
22.794000,6.39658197909514,6.757915617608911
22.796000,6.308690012970168,6.8116273746852825
22.798000,6.289158464942397,6.787212939650568
22.800000,6.2452124818799115,7.187609674219883
22.802000,6.284275577935454,6.8116273746852825
22.804000,6.289158464942397,7.002059967956054
22.806000,6.264744029907683,6.753032730601968
22.808000,6.435645075150683,7.231555657282368
22.810000,6.63584344243534,7.060654612039368
22.812000,6.6602578774700545,6.728618295567254
22.814000,6.4844739452201114,7.104600595101854
22.816000,6.08896009765774,7.099717708094911
22.818000,6.650492103456169,6.801861600671397
22.820000,6.2745098039215685,7.226672770275425
22.822000,6.211032272831312,7.119249256122682
22.824000,6.53330281528954,7.109483482108796
22.826000,6.279392690928511,7.060654612039368
22.828000,6.665140764476997,6.90928511482414
22.830000,6.6602578774700545,7.21690699626154
22.832000,6.36240177004654,7.129015030136569
22.834000,6.303807125963226,6.713969634546426
22.836000,6.284275577935454,7.168078126192111
22.838000,6.181734950789655,7.187609674219883
22.840000,6.118257419699397,7.01182574196994
22.842000,6.43076218814374,7.065537499046311
22.844000,6.552834363317311,6.860456244754711
22.846000,6.596780346379797,6.938582436865797
22.848000,6.084077210650797,7.114366369115739
22.850000,6.118257419699397,6.9288166628519114
22.852000,6.289158464942397,7.060654612039368
22.854000,6.171969176775769,7.270618753337911
22.856000,6.303807125963226,7.094834821087968
22.858000,6.411230640115969,6.743266956588083
22.860000,6.674906538490883,6.884870679789426
22.862000,6.093842984664683,7.177843900205997
22.864000,6.36240177004654,7.18272678721294
22.866000,6.128023193713283,6.787212939650568
22.868000,6.445410849164569,7.207141222247654
22.870000,6.562600137331197,7.172961013199054
22.872000,6.132906080720226,7.094834821087968
22.874000,6.230563820859083,7.275501640344854
22.876000,6.401464866102083,7.236438544289311
22.878000,6.25986114290074,6.7188525215533685
22.880000,6.298924238956283,6.904402227817197
22.882000,6.181734950789655,6.723735408560311
22.884000,6.557717250324254,7.168078126192111
22.886000,6.3672846570534825,7.143663691157397
22.888000,6.264744029907683,7.280384527351797
22.890000,6.6602578774700545,6.967879758907454
22.892000,6.591897459372854,6.7188525215533685
22.894000,6.591897459372854,6.792095826657511
22.896000,6.640726329442283,6.899519340810254
22.898000,6.650492103456169,6.884870679789426
22.900000,6.152437628747998,6.728618295567254
22.902000,6.32822156099794,7.085069047074082
22.904000,6.67002365148394,7.0460059510185395
22.906000,6.318455786984054,6.9874113069352255
22.908000,6.665140764476997,7.246204318303197
22.910000,6.2452124818799115,7.25108720531014
22.912000,6.2745098039215685,6.777447165636683
22.914000,6.6602578774700545,6.8702220187685965
22.916000,6.357518883039597,6.87510490577554
22.918000,6.587014572365911,6.904402227817197
22.920000,6.665140764476997,7.080186160067139
22.922000,6.528419928282597,6.967879758907454
22.924000,6.469825284199283,7.0167086289768825
22.926000,6.5137712672617685,6.94346532387274
22.928000,6.489356832227054,6.748149843595026
22.930000,6.611429007400625,6.733501182574197
22.932000,6.381933318074312,7.1631952391851685
22.934000,6.152437628747998,6.884870679789426
22.936000,6.220798046845197,6.73838406958114
22.938000,6.616311894407568,7.168078126192111
22.940000,6.377050431067369,6.894636453803312
22.942000,6.6895551995117115,7.094834821087968
22.944000,6.25986114290074,6.767681391622797
22.946000,6.416113527122912,6.73838406958114
22.948000,6.56748302433814,6.713969634546426
22.950000,6.577248798352025,6.884870679789426
22.952000,6.63584344243534,6.821393148699168
22.954000,6.3672846570534825,7.0460059510185395
22.956000,6.147554741741055,7.187609674219883
22.958000,6.557717250324254,6.884870679789426
22.960000,6.504005493247883,6.919050888838026
22.962000,6.201266498817426,7.1338979171435115
22.964000,6.694438086518654,6.9581139848935685
22.966000,6.63584344243534,7.290150301365682
22.968000,6.381933318074312,6.9581139848935685
22.970000,6.103608758678568,6.850690470740825
22.972000,6.19150072480354,6.80674448767834
22.974000,6.455176623178454,6.801861600671397
22.976000,6.582131685358968,7.212024109254597
22.978000,6.357518883039597,6.743266956588083
22.980000,6.645609216449226,7.236438544289311
22.982000,6.611429007400625,6.997177080949111
22.984000,6.611429007400625,7.158312352178226
22.986000,6.167086289768826,6.777447165636683
22.988000,6.46494239719234,7.265735866330968
22.990000,6.162203402761883,7.241321431296254
22.992000,6.152437628747998,6.723735408560311
22.994000,6.445410849164569,6.938582436865797
22.996000,6.460059510185397,6.967879758907454
22.998000,6.538185702296483,6.792095826657511
23.000000,6.420996414129855,7.021591515983825
23.002000,6.3916990920881975,6.748149843595026
23.004000,6.538185702296483,7.031357289997711
23.006000,6.162203402761883,7.065537499046311
23.008000,6.469825284199283,6.9874113069352255
23.010000,6.435645075150683,7.192492561226826
23.012000,6.450293736171512,7.221789883268483
23.014000,6.313572899977111,7.3145647364003965
23.016000,6.518654154268711,7.265735866330968
23.018000,6.167086289768826,6.792095826657511
23.020000,6.25986114290074,7.3145647364003965
23.022000,6.518654154268711,6.997177080949111
23.024000,6.220798046845197,6.97764553292134
23.026000,6.2159151598382545,7.2852674143587395
23.028000,6.6309605554283975,6.894636453803312
23.030000,6.352635996032654,7.0460059510185395
23.032000,6.313572899977111,7.153429465171283
23.034000,6.337987335011825,6.826276035706111
23.036000,6.445410849164569,7.036240177004654
23.038000,6.3672846570534825,6.972762645914397
23.040000,6.445410849164569,7.075303273060197
23.042000,6.2452124818799115,7.050888838025482
23.044000,6.230563820859083,7.270618753337911
23.046000,6.460059510185397,6.879987792782483
23.048000,6.381933318074312,7.231555657282368
23.050000,6.250095368886854,7.006942854962997
23.052000,6.547951476310368,6.801861600671397
23.054000,6.357518883039597,7.124132143129625
23.056000,6.377050431067369,7.031357289997711
23.058000,6.435645075150683,6.77256427862974
23.060000,6.152437628747998,7.026474402990768
23.062000,6.518654154268711,6.884870679789426
23.064000,6.132906080720226,7.3145647364003965
23.066000,6.2452124818799115,6.9288166628519114
23.068000,6.538185702296483,6.894636453803312
23.070000,6.3672846570534825,6.962996871900511
23.072000,6.528419928282597,6.97764553292134
23.074000,6.220798046845197,6.948348210879683
23.076000,6.640726329442283,6.782330052643625
23.078000,6.557717250324254,7.299916075379568
23.080000,6.308690012970168,6.865339131761654
23.082000,6.53330281528954,7.192492561226826
23.084000,6.357518883039597,7.021591515983825
23.086000,6.147554741741055,6.948348210879683
23.088000,6.377050431067369,7.14854657816434
23.090000,6.455176623178454,6.8702220187685965
23.092000,6.171969176775769,7.089951934081025
23.094000,6.220798046845197,7.099717708094911
23.096000,6.63584344243534,7.1631952391851685
23.098000,6.6602578774700545,6.77256427862974
23.100000,6.626077668421455,7.309681849393454
23.102000,6.616311894407568,7.050888838025482
23.104000,6.220798046845197,7.114366369115739
23.106000,6.450293736171512,6.792095826657511
23.108000,6.318455786984054,6.997177080949111
23.110000,6.665140764476997,6.767681391622797
23.112000,6.508888380254826,6.889753566796369
23.114000,6.19150072480354,7.002059967956054
23.116000,6.29404135194934,6.879987792782483
23.118000,6.313572899977111,7.1631952391851685
23.120000,6.679789425497826,7.309681849393454
23.122000,6.4844739452201114,7.114366369115739
23.124000,6.425879301136797,6.826276035706111
23.126000,6.39658197909514,6.860456244754711
23.128000,6.2745098039215685,7.290150301365682
23.130000,6.5723659113450825,7.138780804150454
23.132000,6.32822156099794,7.207141222247654
23.134000,6.29404135194934,6.821393148699168
23.136000,6.333104448004883,7.036240177004654
23.138000,6.6602578774700545,6.953231097886626
23.140000,6.694438086518654,6.762798504615854
23.142000,6.181734950789655,7.221789883268483
23.144000,6.684672312504769,7.153429465171283
23.146000,6.43076218814374,7.143663691157397
23.148000,6.171969176775769,7.114366369115739
23.150000,6.606546120393682,6.836041809719997
23.152000,6.6309605554283975,7.21690699626154
23.154000,6.372167544060425,6.914168001831083
23.156000,6.440527962157626,7.197375448233768
23.158000,6.70420386053254,7.299916075379568
23.160000,6.596780346379797,6.796978713664454
23.162000,6.420996414129855,6.865339131761654
23.164000,6.240329594872969,7.324330510414282
23.166000,6.342870222018768,7.221789883268483
23.168000,6.557717250324254,7.197375448233768
23.170000,6.211032272831312,7.070420386053254
23.172000,6.591897459372854,7.3438620584420535
23.174000,6.250095368886854,7.18272678721294
23.176000,6.6309605554283975,7.226672770275425
23.178000,6.313572899977111,7.002059967956054
23.180000,6.1866178377965975,7.265735866330968
23.182000,6.73838406958114,7.006942854962997
23.184000,6.284275577935454,6.889753566796369
23.186000,6.211032272831312,7.338979171435111
23.188000,6.743266956588083,6.777447165636683
23.190000,6.167086289768826,7.319447623407339
23.192000,6.250095368886854,6.914168001831083
23.194000,6.2745098039215685,7.080186160067139
23.196000,6.167086289768826,7.21690699626154
23.198000,6.43076218814374,6.97764553292134
23.200000,6.679789425497826,7.172961013199054
23.202000,6.523537041275654,7.2559700923170825
23.204000,6.440527962157626,7.036240177004654
23.206000,6.162203402761883,7.138780804150454
23.208000,6.235446707866026,6.982528419928283
23.210000,6.333104448004883,7.026474402990768
23.212000,6.333104448004883,6.90928511482414
23.214000,6.352635996032654,7.075303273060197
23.216000,6.3672846570534825,7.260852979324025
23.218000,6.32822156099794,6.94346532387274
23.220000,6.450293736171512,7.168078126192111
23.222000,6.748149843595026,7.192492561226826
23.224000,6.3672846570534825,6.777447165636683
23.226000,6.460059510185397,6.962996871900511
23.228000,6.29404135194934,7.065537499046311
23.230000,6.1866178377965975,6.767681391622797
23.232000,6.596780346379797,6.8702220187685965
23.234000,6.25986114290074,6.889753566796369
23.236000,6.450293736171512,7.138780804150454
23.238000,6.342870222018768,7.14854657816434
23.240000,6.684672312504769,7.236438544289311
23.242000,6.63584344243534,6.94346532387274
23.244000,6.39658197909514,6.821393148699168
23.246000,6.2452124818799115,7.21690699626154
23.248000,6.518654154268711,7.197375448233768
23.250000,6.709086747539483,7.1338979171435115
23.252000,6.2745098039215685,6.97764553292134
23.254000,6.743266956588083,7.358510719462882
23.256000,6.377050431067369,7.055771725032425
23.258000,6.342870222018768,7.368276493476768
23.260000,6.606546120393682,7.060654612039368
23.262000,6.3672846570534825,6.860456244754711
23.264000,6.2745098039215685,7.099717708094911
23.266000,6.709086747539483,7.021591515983825
23.268000,6.626077668421455,7.177843900205997
23.270000,6.5723659113450825,6.831158922713054
23.272000,6.250095368886854,7.295033188372625
23.274000,6.411230640115969,6.938582436865797
23.276000,6.56748302433814,7.212024109254597
23.278000,6.552834363317311,7.172961013199054
23.280000,6.455176623178454,7.065537499046311
23.282000,6.377050431067369,6.792095826657511
23.284000,6.7188525215533685,7.246204318303197
23.286000,6.201266498817426,7.221789883268483
23.288000,6.401464866102083,6.923933775844969
23.290000,6.728618295567254,7.226672770275425
23.292000,6.284275577935454,6.816510261692225
23.294000,6.4844739452201114,7.070420386053254
23.296000,6.386816205081255,7.192492561226826
23.298000,6.420996414129855,7.358510719462882
23.300000,6.777447165636683,7.299916075379568
23.302000,6.5723659113450825,7.18272678721294
23.304000,6.303807125963226,6.80674448767834
23.306000,6.284275577935454,7.070420386053254
23.308000,6.211032272831312,7.104600595101854
23.310000,6.753032730601968,6.855573357747768
23.312000,6.6016632333867395,6.962996871900511
23.314000,6.39658197909514,7.065537499046311
23.316000,6.284275577935454,7.226672770275425
23.318000,6.313572899977111,6.967879758907454
23.320000,6.6602578774700545,7.080186160067139
23.322000,6.269626916914626,7.129015030136569
23.324000,6.70420386053254,7.172961013199054
23.326000,6.587014572365911,6.801861600671397
23.328000,6.504005493247883,6.8116273746852825
23.330000,6.587014572365911,6.889753566796369
23.332000,6.494239719233997,7.065537499046311
23.334000,6.596780346379797,6.967879758907454
23.336000,6.508888380254826,6.9288166628519114
23.338000,6.53330281528954,7.265735866330968
23.340000,6.303807125963226,7.3438620584420535
23.342000,6.2745098039215685,6.94346532387274
23.344000,6.264744029907683,7.304798962386511
23.346000,6.279392690928511,7.18272678721294
23.348000,6.264744029907683,7.382925154497597
23.350000,6.416113527122912,6.933699549858854
23.352000,6.264744029907683,7.348744945448996
23.354000,6.264744029907683,6.933699549858854
23.356000,6.621194781414511,7.172961013199054
23.358000,6.674906538490883,6.816510261692225
23.360000,6.284275577935454,7.124132143129625
23.362000,6.235446707866026,6.8702220187685965
23.364000,6.3672846570534825,7.2559700923170825
23.366000,6.25986114290074,6.914168001831083
23.368000,6.621194781414511,7.338979171435111
23.370000,6.469825284199283,7.324330510414282
23.372000,6.406347753109026,6.9874113069352255
23.374000,6.2745098039215685,7.080186160067139
23.376000,6.655374990463112,7.021591515983825
23.378000,6.377050431067369,6.821393148699168
23.380000,6.5430685893034255,7.0167086289768825
23.382000,6.386816205081255,7.0460059510185395
23.384000,6.2159151598382545,7.260852979324025
23.386000,6.450293736171512,6.967879758907454
23.388000,6.406347753109026,7.085069047074082
23.390000,6.684672312504769,6.845807583733882
23.392000,6.674906538490883,7.221789883268483
23.394000,6.445410849164569,7.221789883268483
23.396000,6.782330052643625,6.8702220187685965
23.398000,6.308690012970168,7.324330510414282
23.400000,6.494239719233997,6.831158922713054
23.402000,6.264744029907683,6.904402227817197
23.404000,6.474708171206226,6.914168001831083
23.406000,6.674906538490883,7.085069047074082
23.408000,6.674906538490883,7.168078126192111
23.410000,6.6895551995117115,7.3438620584420535
23.412000,6.801861600671397,7.231555657282368
23.414000,6.650492103456169,7.378042267490654
23.416000,6.411230640115969,7.275501640344854
23.418000,6.2159151598382545,6.8409246967269395
23.420000,6.211032272831312,7.212024109254597
23.422000,6.49912260624094,7.392690928511483
23.424000,6.32822156099794,7.114366369115739
23.426000,6.733501182574197,7.1338979171435115
23.428000,6.713969634546426,7.329213397421225
23.430000,6.235446707866026,6.860456244754711
23.432000,6.674906538490883,6.923933775844969
23.434000,6.318455786984054,7.338979171435111
23.436000,6.25986114290074,6.821393148699168
23.438000,6.723735408560311,6.948348210879683
23.440000,6.508888380254826,7.304798962386511
23.442000,6.254978255893797,6.972762645914397
23.444000,6.5137712672617685,7.358510719462882
23.446000,6.36240177004654,6.992294193942168
23.448000,6.2452124818799115,6.967879758907454
23.450000,6.386816205081255,7.207141222247654
23.452000,6.577248798352025,7.246204318303197
23.454000,6.5430685893034255,7.319447623407339
23.456000,6.381933318074312,7.1338979171435115
23.458000,6.264744029907683,6.865339131761654
23.460000,6.733501182574197,7.070420386053254
23.462000,6.679789425497826,7.363393606469825
23.464000,6.6016632333867395,7.0460059510185395
23.466000,6.684672312504769,6.836041809719997
23.468000,6.508888380254826,7.026474402990768
23.470000,6.220798046845197,6.816510261692225
23.472000,6.450293736171512,7.329213397421225
23.474000,6.762798504615854,7.4024567025253685
23.476000,6.743266956588083,7.338979171435111
23.478000,6.445410849164569,6.899519340810254
23.480000,6.406347753109026,6.821393148699168
23.482000,6.230563820859083,7.412222476539254
23.484000,6.650492103456169,6.923933775844969
23.486000,6.591897459372854,6.87510490577554
23.488000,6.269626916914626,7.324330510414282
23.490000,6.2452124818799115,7.14854657816434
23.492000,6.606546120393682,6.948348210879683
23.494000,6.420996414129855,7.241321431296254
23.496000,6.401464866102083,6.953231097886626
23.498000,6.450293736171512,7.060654612039368
23.500000,6.552834363317311,7.270618753337911
23.502000,6.713969634546426,7.021591515983825
23.504000,6.284275577935454,6.8409246967269395
23.506000,6.5430685893034255,7.197375448233768
23.508000,6.562600137331197,7.143663691157397
23.510000,6.5430685893034255,7.099717708094911
23.512000,6.469825284199283,7.060654612039368
23.514000,6.46494239719234,7.2559700923170825
23.516000,6.56748302433814,7.18272678721294
23.518000,6.357518883039597,7.060654612039368
23.520000,6.7188525215533685,6.850690470740825
23.522000,6.32822156099794,7.373159380483711
23.524000,6.494239719233997,7.236438544289311
23.526000,6.587014572365911,6.865339131761654
23.528000,6.308690012970168,7.3145647364003965
23.530000,6.753032730601968,7.158312352178226
23.532000,6.733501182574197,7.304798962386511
23.534000,6.679789425497826,6.845807583733882
23.536000,6.474708171206226,6.967879758907454
23.538000,6.56748302433814,7.187609674219883
23.540000,6.616311894407568,7.353627832455939
23.542000,6.254978255893797,7.14854657816434
23.544000,6.709086747539483,7.006942854962997
23.546000,6.2452124818799115,7.0167086289768825
23.548000,6.250095368886854,7.197375448233768
23.550000,6.694438086518654,7.25108720531014
23.552000,6.757915617608911,7.002059967956054
23.554000,6.406347753109026,7.417105363546197
23.556000,6.342870222018768,7.031357289997711
23.558000,6.445410849164569,7.378042267490654
23.560000,6.63584344243534,7.319447623407339
23.562000,6.582131685358968,7.329213397421225
23.564000,6.56748302433814,6.904402227817197
23.566000,6.352635996032654,6.953231097886626
23.568000,6.39658197909514,7.358510719462882
23.570000,6.2452124818799115,6.87510490577554
23.572000,6.757915617608911,7.378042267490654
23.574000,6.32822156099794,7.368276493476768
23.576000,6.29404135194934,6.914168001831083
23.578000,6.782330052643625,7.4317540245670255
23.580000,6.626077668421455,7.338979171435111
23.582000,6.611429007400625,6.997177080949111
23.584000,6.694438086518654,6.982528419928283
23.586000,6.616311894407568,7.002059967956054
23.588000,6.49912260624094,7.246204318303197
23.590000,6.411230640115969,7.094834821087968
23.592000,6.6016632333867395,7.080186160067139
23.594000,6.347753109025711,7.055771725032425
23.596000,6.577248798352025,7.055771725032425
23.598000,6.508888380254826,6.97764553292134
23.600000,6.709086747539483,7.373159380483711
23.602000,6.445410849164569,7.426871137560083
23.604000,6.626077668421455,7.231555657282368
23.606000,6.836041809719997,7.065537499046311
23.608000,6.279392690928511,7.3438620584420535
23.610000,6.5137712672617685,7.319447623407339
23.612000,6.611429007400625,7.417105363546197
23.614000,6.845807583733882,7.207141222247654
23.616000,6.337987335011825,6.914168001831083
23.618000,6.743266956588083,6.94346532387274
23.620000,6.504005493247883,7.01182574196994
23.622000,6.836041809719997,6.894636453803312
23.624000,6.713969634546426,7.021591515983825
23.626000,6.733501182574197,6.884870679789426
23.628000,6.474708171206226,6.97764553292134
23.630000,6.6602578774700545,7.309681849393454
23.632000,6.377050431067369,7.290150301365682
23.634000,6.469825284199283,6.884870679789426
23.636000,6.264744029907683,6.953231097886626
23.638000,6.616311894407568,6.894636453803312
23.640000,6.626077668421455,7.392690928511483
23.642000,6.538185702296483,7.14854657816434
23.644000,6.7188525215533685,7.25108720531014
23.646000,6.29404135194934,7.168078126192111
23.648000,6.796978713664454,7.236438544289311
23.650000,6.816510261692225,7.304798962386511
23.652000,6.29404135194934,7.275501640344854
23.654000,6.826276035706111,7.226672770275425
23.656000,6.3672846570534825,7.2852674143587395
23.658000,6.836041809719997,7.221789883268483
23.660000,6.372167544060425,7.089951934081025
23.662000,6.2745098039215685,7.319447623407339
23.664000,6.836041809719997,7.119249256122682
23.666000,6.469825284199283,7.348744945448996
23.668000,6.699320973525597,7.212024109254597
23.670000,6.836041809719997,7.094834821087968
23.672000,6.777447165636683,7.055771725032425
23.674000,6.381933318074312,7.280384527351797
23.676000,6.640726329442283,7.275501640344854
23.678000,6.787212939650568,6.9288166628519114
23.680000,6.264744029907683,6.90928511482414
23.682000,6.49912260624094,7.4317540245670255
23.684000,6.792095826657511,7.207141222247654
23.686000,6.616311894407568,6.914168001831083
23.688000,6.264744029907683,7.143663691157397
23.690000,6.626077668421455,7.1631952391851685
23.692000,6.762798504615854,7.25108720531014
23.694000,6.552834363317311,7.14854657816434
23.696000,6.645609216449226,7.168078126192111
23.698000,6.826276035706111,7.202258335240711
23.700000,6.357518883039597,6.87510490577554
23.702000,6.8116273746852825,6.87510490577554
23.704000,6.284275577935454,7.265735866330968
23.706000,6.420996414129855,7.329213397421225
23.708000,6.489356832227054,7.348744945448996
23.710000,6.49912260624094,7.304798962386511
23.712000,6.6309605554283975,7.01182574196994
23.714000,6.308690012970168,7.129015030136569
23.716000,6.323338673990997,7.192492561226826
23.718000,6.406347753109026,7.334096284428168
23.720000,6.596780346379797,7.378042267490654
23.722000,6.289158464942397,7.446402685587854
23.724000,6.748149843595026,7.324330510414282
23.726000,6.8409246967269395,7.089951934081025
23.728000,6.826276035706111,6.889753566796369
23.730000,6.386816205081255,7.080186160067139
23.732000,6.450293736171512,7.25108720531014
23.734000,6.406347753109026,7.392690928511483
23.736000,6.56748302433814,7.4610513466086825
23.738000,6.684672312504769,7.373159380483711
23.740000,6.743266956588083,7.353627832455939
23.742000,6.552834363317311,6.894636453803312
23.744000,6.279392690928511,7.143663691157397
23.746000,6.39658197909514,7.280384527351797
23.748000,6.596780346379797,7.041123064011597
23.750000,6.318455786984054,7.050888838025482
23.752000,6.435645075150683,7.290150301365682
23.754000,6.87510490577554,6.904402227817197
23.756000,6.411230640115969,7.192492561226826
23.758000,6.435645075150683,7.021591515983825
23.760000,6.723735408560311,7.226672770275425
23.762000,6.621194781414511,6.904402227817197
23.764000,6.792095826657511,7.246204318303197
23.766000,6.616311894407568,7.002059967956054
23.768000,6.77256427862974,7.407339589532311
23.770000,6.831158922713054,7.378042267490654
23.772000,6.494239719233997,7.177843900205997
23.774000,6.8116273746852825,7.446402685587854
23.776000,6.6895551995117115,7.221789883268483
23.778000,6.5723659113450825,7.4317540245670255
23.780000,6.723735408560311,7.177843900205997
23.782000,6.43076218814374,7.187609674219883
23.784000,6.767681391622797,7.099717708094911
23.786000,6.674906538490883,7.221789883268483
23.788000,6.831158922713054,7.368276493476768
23.790000,6.372167544060425,6.9874113069352255
23.792000,6.352635996032654,7.060654612039368
23.794000,6.855573357747768,7.050888838025482
23.796000,6.3916990920881975,6.997177080949111
23.798000,6.596780346379797,7.197375448233768
23.800000,6.709086747539483,7.177843900205997
23.802000,6.77256427862974,7.158312352178226
23.804000,6.420996414129855,7.338979171435111
23.806000,6.479591058213169,7.290150301365682
23.808000,6.43076218814374,7.475700007629511
23.810000,6.8702220187685965,6.997177080949111
23.812000,6.80674448767834,7.446402685587854
23.814000,6.757915617608911,7.236438544289311
23.816000,6.855573357747768,7.3438620584420535
23.818000,6.611429007400625,6.9581139848935685
23.820000,6.489356832227054,7.1631952391851685
23.822000,6.43076218814374,7.197375448233768
23.824000,6.435645075150683,7.38780804150454
23.826000,6.6602578774700545,7.168078126192111
23.828000,6.445410849164569,7.2559700923170825
23.830000,6.6309605554283975,7.270618753337911
23.832000,6.303807125963226,7.177843900205997
23.834000,6.6602578774700545,7.01182574196994
23.836000,6.3916990920881975,7.172961013199054
23.838000,6.518654154268711,7.319447623407339
23.840000,6.5723659113450825,7.265735866330968
23.842000,6.3916990920881975,7.065537499046311
23.844000,6.73838406958114,7.104600595101854
23.846000,6.67002365148394,7.45616845960174
23.848000,6.665140764476997,7.089951934081025
23.850000,6.6602578774700545,6.933699549858854
23.852000,6.655374990463112,7.129015030136569
23.854000,6.32822156099794,7.426871137560083
23.856000,6.587014572365911,7.119249256122682
23.858000,6.440527962157626,7.382925154497597
23.860000,6.743266956588083,6.997177080949111
23.862000,6.357518883039597,7.260852979324025
23.864000,6.757915617608911,6.923933775844969
23.866000,6.894636453803312,7.104600595101854
23.868000,6.674906538490883,7.221789883268483
23.870000,6.611429007400625,7.4024567025253685
23.872000,6.469825284199283,7.4610513466086825
23.874000,6.855573357747768,7.382925154497597
23.876000,6.8116273746852825,7.241321431296254
23.878000,6.67002365148394,7.080186160067139
23.880000,6.860456244754711,6.90928511482414
23.882000,6.445410849164569,7.25108720531014
23.884000,6.587014572365911,7.226672770275425
23.886000,6.342870222018768,7.026474402990768
23.888000,6.508888380254826,7.290150301365682
23.890000,6.850690470740825,7.075303273060197
23.892000,6.87510490577554,7.01182574196994
23.894000,6.557717250324254,7.38780804150454
23.896000,6.386816205081255,7.451285572594797
23.898000,6.904402227817197,7.45616845960174
23.900000,6.733501182574197,7.465934233615625
23.902000,6.406347753109026,6.962996871900511
23.904000,6.777447165636683,7.45616845960174
23.906000,6.650492103456169,6.982528419928283
23.908000,6.508888380254826,7.14854657816434
23.910000,6.606546120393682,7.309681849393454
23.912000,6.381933318074312,7.094834821087968
23.914000,6.425879301136797,7.275501640344854
23.916000,6.5430685893034255,7.426871137560083
23.918000,6.679789425497826,7.3145647364003965
23.920000,6.6016632333867395,7.446402685587854
23.922000,6.3916990920881975,7.309681849393454
23.924000,6.821393148699168,7.504997329671168
23.926000,6.743266956588083,7.426871137560083
23.928000,6.582131685358968,7.114366369115739
23.930000,6.386816205081255,7.368276493476768
23.932000,6.416113527122912,7.290150301365682
23.934000,6.684672312504769,7.407339589532311
23.936000,6.440527962157626,6.9581139848935685
23.938000,6.782330052643625,7.143663691157397
23.940000,6.90928511482414,7.348744945448996
23.942000,6.879987792782483,7.114366369115739
23.944000,6.684672312504769,7.070420386053254
23.946000,6.699320973525597,7.436636911573968
23.948000,6.577248798352025,7.138780804150454
23.950000,6.894636453803312,7.373159380483711
23.952000,6.757915617608911,7.4610513466086825
23.954000,6.801861600671397,7.202258335240711
23.956000,6.352635996032654,7.509880216678111
23.958000,6.3916990920881975,7.338979171435111
23.960000,6.435645075150683,6.992294193942168
23.962000,6.460059510185397,7.212024109254597
23.964000,6.5723659113450825,7.304798962386511
23.966000,6.372167544060425,7.309681849393454
23.968000,6.904402227817197,7.192492561226826
23.970000,6.728618295567254,7.231555657282368
23.972000,6.479591058213169,7.177843900205997
23.974000,6.616311894407568,7.426871137560083
23.976000,6.899519340810254,7.158312352178226
23.978000,6.425879301136797,7.436636911573968
23.980000,6.528419928282597,6.967879758907454
23.982000,6.4844739452201114,7.060654612039368
23.984000,6.372167544060425,7.519645990691997
23.986000,6.46494239719234,6.953231097886626
23.988000,6.8409246967269395,7.270618753337911
23.990000,6.70420386053254,7.241321431296254
23.992000,6.333104448004883,7.270618753337911
23.994000,6.699320973525597,7.226672770275425
23.996000,6.645609216449226,6.9288166628519114
23.998000,6.73838406958114,7.202258335240711
24.000000,6.694438086518654,7.3145647364003965
24.002000,6.787212939650568,7.075303273060197
24.004000,6.489356832227054,7.197375448233768
24.006000,6.70420386053254,6.9581139848935685
24.008000,6.865339131761654,7.42198825055314
24.010000,6.796978713664454,7.446402685587854
24.012000,6.640726329442283,6.962996871900511
24.014000,6.694438086518654,6.997177080949111
24.016000,6.713969634546426,6.9288166628519114
24.018000,6.416113527122912,7.226672770275425
24.020000,6.445410849164569,7.050888838025482
24.022000,6.440527962157626,7.426871137560083
24.024000,6.757915617608911,7.270618753337911
24.026000,6.919050888838026,7.504997329671168
24.028000,6.46494239719234,7.417105363546197
24.030000,6.6016632333867395,7.192492561226826
24.032000,6.850690470740825,7.382925154497597
24.034000,6.90928511482414,6.967879758907454
24.036000,6.792095826657511,7.378042267490654
24.038000,6.77256427862974,6.972762645914397
24.040000,6.504005493247883,7.026474402990768
24.042000,6.845807583733882,7.509880216678111
24.044000,6.94346532387274,7.172961013199054
24.046000,6.90928511482414,7.373159380483711
24.048000,6.767681391622797,7.119249256122682
24.050000,6.728618295567254,7.348744945448996
24.052000,6.723735408560311,7.138780804150454
24.054000,6.694438086518654,7.153429465171283
24.056000,6.479591058213169,7.212024109254597
24.058000,6.582131685358968,7.4317540245670255
24.060000,6.865339131761654,7.026474402990768
24.062000,6.5137712672617685,6.9581139848935685
24.064000,6.679789425497826,7.187609674219883
24.066000,6.694438086518654,7.080186160067139
24.068000,6.440527962157626,7.114366369115739
24.070000,6.381933318074312,7.124132143129625
24.072000,6.435645075150683,7.260852979324025
24.074000,6.455176623178454,7.524528877698939
24.076000,6.6602578774700545,7.065537499046311
24.078000,6.455176623178454,7.353627832455939
24.080000,6.796978713664454,7.4317540245670255
24.082000,6.508888380254826,7.124132143129625
24.084000,6.621194781414511,7.236438544289311
24.086000,6.70420386053254,7.0460059510185395
24.088000,6.767681391622797,7.055771725032425
24.090000,6.582131685358968,7.451285572594797
24.092000,6.665140764476997,7.041123064011597
24.094000,6.377050431067369,6.94346532387274
24.096000,6.8116273746852825,7.436636911573968
24.098000,6.582131685358968,7.446402685587854
24.100000,6.684672312504769,7.0167086289768825
24.102000,6.850690470740825,7.221789883268483
24.104000,6.777447165636683,7.334096284428168
24.106000,6.94346532387274,7.275501640344854
24.108000,6.611429007400625,7.338979171435111
24.110000,6.411230640115969,7.465934233615625
24.112000,6.56748302433814,7.529411764705882
24.114000,6.9288166628519114,7.417105363546197
24.116000,6.679789425497826,7.065537499046311
24.118000,6.855573357747768,7.304798962386511
24.120000,6.577248798352025,7.055771725032425
24.122000,6.8702220187685965,7.260852979324025
24.124000,6.884870679789426,6.967879758907454
24.126000,6.645609216449226,7.168078126192111
24.128000,6.743266956588083,7.3438620584420535
24.130000,6.645609216449226,7.368276493476768
24.132000,6.762798504615854,7.114366369115739
24.134000,6.435645075150683,7.246204318303197
24.136000,6.538185702296483,7.378042267490654
24.138000,6.889753566796369,7.01182574196994
24.140000,6.8116273746852825,7.504997329671168
24.142000,6.596780346379797,7.202258335240711
24.144000,6.528419928282597,7.392690928511483
24.146000,6.381933318074312,7.172961013199054
24.148000,6.640726329442283,6.962996871900511
24.150000,6.879987792782483,7.094834821087968
24.152000,6.767681391622797,7.212024109254597
24.154000,6.435645075150683,7.055771725032425
24.156000,6.528419928282597,7.519645990691997
24.158000,6.49912260624094,7.202258335240711
24.160000,6.6895551995117115,7.050888838025482
24.162000,6.616311894407568,7.221789883268483
24.164000,6.899519340810254,7.465934233615625
24.166000,6.933699549858854,7.348744945448996
24.168000,6.611429007400625,7.231555657282368
24.170000,6.899519340810254,7.436636911573968
24.172000,6.46494239719234,7.094834821087968
24.174000,6.762798504615854,7.441519798580911
24.176000,6.640726329442283,7.329213397421225
24.178000,6.528419928282597,6.992294193942168
24.180000,6.63584344243534,7.295033188372625
24.182000,6.450293736171512,7.548943312733654
24.184000,6.489356832227054,7.221789883268483
24.186000,6.914168001831083,7.475700007629511
24.188000,6.801861600671397,7.041123064011597
24.190000,6.8702220187685965,7.407339589532311
24.192000,6.933699549858854,7.026474402990768
24.194000,6.46494239719234,7.241321431296254
24.196000,6.538185702296483,7.534294651712825
24.198000,6.4844739452201114,7.241321431296254
24.200000,6.796978713664454,7.065537499046311
24.202000,6.626077668421455,7.3438620584420535
24.204000,6.972762645914397,7.451285572594797
24.206000,6.626077668421455,7.407339589532311
24.208000,6.933699549858854,7.348744945448996
24.210000,6.845807583733882,7.353627832455939
24.212000,6.582131685358968,7.231555657282368
24.214000,6.972762645914397,7.563591973754482
24.216000,6.777447165636683,7.114366369115739
24.218000,6.577248798352025,7.241321431296254
24.220000,6.904402227817197,7.485465781643397
24.222000,6.8409246967269395,7.099717708094911
24.224000,6.679789425497826,7.441519798580911
24.226000,6.406347753109026,7.539177538719768
24.228000,6.684672312504769,7.4024567025253685
24.230000,6.787212939650568,7.417105363546197
24.232000,6.386816205081255,7.363393606469825
24.234000,6.5723659113450825,7.177843900205997
24.236000,6.528419928282597,7.539177538719768
24.238000,6.425879301136797,7.109483482108796
24.240000,6.9581139848935685,7.197375448233768
24.242000,6.479591058213169,7.397573815518426
24.244000,6.796978713664454,7.177843900205997
24.246000,6.821393148699168,7.42198825055314
24.248000,6.972762645914397,7.226672770275425
24.250000,6.953231097886626,7.338979171435111
24.252000,6.425879301136797,7.231555657282368
24.254000,6.6309605554283975,7.568474860761425
24.256000,6.401464866102083,6.997177080949111
24.258000,6.889753566796369,7.495231555657282
24.260000,6.962996871900511,7.187609674219883
24.262000,6.46494239719234,7.329213397421225
24.264000,6.562600137331197,7.119249256122682
24.266000,6.884870679789426,7.265735866330968
24.268000,6.723735408560311,7.553826199740596
24.270000,6.9581139848935685,7.319447623407339
24.272000,6.933699549858854,7.529411764705882
24.274000,6.606546120393682,7.338979171435111
24.276000,6.796978713664454,7.544060425726711
24.278000,6.684672312504769,7.558709086747539
24.280000,6.504005493247883,7.026474402990768
24.282000,6.80674448767834,7.42198825055314
24.284000,6.552834363317311,7.075303273060197
24.286000,6.406347753109026,7.270618753337911
24.288000,6.679789425497826,7.109483482108796
24.290000,6.826276035706111,7.558709086747539
24.292000,6.77256427862974,7.006942854962997
24.294000,6.494239719233997,7.202258335240711
24.296000,6.792095826657511,7.465934233615625
24.298000,6.743266956588083,7.187609674219883
24.300000,6.538185702296483,7.094834821087968
24.302000,6.557717250324254,7.18272678721294
24.304000,6.596780346379797,7.514763103685054
24.306000,6.850690470740825,7.260852979324025
24.308000,6.4844739452201114,7.563591973754482
24.310000,6.621194781414511,7.382925154497597
24.312000,6.694438086518654,7.4903486686503395
24.314000,6.94346532387274,7.0167086289768825
24.316000,6.46494239719234,7.226672770275425
24.318000,6.8702220187685965,7.231555657282368
24.320000,6.9874113069352255,7.114366369115739
24.322000,6.552834363317311,7.441519798580911
24.324000,6.528419928282597,7.006942854962997
24.326000,6.596780346379797,7.4317540245670255
24.328000,6.655374990463112,7.436636911573968
24.330000,6.777447165636683,7.01182574196994
24.332000,6.547951476310368,7.5831235217822535
24.334000,6.508888380254826,7.207141222247654
24.336000,6.953231097886626,7.260852979324025
24.338000,6.469825284199283,7.114366369115739
24.340000,6.762798504615854,7.094834821087968
24.342000,6.616311894407568,7.070420386053254
24.344000,6.557717250324254,7.514763103685054
24.346000,6.616311894407568,7.3145647364003965
24.348000,6.9288166628519114,7.324330510414282
24.350000,6.87510490577554,7.451285572594797
24.352000,6.889753566796369,7.265735866330968
24.354000,6.665140764476997,7.329213397421225
24.356000,6.416113527122912,7.348744945448996
24.358000,6.43076218814374,7.378042267490654
24.360000,7.01182574196994,7.588006408789196
24.362000,6.67002365148394,7.260852979324025
24.364000,6.518654154268711,7.465934233615625
24.366000,6.831158922713054,7.465934233615625
24.368000,6.728618295567254,7.168078126192111
24.370000,6.787212939650568,7.3145647364003965
24.372000,6.518654154268711,7.207141222247654
24.374000,6.606546120393682,7.568474860761425
24.376000,7.01182574196994,7.524528877698939
24.378000,6.518654154268711,7.573357747768368
24.380000,6.713969634546426,7.021591515983825
24.382000,7.0167086289768825,7.485465781643397
24.384000,6.645609216449226,7.529411764705882
24.386000,6.787212939650568,7.275501640344854
24.388000,6.425879301136797,7.01182574196994
24.390000,6.80674448767834,7.168078126192111
24.392000,7.021591515983825,7.602655069810025
24.394000,6.933699549858854,7.129015030136569
24.396000,6.621194781414511,7.597772182803082
24.398000,6.894636453803312,7.0167086289768825
24.400000,6.518654154268711,7.378042267490654
24.402000,6.948348210879683,7.548943312733654
24.404000,6.845807583733882,7.187609674219883
24.406000,6.46494239719234,7.592889295796139
24.408000,6.650492103456169,7.055771725032425
24.410000,6.997177080949111,7.529411764705882
24.412000,6.777447165636683,7.177843900205997
24.414000,6.63584344243534,7.065537499046311
24.416000,6.606546120393682,7.607537956816968
24.418000,6.796978713664454,7.202258335240711
24.420000,6.94346532387274,7.4024567025253685
24.422000,6.67002365148394,7.109483482108796
24.424000,6.528419928282597,7.470817120622568
24.426000,6.53330281528954,7.485465781643397
24.428000,6.801861600671397,7.065537499046311
24.430000,6.6016632333867395,7.475700007629511
24.432000,7.021591515983825,7.1338979171435115
24.434000,6.953231097886626,7.378042267490654
24.436000,6.816510261692225,7.548943312733654
24.438000,6.621194781414511,7.231555657282368
24.440000,6.582131685358968,7.158312352178226
24.442000,6.831158922713054,7.378042267490654
24.444000,6.679789425497826,7.4903486686503395
24.446000,6.816510261692225,7.304798962386511
24.448000,6.621194781414511,7.500114442664225
24.450000,6.816510261692225,7.500114442664225
24.452000,6.948348210879683,7.534294651712825
24.454000,6.7188525215533685,7.070420386053254
24.456000,6.6895551995117115,7.514763103685054
24.458000,6.474708171206226,7.2559700923170825
24.460000,6.821393148699168,7.363393606469825
24.462000,7.021591515983825,7.021591515983825
24.464000,6.640726329442283,7.212024109254597
24.466000,6.445410849164569,7.426871137560083
24.468000,6.508888380254826,7.021591515983825
24.470000,6.836041809719997,7.329213397421225
24.472000,6.792095826657511,7.412222476539254
24.474000,6.845807583733882,7.187609674219883
24.476000,6.962996871900511,7.065537499046311
24.478000,6.782330052643625,7.060654612039368
24.480000,6.626077668421455,7.544060425726711
24.482000,6.611429007400625,7.236438544289311
24.484000,7.006942854962997,7.041123064011597
24.486000,6.992294193942168,7.075303273060197
24.488000,6.933699549858854,7.1631952391851685
24.490000,6.801861600671397,7.0460059510185395
24.492000,6.816510261692225,7.6124208438239105
24.494000,6.73838406958114,7.6124208438239105
24.496000,6.860456244754711,7.495231555657282
24.498000,6.504005493247883,7.588006408789196
24.500000,6.9874113069352255,7.348744945448996
24.502000,6.821393148699168,7.114366369115739
24.504000,6.767681391622797,7.104600595101854
24.506000,6.919050888838026,7.4903486686503395
24.508000,6.767681391622797,7.4317540245670255
24.510000,6.904402227817197,7.177843900205997
24.512000,6.6602578774700545,7.18272678721294
24.514000,6.787212939650568,7.124132143129625
24.516000,6.889753566796369,7.38780804150454
24.518000,6.865339131761654,7.3438620584420535
24.520000,6.796978713664454,7.363393606469825
24.522000,6.611429007400625,7.329213397421225
24.524000,6.733501182574197,7.539177538719768
24.526000,6.70420386053254,7.168078126192111
24.528000,6.855573357747768,7.592889295796139
24.530000,6.665140764476997,7.622186617837796
24.532000,6.7188525215533685,7.295033188372625
24.534000,6.831158922713054,7.172961013199054
24.536000,6.6895551995117115,7.050888838025482
24.538000,6.562600137331197,7.500114442664225
24.540000,6.836041809719997,7.129015030136569
24.542000,6.894636453803312,7.4610513466086825
24.544000,6.850690470740825,7.382925154497597
24.546000,6.9874113069352255,7.177843900205997
24.548000,6.748149843595026,7.0460059510185395
24.550000,6.8702220187685965,7.0460059510185395
24.552000,6.508888380254826,7.597772182803082
24.554000,7.036240177004654,7.241321431296254
24.556000,6.894636453803312,7.509880216678111
24.558000,6.606546120393682,7.38780804150454
24.560000,6.508888380254826,7.4317540245670255
24.562000,6.699320973525597,7.168078126192111
24.564000,6.953231097886626,7.446402685587854
24.566000,7.055771725032425,7.060654612039368
24.568000,6.831158922713054,7.177843900205997
24.570000,6.733501182574197,7.480582894636454
24.572000,6.489356832227054,7.124132143129625
24.574000,7.021591515983825,7.290150301365682
24.576000,6.816510261692225,7.62706950484474
24.578000,6.518654154268711,7.25108720531014
24.580000,6.53330281528954,7.504997329671168
24.582000,6.8702220187685965,7.324330510414282
24.584000,6.9874113069352255,7.050888838025482
24.586000,6.46494239719234,7.592889295796139
24.588000,6.831158922713054,7.290150301365682
24.590000,6.665140764476997,7.124132143129625
24.592000,6.982528419928283,7.25108720531014
24.594000,6.621194781414511,7.514763103685054
24.596000,6.948348210879683,7.207141222247654
24.598000,7.0460059510185395,7.114366369115739
24.600000,6.9581139848935685,7.138780804150454
24.602000,6.836041809719997,7.5831235217822535
24.604000,6.650492103456169,7.202258335240711
24.606000,6.87510490577554,7.407339589532311
24.608000,6.879987792782483,7.129015030136569
24.610000,6.713969634546426,7.080186160067139
24.612000,6.6016632333867395,7.2852674143587395
24.614000,6.679789425497826,7.089951934081025
24.616000,6.8409246967269395,7.62706950484474
24.618000,6.518654154268711,7.260852979324025
24.620000,7.060654612039368,7.275501640344854
24.622000,7.060654612039368,7.212024109254597
24.624000,6.5430685893034255,7.622186617837796
24.626000,6.694438086518654,7.441519798580911
24.628000,6.933699549858854,7.197375448233768
24.630000,6.879987792782483,7.226672770275425
24.632000,6.9288166628519114,7.504997329671168
24.634000,6.518654154268711,7.212024109254597
24.636000,6.836041809719997,7.158312352178226
24.638000,6.6016632333867395,7.524528877698939
24.640000,6.8409246967269395,7.202258335240711
24.642000,6.753032730601968,7.470817120622568
24.644000,6.4844739452201114,7.309681849393454
24.646000,6.655374990463112,7.221789883268483
24.648000,6.582131685358968,7.358510719462882
24.650000,6.6602578774700545,7.38780804150454
24.652000,6.694438086518654,7.275501640344854
24.654000,6.709086747539483,7.441519798580911
24.656000,6.5430685893034255,7.617303730830853
24.658000,6.821393148699168,7.382925154497597
24.660000,6.9581139848935685,7.4610513466086825
24.662000,6.587014572365911,7.4610513466086825
24.664000,6.70420386053254,7.353627832455939
24.666000,6.865339131761654,7.451285572594797
24.668000,6.9581139848935685,7.42198825055314
24.670000,6.899519340810254,7.529411764705882
24.672000,6.6016632333867395,7.085069047074082
24.674000,6.6602578774700545,7.299916075379568
24.676000,6.713969634546426,7.334096284428168
24.678000,6.49912260624094,7.578240634775311
24.680000,6.816510261692225,7.588006408789196
24.682000,6.611429007400625,7.187609674219883
24.684000,7.041123064011597,7.119249256122682
24.686000,6.87510490577554,7.192492561226826
24.688000,6.6309605554283975,7.246204318303197
24.690000,6.547951476310368,7.641718165865568
24.692000,6.8409246967269395,7.451285572594797
24.694000,6.73838406958114,7.451285572594797
24.696000,6.9288166628519114,7.295033188372625
24.698000,6.816510261692225,7.451285572594797
24.700000,6.7188525215533685,7.221789883268483
24.702000,6.591897459372854,7.465934233615625
24.704000,6.767681391622797,7.548943312733654
24.706000,6.713969634546426,7.099717708094911
24.708000,7.021591515983825,7.124132143129625
24.710000,7.050888838025482,7.568474860761425
24.712000,7.026474402990768,7.588006408789196
24.714000,6.919050888838026,7.548943312733654
24.716000,6.80674448767834,7.260852979324025
24.718000,6.953231097886626,7.187609674219883
24.720000,6.557717250324254,7.426871137560083
24.722000,6.865339131761654,7.202258335240711
24.724000,6.816510261692225,7.25108720531014
24.726000,6.650492103456169,7.602655069810025
24.728000,6.5430685893034255,7.656366826886397
24.730000,6.743266956588083,7.42198825055314
24.732000,6.816510261692225,7.622186617837796
24.734000,6.860456244754711,7.558709086747539
24.736000,6.826276035706111,7.265735866330968
24.738000,6.821393148699168,7.2852674143587395
24.740000,6.9288166628519114,7.671015487907225
24.742000,6.70420386053254,7.382925154497597
24.744000,6.816510261692225,7.534294651712825
24.746000,6.582131685358968,7.417105363546197
24.748000,6.87510490577554,7.553826199740596
24.750000,6.904402227817197,7.138780804150454
24.752000,6.753032730601968,7.592889295796139
24.754000,6.611429007400625,7.299916075379568
24.756000,6.894636453803312,7.553826199740596
24.758000,6.787212939650568,7.2852674143587395
24.760000,6.982528419928283,7.275501640344854
24.762000,6.67002365148394,7.45616845960174
24.764000,6.5430685893034255,7.304798962386511
24.766000,7.026474402990768,7.597772182803082
24.768000,6.9581139848935685,7.631952391851683
24.770000,6.5430685893034255,7.534294651712825
24.772000,6.94346532387274,7.573357747768368
24.774000,6.782330052643625,7.378042267490654
24.776000,7.055771725032425,7.329213397421225
24.778000,6.655374990463112,7.417105363546197
24.780000,6.73838406958114,7.299916075379568
24.782000,6.611429007400625,7.514763103685054
24.784000,6.552834363317311,7.500114442664225
24.786000,6.67002365148394,7.246204318303197
24.788000,6.889753566796369,7.280384527351797
24.790000,6.948348210879683,7.236438544289311
24.792000,6.782330052643625,7.114366369115739
24.794000,6.865339131761654,7.509880216678111
24.796000,6.782330052643625,7.353627832455939
24.798000,6.953231097886626,7.539177538719768
24.800000,6.845807583733882,7.368276493476768
24.802000,6.87510490577554,7.397573815518426
24.804000,6.782330052643625,7.265735866330968
24.806000,6.767681391622797,7.480582894636454
24.808000,6.9288166628519114,7.197375448233768
24.810000,6.611429007400625,7.441519798580911
24.812000,6.884870679789426,7.592889295796139
24.814000,6.518654154268711,7.158312352178226
24.816000,6.582131685358968,7.231555657282368
24.818000,6.953231097886626,7.4317540245670255
24.820000,7.006942854962997,7.158312352178226
24.822000,6.87510490577554,7.168078126192111
24.824000,6.9581139848935685,7.2559700923170825
24.826000,6.6309605554283975,7.4024567025253685
24.828000,7.01182574196994,7.685664148928054
24.830000,7.0460059510185395,7.504997329671168
24.832000,6.855573357747768,7.304798962386511
24.834000,6.665140764476997,7.480582894636454
24.836000,6.5430685893034255,7.18272678721294
24.838000,6.679789425497826,7.177843900205997
24.840000,6.904402227817197,7.675898374914168
24.842000,6.787212939650568,7.241321431296254
24.844000,6.982528419928283,7.1631952391851685
24.846000,6.997177080949111,7.485465781643397
24.848000,6.953231097886626,7.177843900205997
24.850000,7.036240177004654,7.504997329671168
24.852000,6.645609216449226,7.3438620584420535
24.854000,6.865339131761654,7.558709086747539
24.856000,6.831158922713054,7.500114442664225
24.858000,6.723735408560311,7.426871137560083
24.860000,7.109483482108796,7.636835278858626
24.862000,7.055771725032425,7.192492561226826
24.864000,6.855573357747768,7.4024567025253685
24.866000,6.801861600671397,7.675898374914168
24.868000,6.7188525215533685,7.192492561226826
24.870000,7.075303273060197,7.334096284428168
24.872000,6.94346532387274,7.226672770275425
24.874000,6.557717250324254,7.646601052872511
24.876000,7.099717708094911,7.14854657816434
24.878000,6.577248798352025,7.666132600900283
24.880000,6.684672312504769,7.45616845960174
24.882000,6.723735408560311,7.578240634775311
24.884000,6.796978713664454,7.412222476539254
24.886000,6.557717250324254,7.2559700923170825
24.888000,7.01182574196994,7.363393606469825
24.890000,6.94346532387274,7.14854657816434
24.892000,6.733501182574197,7.158312352178226
24.894000,6.684672312504769,7.666132600900283
24.896000,6.80674448767834,7.324330510414282
24.898000,6.621194781414511,7.138780804150454
24.900000,7.006942854962997,7.177843900205997
24.902000,6.6602578774700545,7.18272678721294
24.904000,7.104600595101854,7.622186617837796
24.906000,6.743266956588083,7.553826199740596
24.908000,7.104600595101854,7.509880216678111
24.910000,6.723735408560311,7.656366826886397
24.912000,6.679789425497826,7.290150301365682
24.914000,6.67002365148394,7.641718165865568
24.916000,7.050888838025482,7.548943312733654
24.918000,6.7188525215533685,7.671015487907225
24.920000,7.006942854962997,7.280384527351797
24.922000,6.7188525215533685,7.197375448233768
24.924000,6.5430685893034255,7.417105363546197
24.926000,6.762798504615854,7.1631952391851685
24.928000,6.757915617608911,7.671015487907225
24.930000,6.889753566796369,7.2852674143587395
24.932000,6.884870679789426,7.631952391851683
24.934000,7.089951934081025,7.319447623407339
24.936000,6.938582436865797,7.363393606469825
24.938000,6.596780346379797,7.524528877698939
24.940000,6.655374990463112,7.631952391851683
24.942000,7.0460059510185395,7.568474860761425
24.944000,6.73838406958114,7.436636911573968
24.946000,6.582131685358968,7.558709086747539
24.948000,6.787212939650568,7.368276493476768
24.950000,6.87510490577554,7.38780804150454
24.952000,7.006942854962997,7.407339589532311
24.954000,6.94346532387274,7.465934233615625
24.956000,7.002059967956054,7.207141222247654
24.958000,6.879987792782483,7.675898374914168
24.960000,6.860456244754711,7.548943312733654
24.962000,6.831158922713054,7.6124208438239105
24.964000,6.831158922713054,7.280384527351797
24.966000,6.9581139848935685,7.319447623407339
24.968000,6.694438086518654,7.66124971389334
24.970000,6.836041809719997,7.392690928511483
24.972000,6.992294193942168,7.504997329671168
24.974000,7.104600595101854,7.685664148928054
24.976000,6.757915617608911,7.1631952391851685
24.978000,6.9874113069352255,7.646601052872511
24.980000,6.972762645914397,7.690547035934997
24.982000,7.099717708094911,7.558709086747539
24.984000,6.713969634546426,7.622186617837796
24.986000,6.94346532387274,7.124132143129625
24.988000,7.14854657816434,7.1338979171435115
24.990000,6.562600137331197,7.177843900205997
24.992000,6.753032730601968,7.5831235217822535
24.994000,7.114366369115739,7.475700007629511
24.996000,7.114366369115739,7.2559700923170825
24.998000,6.6016632333867395,7.514763103685054
25.000000,6.70420386053254,7.651483939879454
25.002000,6.6016632333867395,7.465934233615625
25.004000,6.77256427862974,7.153429465171283
25.006000,6.992294193942168,7.265735866330968
25.008000,6.7188525215533685,7.2559700923170825
25.010000,6.879987792782483,7.504997329671168
25.012000,6.587014572365911,7.568474860761425
25.014000,6.792095826657511,7.710078583962768
25.016000,7.104600595101854,7.514763103685054
25.018000,6.884870679789426,7.6124208438239105
25.020000,7.031357289997711,7.221789883268483
25.022000,7.080186160067139,7.407339589532311
25.024000,6.767681391622797,7.529411764705882
25.026000,6.8409246967269395,7.304798962386511
25.028000,6.606546120393682,7.519645990691997
25.030000,6.899519340810254,7.207141222247654
25.032000,6.80674448767834,7.382925154497597
25.034000,7.089951934081025,7.309681849393454
25.036000,6.826276035706111,7.207141222247654
25.038000,6.753032730601968,7.534294651712825
25.040000,6.70420386053254,7.62706950484474
25.042000,6.6895551995117115,7.187609674219883
25.044000,6.777447165636683,7.270618753337911
25.046000,7.109483482108796,7.529411764705882
25.048000,6.860456244754711,7.597772182803082
25.050000,6.587014572365911,7.231555657282368
25.052000,7.075303273060197,7.519645990691997
25.054000,6.645609216449226,7.270618753337911
25.056000,6.728618295567254,7.446402685587854
25.058000,7.158312352178226,7.392690928511483
25.060000,6.9581139848935685,7.441519798580911
25.062000,6.87510490577554,7.675898374914168
25.064000,6.923933775844969,7.236438544289311
25.066000,6.733501182574197,7.558709086747539
25.068000,6.587014572365911,7.724727244983597
25.070000,6.972762645914397,7.480582894636454
25.072000,6.889753566796369,7.299916075379568
25.074000,7.085069047074082,7.241321431296254
25.076000,6.713969634546426,7.675898374914168
25.078000,6.753032730601968,7.475700007629511
25.080000,7.158312352178226,7.500114442664225
25.082000,6.709086747539483,7.158312352178226
25.084000,6.919050888838026,7.4903486686503395
25.086000,7.0167086289768825,7.651483939879454
25.088000,7.168078126192111,7.719844357976654
25.090000,7.070420386053254,7.3145647364003965
25.092000,6.621194781414511,7.617303730830853
25.094000,6.70420386053254,7.368276493476768
25.096000,7.080186160067139,7.290150301365682
25.098000,6.621194781414511,7.529411764705882
25.100000,7.075303273060197,7.578240634775311
25.102000,6.982528419928283,7.465934233615625
25.104000,6.948348210879683,7.417105363546197
25.106000,6.587014572365911,7.451285572594797
25.108000,7.1338979171435115,7.2852674143587395
25.110000,6.757915617608911,7.578240634775311
25.112000,6.865339131761654,7.172961013199054
25.114000,6.953231097886626,7.231555657282368
25.116000,6.577248798352025,7.212024109254597
25.118000,6.894636453803312,7.18272678721294
25.120000,6.894636453803312,7.260852979324025
25.122000,7.01182574196994,7.7003128099488825
25.124000,6.845807583733882,7.45616845960174
25.126000,7.089951934081025,7.290150301365682
25.128000,6.787212939650568,7.358510719462882
25.130000,6.8702220187685965,7.597772182803082
25.132000,6.723735408560311,7.4610513466086825
25.134000,6.655374990463112,7.412222476539254
25.136000,6.63584344243534,7.646601052872511
25.138000,6.948348210879683,7.495231555657282
25.140000,6.787212939650568,7.62706950484474
25.142000,6.90928511482414,7.426871137560083
25.144000,6.73838406958114,7.480582894636454
25.146000,6.665140764476997,7.1631952391851685
25.148000,7.070420386053254,7.392690928511483
25.150000,6.728618295567254,7.685664148928054
25.152000,6.621194781414511,7.685664148928054
25.154000,7.060654612039368,7.25108720531014
25.156000,6.87510490577554,7.592889295796139
25.158000,6.899519340810254,7.42198825055314
25.160000,6.850690470740825,7.563591973754482
25.162000,6.650492103456169,7.407339589532311
25.164000,6.728618295567254,7.480582894636454
25.166000,7.006942854962997,7.426871137560083
25.168000,7.01182574196994,7.368276493476768
25.170000,7.177843900205997,7.509880216678111
25.172000,6.606546120393682,7.236438544289311
25.174000,6.933699549858854,7.392690928511483
25.176000,7.031357289997711,7.212024109254597
25.178000,6.6309605554283975,7.739375906004425
25.180000,6.8116273746852825,7.548943312733654
25.182000,6.904402227817197,7.544060425726711
25.184000,7.143663691157397,7.334096284428168
25.186000,6.948348210879683,7.539177538719768
25.188000,6.9288166628519114,7.480582894636454
25.190000,6.723735408560311,7.319447623407339
25.192000,6.97764553292134,7.1631952391851685
25.194000,7.172961013199054,7.671015487907225
25.196000,6.914168001831083,7.172961013199054
25.198000,6.6016632333867395,7.172961013199054
25.200000,6.821393148699168,7.475700007629511
25.202000,7.129015030136569,7.500114442664225
25.204000,6.723735408560311,7.675898374914168
25.206000,7.109483482108796,7.412222476539254
25.208000,6.894636453803312,7.275501640344854
25.210000,6.6895551995117115,7.202258335240711
25.212000,6.997177080949111,7.221789883268483
25.214000,7.153429465171283,7.7003128099488825
25.216000,6.967879758907454,7.275501640344854
25.218000,6.645609216449226,7.6124208438239105
25.220000,7.050888838025482,7.18272678721294
25.222000,7.114366369115739,7.295033188372625
25.224000,6.953231097886626,7.509880216678111
25.226000,6.899519340810254,7.172961013199054
25.228000,6.865339131761654,7.280384527351797
25.230000,6.94346532387274,7.690547035934997
25.232000,6.713969634546426,7.397573815518426
25.234000,6.884870679789426,7.338979171435111
25.236000,7.060654612039368,7.524528877698939
25.238000,7.0460059510185395,7.578240634775311
25.240000,6.77256427862974,7.690547035934997
25.242000,6.919050888838026,7.270618753337911
25.244000,6.826276035706111,7.768673228046082
25.246000,7.158312352178226,7.485465781643397
25.248000,7.075303273060197,7.675898374914168
25.250000,6.9581139848935685,7.573357747768368
25.252000,7.050888838025482,7.38780804150454
25.254000,6.757915617608911,7.236438544289311
25.256000,6.679789425497826,7.290150301365682
25.258000,6.923933775844969,7.568474860761425
25.260000,7.18272678721294,7.373159380483711
25.262000,7.080186160067139,7.773556115053025
25.264000,6.821393148699168,7.470817120622568
25.266000,6.782330052643625,7.378042267490654
25.268000,6.73838406958114,7.773556115053025
25.270000,6.90928511482414,7.573357747768368
25.272000,7.197375448233768,7.602655069810025
25.274000,7.036240177004654,7.7296101319905395
25.276000,7.094834821087968,7.568474860761425
25.278000,7.1338979171435115,7.578240634775311
25.280000,6.757915617608911,7.246204318303197
25.282000,7.14854657816434,7.4024567025253685
25.284000,7.143663691157397,7.597772182803082
25.286000,6.679789425497826,7.202258335240711
25.288000,6.723735408560311,7.309681849393454
25.290000,6.787212939650568,7.373159380483711
25.292000,7.060654612039368,7.631952391851683
25.294000,7.202258335240711,7.607537956816968
25.296000,6.782330052643625,7.749141680018311
25.298000,6.801861600671397,7.221789883268483
25.300000,7.065537499046311,7.646601052872511
25.302000,6.796978713664454,7.231555657282368
25.304000,6.997177080949111,7.671015487907225
25.306000,7.006942854962997,7.636835278858626
25.308000,7.18272678721294,7.407339589532311
25.310000,6.650492103456169,7.641718165865568
25.312000,7.187609674219883,7.392690928511483
25.314000,6.7188525215533685,7.544060425726711
25.316000,6.743266956588083,7.348744945448996
25.318000,6.655374990463112,7.417105363546197
25.320000,7.172961013199054,7.4903486686503395
25.322000,6.884870679789426,7.378042267490654
25.324000,6.67002365148394,7.671015487907225
25.326000,6.845807583733882,7.519645990691997
25.328000,6.914168001831083,7.407339589532311
25.330000,7.168078126192111,7.558709086747539
25.332000,6.748149843595026,7.568474860761425
25.334000,6.757915617608911,7.7589074540321965
25.336000,6.904402227817197,7.680781261921111
25.338000,7.041123064011597,7.714961470969711
25.340000,6.87510490577554,7.509880216678111
25.342000,7.006942854962997,7.500114442664225
25.344000,6.63584344243534,7.451285572594797
25.346000,7.212024109254597,7.724727244983597
25.348000,6.850690470740825,7.378042267490654
25.350000,7.01182574196994,7.671015487907225
25.352000,6.997177080949111,7.465934233615625
25.354000,6.63584344243534,7.641718165865568
25.356000,7.192492561226826,7.705195696955825
25.358000,6.694438086518654,7.436636911573968
25.360000,7.036240177004654,7.744258793011368
25.362000,7.14854657816434,7.734493018997482
25.364000,6.6895551995117115,7.4024567025253685
25.366000,6.787212939650568,7.544060425726711
25.368000,7.124132143129625,7.7296101319905395
25.370000,6.997177080949111,7.358510719462882
25.372000,6.933699549858854,7.504997329671168
25.374000,7.065537499046311,7.749141680018311
25.376000,7.075303273060197,7.680781261921111
25.378000,6.8116273746852825,7.514763103685054
25.380000,7.055771725032425,7.241321431296254
25.382000,6.801861600671397,7.329213397421225
25.384000,7.055771725032425,7.202258335240711
25.386000,6.923933775844969,7.4903486686503395
25.388000,7.197375448233768,7.382925154497597
25.390000,6.767681391622797,7.426871137560083
25.392000,7.065537499046311,7.373159380483711
25.394000,6.845807583733882,7.573357747768368
25.396000,6.972762645914397,7.6124208438239105
25.398000,6.8116273746852825,7.519645990691997
25.400000,6.77256427862974,7.631952391851683
25.402000,6.9581139848935685,7.62706950484474
25.404000,6.733501182574197,7.641718165865568
25.406000,6.8116273746852825,7.353627832455939
25.408000,6.9581139848935685,7.451285572594797
25.410000,6.9581139848935685,7.578240634775311
25.412000,6.757915617608911,7.734493018997482
25.414000,6.8409246967269395,7.719844357976654
25.416000,7.109483482108796,7.568474860761425
25.418000,7.060654612039368,7.324330510414282
25.420000,6.845807583733882,7.558709086747539
25.422000,7.036240177004654,7.739375906004425
25.424000,7.002059967956054,7.622186617837796
25.426000,7.221789883268483,7.353627832455939
25.428000,6.894636453803312,7.495231555657282
25.430000,6.709086747539483,7.6124208438239105
25.432000,6.850690470740825,7.524528877698939
25.434000,6.674906538490883,7.651483939879454
25.436000,7.231555657282368,7.592889295796139
25.438000,6.792095826657511,7.246204318303197
25.440000,7.236438544289311,7.656366826886397
25.442000,6.923933775844969,7.236438544289311
25.444000,6.9288166628519114,7.246204318303197
25.446000,6.674906538490883,7.3438620584420535
25.448000,7.006942854962997,7.363393606469825
25.450000,7.21690699626154,7.4024567025253685
25.452000,6.694438086518654,7.319447623407339
25.454000,6.8116273746852825,7.592889295796139
25.456000,6.953231097886626,7.744258793011368
25.458000,7.065537499046311,7.241321431296254
25.460000,6.728618295567254,7.553826199740596
25.462000,6.914168001831083,7.299916075379568
25.464000,6.665140764476997,7.265735866330968
25.466000,6.728618295567254,7.631952391851683
25.468000,6.782330052643625,7.641718165865568
25.470000,6.889753566796369,7.324330510414282
25.472000,7.1631952391851685,7.7003128099488825
25.474000,6.826276035706111,7.470817120622568
25.476000,7.153429465171283,7.797970550087739
25.478000,6.997177080949111,7.270618753337911
25.480000,6.694438086518654,7.509880216678111
25.482000,7.187609674219883,7.2559700923170825
25.484000,7.094834821087968,7.553826199740596
25.486000,7.143663691157397,7.573357747768368
25.488000,7.104600595101854,7.309681849393454
25.490000,7.231555657282368,7.260852979324025
25.492000,7.14854657816434,7.719844357976654
25.494000,7.177843900205997,7.436636911573968
25.496000,6.796978713664454,7.631952391851683
25.498000,6.748149843595026,7.62706950484474
25.500000,7.129015030136569,7.509880216678111
25.502000,6.923933775844969,7.656366826886397
25.504000,6.674906538490883,7.319447623407339
25.506000,7.031357289997711,7.353627832455939
25.508000,6.801861600671397,7.226672770275425
25.510000,7.246204318303197,7.534294651712825
25.512000,6.8116273746852825,7.426871137560083
25.514000,7.026474402990768,7.495231555657282
25.516000,6.9874113069352255,7.392690928511483
25.518000,7.236438544289311,7.231555657282368
25.520000,7.143663691157397,7.4024567025253685
25.522000,6.992294193942168,7.299916075379568
25.524000,6.826276035706111,7.338979171435111
25.526000,7.21690699626154,7.241321431296254
25.528000,6.743266956588083,7.309681849393454
25.530000,7.197375448233768,7.5831235217822535
25.532000,6.821393148699168,7.509880216678111
25.534000,6.67002365148394,7.2852674143587395
25.536000,7.006942854962997,7.754024567025254
25.538000,6.948348210879683,7.607537956816968
25.540000,6.8409246967269395,7.588006408789196
25.542000,6.801861600671397,7.744258793011368
25.544000,6.884870679789426,7.480582894636454
25.546000,7.031357289997711,7.382925154497597
25.548000,6.919050888838026,7.7589074540321965
25.550000,6.831158922713054,7.500114442664225
25.552000,6.860456244754711,7.636835278858626
25.554000,7.085069047074082,7.724727244983597
25.556000,7.221789883268483,7.578240634775311
25.558000,6.684672312504769,7.309681849393454
25.560000,6.674906538490883,7.714961470969711
25.562000,6.997177080949111,7.304798962386511
25.564000,7.187609674219883,7.392690928511483
25.566000,7.041123064011597,7.822384985122453
25.568000,7.085069047074082,7.578240634775311
25.570000,6.826276035706111,7.62706950484474
25.572000,6.821393148699168,7.363393606469825
25.574000,6.792095826657511,7.671015487907225
25.576000,7.153429465171283,7.734493018997482
25.578000,7.1338979171435115,7.265735866330968
25.580000,7.21690699626154,7.812619211108568
25.582000,6.8116273746852825,7.656366826886397
25.584000,6.7188525215533685,7.334096284428168
25.586000,6.684672312504769,7.568474860761425
25.588000,7.192492561226826,7.822384985122453
25.590000,6.972762645914397,7.797970550087739
25.592000,6.865339131761654,7.578240634775311
25.594000,7.109483482108796,7.66124971389334
25.596000,6.9581139848935685,7.524528877698939
25.598000,7.099717708094911,7.436636911573968
25.600000,7.1338979171435115,7.470817120622568
25.602000,7.158312352178226,7.280384527351797
25.604000,6.699320973525597,7.436636911573968
25.606000,7.085069047074082,7.260852979324025
25.608000,6.723735408560311,7.378042267490654
25.610000,6.914168001831083,7.3438620584420535
25.612000,6.801861600671397,7.324330510414282
25.614000,6.80674448767834,7.773556115053025
25.616000,6.694438086518654,7.334096284428168
25.618000,6.997177080949111,7.529411764705882
25.620000,7.18272678721294,7.470817120622568
25.622000,7.031357289997711,7.832150759136339
25.624000,7.085069047074082,7.744258793011368
25.626000,6.9288166628519114,7.592889295796139
25.628000,7.050888838025482,7.680781261921111
25.630000,7.041123064011597,7.470817120622568
25.632000,6.865339131761654,7.837033646143282
25.634000,6.879987792782483,7.504997329671168
25.636000,6.826276035706111,7.529411764705882
25.638000,6.889753566796369,7.827267872129396
25.640000,7.221789883268483,7.724727244983597
25.642000,6.796978713664454,7.7003128099488825
25.644000,6.796978713664454,7.290150301365682
25.646000,6.997177080949111,7.475700007629511
25.648000,6.850690470740825,7.607537956816968
25.650000,7.089951934081025,7.578240634775311
25.652000,6.836041809719997,7.749141680018311
25.654000,6.938582436865797,7.309681849393454
25.656000,7.197375448233768,7.588006408789196
25.658000,6.70420386053254,7.719844357976654
25.660000,6.992294193942168,7.671015487907225
25.662000,7.0167086289768825,7.646601052872511
25.664000,7.290150301365682,7.597772182803082
25.666000,6.982528419928283,7.299916075379568
25.668000,6.728618295567254,7.368276493476768
25.670000,7.168078126192111,7.846799420157168
25.672000,6.743266956588083,7.397573815518426
25.674000,6.855573357747768,7.675898374914168
25.676000,6.919050888838026,7.524528877698939
25.678000,6.889753566796369,7.7589074540321965
25.680000,6.733501182574197,7.837033646143282
25.682000,6.865339131761654,7.553826199740596
25.684000,6.792095826657511,7.495231555657282
25.686000,6.723735408560311,7.495231555657282
25.688000,7.14854657816434,7.392690928511483
25.690000,6.9288166628519114,7.3145647364003965
25.692000,7.2852674143587395,7.3145647364003965
25.694000,7.109483482108796,7.841916533150225
25.696000,7.109483482108796,7.802853437094682
25.698000,6.884870679789426,7.3438620584420535
25.700000,6.953231097886626,7.304798962386511
25.702000,7.0167086289768825,7.768673228046082
25.704000,7.099717708094911,7.744258793011368
25.706000,6.792095826657511,7.690547035934997
25.708000,7.270618753337911,7.846799420157168
25.710000,7.153429465171283,7.392690928511483
25.712000,7.202258335240711,7.417105363546197
25.714000,7.075303273060197,7.7589074540321965
25.716000,6.87510490577554,7.373159380483711
25.718000,6.9581139848935685,7.426871137560083
25.720000,6.992294193942168,7.7589074540321965
25.722000,7.138780804150454,7.329213397421225
25.724000,7.031357289997711,7.641718165865568
25.726000,6.757915617608911,7.509880216678111
25.728000,6.9288166628519114,7.4024567025253685
25.730000,6.855573357747768,7.568474860761425
25.732000,7.221789883268483,7.7003128099488825
25.734000,7.275501640344854,7.617303730830853
25.736000,7.177843900205997,7.4317540245670255
25.738000,7.172961013199054,7.42198825055314
25.740000,7.153429465171283,7.509880216678111
25.742000,7.187609674219883,7.710078583962768
25.744000,6.801861600671397,7.270618753337911
25.746000,6.904402227817197,7.773556115053025
25.748000,6.7188525215533685,7.45616845960174
25.750000,6.9581139848935685,7.500114442664225
25.752000,6.8702220187685965,7.822384985122453
25.754000,7.099717708094911,7.378042267490654
25.756000,6.933699549858854,7.319447623407339
25.758000,7.1338979171435115,7.470817120622568
25.760000,6.826276035706111,7.480582894636454
25.762000,6.8116273746852825,7.793087663080796
25.764000,7.050888838025482,7.754024567025254
25.766000,6.94346532387274,7.578240634775311
25.768000,7.172961013199054,7.837033646143282
25.770000,6.992294193942168,7.622186617837796
25.772000,6.860456244754711,7.5831235217822535
25.774000,6.948348210879683,7.817502098115511
25.776000,7.158312352178226,7.436636911573968
25.778000,6.992294193942168,7.641718165865568
25.780000,6.933699549858854,7.841916533150225
25.782000,7.187609674219883,7.690547035934997
25.784000,7.01182574196994,7.6124208438239105
25.786000,6.845807583733882,7.553826199740596
25.788000,6.879987792782483,7.42198825055314
25.790000,6.9581139848935685,7.509880216678111
25.792000,6.992294193942168,7.636835278858626
25.794000,6.914168001831083,7.690547035934997
25.796000,6.962996871900511,7.866330968184939
25.798000,6.743266956588083,7.4024567025253685
25.800000,6.767681391622797,7.671015487907225
25.802000,7.290150301365682,7.719844357976654
25.804000,7.080186160067139,7.353627832455939
25.806000,6.919050888838026,7.588006408789196
25.808000,7.0167086289768825,7.666132600900283
25.810000,7.0167086289768825,7.866330968184939
25.812000,6.728618295567254,7.446402685587854
25.814000,6.8409246967269395,7.539177538719768
25.816000,7.158312352178226,7.500114442664225
25.818000,7.236438544289311,7.802853437094682
25.820000,7.158312352178226,7.846799420157168
25.822000,7.299916075379568,7.5831235217822535
25.824000,7.104600595101854,7.778439002059968
25.826000,6.953231097886626,7.407339589532311
25.828000,7.260852979324025,7.861448081177996
25.830000,6.753032730601968,7.617303730830853
25.832000,6.933699549858854,7.744258793011368
25.834000,6.9581139848935685,7.597772182803082
25.836000,7.094834821087968,7.319447623407339
25.838000,6.94346532387274,7.666132600900283
25.840000,6.9874113069352255,7.446402685587854
25.842000,6.899519340810254,7.641718165865568
25.844000,6.919050888838026,7.602655069810025
25.846000,6.87510490577554,7.358510719462882
25.848000,7.124132143129625,7.563591973754482
25.850000,6.97764553292134,7.358510719462882
25.852000,7.241321431296254,7.304798962386511
25.854000,6.762798504615854,7.822384985122453
25.856000,6.933699549858854,7.548943312733654
25.858000,6.9874113069352255,7.563591973754482
25.860000,6.850690470740825,7.5831235217822535
25.862000,6.992294193942168,7.714961470969711
25.864000,6.938582436865797,7.407339589532311
25.866000,6.923933775844969,7.6124208438239105
25.868000,7.177843900205997,7.412222476539254
25.870000,6.796978713664454,7.656366826886397
25.872000,7.202258335240711,7.7589074540321965
25.874000,6.80674448767834,7.812619211108568
25.876000,6.894636453803312,7.866330968184939
25.878000,6.972762645914397,7.617303730830853
25.880000,6.831158922713054,7.602655069810025
25.882000,6.826276035706111,7.705195696955825
25.884000,7.006942854962997,7.524528877698939
25.886000,6.899519340810254,7.324330510414282
25.888000,6.94346532387274,7.500114442664225
25.890000,7.290150301365682,7.441519798580911
25.892000,6.821393148699168,7.495231555657282
25.894000,6.821393148699168,7.358510719462882
25.896000,6.757915617608911,7.514763103685054
25.898000,7.168078126192111,7.397573815518426
25.900000,6.80674448767834,7.563591973754482
25.902000,6.80674448767834,7.338979171435111
25.904000,7.260852979324025,7.529411764705882
25.906000,7.153429465171283,7.895628290226597
25.908000,7.050888838025482,7.812619211108568
25.910000,6.767681391622797,7.763790341039139
25.912000,6.884870679789426,7.7296101319905395
25.914000,7.177843900205997,7.807736324101625
25.916000,7.319447623407339,7.866330968184939
25.918000,6.80674448767834,7.744258793011368
25.920000,7.094834821087968,7.304798962386511
25.922000,7.202258335240711,7.392690928511483
25.924000,6.8702220187685965,7.475700007629511
25.926000,7.3438620584420535,7.578240634775311
25.928000,7.036240177004654,7.436636911573968
25.930000,7.299916075379568,7.641718165865568
25.932000,7.031357289997711,7.744258793011368
25.934000,7.236438544289311,7.866330968184939
25.936000,6.879987792782483,7.778439002059968
25.938000,6.792095826657511,7.885862516212711
25.940000,6.972762645914397,7.622186617837796
25.942000,7.0460059510185395,7.42198825055314
25.944000,6.792095826657511,7.7882047760738535
25.946000,6.8702220187685965,7.7003128099488825
25.948000,7.041123064011597,7.690547035934997
25.950000,7.324330510414282,7.3145647364003965
25.952000,6.8409246967269395,7.553826199740596
25.954000,6.904402227817197,7.641718165865568
25.956000,7.080186160067139,7.4317540245670255
25.958000,7.21690699626154,7.773556115053025
25.960000,7.334096284428168,7.480582894636454
25.962000,7.18272678721294,7.710078583962768
25.964000,6.919050888838026,7.329213397421225
25.966000,7.094834821087968,7.548943312733654
25.968000,7.055771725032425,7.465934233615625
25.970000,7.21690699626154,7.631952391851683
25.972000,7.246204318303197,7.509880216678111
25.974000,7.324330510414282,7.563591973754482
25.976000,7.348744945448996,7.334096284428168
25.978000,6.787212939650568,7.871213855191882
25.980000,7.221789883268483,7.597772182803082
25.982000,6.831158922713054,7.446402685587854
25.984000,6.9288166628519114,7.358510719462882
25.986000,6.801861600671397,7.680781261921111
25.988000,7.324330510414282,7.8760967421988255
25.990000,6.831158922713054,7.519645990691997
25.992000,7.290150301365682,7.656366826886397
25.994000,6.9288166628519114,7.441519798580911
25.996000,7.119249256122682,7.519645990691997
25.998000,7.143663691157397,7.880979629205768
26.000000,7.080186160067139,7.656366826886397
26.002000,7.172961013199054,7.465934233615625
26.004000,7.036240177004654,7.705195696955825
26.006000,7.070420386053254,7.548943312733654
26.008000,7.050888838025482,7.4317540245670255
26.010000,6.860456244754711,7.500114442664225
26.012000,6.90928511482414,7.588006408789196
26.014000,7.260852979324025,7.90051117723354
26.016000,7.002059967956054,7.3438620584420535
26.018000,6.972762645914397,7.470817120622568
26.020000,7.270618753337911,7.544060425726711
26.022000,7.124132143129625,7.739375906004425
26.024000,7.25108720531014,7.69542992294194
26.026000,6.884870679789426,7.734493018997482
26.028000,6.8702220187685965,7.7296101319905395
26.030000,6.879987792782483,7.504997329671168
26.032000,6.94346532387274,7.338979171435111
26.034000,6.845807583733882,7.578240634775311
26.036000,7.124132143129625,7.856565194171053
26.038000,6.894636453803312,7.500114442664225
26.040000,6.884870679789426,7.685664148928054
26.042000,7.2559700923170825,7.412222476539254
26.044000,7.348744945448996,7.690547035934997
26.046000,6.87510490577554,7.417105363546197
26.048000,6.787212939650568,7.861448081177996
26.050000,7.114366369115739,7.4317540245670255
26.052000,6.992294193942168,7.597772182803082
26.054000,7.177843900205997,7.754024567025254
26.056000,7.041123064011597,7.651483939879454
26.058000,7.041123064011597,7.553826199740596
26.060000,7.0167086289768825,7.397573815518426
26.062000,6.94346532387274,7.656366826886397
26.064000,7.319447623407339,7.617303730830853
26.066000,7.260852979324025,7.426871137560083
26.068000,6.855573357747768,7.622186617837796
26.070000,7.348744945448996,7.705195696955825
26.072000,7.329213397421225,7.4024567025253685
26.074000,7.192492561226826,7.719844357976654
26.076000,7.168078126192111,7.3438620584420535
26.078000,6.894636453803312,7.910276951247425
26.080000,7.3145647364003965,7.773556115053025
26.082000,7.18272678721294,7.871213855191882
26.084000,6.94346532387274,7.412222476539254
26.086000,7.21690699626154,7.62706950484474
26.088000,7.187609674219883,7.90051117723354
26.090000,7.031357289997711,7.548943312733654
26.092000,6.982528419928283,7.773556115053025
26.094000,7.319447623407339,7.920042725261311
26.096000,7.192492561226826,7.524528877698939
26.098000,7.290150301365682,7.553826199740596
26.100000,7.197375448233768,7.890745403219654
26.102000,7.129015030136569,7.42198825055314
26.104000,7.153429465171283,7.412222476539254
26.106000,7.324330510414282,7.793087663080796
26.108000,7.202258335240711,7.822384985122453
26.110000,7.270618753337911,7.846799420157168
26.112000,7.309681849393454,7.470817120622568
26.114000,7.373159380483711,7.749141680018311
26.116000,7.373159380483711,7.578240634775311
26.118000,6.8116273746852825,7.602655069810025
26.120000,7.114366369115739,7.920042725261311
26.122000,7.348744945448996,7.62706950484474
26.124000,7.202258335240711,7.734493018997482
26.126000,7.338979171435111,7.45616845960174
26.128000,6.826276035706111,7.597772182803082
26.130000,7.2559700923170825,7.754024567025254
26.132000,7.089951934081025,7.768673228046082
26.134000,7.275501640344854,7.8760967421988255
26.136000,7.026474402990768,7.666132600900283
26.138000,7.363393606469825,7.475700007629511
26.140000,6.87510490577554,7.407339589532311
26.142000,7.3145647364003965,7.675898374914168
26.144000,7.382925154497597,7.651483939879454
26.146000,6.919050888838026,7.7003128099488825
26.148000,7.129015030136569,7.504997329671168
26.150000,7.270618753337911,7.500114442664225
26.152000,6.938582436865797,7.534294651712825
26.154000,6.904402227817197,7.558709086747539
26.156000,7.290150301365682,7.373159380483711
26.158000,6.879987792782483,7.392690928511483
26.160000,7.18272678721294,7.504997329671168
26.162000,7.119249256122682,7.69542992294194
26.164000,7.085069047074082,7.568474860761425
26.166000,6.97764553292134,7.470817120622568
26.168000,7.109483482108796,7.832150759136339
26.170000,7.246204318303197,7.675898374914168
26.172000,7.192492561226826,7.392690928511483
26.174000,6.865339131761654,7.412222476539254
26.176000,7.0460059510185395,7.544060425726711
26.178000,7.104600595101854,7.62706950484474
26.180000,7.2559700923170825,7.832150759136339
26.182000,6.855573357747768,7.890745403219654
26.184000,6.860456244754711,7.4610513466086825
26.186000,7.270618753337911,7.592889295796139
26.188000,7.260852979324025,7.4024567025253685
26.190000,6.953231097886626,7.832150759136339
26.192000,6.914168001831083,7.827267872129396
26.194000,7.075303273060197,7.519645990691997
26.196000,6.914168001831083,7.641718165865568
26.198000,7.153429465171283,7.763790341039139
26.200000,7.055771725032425,7.890745403219654
26.202000,7.1631952391851685,7.382925154497597
26.204000,7.177843900205997,7.9053940642404825
26.206000,6.914168001831083,7.837033646143282
26.208000,7.104600595101854,7.885862516212711
26.210000,7.055771725032425,7.910276951247425
26.212000,7.382925154497597,7.4024567025253685
26.214000,7.363393606469825,7.734493018997482
26.216000,7.18272678721294,7.544060425726711
26.218000,7.265735866330968,7.841916533150225
26.220000,6.919050888838026,7.944457160296025
26.222000,7.319447623407339,7.841916533150225
26.224000,7.18272678721294,7.666132600900283
26.226000,6.97764553292134,7.832150759136339
26.228000,7.304798962386511,7.739375906004425
26.230000,6.889753566796369,7.495231555657282
26.232000,7.21690699626154,7.553826199740596
26.234000,6.953231097886626,7.837033646143282
26.236000,6.826276035706111,7.880979629205768
26.238000,7.192492561226826,7.500114442664225
26.240000,7.25108720531014,7.9346913862821395
26.242000,7.348744945448996,7.5831235217822535
26.244000,6.933699549858854,7.4903486686503395
26.246000,6.938582436865797,7.939574273289082
26.248000,7.099717708094911,7.954222934309911
26.250000,7.1338979171435115,7.690547035934997
26.252000,7.065537499046311,7.954222934309911
26.254000,7.089951934081025,7.85168230716411
26.256000,6.816510261692225,7.636835278858626
26.258000,6.919050888838026,7.90051117723354
26.260000,6.9874113069352255,7.646601052872511
26.262000,6.9874113069352255,7.963988708323797
26.264000,6.831158922713054,7.446402685587854
26.266000,7.295033188372625,7.7589074540321965
26.268000,7.1338979171435115,7.480582894636454
26.270000,7.378042267490654,7.519645990691997
26.272000,7.275501640344854,7.8760967421988255
26.274000,6.9874113069352255,7.954222934309911
26.276000,6.933699549858854,7.573357747768368
26.278000,7.265735866330968,7.802853437094682
26.280000,7.104600595101854,7.373159380483711
26.282000,7.382925154497597,7.592889295796139
26.284000,7.099717708094911,7.597772182803082
26.286000,7.109483482108796,7.871213855191882
26.288000,7.1631952391851685,7.485465781643397
26.290000,7.231555657282368,7.480582894636454
26.292000,6.87510490577554,7.754024567025254
26.294000,7.0167086289768825,7.641718165865568
26.296000,7.036240177004654,7.9053940642404825
26.298000,7.299916075379568,7.529411764705882
26.300000,7.094834821087968,7.475700007629511
26.302000,7.094834821087968,7.392690928511483
26.304000,7.065537499046311,7.602655069810025
26.306000,7.031357289997711,7.802853437094682
26.308000,6.997177080949111,7.768673228046082
26.310000,6.982528419928283,7.973754482337682
26.312000,7.177843900205997,7.802853437094682
26.314000,6.9581139848935685,7.866330968184939
26.316000,7.4024567025253685,7.66124971389334
26.318000,6.972762645914397,7.470817120622568
26.320000,7.25108720531014,7.861448081177996
26.322000,7.299916075379568,7.382925154497597
26.324000,7.080186160067139,7.880979629205768
26.326000,7.080186160067139,7.568474860761425
26.328000,7.2559700923170825,7.797970550087739
26.330000,6.94346532387274,7.412222476539254
26.332000,7.299916075379568,7.465934233615625
26.334000,7.099717708094911,7.968871595330739
26.336000,7.192492561226826,7.9346913862821395
26.338000,6.982528419928283,7.5831235217822535
26.340000,7.1338979171435115,7.597772182803082
26.342000,7.060654612039368,7.475700007629511
26.344000,7.397573815518426,7.963988708323797
26.346000,7.436636911573968,7.500114442664225
26.348000,6.9581139848935685,7.744258793011368
26.350000,7.412222476539254,7.592889295796139
26.352000,7.407339589532311,7.939574273289082
26.354000,7.338979171435111,7.680781261921111
26.356000,6.90928511482414,7.856565194171053
26.358000,7.21690699626154,7.7589074540321965
26.360000,7.026474402990768,7.504997329671168
26.362000,7.031357289997711,7.529411764705882
26.364000,6.919050888838026,7.66124971389334
26.366000,6.904402227817197,7.8760967421988255
26.368000,7.138780804150454,7.602655069810025
26.370000,7.192492561226826,7.602655069810025
26.372000,7.143663691157397,7.802853437094682
26.374000,7.221789883268483,7.9053940642404825
26.376000,7.329213397421225,7.500114442664225
26.378000,7.055771725032425,7.754024567025254
26.380000,6.94346532387274,7.475700007629511
26.382000,7.309681849393454,7.544060425726711
26.384000,6.845807583733882,7.822384985122453
26.386000,7.221789883268483,7.7296101319905395
26.388000,7.2559700923170825,7.544060425726711
26.390000,7.42198825055314,7.783321889066911
26.392000,7.14854657816434,7.719844357976654
26.394000,7.412222476539254,7.871213855191882
26.396000,7.324330510414282,7.7003128099488825
26.398000,7.1631952391851685,7.710078583962768
26.400000,7.060654612039368,7.4610513466086825
26.402000,7.036240177004654,7.451285572594797
26.404000,7.221789883268483,7.944457160296025
26.406000,7.119249256122682,7.42198825055314
26.408000,7.241321431296254,7.563591973754482
26.410000,7.2852674143587395,7.959105821316854
26.412000,7.129015030136569,7.69542992294194
26.414000,7.2852674143587395,7.412222476539254
26.416000,7.280384527351797,7.920042725261311
26.418000,7.050888838025482,7.954222934309911
26.420000,7.021591515983825,7.4024567025253685
26.422000,7.031357289997711,7.988403143358511
26.424000,7.348744945448996,7.66124971389334
26.426000,6.9874113069352255,7.69542992294194
26.428000,7.290150301365682,7.832150759136339
26.430000,7.265735866330968,7.631952391851683
26.432000,7.221789883268483,7.4903486686503395
26.434000,7.353627832455939,7.783321889066911
26.436000,7.358510719462882,7.607537956816968
26.438000,6.972762645914397,7.959105821316854
26.440000,6.884870679789426,7.837033646143282
26.442000,7.451285572594797,7.90051117723354
26.444000,7.075303273060197,7.465934233615625
26.446000,7.3145647364003965,7.436636911573968
26.448000,6.914168001831083,7.7589074540321965
26.450000,7.192492561226826,7.4317540245670255
26.452000,7.290150301365682,7.9346913862821395
26.454000,7.124132143129625,7.69542992294194
26.456000,7.417105363546197,7.470817120622568
26.458000,7.295033188372625,7.9346913862821395
26.460000,7.168078126192111,7.724727244983597
26.462000,7.158312352178226,7.978637369344625
26.464000,7.373159380483711,7.968871595330739
26.466000,7.42198825055314,7.915159838254368
26.468000,7.334096284428168,7.592889295796139
26.470000,6.923933775844969,7.417105363546197
26.472000,7.319447623407339,7.710078583962768
26.474000,7.109483482108796,7.85168230716411
26.476000,7.338979171435111,7.666132600900283
26.478000,7.299916075379568,7.441519798580911
26.480000,7.055771725032425,7.793087663080796
26.482000,7.031357289997711,7.529411764705882
26.484000,7.1338979171435115,7.837033646143282
26.486000,6.919050888838026,7.5831235217822535
26.488000,7.265735866330968,7.602655069810025
26.490000,7.114366369115739,7.592889295796139
26.492000,7.119249256122682,7.666132600900283
26.494000,7.3145647364003965,7.446402685587854
26.496000,7.358510719462882,7.714961470969711
26.498000,7.358510719462882,7.641718165865568
26.500000,7.334096284428168,7.519645990691997
26.502000,7.065537499046311,7.465934233615625
26.504000,7.2852674143587395,7.504997329671168
26.506000,7.265735866330968,7.944457160296025
26.508000,7.070420386053254,7.993286030365454
26.510000,7.104600595101854,8.007934691386282
26.512000,7.290150301365682,7.597772182803082
26.514000,7.417105363546197,7.666132600900283
26.516000,7.236438544289311,7.651483939879454
26.518000,7.382925154497597,7.910276951247425
26.520000,6.87510490577554,7.631952391851683
26.522000,7.280384527351797,7.929808499275197
26.524000,7.085069047074082,7.968871595330739
26.526000,6.972762645914397,7.910276951247425
26.528000,7.124132143129625,7.656366826886397
26.530000,6.9288166628519114,7.822384985122453
26.532000,7.319447623407339,7.617303730830853
26.534000,7.441519798580911,7.534294651712825
26.536000,7.42198825055314,7.85168230716411
26.538000,7.368276493476768,7.578240634775311
26.540000,7.0167086289768825,7.568474860761425
26.542000,7.119249256122682,7.485465781643397
26.544000,7.304798962386511,7.651483939879454
26.546000,7.031357289997711,7.734493018997482
26.548000,7.465934233615625,7.915159838254368
26.550000,7.031357289997711,7.890745403219654
26.552000,6.933699549858854,7.446402685587854
26.554000,7.060654612039368,7.690547035934997
26.556000,7.407339589532311,7.7589074540321965
26.558000,7.094834821087968,7.802853437094682
26.560000,7.304798962386511,7.841916533150225
26.562000,7.338979171435111,7.983520256351568
26.564000,7.060654612039368,7.548943312733654
26.566000,7.4317540245670255,7.832150759136339
26.568000,7.265735866330968,7.90051117723354
26.570000,7.114366369115739,7.822384985122453
26.572000,7.114366369115739,7.920042725261311
26.574000,7.085069047074082,8.007934691386282
26.576000,6.889753566796369,7.568474860761425
26.578000,7.207141222247654,7.500114442664225
26.580000,7.475700007629511,7.998168917372396
26.582000,7.304798962386511,7.514763103685054
26.584000,7.021591515983825,7.861448081177996
26.586000,7.168078126192111,7.871213855191882
26.588000,7.021591515983825,7.978637369344625
26.590000,7.392690928511483,7.534294651712825
26.592000,7.42198825055314,7.436636911573968
26.594000,7.036240177004654,7.524528877698939
26.596000,7.3145647364003965,7.588006408789196
26.598000,6.9581139848935685,7.539177538719768
26.600000,7.036240177004654,7.724727244983597
26.602000,7.036240177004654,7.822384985122453
26.604000,7.094834821087968,7.607537956816968
26.606000,7.299916075379568,7.66124971389334
26.608000,7.109483482108796,7.8760967421988255
26.610000,7.114366369115739,7.797970550087739
26.612000,7.324330510414282,7.880979629205768
26.614000,7.212024109254597,7.548943312733654
26.616000,7.417105363546197,7.607537956816968
26.618000,7.368276493476768,7.548943312733654
26.620000,7.060654612039368,7.793087663080796
26.622000,6.933699549858854,7.685664148928054
26.624000,7.099717708094911,7.724727244983597
26.626000,7.119249256122682,7.514763103685054
26.628000,7.436636911573968,8.032349126420996
26.630000,7.089951934081025,7.793087663080796
26.632000,7.055771725032425,7.714961470969711
26.634000,7.319447623407339,7.778439002059968
26.636000,7.080186160067139,7.607537956816968
26.638000,7.378042267490654,7.705195696955825
26.640000,7.334096284428168,7.607537956816968
26.642000,7.368276493476768,7.519645990691997
26.644000,7.465934233615625,7.568474860761425
26.646000,7.485465781643397,7.714961470969711
26.648000,7.280384527351797,7.529411764705882
26.650000,7.055771725032425,7.470817120622568
26.652000,7.241321431296254,7.5831235217822535
26.654000,7.114366369115739,7.793087663080796
26.656000,7.25108720531014,7.910276951247425
26.658000,7.124132143129625,7.680781261921111
26.660000,7.168078126192111,7.983520256351568
26.662000,7.041123064011597,7.504997329671168
26.664000,7.138780804150454,7.978637369344625
26.666000,7.187609674219883,7.773556115053025
26.668000,6.997177080949111,7.705195696955825
26.670000,6.90928511482414,7.768673228046082
26.672000,7.031357289997711,7.939574273289082
26.674000,7.031357289997711,7.841916533150225
26.676000,6.933699549858854,7.685664148928054
26.678000,7.0167086289768825,7.910276951247425
26.680000,7.075303273060197,7.602655069810025
26.682000,7.080186160067139,7.636835278858626
26.684000,7.080186160067139,7.754024567025254
26.686000,7.480582894636454,7.578240634775311
26.688000,7.094834821087968,7.514763103685054
26.690000,7.4317540245670255,7.631952391851683
26.692000,7.25108720531014,7.783321889066911
26.694000,7.168078126192111,7.563591973754482
26.696000,7.197375448233768,7.744258793011368
26.698000,7.304798962386511,7.754024567025254
26.700000,7.153429465171283,7.714961470969711
26.702000,7.197375448233768,7.656366826886397
26.704000,6.953231097886626,7.944457160296025
26.706000,7.212024109254597,8.00305180437934
26.708000,6.972762645914397,7.671015487907225
26.710000,7.031357289997711,7.597772182803082
26.712000,7.353627832455939,7.509880216678111
26.714000,7.334096284428168,7.939574273289082
26.716000,7.089951934081025,7.524528877698939
26.718000,6.923933775844969,7.514763103685054
26.720000,7.119249256122682,7.5831235217822535
26.722000,7.475700007629511,8.03723201342794
26.724000,7.01182574196994,7.778439002059968
26.726000,7.172961013199054,7.807736324101625
26.728000,7.221789883268483,7.754024567025254
26.730000,7.38780804150454,7.524528877698939
26.732000,7.055771725032425,7.470817120622568
26.734000,7.109483482108796,7.924925612268254
26.736000,7.353627832455939,7.62706950484474
26.738000,7.446402685587854,7.705195696955825
26.740000,7.407339589532311,7.5831235217822535
26.742000,7.495231555657282,7.617303730830853
26.744000,6.967879758907454,7.856565194171053
26.746000,7.3438620584420535,7.519645990691997
26.748000,6.97764553292134,7.9346913862821395
26.750000,7.270618753337911,7.66124971389334
26.752000,7.334096284428168,7.671015487907225
26.754000,7.519645990691997,7.641718165865568
26.756000,7.392690928511483,7.739375906004425
26.758000,7.295033188372625,7.66124971389334
26.760000,7.319447623407339,7.8760967421988255
26.762000,7.38780804150454,7.983520256351568
26.764000,7.207141222247654,8.012817578393225
26.766000,7.25108720531014,7.514763103685054
26.768000,7.368276493476768,7.9053940642404825
26.770000,6.938582436865797,7.724727244983597
26.772000,7.265735866330968,7.495231555657282
26.774000,7.1338979171435115,7.768673228046082
26.776000,7.2559700923170825,7.763790341039139
26.778000,7.495231555657282,7.797970550087739
26.780000,7.4317540245670255,7.641718165865568
26.782000,7.304798962386511,7.636835278858626
26.784000,7.226672770275425,7.66124971389334
26.786000,7.475700007629511,8.051880674448768
26.788000,7.299916075379568,8.046997787441825
26.790000,7.124132143129625,7.915159838254368
26.792000,7.1631952391851685,8.042114900434882
26.794000,6.933699549858854,7.837033646143282
26.796000,7.475700007629511,7.504997329671168
26.798000,7.397573815518426,7.973754482337682
26.800000,7.085069047074082,8.051880674448768
26.802000,6.972762645914397,7.7003128099488825
26.804000,6.97764553292134,7.539177538719768
26.806000,7.485465781643397,7.793087663080796
26.808000,7.3438620584420535,7.739375906004425
26.810000,7.129015030136569,7.680781261921111
26.812000,7.18272678721294,7.480582894636454
26.814000,7.290150301365682,7.509880216678111
26.816000,7.21690699626154,8.042114900434882
26.818000,7.212024109254597,7.7882047760738535
26.820000,7.378042267490654,7.929808499275197
26.822000,7.18272678721294,7.90051117723354
26.824000,7.177843900205997,7.524528877698939
26.826000,7.270618753337911,7.959105821316854
26.828000,7.417105363546197,7.890745403219654
26.830000,7.309681849393454,8.032349126420996
26.832000,7.187609674219883,7.592889295796139
26.834000,7.026474402990768,8.051880674448768
26.836000,7.212024109254597,8.03723201342794
26.838000,7.382925154497597,7.832150759136339
26.840000,7.4317540245670255,7.8760967421988255
26.842000,7.129015030136569,7.544060425726711
26.844000,7.529411764705882,7.7882047760738535
26.846000,7.055771725032425,7.998168917372396
26.848000,7.319447623407339,7.944457160296025
26.850000,7.539177538719768,7.495231555657282
26.852000,7.226672770275425,7.514763103685054
26.854000,7.060654612039368,7.9053940642404825
26.856000,7.0167086289768825,7.651483939879454
26.858000,7.153429465171283,7.998168917372396
26.860000,7.207141222247654,7.5831235217822535
26.862000,7.368276493476768,7.504997329671168
26.864000,7.1631952391851685,7.827267872129396
26.866000,7.143663691157397,7.856565194171053
26.868000,7.202258335240711,7.719844357976654
26.870000,7.231555657282368,7.734493018997482
26.872000,6.962996871900511,7.739375906004425
26.874000,7.094834821087968,7.636835278858626
26.876000,7.45616845960174,7.968871595330739
26.878000,7.119249256122682,7.793087663080796
26.880000,7.075303273060197,7.7589074540321965
26.882000,7.3145647364003965,7.66124971389334
26.884000,7.504997329671168,7.62706950484474
26.886000,7.109483482108796,7.500114442664225
26.888000,7.207141222247654,7.558709086747539
26.890000,7.539177538719768,7.622186617837796
26.892000,7.368276493476768,7.563591973754482
26.894000,7.172961013199054,7.9346913862821395
26.896000,7.18272678721294,7.495231555657282
26.898000,7.18272678721294,7.62706950484474
26.900000,7.539177538719768,8.042114900434882
26.902000,7.4903486686503395,8.081177996490425
26.904000,6.962996871900511,7.846799420157168
26.906000,7.290150301365682,8.032349126420996
26.908000,7.25108720531014,7.710078583962768
26.910000,7.4317540245670255,7.568474860761425
26.912000,7.25108720531014,7.553826199740596
26.914000,7.0460059510185395,7.998168917372396
26.916000,7.109483482108796,7.524528877698939
26.918000,7.309681849393454,7.954222934309911
26.920000,7.2852674143587395,7.978637369344625
26.922000,6.967879758907454,7.778439002059968
26.924000,7.01182574196994,7.641718165865568
26.926000,7.114366369115739,7.944457160296025
26.928000,7.1338979171435115,7.739375906004425
26.930000,7.495231555657282,7.592889295796139
26.932000,7.002059967956054,7.597772182803082
26.934000,6.962996871900511,8.027466239414053
26.936000,6.997177080949111,7.880979629205768
26.938000,7.241321431296254,7.544060425726711
26.940000,6.9874113069352255,7.622186617837796
26.942000,7.334096284428168,7.998168917372396
26.944000,7.412222476539254,7.548943312733654
26.946000,7.006942854962997,7.534294651712825
26.948000,7.519645990691997,7.666132600900283
26.950000,7.260852979324025,7.558709086747539
26.952000,7.514763103685054,7.514763103685054
26.954000,6.967879758907454,7.924925612268254
26.956000,7.275501640344854,7.656366826886397
26.958000,7.104600595101854,7.558709086747539
26.960000,7.212024109254597,7.802853437094682
26.962000,7.241321431296254,7.827267872129396
26.964000,7.544060425726711,7.841916533150225
26.966000,7.539177538719768,7.773556115053025
26.968000,7.353627832455939,7.763790341039139
26.970000,7.0167086289768825,7.685664148928054
26.972000,7.4903486686503395,8.027466239414053
26.974000,7.026474402990768,7.7003128099488825
26.976000,7.290150301365682,8.051880674448768
26.978000,7.094834821087968,7.734493018997482
26.980000,6.9874113069352255,8.071412222476539
26.982000,6.967879758907454,8.051880674448768
26.984000,6.982528419928283,7.832150759136339
26.986000,7.192492561226826,7.954222934309911
26.988000,7.334096284428168,8.076295109483482
26.990000,7.002059967956054,7.636835278858626
26.992000,7.002059967956054,7.529411764705882
26.994000,7.407339589532311,8.02258335240711
26.996000,7.426871137560083,7.534294651712825
26.998000,7.548943312733654,7.646601052872511
27.000000,7.4610513466086825,7.602655069810025
27.002000,7.324330510414282,7.666132600900283
27.004000,7.392690928511483,7.783321889066911
27.006000,7.050888838025482,7.827267872129396
27.008000,7.42198825055314,7.714961470969711
27.010000,7.392690928511483,7.62706950484474
27.012000,7.177843900205997,7.807736324101625
27.014000,7.124132143129625,7.514763103685054
27.016000,7.041123064011597,8.081177996490425
27.018000,7.25108720531014,7.548943312733654
27.020000,7.42198825055314,7.66124971389334
27.022000,7.207141222247654,7.890745403219654
27.024000,7.324330510414282,7.680781261921111
27.026000,7.026474402990768,8.042114900434882
27.028000,7.378042267490654,7.988403143358511
27.030000,7.089951934081025,7.939574273289082
27.032000,7.202258335240711,7.5831235217822535
27.034000,7.529411764705882,7.7882047760738535
27.036000,7.050888838025482,7.666132600900283
27.038000,7.504997329671168,7.812619211108568
27.040000,7.544060425726711,8.042114900434882
27.042000,6.992294193942168,7.514763103685054
27.044000,7.329213397421225,7.890745403219654
27.046000,7.280384527351797,7.631952391851683
27.048000,7.426871137560083,8.100709544518196
27.050000,7.348744945448996,7.773556115053025
27.052000,7.041123064011597,7.754024567025254
27.054000,7.553826199740596,7.773556115053025
27.056000,7.2559700923170825,7.519645990691997
27.058000,7.0167086289768825,7.807736324101625
27.060000,7.480582894636454,7.783321889066911
27.062000,7.212024109254597,7.822384985122453
27.064000,6.997177080949111,7.724727244983597
27.066000,7.324330510414282,7.837033646143282
27.068000,7.358510719462882,7.705195696955825
27.070000,7.01182574196994,8.061646448462653
27.072000,7.0460059510185395,8.03723201342794
27.074000,7.553826199740596,7.988403143358511
27.076000,7.558709086747539,7.622186617837796
27.078000,7.25108720531014,7.588006408789196
27.080000,7.212024109254597,7.529411764705882
27.082000,7.260852979324025,7.954222934309911
27.084000,7.363393606469825,8.095826657511253
27.086000,7.529411764705882,7.939574273289082
27.088000,7.280384527351797,8.105592431525139
27.090000,7.153429465171283,7.944457160296025
27.092000,7.558709086747539,7.885862516212711
27.094000,7.529411764705882,7.763790341039139
27.096000,7.3438620584420535,8.09094377050431
27.098000,7.3438620584420535,7.90051117723354
27.100000,7.397573815518426,7.763790341039139
27.102000,7.578240634775311,7.793087663080796
27.104000,7.3438620584420535,7.890745403219654
27.106000,7.202258335240711,8.012817578393225
27.108000,7.290150301365682,7.812619211108568
27.110000,7.143663691157397,8.076295109483482
27.112000,7.539177538719768,7.920042725261311
27.114000,7.3438620584420535,8.086060883497368
27.116000,7.065537499046311,7.783321889066911
27.118000,7.348744945448996,7.69542992294194
27.120000,7.573357747768368,7.793087663080796
27.122000,7.221789883268483,7.578240634775311
27.124000,7.060654612039368,7.553826199740596
27.126000,7.226672770275425,7.534294651712825
27.128000,7.119249256122682,8.027466239414053
27.130000,7.2852674143587395,7.548943312733654
27.132000,7.099717708094911,7.631952391851683
27.134000,7.592889295796139,7.778439002059968
27.136000,7.4903486686503395,7.597772182803082
27.138000,7.3145647364003965,7.832150759136339
27.140000,7.138780804150454,7.959105821316854
27.142000,7.436636911573968,7.807736324101625
27.144000,7.01182574196994,8.051880674448768
27.146000,7.397573815518426,7.553826199740596
27.148000,7.436636911573968,7.856565194171053
27.150000,7.500114442664225,7.622186617837796
27.152000,7.553826199740596,7.588006408789196
27.154000,7.412222476539254,7.778439002059968
27.156000,7.412222476539254,7.734493018997482
27.158000,7.050888838025482,8.076295109483482
27.160000,7.089951934081025,7.568474860761425
27.162000,7.295033188372625,7.597772182803082
27.164000,7.480582894636454,8.02258335240711
27.166000,7.519645990691997,8.061646448462653
27.168000,7.236438544289311,7.920042725261311
27.170000,7.324330510414282,7.754024567025254
27.172000,7.334096284428168,7.578240634775311
27.174000,7.221789883268483,7.641718165865568
27.176000,7.158312352178226,7.607537956816968
27.178000,7.475700007629511,8.130006866559853
27.180000,7.177843900205997,7.963988708323797
27.182000,7.495231555657282,8.105592431525139
27.184000,7.568474860761425,7.588006408789196
27.186000,7.500114442664225,7.622186617837796
27.188000,7.578240634775311,7.939574273289082
27.190000,7.075303273060197,7.773556115053025
27.192000,7.036240177004654,7.588006408789196
27.194000,7.0167086289768825,7.949340047302968
27.196000,7.588006408789196,7.895628290226597
27.198000,7.378042267490654,7.837033646143282
27.200000,7.299916075379568,8.032349126420996
27.202000,7.524528877698939,7.680781261921111
27.204000,7.124132143129625,8.081177996490425
27.206000,7.031357289997711,7.724727244983597
27.208000,7.338979171435111,7.548943312733654
27.210000,7.290150301365682,7.973754482337682
27.212000,7.055771725032425,7.793087663080796
27.214000,7.275501640344854,8.09094377050431
27.216000,7.055771725032425,8.071412222476539
27.218000,7.070420386053254,7.968871595330739
27.220000,7.519645990691997,7.959105821316854
27.222000,7.260852979324025,7.548943312733654
27.224000,7.451285572594797,7.656366826886397
27.226000,7.558709086747539,7.690547035934997
27.228000,7.573357747768368,8.061646448462653
27.230000,7.202258335240711,7.578240634775311
27.232000,7.309681849393454,7.568474860761425
27.234000,7.465934233615625,7.749141680018311
27.236000,7.25108720531014,7.690547035934997
27.238000,7.42198825055314,7.607537956816968
27.240000,7.089951934081025,7.646601052872511
27.242000,7.275501640344854,7.983520256351568
27.244000,7.18272678721294,8.09094377050431
27.246000,7.5831235217822535,7.793087663080796
27.248000,7.446402685587854,8.061646448462653
27.250000,7.104600595101854,7.5831235217822535
27.252000,7.480582894636454,7.807736324101625
27.254000,7.588006408789196,8.00305180437934
27.256000,7.451285572594797,7.7589074540321965
27.258000,7.275501640344854,7.856565194171053
27.260000,7.168078126192111,8.100709544518196
27.262000,7.14854657816434,7.592889295796139
27.264000,7.368276493476768,7.773556115053025
27.266000,7.539177538719768,8.076295109483482
27.268000,7.309681849393454,8.081177996490425
27.270000,7.075303273060197,7.920042725261311
27.272000,7.5831235217822535,8.071412222476539
27.274000,7.050888838025482,7.62706950484474
27.276000,7.553826199740596,8.061646448462653
27.278000,7.441519798580911,7.641718165865568
27.280000,7.382925154497597,7.597772182803082
27.282000,7.080186160067139,7.8760967421988255
27.284000,7.324330510414282,7.988403143358511
27.286000,7.089951934081025,7.646601052872511
27.288000,7.470817120622568,7.9053940642404825
27.290000,7.309681849393454,7.754024567025254
27.292000,7.18272678721294,7.724727244983597
27.294000,7.187609674219883,7.66124971389334
27.296000,7.080186160067139,7.841916533150225
27.298000,7.548943312733654,7.656366826886397
27.300000,7.578240634775311,7.641718165865568
27.302000,7.168078126192111,7.90051117723354
27.304000,7.304798962386511,7.841916533150225
27.306000,7.470817120622568,7.90051117723354
27.308000,7.617303730830853,7.671015487907225
27.310000,7.099717708094911,7.993286030365454
27.312000,7.588006408789196,7.671015487907225
27.314000,7.334096284428168,8.012817578393225
27.316000,7.275501640344854,7.993286030365454
27.318000,7.212024109254597,7.944457160296025
27.320000,7.4903486686503395,7.837033646143282
27.322000,7.14854657816434,7.641718165865568
27.324000,7.299916075379568,8.134889753566796
27.326000,7.099717708094911,7.968871595330739
27.328000,7.451285572594797,7.685664148928054
27.330000,7.192492561226826,8.154421301594567
27.332000,7.397573815518426,7.9053940642404825
27.334000,7.050888838025482,7.983520256351568
27.336000,7.470817120622568,7.9053940642404825
27.338000,7.348744945448996,7.617303730830853
27.340000,7.553826199740596,7.822384985122453
27.342000,7.382925154497597,7.963988708323797
27.344000,7.050888838025482,8.144655527580682
27.346000,7.500114442664225,7.646601052872511
27.348000,7.187609674219883,7.680781261921111
27.350000,7.14854657816434,7.749141680018311
27.352000,7.2852674143587395,8.164187075608453
27.354000,7.085069047074082,7.680781261921111
27.356000,7.397573815518426,7.680781261921111
27.358000,7.212024109254597,8.12512397955291
27.360000,7.0460059510185395,8.130006866559853
27.362000,7.426871137560083,7.949340047302968
27.364000,7.597772182803082,8.086060883497368
27.366000,7.14854657816434,8.130006866559853
27.368000,7.573357747768368,8.081177996490425
27.370000,7.2852674143587395,7.69542992294194
27.372000,7.265735866330968,8.110475318532082
27.374000,7.319447623407339,7.783321889066911
27.376000,7.236438544289311,8.076295109483482
27.378000,7.260852979324025,7.631952391851683
27.380000,7.4903486686503395,7.915159838254368
27.382000,7.158312352178226,7.915159838254368
27.384000,7.441519798580911,7.802853437094682
27.386000,7.324330510414282,7.734493018997482
27.388000,7.495231555657282,7.651483939879454
27.390000,7.373159380483711,7.656366826886397
27.392000,7.553826199740596,8.071412222476539
27.394000,7.153429465171283,8.05676356145571
27.396000,7.514763103685054,7.797970550087739
27.398000,7.177843900205997,8.02258335240711
27.400000,7.2559700923170825,7.768673228046082
27.402000,7.265735866330968,7.773556115053025
27.404000,7.529411764705882,7.6124208438239105
27.406000,7.192492561226826,7.763790341039139
27.408000,7.168078126192111,7.588006408789196
27.410000,7.1631952391851685,7.705195696955825
27.412000,7.426871137560083,7.631952391851683
27.414000,7.368276493476768,7.880979629205768
27.416000,7.617303730830853,7.837033646143282
27.418000,7.187609674219883,7.890745403219654
27.420000,7.544060425726711,7.797970550087739
27.422000,7.4903486686503395,7.66124971389334
27.424000,7.304798962386511,7.910276951247425
27.426000,7.109483482108796,7.910276951247425
27.428000,7.446402685587854,7.773556115053025
27.430000,7.451285572594797,7.778439002059968
27.432000,7.42198825055314,7.90051117723354
27.434000,7.094834821087968,7.841916533150225
27.436000,7.138780804150454,8.09094377050431
27.438000,7.636835278858626,7.773556115053025
27.440000,7.177843900205997,8.169069962615396
27.442000,7.114366369115739,8.05676356145571
27.444000,7.597772182803082,7.939574273289082
27.446000,7.089951934081025,8.03723201342794
27.448000,7.553826199740596,7.846799420157168
27.450000,7.4024567025253685,7.929808499275197
27.452000,7.465934233615625,7.90051117723354
27.454000,7.4024567025253685,7.636835278858626
27.456000,7.534294651712825,8.100709544518196
27.458000,7.4610513466086825,7.6124208438239105
27.460000,7.324330510414282,7.8760967421988255
27.462000,7.4317540245670255,7.802853437094682
27.464000,7.236438544289311,8.081177996490425
27.466000,7.168078126192111,8.15930418860151
27.468000,7.378042267490654,7.861448081177996
27.470000,7.075303273060197,8.154421301594567
27.472000,7.4903486686503395,7.666132600900283
27.474000,7.197375448233768,8.139772640573739
27.476000,7.207141222247654,8.00305180437934
27.478000,7.470817120622568,7.890745403219654
27.480000,7.519645990691997,7.646601052872511
27.482000,7.573357747768368,7.812619211108568
27.484000,7.592889295796139,7.871213855191882
27.486000,7.548943312733654,7.998168917372396
27.488000,7.192492561226826,7.714961470969711
27.490000,7.544060425726711,8.110475318532082
27.492000,7.514763103685054,7.880979629205768
27.494000,7.4903486686503395,7.973754482337682
27.496000,7.622186617837796,8.120241092545967
27.498000,7.480582894636454,7.763790341039139
27.500000,7.568474860761425,7.929808499275197
27.502000,7.329213397421225,8.032349126420996
27.504000,7.2852674143587395,7.885862516212711
27.506000,7.436636911573968,8.007934691386282
27.508000,7.509880216678111,7.866330968184939
27.510000,7.089951934081025,8.09094377050431
27.512000,7.14854657816434,8.086060883497368
27.514000,7.295033188372625,7.7296101319905395
27.516000,7.373159380483711,8.012817578393225
27.518000,7.6124208438239105,8.086060883497368
27.520000,7.246204318303197,7.856565194171053
27.522000,7.114366369115739,7.7296101319905395
27.524000,7.1631952391851685,7.607537956816968
27.526000,7.348744945448996,7.968871595330739
27.528000,7.324330510414282,7.846799420157168
27.530000,7.578240634775311,7.622186617837796
27.532000,7.280384527351797,7.832150759136339
27.534000,7.651483939879454,8.081177996490425
27.536000,7.592889295796139,8.061646448462653
27.538000,7.519645990691997,7.856565194171053
27.540000,7.1338979171435115,8.066529335469596
27.542000,7.338979171435111,8.061646448462653
27.544000,7.089951934081025,7.841916533150225
27.546000,7.4903486686503395,7.968871595330739
27.548000,7.524528877698939,7.827267872129396
27.550000,7.500114442664225,7.978637369344625
27.552000,7.573357747768368,8.051880674448768
27.554000,7.465934233615625,8.134889753566796
27.556000,7.622186617837796,7.978637369344625
27.558000,7.42198825055314,8.00305180437934
27.560000,7.260852979324025,7.646601052872511
27.562000,7.553826199740596,8.188601510643167
27.564000,7.470817120622568,8.046997787441825
27.566000,7.158312352178226,7.861448081177996
27.568000,7.280384527351797,7.763790341039139
27.570000,7.636835278858626,8.130006866559853
27.572000,7.548943312733654,8.139772640573739
27.574000,7.197375448233768,7.8760967421988255
27.576000,7.324330510414282,7.866330968184939
27.578000,7.636835278858626,7.866330968184939
27.580000,7.192492561226826,7.641718165865568
27.582000,7.573357747768368,7.973754482337682
27.584000,7.465934233615625,8.183718623636224
27.586000,7.329213397421225,7.9053940642404825
27.588000,7.319447623407339,7.861448081177996
27.590000,7.099717708094911,7.671015487907225
27.592000,7.592889295796139,7.7882047760738535
27.594000,7.334096284428168,8.02258335240711
27.596000,7.226672770275425,7.90051117723354
27.598000,7.407339589532311,7.631952391851683
27.600000,7.514763103685054,7.822384985122453
27.602000,7.265735866330968,8.110475318532082
27.604000,7.417105363546197,8.051880674448768
27.606000,7.553826199740596,7.998168917372396
27.608000,7.192492561226826,7.880979629205768
27.610000,7.524528877698939,8.198367284657053
27.612000,7.177843900205997,8.178835736629281
27.614000,7.607537956816968,7.690547035934997
27.616000,7.588006408789196,7.6124208438239105
27.618000,7.548943312733654,7.651483939879454
27.620000,7.558709086747539,7.7003128099488825
27.622000,7.578240634775311,7.714961470969711
27.624000,7.436636911573968,8.046997787441825
27.626000,7.168078126192111,7.724727244983597
27.628000,7.280384527351797,7.719844357976654
27.630000,7.5831235217822535,8.203250171663996
27.632000,7.246204318303197,7.949340047302968
27.634000,7.42198825055314,7.949340047302968
27.636000,7.680781261921111,8.139772640573739
27.638000,7.524528877698939,7.646601052872511
27.640000,7.4024567025253685,7.705195696955825
27.642000,7.2559700923170825,8.198367284657053
27.644000,7.563591973754482,8.15930418860151
27.646000,7.38780804150454,7.910276951247425
27.648000,7.568474860761425,8.203250171663996
27.650000,7.480582894636454,7.636835278858626
27.652000,7.104600595101854,7.734493018997482
27.654000,7.680781261921111,7.617303730830853
27.656000,7.299916075379568,7.675898374914168
27.658000,7.617303730830853,8.149538414587624
27.660000,7.641718165865568,8.208133058670938
27.662000,7.485465781643397,7.910276951247425
27.664000,7.382925154497597,7.954222934309911
27.666000,7.622186617837796,8.017700465400168
27.668000,7.334096284428168,7.944457160296025
27.670000,7.436636911573968,7.773556115053025
27.672000,7.646601052872511,7.841916533150225
27.674000,7.265735866330968,7.929808499275197
27.676000,7.690547035934997,7.90051117723354
27.678000,7.329213397421225,8.144655527580682
27.680000,7.207141222247654,7.710078583962768
27.682000,7.417105363546197,7.763790341039139
27.684000,7.597772182803082,8.007934691386282
27.686000,7.451285572594797,8.007934691386282
27.688000,7.246204318303197,7.832150759136339
27.690000,7.177843900205997,7.978637369344625
27.692000,7.602655069810025,8.09094377050431
27.694000,7.539177538719768,8.051880674448768
27.696000,7.21690699626154,7.739375906004425
27.698000,7.705195696955825,7.749141680018311
27.700000,7.656366826886397,8.00305180437934
27.702000,7.641718165865568,8.081177996490425
27.704000,7.1631952391851685,7.69542992294194
27.706000,7.690547035934997,7.7003128099488825
27.708000,7.378042267490654,8.105592431525139
27.710000,7.260852979324025,7.856565194171053
27.712000,7.66124971389334,8.183718623636224
27.714000,7.353627832455939,8.178835736629281
27.716000,7.548943312733654,7.744258793011368
27.718000,7.548943312733654,7.656366826886397
27.720000,7.500114442664225,7.968871595330739
27.722000,7.651483939879454,7.944457160296025
27.724000,7.500114442664225,7.656366826886397
27.726000,7.573357747768368,8.051880674448768
27.728000,7.392690928511483,7.9053940642404825
27.730000,7.231555657282368,8.012817578393225
27.732000,7.38780804150454,8.03723201342794
27.734000,7.309681849393454,8.213015945677881
27.736000,7.172961013199054,7.954222934309911
27.738000,7.202258335240711,8.071412222476539
27.740000,7.504997329671168,8.076295109483482
27.742000,7.631952391851683,7.651483939879454
27.744000,7.275501640344854,8.169069962615396
27.746000,7.607537956816968,8.076295109483482
27.748000,7.124132143129625,7.768673228046082
27.750000,7.446402685587854,7.685664148928054
27.752000,7.275501640344854,8.217898832684824
27.754000,7.563591973754482,7.832150759136339
27.756000,7.558709086747539,8.217898832684824
27.758000,7.45616845960174,7.890745403219654
27.760000,7.534294651712825,7.9346913862821395
27.762000,7.2852674143587395,8.120241092545967
27.764000,7.534294651712825,8.169069962615396
27.766000,7.426871137560083,7.7589074540321965
27.768000,7.270618753337911,8.217898832684824
27.770000,7.187609674219883,8.042114900434882
27.772000,7.62706950484474,8.110475318532082
27.774000,7.710078583962768,8.076295109483482
27.776000,7.548943312733654,8.105592431525139
27.778000,7.622186617837796,8.095826657511253
27.780000,7.573357747768368,8.100709544518196
27.782000,7.246204318303197,7.944457160296025
27.784000,7.143663691157397,8.222781719691767
27.786000,7.553826199740596,7.656366826886397
27.788000,7.260852979324025,7.85168230716411
27.790000,7.66124971389334,8.09094377050431
27.792000,7.426871137560083,8.017700465400168
27.794000,7.4610513466086825,8.22766460669871
27.796000,7.177843900205997,7.719844357976654
27.798000,7.202258335240711,8.046997787441825
27.800000,7.202258335240711,8.15930418860151
27.802000,7.539177538719768,8.051880674448768
27.804000,7.158312352178226,7.685664148928054
27.806000,7.373159380483711,7.827267872129396
27.808000,7.158312352178226,7.915159838254368
27.810000,7.14854657816434,7.9053940642404825
27.812000,7.607537956816968,7.954222934309911
27.814000,7.66124971389334,8.242313267719538
27.816000,7.236438544289311,7.705195696955825
27.818000,7.382925154497597,7.685664148928054
27.820000,7.1631952391851685,8.05676356145571
27.822000,7.480582894636454,7.915159838254368
27.824000,7.62706950484474,7.827267872129396
27.826000,7.675898374914168,8.139772640573739
27.828000,7.66124971389334,8.188601510643167
27.830000,7.651483939879454,7.954222934309911
27.832000,7.495231555657282,8.15930418860151
27.834000,7.280384527351797,8.188601510643167
27.836000,7.197375448233768,7.895628290226597
27.838000,7.138780804150454,7.939574273289082
27.840000,7.3438620584420535,8.232547493705653
27.842000,7.465934233615625,8.03723201342794
27.844000,7.6124208438239105,8.130006866559853
27.846000,7.62706950484474,7.724727244983597
27.848000,7.265735866330968,7.7003128099488825
27.850000,7.138780804150454,7.827267872129396
27.852000,7.685664148928054,7.7003128099488825
27.854000,7.4317540245670255,7.768673228046082
27.856000,7.66124971389334,7.744258793011368
27.858000,7.563591973754482,7.895628290226597
27.860000,7.207141222247654,7.880979629205768
27.862000,7.4317540245670255,8.095826657511253
27.864000,7.646601052872511,8.086060883497368
27.866000,7.558709086747539,8.188601510643167
27.868000,7.495231555657282,7.802853437094682
27.870000,7.519645990691997,8.188601510643167
27.872000,7.719844357976654,7.973754482337682
27.874000,7.172961013199054,8.05676356145571
27.876000,7.231555657282368,8.027466239414053
27.878000,7.295033188372625,7.880979629205768
27.880000,7.714961470969711,8.115358205539025
27.882000,7.21690699626154,8.237430380712595
27.884000,7.329213397421225,7.856565194171053
27.886000,7.441519798580911,8.007934691386282
27.888000,7.226672770275425,8.222781719691767
27.890000,7.675898374914168,7.7882047760738535
27.892000,7.495231555657282,7.895628290226597
27.894000,7.597772182803082,7.841916533150225
27.896000,7.3145647364003965,7.9053940642404825
27.898000,7.426871137560083,8.017700465400168
27.900000,7.685664148928054,8.09094377050431
27.902000,7.265735866330968,7.705195696955825
27.904000,7.45616845960174,7.949340047302968
27.906000,7.578240634775311,7.768673228046082
27.908000,7.192492561226826,8.03723201342794
27.910000,7.436636911573968,7.754024567025254
27.912000,7.42198825055314,7.763790341039139
27.914000,7.7296101319905395,8.105592431525139
27.916000,7.446402685587854,8.198367284657053
27.918000,7.470817120622568,7.724727244983597
27.920000,7.38780804150454,8.032349126420996
27.922000,7.690547035934997,7.749141680018311
27.924000,7.680781261921111,7.915159838254368
27.926000,7.426871137560083,7.690547035934997
27.928000,7.529411764705882,7.675898374914168
27.930000,7.4610513466086825,7.895628290226597
27.932000,7.2559700923170825,8.012817578393225
27.934000,7.529411764705882,7.949340047302968
27.936000,7.710078583962768,7.861448081177996
27.938000,7.309681849393454,7.832150759136339
27.940000,7.470817120622568,7.754024567025254
27.942000,7.646601052872511,8.110475318532082
27.944000,7.207141222247654,7.954222934309911
27.946000,7.319447623407339,8.076295109483482
27.948000,7.470817120622568,8.178835736629281
27.950000,7.485465781643397,7.763790341039139
27.952000,7.573357747768368,7.817502098115511
27.954000,7.592889295796139,7.949340047302968
27.956000,7.38780804150454,8.032349126420996
27.958000,7.4317540245670255,8.100709544518196
27.960000,7.69542992294194,8.139772640573739
27.962000,7.358510719462882,7.690547035934997
27.964000,7.373159380483711,7.832150759136339
27.966000,7.7003128099488825,7.9346913862821395
27.968000,7.392690928511483,8.115358205539025
27.970000,7.724727244983597,7.944457160296025
27.972000,7.334096284428168,7.754024567025254
27.974000,7.534294651712825,7.8760967421988255
27.976000,7.45616845960174,7.675898374914168
27.978000,7.3438620584420535,7.832150759136339
27.980000,7.304798962386511,8.256961928740369
27.982000,7.470817120622568,7.7003128099488825
27.984000,7.38780804150454,7.724727244983597
27.986000,7.7003128099488825,8.217898832684824
27.988000,7.299916075379568,8.115358205539025
27.990000,7.514763103685054,8.256961928740369
27.992000,7.378042267490654,7.7589074540321965
27.994000,7.734493018997482,8.105592431525139
27.996000,7.275501640344854,8.19348439765011
27.998000,7.168078126192111,7.817502098115511
28.000000,7.38780804150454,8.007934691386282
28.002000,7.4903486686503395,8.042114900434882
28.004000,7.705195696955825,7.807736324101625
28.006000,7.319447623407339,7.724727244983597
28.008000,7.519645990691997,7.827267872129396
28.010000,7.671015487907225,7.90051117723354
28.012000,7.309681849393454,8.076295109483482
28.014000,7.436636911573968,8.261844815747311
28.016000,7.197375448233768,8.00305180437934
28.018000,7.436636911573968,8.012817578393225
28.020000,7.38780804150454,7.841916533150225
28.022000,7.62706950484474,7.9053940642404825
28.024000,7.509880216678111,8.05676356145571
28.026000,7.724727244983597,7.685664148928054
28.028000,7.2559700923170825,7.744258793011368
28.030000,7.754024567025254,7.69542992294194
28.032000,7.558709086747539,8.115358205539025
28.034000,7.397573815518426,7.719844357976654
28.036000,7.578240634775311,8.081177996490425
28.038000,7.2559700923170825,8.256961928740369
28.040000,7.514763103685054,8.19348439765011
28.042000,7.295033188372625,7.856565194171053
28.044000,7.7296101319905395,8.281376363775083
28.046000,7.417105363546197,7.7296101319905395
28.048000,7.544060425726711,7.783321889066911
28.050000,7.749141680018311,8.237430380712595
28.052000,7.470817120622568,7.8760967421988255
28.054000,7.719844357976654,7.920042725261311
28.056000,7.4024567025253685,8.271610589761197
28.058000,7.378042267490654,8.22766460669871
28.060000,7.495231555657282,7.920042725261311
28.062000,7.69542992294194,8.213015945677881
28.064000,7.319447623407339,7.929808499275197
28.066000,7.348744945448996,7.998168917372396
28.068000,7.6124208438239105,7.944457160296025
28.070000,7.607537956816968,8.222781719691767
28.072000,7.739375906004425,8.051880674448768
28.074000,7.334096284428168,8.105592431525139
28.076000,7.4610513466086825,8.100709544518196
28.078000,7.446402685587854,7.9053940642404825
28.080000,7.334096284428168,8.086060883497368
28.082000,7.509880216678111,8.247196154726481
28.084000,7.25108720531014,8.071412222476539
28.086000,7.768673228046082,7.9346913862821395
28.088000,7.734493018997482,7.7296101319905395
28.090000,7.666132600900283,8.164187075608453
28.092000,7.426871137560083,8.154421301594567
28.094000,7.646601052872511,8.149538414587624
28.096000,7.470817120622568,8.222781719691767
28.098000,7.573357747768368,7.749141680018311
28.100000,7.744258793011368,7.749141680018311
28.102000,7.4610513466086825,8.130006866559853
28.104000,7.446402685587854,7.978637369344625
28.106000,7.407339589532311,8.115358205539025
28.108000,7.680781261921111,7.773556115053025
28.110000,7.592889295796139,8.149538414587624
28.112000,7.441519798580911,8.242313267719538
28.114000,7.69542992294194,8.237430380712595
28.116000,7.495231555657282,8.081177996490425
28.118000,7.763790341039139,8.105592431525139
28.120000,7.539177538719768,8.252079041733426
28.122000,7.480582894636454,7.983520256351568
28.124000,7.558709086747539,8.27649347676814
28.126000,7.675898374914168,8.042114900434882
28.128000,7.763790341039139,8.05676356145571
28.130000,7.412222476539254,7.90051117723354
28.132000,7.768673228046082,8.242313267719538
28.134000,7.714961470969711,7.817502098115511
28.136000,7.260852979324025,8.03723201342794
28.138000,7.475700007629511,8.183718623636224
28.140000,7.631952391851683,7.910276951247425
28.142000,7.338979171435111,7.768673228046082
28.144000,7.714961470969711,8.256961928740369
28.146000,7.21690699626154,8.046997787441825
28.148000,7.631952391851683,7.954222934309911
28.150000,7.719844357976654,7.959105821316854
28.152000,7.231555657282368,8.149538414587624
28.154000,7.226672770275425,7.802853437094682
28.156000,7.671015487907225,7.90051117723354
28.158000,7.280384527351797,7.763790341039139
28.160000,7.529411764705882,7.797970550087739
28.162000,7.7296101319905395,7.797970550087739
28.164000,7.358510719462882,8.169069962615396
28.166000,7.495231555657282,8.261844815747311
28.168000,7.392690928511483,7.793087663080796
28.170000,7.797970550087739,8.261844815747311
28.172000,7.62706950484474,7.734493018997482
28.174000,7.392690928511483,7.807736324101625
28.176000,7.563591973754482,8.252079041733426
28.178000,7.690547035934997,7.754024567025254
28.180000,7.573357747768368,8.130006866559853
28.182000,7.671015487907225,8.144655527580682
28.184000,7.397573815518426,8.232547493705653
28.186000,7.636835278858626,7.998168917372396
28.188000,7.4024567025253685,8.237430380712595
28.190000,7.768673228046082,7.724727244983597
28.192000,7.470817120622568,7.9053940642404825
28.194000,7.309681849393454,8.256961928740369
28.196000,7.25108720531014,7.861448081177996
28.198000,7.739375906004425,7.998168917372396
28.200000,7.592889295796139,8.095826657511253
28.202000,7.768673228046082,7.9346913862821395
28.204000,7.241321431296254,8.051880674448768
28.206000,7.260852979324025,8.051880674448768
28.208000,7.778439002059968,7.822384985122453
28.210000,7.4610513466086825,8.286259250782026
28.212000,7.680781261921111,8.237430380712595
28.214000,7.66124971389334,8.061646448462653
28.216000,7.578240634775311,8.203250171663996
28.218000,7.353627832455939,7.968871595330739
28.220000,7.475700007629511,7.90051117723354
28.222000,7.470817120622568,8.296025024795911
28.224000,7.25108720531014,7.724727244983597
28.226000,7.651483939879454,7.924925612268254
28.228000,7.451285572594797,8.05676356145571
28.230000,7.6124208438239105,7.895628290226597
28.232000,7.797970550087739,8.095826657511253
28.234000,7.685664148928054,8.237430380712595
28.236000,7.7296101319905395,8.271610589761197
28.238000,7.69542992294194,8.232547493705653
28.240000,7.500114442664225,7.866330968184939
28.242000,7.592889295796139,7.817502098115511
28.244000,7.607537956816968,8.31067368581674
28.246000,7.763790341039139,8.252079041733426
28.248000,7.500114442664225,7.856565194171053
28.250000,7.739375906004425,7.983520256351568
28.252000,7.270618753337911,8.291142137788968
28.254000,7.734493018997482,7.973754482337682
28.256000,7.309681849393454,7.9053940642404825
28.258000,7.578240634775311,8.081177996490425
28.260000,7.236438544289311,8.071412222476539
28.262000,7.480582894636454,8.169069962615396
28.264000,7.519645990691997,8.232547493705653
28.266000,7.573357747768368,8.046997787441825
28.268000,7.807736324101625,8.188601510643167
28.270000,7.646601052872511,8.032349126420996
28.272000,7.25108720531014,8.173952849622339
28.274000,7.656366826886397,7.754024567025254
28.276000,7.451285572594797,8.164187075608453
28.278000,7.465934233615625,8.012817578393225
28.280000,7.646601052872511,8.27649347676814
28.282000,7.485465781643397,7.9346913862821395
28.284000,7.241321431296254,8.19348439765011
28.286000,7.529411764705882,8.213015945677881
28.288000,7.641718165865568,7.973754482337682
28.290000,7.42198825055314,7.8760967421988255
28.292000,7.553826199740596,8.22766460669871
28.294000,7.754024567025254,7.778439002059968
28.296000,7.622186617837796,7.841916533150225
28.298000,7.783321889066911,8.286259250782026
28.300000,7.260852979324025,7.993286030365454
28.302000,7.295033188372625,8.271610589761197
28.304000,7.724727244983597,8.032349126420996
28.306000,7.558709086747539,7.959105821316854
28.308000,7.797970550087739,8.012817578393225
28.310000,7.475700007629511,7.763790341039139
28.312000,7.475700007629511,8.252079041733426
28.314000,7.38780804150454,7.968871595330739
28.316000,7.705195696955825,8.007934691386282
28.318000,7.636835278858626,8.00305180437934
28.320000,7.231555657282368,8.173952849622339
28.322000,7.241321431296254,7.880979629205768
28.324000,7.407339589532311,8.03723201342794
28.326000,7.641718165865568,8.032349126420996
28.328000,7.3438620584420535,8.15930418860151
28.330000,7.768673228046082,8.320439459830625
28.332000,7.544060425726711,8.266727702754254
28.334000,7.4317540245670255,7.9053940642404825
28.336000,7.373159380483711,8.012817578393225
28.338000,7.504997329671168,7.929808499275197
28.340000,7.295033188372625,7.871213855191882
28.342000,7.309681849393454,7.890745403219654
28.344000,7.807736324101625,7.85168230716411
28.346000,7.363393606469825,7.866330968184939
28.348000,7.651483939879454,7.9053940642404825
28.350000,7.671015487907225,8.076295109483482
28.352000,7.6124208438239105,8.217898832684824
28.354000,7.417105363546197,8.315556572823683
28.356000,7.485465781643397,8.00305180437934
28.358000,7.578240634775311,7.773556115053025
28.360000,7.295033188372625,8.105592431525139
28.362000,7.3145647364003965,7.7589074540321965
28.364000,7.578240634775311,8.198367284657053
28.366000,7.671015487907225,8.256961928740369
28.368000,7.827267872129396,8.19348439765011
28.370000,7.441519798580911,8.012817578393225
28.372000,7.45616845960174,8.134889753566796
28.374000,7.719844357976654,8.105592431525139
28.376000,7.241321431296254,7.856565194171053
28.378000,7.666132600900283,8.266727702754254
28.380000,7.739375906004425,7.866330968184939
28.382000,7.246204318303197,7.920042725261311
28.384000,7.500114442664225,7.9346913862821395
28.386000,7.436636911573968,7.856565194171053
28.388000,7.739375906004425,7.827267872129396
28.390000,7.412222476539254,8.188601510643167
28.392000,7.66124971389334,7.890745403219654
28.394000,7.719844357976654,8.252079041733426
28.396000,7.363393606469825,7.949340047302968
28.398000,7.651483939879454,8.164187075608453
28.400000,7.280384527351797,8.134889753566796
28.402000,7.6124208438239105,8.198367284657053
28.404000,7.265735866330968,7.802853437094682
28.406000,7.666132600900283,8.071412222476539
28.408000,7.534294651712825,7.920042725261311
28.410000,7.641718165865568,8.237430380712595
28.412000,7.295033188372625,8.261844815747311
28.414000,7.802853437094682,8.154421301594567
28.416000,7.568474860761425,7.832150759136339
28.418000,7.714961470969711,7.802853437094682
28.420000,7.382925154497597,8.198367284657053
28.422000,7.62706950484474,8.02258335240711
28.424000,7.578240634775311,7.832150759136339
28.426000,7.597772182803082,8.09094377050431
28.428000,7.353627832455939,8.09094377050431
28.430000,7.622186617837796,8.22766460669871
28.432000,7.69542992294194,8.095826657511253
28.434000,7.397573815518426,8.110475318532082
28.436000,7.382925154497597,8.061646448462653
28.438000,7.334096284428168,7.998168917372396
28.440000,7.617303730830853,7.802853437094682
28.442000,7.568474860761425,8.300907911802854
28.444000,7.3145647364003965,8.051880674448768
28.446000,7.812619211108568,8.149538414587624
28.448000,7.470817120622568,7.915159838254368
28.450000,7.7882047760738535,7.915159838254368
28.452000,7.304798962386511,7.802853437094682
28.454000,7.504997329671168,8.34485389486534
28.456000,7.563591973754482,8.335088120851454
28.458000,7.690547035934997,8.22766460669871
28.460000,7.2852674143587395,7.783321889066911
28.462000,7.846799420157168,7.7882047760738535
28.464000,7.602655069810025,7.837033646143282
28.466000,7.685664148928054,8.237430380712595
28.468000,7.719844357976654,8.095826657511253
28.470000,7.514763103685054,8.03723201342794
28.472000,7.793087663080796,7.959105821316854
28.474000,7.451285572594797,8.012817578393225
28.476000,7.465934233615625,7.797970550087739
28.478000,7.544060425726711,7.807736324101625
28.480000,7.622186617837796,8.281376363775083
28.482000,7.504997329671168,8.19348439765011
28.484000,7.666132600900283,8.130006866559853
28.486000,7.553826199740596,7.778439002059968
28.488000,7.705195696955825,8.095826657511253
28.490000,7.85168230716411,8.03723201342794
28.492000,7.348744945448996,7.778439002059968
28.494000,7.42198825055314,7.924925612268254
28.496000,7.504997329671168,7.797970550087739
28.498000,7.2852674143587395,8.086060883497368
28.500000,7.470817120622568,8.086060883497368
28.502000,7.832150759136339,8.271610589761197
28.504000,7.324330510414282,8.330205233844511
28.506000,7.597772182803082,7.7882047760738535
28.508000,7.275501640344854,7.841916533150225
28.510000,7.299916075379568,8.19348439765011
28.512000,7.407339589532311,7.9346913862821395
28.514000,7.636835278858626,8.271610589761197
28.516000,7.290150301365682,8.042114900434882
28.518000,7.710078583962768,7.890745403219654
28.520000,7.656366826886397,8.300907911802854
28.522000,7.656366826886397,8.349736781872283
28.524000,7.617303730830853,8.02258335240711
28.526000,7.856565194171053,7.871213855191882
28.528000,7.470817120622568,7.920042725261311
28.530000,7.7296101319905395,8.032349126420996
28.532000,7.500114442664225,8.00305180437934
28.534000,7.319447623407339,8.154421301594567
28.536000,7.45616845960174,8.359502555886168
28.538000,7.441519798580911,8.266727702754254
28.540000,7.353627832455939,8.335088120851454
28.542000,7.4024567025253685,7.90051117723354
28.544000,7.5831235217822535,8.349736781872283
28.546000,7.465934233615625,8.042114900434882
28.548000,7.871213855191882,8.012817578393225
28.550000,7.3145647364003965,7.793087663080796
28.552000,7.832150759136339,7.846799420157168
28.554000,7.592889295796139,7.837033646143282
28.556000,7.4317540245670255,8.261844815747311
28.558000,7.671015487907225,7.988403143358511
28.560000,7.744258793011368,8.237430380712595
28.562000,7.861448081177996,8.071412222476539
28.564000,7.334096284428168,8.203250171663996
28.566000,7.441519798580911,8.252079041733426
28.568000,7.7882047760738535,8.173952849622339
28.570000,7.338979171435111,7.949340047302968
28.572000,7.563591973754482,8.017700465400168
28.574000,7.578240634775311,7.8760967421988255
28.576000,7.866330968184939,8.115358205539025
28.578000,7.802853437094682,8.232547493705653
28.580000,7.368276493476768,8.300907911802854
28.582000,7.529411764705882,8.339971007858397
28.584000,7.62706950484474,8.100709544518196
28.586000,7.8760967421988255,7.807736324101625
28.588000,7.783321889066911,8.027466239414053
28.590000,7.812619211108568,7.998168917372396
28.592000,7.524528877698939,8.281376363775083
28.594000,7.446402685587854,7.861448081177996
28.596000,7.568474860761425,8.256961928740369
28.598000,7.861448081177996,7.90051117723354
28.600000,7.500114442664225,8.00305180437934
28.602000,7.353627832455939,7.968871595330739
28.604000,7.646601052872511,7.812619211108568
28.606000,7.588006408789196,7.797970550087739
28.608000,7.553826199740596,8.300907911802854
28.610000,7.373159380483711,8.012817578393225
28.612000,7.817502098115511,8.364385442893111
28.614000,7.744258793011368,7.920042725261311
28.616000,7.802853437094682,8.149538414587624
28.618000,7.837033646143282,8.032349126420996
28.620000,7.7589074540321965,7.846799420157168
28.622000,7.446402685587854,8.154421301594567
28.624000,7.397573815518426,8.271610589761197
28.626000,7.773556115053025,7.895628290226597
28.628000,7.470817120622568,8.105592431525139
28.630000,7.685664148928054,8.164187075608453
28.632000,7.7296101319905395,8.169069962615396
28.634000,7.885862516212711,7.910276951247425
28.636000,7.812619211108568,7.85168230716411
28.638000,7.802853437094682,7.90051117723354
28.640000,7.304798962386511,8.281376363775083
28.642000,7.622186617837796,7.998168917372396
28.644000,7.519645990691997,8.046997787441825
28.646000,7.363393606469825,7.880979629205768
28.648000,7.480582894636454,8.34485389486534
28.650000,7.724727244983597,7.9053940642404825
28.652000,7.500114442664225,8.046997787441825
28.654000,7.553826199740596,8.061646448462653
28.656000,7.500114442664225,7.920042725261311
28.658000,7.446402685587854,8.315556572823683
28.660000,7.373159380483711,8.100709544518196
28.662000,7.817502098115511,8.256961928740369
28.664000,7.392690928511483,7.880979629205768
28.666000,7.837033646143282,8.188601510643167
28.668000,7.534294651712825,8.051880674448768
28.670000,7.417105363546197,8.359502555886168
28.672000,7.348744945448996,8.115358205539025
28.674000,7.3145647364003965,7.85168230716411
28.676000,7.641718165865568,8.203250171663996
28.678000,7.607537956816968,8.305790798809797
28.680000,7.7589074540321965,7.963988708323797
28.682000,7.509880216678111,8.271610589761197
28.684000,7.607537956816968,8.139772640573739
28.686000,7.334096284428168,7.866330968184939
28.688000,7.548943312733654,8.237430380712595
28.690000,7.7882047760738535,8.296025024795911
28.692000,7.485465781643397,8.383916990920882
28.694000,7.392690928511483,7.939574273289082
28.696000,7.368276493476768,8.247196154726481
28.698000,7.636835278858626,8.281376363775083
28.700000,7.363393606469825,8.130006866559853
28.702000,7.436636911573968,8.09094377050431
28.704000,7.485465781643397,7.959105821316854
28.706000,7.324330510414282,8.081177996490425
28.708000,7.417105363546197,8.256961928740369
28.710000,7.3145647364003965,8.027466239414053
28.712000,7.504997329671168,8.144655527580682
28.714000,7.470817120622568,7.827267872129396
28.716000,7.373159380483711,8.042114900434882
28.718000,7.817502098115511,8.252079041733426
28.720000,7.42198825055314,7.929808499275197
28.722000,7.436636911573968,7.871213855191882
28.724000,7.871213855191882,8.281376363775083
28.726000,7.358510719462882,8.100709544518196
28.728000,7.504997329671168,8.076295109483482
28.730000,7.426871137560083,7.895628290226597
28.732000,7.710078583962768,8.188601510643167
28.734000,7.7003128099488825,8.349736781872283
28.736000,7.675898374914168,8.061646448462653
28.738000,7.666132600900283,8.22766460669871
28.740000,7.7589074540321965,8.042114900434882
28.742000,7.744258793011368,8.208133058670938
28.744000,7.553826199740596,8.349736781872283
28.746000,7.622186617837796,7.90051117723354
28.748000,7.739375906004425,8.046997787441825
28.750000,7.631952391851683,8.051880674448768
28.752000,7.778439002059968,8.19348439765011
28.754000,7.754024567025254,7.90051117723354
28.756000,7.8760967421988255,8.12512397955291
28.758000,7.485465781643397,8.393682764934768
28.760000,7.827267872129396,8.051880674448768
28.762000,7.680781261921111,8.188601510643167
28.764000,7.66124971389334,8.130006866559853
28.766000,7.446402685587854,7.954222934309911
28.768000,7.4610513466086825,8.169069962615396
28.770000,7.446402685587854,8.086060883497368
28.772000,7.641718165865568,8.383916990920882
28.774000,7.778439002059968,8.169069962615396
28.776000,7.7003128099488825,8.110475318532082
28.778000,7.685664148928054,8.27649347676814
28.780000,7.724727244983597,8.256961928740369
28.782000,7.841916533150225,7.85168230716411
28.784000,7.631952391851683,7.915159838254368
28.786000,7.42198825055314,8.31067368581674
28.788000,7.910276951247425,8.03723201342794
28.790000,7.558709086747539,8.403448538948654
28.792000,7.915159838254368,8.374151216906997
28.794000,7.373159380483711,8.15930418860151
28.796000,7.363393606469825,8.247196154726481
28.798000,7.749141680018311,8.03723201342794
28.800000,7.744258793011368,8.115358205539025
28.802000,7.9053940642404825,8.296025024795911
28.804000,7.710078583962768,8.105592431525139
28.806000,7.509880216678111,8.374151216906997
28.808000,7.329213397421225,8.271610589761197
28.810000,7.69542992294194,8.364385442893111
28.812000,7.412222476539254,7.963988708323797
28.814000,7.719844357976654,8.164187075608453
28.816000,7.378042267490654,7.880979629205768
28.818000,7.832150759136339,8.046997787441825
28.820000,7.651483939879454,7.924925612268254
28.822000,7.38780804150454,8.261844815747311
28.824000,7.524528877698939,8.115358205539025
28.826000,7.607537956816968,8.247196154726481
28.828000,7.446402685587854,8.027466239414053
28.830000,7.890745403219654,7.9053940642404825
28.832000,7.797970550087739,7.832150759136339
28.834000,7.607537956816968,7.924925612268254
28.836000,7.8760967421988255,8.208133058670938
28.838000,7.651483939879454,8.017700465400168
28.840000,7.768673228046082,7.954222934309911
28.842000,7.426871137560083,7.841916533150225
28.844000,7.363393606469825,8.051880674448768
28.846000,7.763790341039139,8.252079041733426
28.848000,7.563591973754482,8.369268329900054
28.850000,7.705195696955825,8.115358205539025
28.852000,7.846799420157168,8.105592431525139
28.854000,7.397573815518426,8.042114900434882
28.856000,7.783321889066911,8.256961928740369
28.858000,7.412222476539254,7.949340047302968
28.860000,7.7882047760738535,7.954222934309911
28.862000,7.773556115053025,7.983520256351568
28.864000,7.666132600900283,7.949340047302968
28.866000,7.822384985122453,8.105592431525139
28.868000,7.915159838254368,8.300907911802854
28.870000,7.749141680018311,8.051880674448768
28.872000,7.534294651712825,8.183718623636224
28.874000,7.548943312733654,8.408331425955597
28.876000,7.4024567025253685,8.00305180437934
28.878000,7.880979629205768,7.929808499275197
28.880000,7.719844357976654,7.954222934309911
28.882000,7.871213855191882,7.963988708323797
28.884000,7.910276951247425,8.076295109483482
28.886000,7.426871137560083,8.364385442893111
28.888000,7.5831235217822535,8.071412222476539
28.890000,7.920042725261311,8.183718623636224
28.892000,7.553826199740596,8.305790798809797
28.894000,7.929808499275197,8.05676356145571
28.896000,7.553826199740596,7.973754482337682
28.898000,7.749141680018311,8.403448538948654
28.900000,7.485465781643397,8.388799877927825
28.902000,7.3438620584420535,8.164187075608453
28.904000,7.69542992294194,8.281376363775083
28.906000,7.871213855191882,8.422980086976425
28.908000,7.812619211108568,8.286259250782026
28.910000,7.417105363546197,8.144655527580682
28.912000,7.548943312733654,8.291142137788968
28.914000,7.69542992294194,7.8760967421988255
28.916000,7.7296101319905395,8.335088120851454
28.918000,7.3438620584420535,7.993286030365454
28.920000,7.7882047760738535,8.115358205539025
28.922000,7.592889295796139,8.335088120851454
28.924000,7.563591973754482,7.949340047302968
28.926000,7.690547035934997,7.85168230716411
28.928000,7.841916533150225,8.130006866559853
28.930000,7.495231555657282,8.02258335240711
28.932000,7.9053940642404825,8.252079041733426
28.934000,7.812619211108568,7.993286030365454
28.936000,7.710078583962768,8.252079041733426
28.938000,7.90051117723354,8.27649347676814
28.940000,7.563591973754482,7.963988708323797
28.942000,7.514763103685054,7.993286030365454
28.944000,7.500114442664225,8.149538414587624
28.946000,7.436636911573968,8.383916990920882
28.948000,7.656366826886397,7.968871595330739
28.950000,7.62706950484474,8.032349126420996
28.952000,7.62706950484474,7.85168230716411
28.954000,7.607537956816968,8.017700465400168
28.956000,7.924925612268254,7.944457160296025
28.958000,7.62706950484474,8.22766460669871
28.960000,7.880979629205768,8.120241092545967
28.962000,7.495231555657282,8.22766460669871
28.964000,7.358510719462882,8.09094377050431
28.966000,7.544060425726711,8.320439459830625
28.968000,7.7882047760738535,8.208133058670938
28.970000,7.485465781643397,8.012817578393225
28.972000,7.885862516212711,8.300907911802854
28.974000,7.544060425726711,8.315556572823683
28.976000,7.617303730830853,8.183718623636224
28.978000,7.69542992294194,7.861448081177996
28.980000,7.915159838254368,8.266727702754254
28.982000,7.573357747768368,8.330205233844511
28.984000,7.7003128099488825,8.032349126420996
28.986000,7.656366826886397,8.291142137788968
28.988000,7.392690928511483,7.949340047302968
28.990000,7.710078583962768,8.203250171663996
28.992000,7.7882047760738535,8.339971007858397
28.994000,7.895628290226597,8.105592431525139
28.996000,7.504997329671168,7.8760967421988255
28.998000,7.949340047302968,8.05676356145571
29.000000,7.710078583962768,8.339971007858397
29.002000,7.368276493476768,7.910276951247425
29.004000,7.470817120622568,7.954222934309911
29.006000,7.495231555657282,8.09094377050431
29.008000,7.500114442664225,7.929808499275197
29.010000,7.573357747768368,7.939574273289082
29.012000,7.392690928511483,7.90051117723354
29.014000,7.710078583962768,8.086060883497368
29.016000,7.578240634775311,8.300907911802854
29.018000,7.7589074540321965,8.061646448462653
29.020000,7.602655069810025,8.017700465400168
29.022000,7.944457160296025,7.924925612268254
29.024000,7.846799420157168,8.086060883497368
29.026000,7.378042267490654,8.203250171663996
29.028000,7.470817120622568,7.983520256351568
29.030000,7.45616845960174,7.8760967421988255
29.032000,7.436636911573968,8.339971007858397
29.034000,7.436636911573968,7.9053940642404825
29.036000,7.890745403219654,8.364385442893111
29.038000,7.378042267490654,8.051880674448768
29.040000,7.509880216678111,8.237430380712595
29.042000,7.710078583962768,8.066529335469596
29.044000,7.85168230716411,8.339971007858397
29.046000,7.963988708323797,8.237430380712595
29.048000,7.592889295796139,8.393682764934768
29.050000,7.646601052872511,8.281376363775083
29.052000,7.656366826886397,7.993286030365454
29.054000,7.744258793011368,8.100709544518196
29.056000,7.910276951247425,7.949340047302968
29.058000,7.920042725261311,8.105592431525139
29.060000,7.446402685587854,7.983520256351568
29.062000,7.514763103685054,8.388799877927825
29.064000,7.680781261921111,7.998168917372396
29.066000,7.871213855191882,8.15930418860151
29.068000,7.5831235217822535,8.374151216906997
29.070000,7.817502098115511,8.266727702754254
29.072000,7.597772182803082,8.232547493705653
29.074000,7.846799420157168,7.963988708323797
29.076000,7.920042725261311,8.452277409018082
29.078000,7.7003128099488825,8.457160296025025
29.080000,7.651483939879454,8.149538414587624
29.082000,7.373159380483711,8.339971007858397
29.084000,7.724727244983597,8.115358205539025
29.086000,7.744258793011368,8.169069962615396
29.088000,7.407339589532311,8.00305180437934
29.090000,7.631952391851683,8.242313267719538
29.092000,7.495231555657282,8.437628747997254
29.094000,7.783321889066911,8.34485389486534
29.096000,7.534294651712825,8.388799877927825
29.098000,7.392690928511483,7.895628290226597
29.100000,7.85168230716411,8.422980086976425
29.102000,7.656366826886397,8.144655527580682
29.104000,7.861448081177996,8.354619668879225
29.106000,7.451285572594797,8.169069962615396
29.108000,7.90051117723354,8.095826657511253
29.110000,7.485465781643397,8.37903410391394
29.112000,7.832150759136339,8.086060883497368
29.114000,7.910276951247425,7.8760967421988255
29.116000,7.846799420157168,8.408331425955597
29.118000,7.407339589532311,8.115358205539025
29.120000,7.719844357976654,8.427862973983368
29.122000,7.9346913862821395,8.081177996490425
29.124000,7.553826199740596,7.90051117723354
29.126000,7.954222934309911,8.237430380712595
29.128000,7.4610513466086825,8.291142137788968
29.130000,7.426871137560083,8.369268329900054
29.132000,7.470817120622568,8.134889753566796
29.134000,7.563591973754482,8.252079041733426
29.136000,7.978637369344625,7.910276951247425
29.138000,7.509880216678111,8.286259250782026
29.140000,7.949340047302968,8.120241092545967
29.142000,7.924925612268254,8.173952849622339
29.144000,7.773556115053025,8.232547493705653
29.146000,7.544060425726711,7.973754482337682
29.148000,7.9346913862821395,8.105592431525139
29.150000,7.392690928511483,8.46692607003891
29.152000,7.417105363546197,8.291142137788968
29.154000,7.5831235217822535,7.944457160296025
29.156000,7.417105363546197,8.315556572823683
29.158000,7.719844357976654,7.915159838254368
29.160000,7.4903486686503395,8.369268329900054
29.162000,7.924925612268254,8.081177996490425
29.164000,7.480582894636454,8.130006866559853
29.166000,7.617303730830853,7.880979629205768
29.168000,7.797970550087739,8.130006866559853
29.170000,7.524528877698939,8.149538414587624
29.172000,7.504997329671168,7.978637369344625
29.174000,7.817502098115511,7.944457160296025
29.176000,7.890745403219654,8.095826657511253
29.178000,7.885862516212711,8.149538414587624
29.180000,7.7589074540321965,8.02258335240711
29.182000,7.802853437094682,7.90051117723354
29.184000,7.62706950484474,7.954222934309911
29.186000,7.4317540245670255,8.393682764934768
29.188000,7.954222934309911,8.43274586099031
29.190000,7.412222476539254,8.359502555886168
29.192000,7.807736324101625,8.183718623636224
29.194000,7.954222934309911,8.178835736629281
29.196000,7.597772182803082,8.232547493705653
29.198000,7.924925612268254,8.086060883497368
29.200000,7.929808499275197,7.915159838254368
29.202000,7.915159838254368,8.442511635004196
29.204000,7.671015487907225,8.100709544518196
29.206000,7.807736324101625,8.354619668879225
29.208000,7.568474860761425,7.885862516212711
29.210000,7.856565194171053,8.178835736629281
29.212000,7.568474860761425,8.169069962615396
29.214000,7.548943312733654,8.03723201342794
29.216000,7.841916533150225,8.471808957045853
29.218000,7.465934233615625,8.427862973983368
29.220000,7.504997329671168,7.983520256351568
29.222000,7.968871595330739,8.095826657511253
29.224000,7.588006408789196,7.988403143358511
29.226000,7.500114442664225,8.252079041733426
29.228000,7.993286030365454,8.046997787441825
29.230000,7.4024567025253685,8.051880674448768
29.232000,7.959105821316854,8.066529335469596
29.234000,7.62706950484474,8.296025024795911
29.236000,7.622186617837796,8.130006866559853
29.238000,7.9346913862821395,8.203250171663996
29.240000,7.544060425726711,7.9053940642404825
29.242000,7.915159838254368,8.071412222476539
29.244000,7.480582894636454,8.359502555886168
29.246000,7.954222934309911,8.032349126420996
29.248000,7.734493018997482,7.993286030365454
29.250000,7.983520256351568,7.895628290226597
29.252000,7.8760967421988255,8.305790798809797
29.254000,7.949340047302968,8.00305180437934
29.256000,7.959105821316854,8.134889753566796
29.258000,7.470817120622568,8.139772640573739
29.260000,7.524528877698939,8.178835736629281
29.262000,7.988403143358511,8.115358205539025
29.264000,7.636835278858626,8.281376363775083
29.266000,7.719844357976654,8.266727702754254
29.268000,7.597772182803082,8.081177996490425
29.270000,7.671015487907225,8.032349126420996
29.272000,7.548943312733654,7.949340047302968
29.274000,7.617303730830853,8.081177996490425
29.276000,7.470817120622568,8.19348439765011
29.278000,7.968871595330739,8.188601510643167
29.280000,7.734493018997482,8.364385442893111
29.282000,7.807736324101625,8.09094377050431
29.284000,7.744258793011368,8.110475318532082
29.286000,7.7296101319905395,8.291142137788968
29.288000,7.827267872129396,8.457160296025025
29.290000,7.885862516212711,7.910276951247425
29.292000,7.9053940642404825,8.422980086976425
29.294000,7.441519798580911,7.944457160296025
29.296000,7.480582894636454,8.354619668879225
29.298000,7.773556115053025,7.983520256351568
29.300000,7.705195696955825,8.388799877927825
29.302000,7.705195696955825,8.330205233844511
29.304000,7.465934233615625,7.90051117723354
29.306000,7.446402685587854,8.110475318532082
29.308000,7.998168917372396,8.261844815747311
29.310000,7.763790341039139,8.164187075608453
29.312000,7.856565194171053,7.924925612268254
29.314000,7.8760967421988255,8.149538414587624
29.316000,7.451285572594797,8.330205233844511
29.318000,7.705195696955825,7.920042725261311
29.320000,7.465934233615625,8.300907911802854
29.322000,7.890745403219654,8.491340505073625
29.324000,7.719844357976654,8.369268329900054
29.326000,7.734493018997482,8.369268329900054
29.328000,7.578240634775311,8.169069962615396
29.330000,7.685664148928054,8.491340505073625
29.332000,7.924925612268254,8.05676356145571
29.334000,7.544060425726711,8.325322346837568
29.336000,7.944457160296025,8.349736781872283
29.338000,7.607537956816968,8.296025024795911
29.340000,7.5831235217822535,8.349736781872283
29.342000,7.524528877698939,8.139772640573739
29.344000,7.66124971389334,8.100709544518196
29.346000,7.646601052872511,8.046997787441825
29.348000,7.807736324101625,8.46692607003891
29.350000,7.7003128099488825,8.19348439765011
29.352000,7.910276951247425,8.286259250782026
29.354000,7.548943312733654,8.046997787441825
29.356000,7.827267872129396,8.007934691386282
29.358000,7.871213855191882,8.349736781872283
29.360000,7.588006408789196,8.305790798809797
29.362000,7.666132600900283,8.095826657511253
29.364000,7.504997329671168,8.296025024795911
29.366000,7.910276951247425,8.398565651941711
29.368000,8.017700465400168,8.169069962615396
29.370000,8.02258335240711,8.43274586099031
29.372000,7.607537956816968,8.046997787441825
29.374000,7.45616845960174,8.261844815747311
29.376000,7.500114442664225,8.02258335240711
29.378000,7.4903486686503395,8.007934691386282
29.380000,7.7003128099488825,8.427862973983368
29.382000,7.539177538719768,7.959105821316854
29.384000,7.968871595330739,7.944457160296025
29.386000,7.841916533150225,7.983520256351568
29.388000,7.749141680018311,8.315556572823683
29.390000,7.4610513466086825,7.993286030365454
29.392000,7.939574273289082,8.22766460669871
29.394000,7.66124971389334,8.34485389486534
29.396000,7.959105821316854,8.315556572823683
29.398000,7.749141680018311,8.266727702754254
29.400000,7.475700007629511,8.130006866559853
29.402000,7.7296101319905395,7.944457160296025
29.404000,7.534294651712825,7.920042725261311
29.406000,7.773556115053025,8.00305180437934
29.408000,7.8760967421988255,8.100709544518196
29.410000,7.504997329671168,8.50110627908751
29.412000,7.680781261921111,8.510872053101396
29.414000,7.675898374914168,8.408331425955597
29.416000,7.827267872129396,8.09094377050431
29.418000,7.666132600900283,8.154421301594567
29.420000,7.480582894636454,8.266727702754254
29.422000,7.9346913862821395,7.954222934309911
29.424000,8.027466239414053,8.100709544518196
29.426000,7.915159838254368,8.017700465400168
29.428000,7.675898374914168,8.300907911802854
29.430000,7.822384985122453,8.19348439765011
29.432000,7.480582894636454,8.496223392080568
29.434000,7.885862516212711,8.31067368581674
29.436000,7.895628290226597,8.34485389486534
29.438000,7.529411764705882,7.988403143358511
29.440000,7.671015487907225,8.252079041733426
29.442000,7.504997329671168,8.43274586099031
29.444000,7.558709086747539,8.208133058670938
29.446000,7.988403143358511,8.271610589761197
29.448000,7.822384985122453,8.427862973983368
29.450000,8.03723201342794,8.05676356145571
29.452000,7.480582894636454,8.422980086976425
29.454000,7.749141680018311,8.222781719691767
29.456000,8.007934691386282,8.19348439765011
29.458000,7.802853437094682,7.959105821316854
29.460000,7.9053940642404825,8.247196154726481
29.462000,7.710078583962768,8.383916990920882
29.464000,7.558709086747539,8.422980086976425
29.466000,7.568474860761425,8.247196154726481
29.468000,7.880979629205768,8.286259250782026
29.470000,7.578240634775311,8.188601510643167
29.472000,7.734493018997482,8.48157473105974
29.474000,7.617303730830853,8.15930418860151
29.476000,7.631952391851683,8.012817578393225
29.478000,7.768673228046082,8.03723201342794
29.480000,7.8760967421988255,8.169069962615396
29.482000,7.895628290226597,8.027466239414053
29.484000,7.475700007629511,7.944457160296025
29.486000,7.768673228046082,8.144655527580682
29.488000,7.622186617837796,8.252079041733426
29.490000,7.617303730830853,8.032349126420996
29.492000,7.968871595330739,7.939574273289082
29.494000,7.6124208438239105,8.388799877927825
29.496000,8.017700465400168,8.369268329900054
29.498000,7.978637369344625,8.515754940108339
29.500000,7.754024567025254,8.296025024795911
29.502000,7.602655069810025,8.515754940108339
29.504000,7.885862516212711,8.291142137788968
29.506000,7.7003128099488825,8.27649347676814
29.508000,8.051880674448768,8.198367284657053
29.510000,7.514763103685054,8.115358205539025
29.512000,7.470817120622568,8.41321431296254
29.514000,7.69542992294194,8.05676356145571
29.516000,7.671015487907225,8.188601510643167
29.518000,7.685664148928054,8.19348439765011
29.520000,7.968871595330739,8.12512397955291
29.522000,7.968871595330739,8.369268329900054
29.524000,7.66124971389334,8.154421301594567
29.526000,7.749141680018311,8.296025024795911
29.528000,7.524528877698939,8.266727702754254
29.530000,7.622186617837796,8.325322346837568
29.532000,7.646601052872511,8.12512397955291
29.534000,7.90051117723354,8.217898832684824
29.536000,7.504997329671168,8.476691844052796
29.538000,7.915159838254368,8.43274586099031
29.540000,7.641718165865568,8.242313267719538
29.542000,7.763790341039139,8.281376363775083
29.544000,8.05676356145571,7.944457160296025
29.546000,7.607537956816968,8.369268329900054
29.548000,7.529411764705882,8.50110627908751
29.550000,7.802853437094682,8.208133058670938
29.552000,7.915159838254368,8.349736781872283
29.554000,7.983520256351568,8.12512397955291
29.556000,7.841916533150225,8.256961928740369
29.558000,7.7589074540321965,8.154421301594567
29.560000,7.910276951247425,8.164187075608453
29.562000,7.744258793011368,8.315556572823683
29.564000,7.568474860761425,8.515754940108339
29.566000,7.588006408789196,8.296025024795911
29.568000,7.949340047302968,8.120241092545967
29.570000,7.558709086747539,8.50110627908751
29.572000,7.500114442664225,8.007934691386282
29.574000,7.861448081177996,8.237430380712595
29.576000,7.656366826886397,8.051880674448768
29.578000,7.534294651712825,8.232547493705653
29.580000,7.592889295796139,8.02258335240711
29.582000,7.856565194171053,7.954222934309911
29.584000,7.7003128099488825,8.369268329900054
29.586000,7.714961470969711,8.505989166094453
29.588000,8.032349126420996,8.017700465400168
29.590000,7.895628290226597,8.53528648813611
29.592000,7.5831235217822535,8.19348439765011
29.594000,7.485465781643397,8.19348439765011
29.596000,7.983520256351568,8.213015945677881
29.598000,7.602655069810025,8.496223392080568
29.600000,7.739375906004425,8.198367284657053
29.602000,8.027466239414053,8.02258335240711
29.604000,7.988403143358511,8.364385442893111
29.606000,7.773556115053025,8.237430380712595
29.608000,8.061646448462653,8.320439459830625
29.610000,7.675898374914168,8.364385442893111
29.612000,7.66124971389334,8.086060883497368
29.614000,7.5831235217822535,8.339971007858397
29.616000,7.7296101319905395,8.296025024795911
29.618000,7.524528877698939,7.968871595330739
29.620000,7.641718165865568,8.188601510643167
29.622000,7.837033646143282,8.169069962615396
29.624000,7.519645990691997,7.978637369344625
29.626000,7.524528877698939,8.486457618066682
29.628000,8.03723201342794,8.139772640573739
29.630000,7.69542992294194,8.50110627908751
29.632000,7.968871595330739,7.998168917372396
29.634000,8.05676356145571,7.963988708323797
29.636000,7.544060425726711,8.15930418860151
29.638000,7.480582894636454,8.486457618066682
29.640000,7.631952391851683,8.418097199969482
29.642000,7.973754482337682,8.525520714122225
29.644000,8.007934691386282,8.027466239414053
29.646000,7.949340047302968,8.43274586099031
29.648000,7.988403143358511,8.369268329900054
29.650000,7.500114442664225,8.208133058670938
29.652000,7.724727244983597,8.130006866559853
29.654000,7.8760967421988255,8.12512397955291
29.656000,7.666132600900283,8.442511635004196
29.658000,7.651483939879454,8.178835736629281
29.660000,7.929808499275197,8.43274586099031
29.662000,7.646601052872511,8.540169375143053
29.664000,7.500114442664225,8.081177996490425
29.666000,7.890745403219654,8.34485389486534
29.668000,8.05676356145571,8.442511635004196
29.670000,7.588006408789196,8.515754940108339
29.672000,7.890745403219654,8.110475318532082
29.674000,8.066529335469596,8.115358205539025
29.676000,7.5831235217822535,8.15930418860151
29.678000,7.544060425726711,8.427862973983368
29.680000,8.007934691386282,8.291142137788968
29.682000,8.03723201342794,8.154421301594567
29.684000,8.02258335240711,8.183718623636224
29.686000,7.724727244983597,8.213015945677881
29.688000,7.524528877698939,8.19348439765011
29.690000,7.968871595330739,8.291142137788968
29.692000,7.744258793011368,8.403448538948654
29.694000,7.841916533150225,8.188601510643167
29.696000,7.7589074540321965,8.505989166094453
29.698000,8.086060883497368,8.217898832684824
29.700000,7.7003128099488825,8.261844815747311
29.702000,7.519645990691997,8.41321431296254
29.704000,7.534294651712825,8.462043183031968
29.706000,7.929808499275197,7.983520256351568
29.708000,7.588006408789196,8.007934691386282
29.710000,7.959105821316854,8.471808957045853
29.712000,7.514763103685054,8.471808957045853
29.714000,8.071412222476539,8.198367284657053
29.716000,7.534294651712825,8.486457618066682
29.718000,7.710078583962768,8.19348439765011
29.720000,7.988403143358511,8.34485389486534
29.722000,7.710078583962768,8.291142137788968
29.724000,8.02258335240711,8.364385442893111
29.726000,7.495231555657282,8.164187075608453
29.728000,7.944457160296025,8.237430380712595
29.730000,7.724727244983597,8.100709544518196
29.732000,7.509880216678111,8.252079041733426
29.734000,7.910276951247425,8.208133058670938
29.736000,7.837033646143282,8.222781719691767
29.738000,7.846799420157168,8.012817578393225
29.740000,7.9053940642404825,8.071412222476539
29.742000,7.817502098115511,8.05676356145571
29.744000,7.5831235217822535,8.222781719691767
29.746000,8.03723201342794,8.359502555886168
29.748000,7.534294651712825,8.37903410391394
29.750000,7.5831235217822535,8.364385442893111
29.752000,7.69542992294194,8.296025024795911
29.754000,7.617303730830853,8.50110627908751
29.756000,7.983520256351568,8.422980086976425
29.758000,7.631952391851683,8.525520714122225
29.760000,8.02258335240711,8.115358205539025
29.762000,8.017700465400168,8.12512397955291
29.764000,7.797970550087739,8.237430380712595
29.766000,7.62706950484474,8.476691844052796
29.768000,7.822384985122453,8.046997787441825
29.770000,7.822384985122453,8.34485389486534
29.772000,7.685664148928054,8.066529335469596
29.774000,7.558709086747539,8.41321431296254
29.776000,7.671015487907225,8.134889753566796
29.778000,8.09094377050431,8.315556572823683
29.780000,7.963988708323797,8.183718623636224
29.782000,7.719844357976654,8.364385442893111
29.784000,7.871213855191882,8.139772640573739
29.786000,7.553826199740596,8.261844815747311
29.788000,7.9053940642404825,8.486457618066682
29.790000,7.504997329671168,8.081177996490425
29.792000,7.529411764705882,8.496223392080568
29.794000,8.071412222476539,8.095826657511253
29.796000,7.539177538719768,8.44739452201114
29.798000,7.939574273289082,8.525520714122225
29.800000,7.895628290226597,8.071412222476539
29.802000,7.5831235217822535,8.154421301594567
29.804000,7.749141680018311,8.081177996490425
29.806000,7.646601052872511,8.315556572823683
29.808000,7.988403143358511,8.296025024795911
29.810000,7.519645990691997,8.56946669718471
29.812000,8.03723201342794,8.017700465400168
29.814000,7.90051117723354,8.388799877927825
29.816000,8.100709544518196,8.066529335469596
29.818000,7.710078583962768,8.383916990920882
29.820000,7.939574273289082,8.237430380712595
29.822000,7.5831235217822535,8.579232471198596
29.824000,7.973754482337682,8.00305180437934
29.826000,7.9346913862821395,8.042114900434882
29.828000,7.973754482337682,8.300907911802854
29.830000,7.754024567025254,8.217898832684824
29.832000,8.032349126420996,8.53528648813611
29.834000,7.768673228046082,8.061646448462653
29.836000,7.578240634775311,8.007934691386282
29.838000,7.949340047302968,8.291142137788968
29.840000,7.7296101319905395,8.296025024795911
29.842000,7.714961470969711,8.086060883497368
29.844000,8.02258335240711,8.403448538948654
29.846000,7.939574273289082,8.564583810177767
29.848000,7.539177538719768,8.359502555886168
29.850000,7.983520256351568,8.105592431525139
29.852000,7.514763103685054,8.374151216906997
29.854000,7.749141680018311,8.105592431525139
29.856000,8.017700465400168,8.374151216906997
29.858000,7.954222934309911,8.242313267719538
29.860000,7.812619211108568,8.208133058670938
29.862000,7.778439002059968,8.559700923170825
29.864000,7.768673228046082,8.564583810177767
29.866000,7.544060425726711,8.335088120851454
29.868000,7.7296101319905395,8.134889753566796
29.870000,7.763790341039139,8.198367284657053
29.872000,8.05676356145571,8.41321431296254
29.874000,7.998168917372396,8.46692607003891
29.876000,8.076295109483482,8.442511635004196
29.878000,7.651483939879454,8.369268329900054
29.880000,7.915159838254368,8.19348439765011
29.882000,7.993286030365454,8.115358205539025
29.884000,7.710078583962768,8.173952849622339
29.886000,7.9053940642404825,8.305790798809797
29.888000,7.714961470969711,8.437628747997254
29.890000,7.617303730830853,8.02258335240711
29.892000,8.046997787441825,8.374151216906997
29.894000,7.548943312733654,8.095826657511253
29.896000,8.012817578393225,8.584115358205539
29.898000,7.588006408789196,8.27649347676814
29.900000,8.027466239414053,8.540169375143053
29.902000,7.607537956816968,8.442511635004196
29.904000,7.885862516212711,8.41321431296254
29.906000,7.998168917372396,8.554818036163882
29.908000,7.6124208438239105,8.242313267719538
29.910000,8.081177996490425,8.422980086976425
29.912000,8.115358205539025,8.042114900434882
29.914000,7.685664148928054,8.144655527580682
29.916000,7.69542992294194,8.510872053101396
29.918000,7.983520256351568,8.354619668879225
29.920000,7.866330968184939,8.305790798809797
29.922000,7.910276951247425,8.149538414587624
29.924000,7.714961470969711,8.19348439765011
29.926000,7.822384985122453,8.315556572823683
29.928000,8.046997787441825,8.510872053101396
29.930000,7.705195696955825,8.042114900434882
29.932000,7.558709086747539,8.491340505073625
29.934000,8.012817578393225,8.183718623636224
29.936000,8.120241092545967,8.164187075608453
29.938000,7.675898374914168,8.032349126420996
29.940000,7.710078583962768,8.296025024795911
29.942000,7.90051117723354,8.081177996490425
29.944000,7.807736324101625,8.462043183031968
29.946000,7.915159838254368,8.164187075608453
29.948000,7.685664148928054,8.261844815747311
29.950000,7.915159838254368,8.574349584191653
29.952000,7.66124971389334,8.19348439765011
29.954000,7.749141680018311,8.427862973983368
29.956000,7.544060425726711,8.061646448462653
29.958000,7.568474860761425,8.256961928740369
29.960000,7.915159838254368,8.354619668879225
29.962000,8.00305180437934,8.032349126420996
29.964000,7.69542992294194,8.261844815747311
29.966000,7.724727244983597,8.315556572823683
29.968000,8.017700465400168,8.222781719691767
29.970000,7.895628290226597,8.03723201342794
29.972000,8.130006866559853,8.296025024795911
29.974000,7.5831235217822535,8.462043183031968
29.976000,8.017700465400168,8.320439459830625
29.978000,8.05676356145571,8.393682764934768
29.980000,7.778439002059968,8.48157473105974
29.982000,7.666132600900283,8.032349126420996
29.984000,7.636835278858626,8.403448538948654
29.986000,7.563591973754482,8.320439459830625
29.988000,8.120241092545967,8.169069962615396
29.990000,7.573357747768368,8.095826657511253
29.992000,7.832150759136339,8.222781719691767
29.994000,7.724727244983597,8.281376363775083
29.996000,7.856565194171053,8.505989166094453
29.998000,7.924925612268254,8.471808957045853
30.000000,7.617303730830853,8.051880674448768
30.002000,8.05676356145571,8.149538414587624
30.004000,7.890745403219654,8.320439459830625
30.006000,7.62706950484474,8.203250171663996
30.008000,7.548943312733654,8.359502555886168
30.010000,7.807736324101625,8.095826657511253
30.012000,7.944457160296025,8.22766460669871
30.014000,7.817502098115511,8.144655527580682
30.016000,7.915159838254368,8.139772640573739
30.018000,8.110475318532082,8.115358205539025
30.020000,8.100709544518196,8.496223392080568
30.022000,8.051880674448768,8.554818036163882
30.024000,7.5831235217822535,8.315556572823683
30.026000,7.62706950484474,8.476691844052796
30.028000,7.949340047302968,8.48157473105974
30.030000,7.988403143358511,8.237430380712595
30.032000,7.714961470969711,8.383916990920882
30.034000,7.866330968184939,8.178835736629281
30.036000,7.680781261921111,8.247196154726481
30.038000,7.959105821316854,8.305790798809797
30.040000,7.768673228046082,8.232547493705653
30.042000,7.7882047760738535,8.574349584191653
30.044000,8.017700465400168,8.154421301594567
30.046000,7.768673228046082,8.462043183031968
30.048000,7.5831235217822535,8.496223392080568
30.050000,8.051880674448768,8.359502555886168
30.052000,7.807736324101625,8.208133058670938
30.054000,8.032349126420996,8.496223392080568
30.056000,7.719844357976654,8.315556572823683
30.058000,7.578240634775311,8.540169375143053
30.060000,7.734493018997482,8.43274586099031
30.062000,7.9346913862821395,8.34485389486534
30.064000,8.081177996490425,8.266727702754254
30.066000,7.949340047302968,8.198367284657053
30.068000,8.066529335469596,8.354619668879225
30.070000,7.910276951247425,8.505989166094453
30.072000,7.812619211108568,8.271610589761197
30.074000,7.724727244983597,8.383916990920882
30.076000,7.690547035934997,8.100709544518196
30.078000,8.130006866559853,8.486457618066682
30.080000,7.69542992294194,8.256961928740369
30.082000,7.578240634775311,8.03723201342794
30.084000,8.03723201342794,8.081177996490425
30.086000,7.754024567025254,8.540169375143053
30.088000,7.763790341039139,8.613412680247196
30.090000,7.773556115053025,8.051880674448768
30.092000,8.051880674448768,8.403448538948654
30.094000,7.7882047760738535,8.256961928740369
30.096000,8.051880674448768,8.03723201342794
30.098000,8.061646448462653,8.510872053101396
30.100000,7.671015487907225,8.095826657511253
30.102000,8.03723201342794,8.486457618066682
30.104000,7.588006408789196,8.315556572823683
30.106000,7.675898374914168,8.110475318532082
30.108000,7.744258793011368,8.31067368581674
30.110000,7.744258793011368,8.252079041733426
30.112000,7.671015487907225,8.105592431525139
30.114000,7.802853437094682,8.183718623636224
30.116000,7.656366826886397,8.076295109483482
30.118000,8.09094377050431,8.027466239414053
30.120000,8.00305180437934,8.491340505073625
30.122000,8.130006866559853,8.618295567254139
30.124000,7.807736324101625,8.222781719691767
30.126000,7.588006408789196,8.588998245212482
30.128000,7.739375906004425,8.120241092545967
30.130000,7.66124971389334,8.462043183031968
30.132000,7.993286030365454,8.540169375143053
30.134000,7.714961470969711,8.471808957045853
30.136000,7.773556115053025,8.281376363775083
30.138000,8.00305180437934,8.598764019226367
30.140000,7.607537956816968,8.217898832684824
30.142000,7.861448081177996,8.354619668879225
30.144000,7.705195696955825,8.213015945677881
30.146000,7.739375906004425,8.261844815747311
30.148000,7.7882047760738535,8.540169375143053
30.150000,8.12512397955291,8.061646448462653
30.152000,7.7003128099488825,8.520637827115282
30.154000,7.671015487907225,8.505989166094453
30.156000,7.573357747768368,8.130006866559853
30.158000,8.007934691386282,8.105592431525139
30.160000,8.017700465400168,8.43274586099031
30.162000,7.739375906004425,8.256961928740369
30.164000,7.998168917372396,8.130006866559853
30.166000,8.144655527580682,8.628061341268024
30.168000,8.00305180437934,8.198367284657053
30.170000,7.607537956816968,8.520637827115282
30.172000,7.797970550087739,8.237430380712595
30.174000,7.959105821316854,8.120241092545967
30.176000,8.154421301594567,8.252079041733426
30.178000,7.944457160296025,8.588998245212482
30.180000,7.636835278858626,8.43274586099031
30.182000,8.15930418860151,8.48157473105974
30.184000,8.081177996490425,8.164187075608453
30.186000,8.149538414587624,8.608529793240253
30.188000,7.793087663080796,8.134889753566796
30.190000,7.920042725261311,8.50110627908751
30.192000,8.134889753566796,8.398565651941711
30.194000,7.797970550087739,8.325322346837568
30.196000,7.724727244983597,8.120241092545967
30.198000,8.12512397955291,8.471808957045853
30.200000,8.095826657511253,8.178835736629281
30.202000,8.09094377050431,8.608529793240253
30.204000,8.086060883497368,8.598764019226367
30.206000,8.12512397955291,8.618295567254139
30.208000,7.749141680018311,8.579232471198596
30.210000,8.071412222476539,8.53528648813611
30.212000,8.076295109483482,8.291142137788968
30.214000,7.915159838254368,8.471808957045853
30.216000,8.144655527580682,8.188601510643167
30.218000,8.03723201342794,8.281376363775083
30.220000,8.178835736629281,8.061646448462653
30.222000,8.032349126420996,8.422980086976425
30.224000,8.100709544518196,8.120241092545967
30.226000,7.656366826886397,8.154421301594567
30.228000,7.671015487907225,8.34485389486534
30.230000,7.7003128099488825,8.05676356145571
30.232000,8.027466239414053,8.422980086976425
30.234000,7.783321889066911,8.623178454261081
30.236000,8.12512397955291,8.110475318532082
30.238000,7.8760967421988255,8.476691844052796
30.240000,7.793087663080796,8.457160296025025
30.242000,8.110475318532082,8.291142137788968
30.244000,8.03723201342794,8.452277409018082
30.246000,7.734493018997482,8.364385442893111
30.248000,7.651483939879454,8.247196154726481
30.250000,7.910276951247425,8.305790798809797
30.252000,7.705195696955825,8.120241092545967
30.254000,7.861448081177996,8.261844815747311
30.256000,8.095826657511253,8.408331425955597
30.258000,8.05676356145571,8.071412222476539
30.260000,7.6124208438239105,8.437628747997254
30.262000,8.115358205539025,8.584115358205539
30.264000,7.954222934309911,8.642710002288853
30.266000,7.7296101319905395,8.579232471198596
30.268000,8.017700465400168,8.374151216906997
30.270000,7.9346913862821395,8.642710002288853
30.272000,7.944457160296025,8.437628747997254
30.274000,7.7589074540321965,8.320439459830625
30.276000,8.12512397955291,8.44739452201114
30.278000,7.973754482337682,8.427862973983368
30.280000,7.734493018997482,8.086060883497368
30.282000,8.081177996490425,8.525520714122225
30.284000,7.62706950484474,8.31067368581674
30.286000,8.149538414587624,8.349736781872283
30.288000,7.8760967421988255,8.349736781872283
30.290000,7.666132600900283,8.642710002288853
30.292000,7.783321889066911,8.422980086976425
30.294000,7.636835278858626,8.198367284657053
30.296000,8.188601510643167,8.628061341268024
30.298000,8.095826657511253,8.134889753566796
30.300000,7.7589074540321965,8.403448538948654
30.302000,7.856565194171053,8.232547493705653
30.304000,8.042114900434882,8.554818036163882
30.306000,7.631952391851683,8.100709544518196
30.308000,7.62706950484474,8.198367284657053
30.310000,7.807736324101625,8.27649347676814
30.312000,7.9053940642404825,8.149538414587624
30.314000,7.973754482337682,8.408331425955597
30.316000,7.861448081177996,8.43274586099031
30.318000,7.856565194171053,8.364385442893111
30.320000,7.963988708323797,8.339971007858397
30.322000,7.856565194171053,8.27649347676814
30.324000,7.705195696955825,8.130006866559853
30.326000,8.154421301594567,8.584115358205539
30.328000,8.02258335240711,8.261844815747311
30.330000,8.15930418860151,8.388799877927825
30.332000,7.793087663080796,8.183718623636224
30.334000,7.802853437094682,8.09094377050431
30.336000,8.095826657511253,8.349736781872283
30.338000,8.071412222476539,8.56946669718471
30.340000,8.076295109483482,8.623178454261081
30.342000,7.646601052872511,8.071412222476539
30.344000,7.827267872129396,8.369268329900054
30.346000,7.929808499275197,8.27649347676814
30.348000,8.19348439765011,8.081177996490425
30.350000,7.754024567025254,8.525520714122225
30.352000,7.837033646143282,8.261844815747311
30.354000,7.924925612268254,8.642710002288853
30.356000,7.949340047302968,8.369268329900054
30.358000,7.968871595330739,8.37903410391394
30.360000,8.110475318532082,8.139772640573739
30.362000,8.134889753566796,8.281376363775083
30.364000,7.846799420157168,8.100709544518196
30.366000,7.959105821316854,8.408331425955597
30.368000,7.671015487907225,8.657358663309681
30.370000,7.939574273289082,8.510872053101396
30.372000,7.885862516212711,8.63782711528191
30.374000,7.890745403219654,8.515754940108339
30.376000,7.944457160296025,8.178835736629281
30.378000,8.007934691386282,8.105592431525139
30.380000,7.675898374914168,8.43274586099031
30.382000,8.03723201342794,8.393682764934768
30.384000,7.7589074540321965,8.095826657511253
30.386000,8.095826657511253,8.632944228274967
30.388000,7.763790341039139,8.545052262149996
30.390000,7.817502098115511,8.549935149156939
30.392000,8.071412222476539,8.325322346837568
30.394000,7.929808499275197,8.203250171663996
30.396000,8.100709544518196,8.339971007858397
30.398000,7.9346913862821395,8.120241092545967
30.400000,7.714961470969711,8.598764019226367
30.402000,8.203250171663996,8.149538414587624
30.404000,7.744258793011368,8.139772640573739
30.406000,7.783321889066911,8.457160296025025
30.408000,7.66124971389334,8.300907911802854
30.410000,7.993286030365454,8.09094377050431
30.412000,7.631952391851683,8.667124437323567
30.414000,7.719844357976654,8.086060883497368
30.416000,8.15930418860151,8.510872053101396
30.418000,7.69542992294194,8.593881132219424
30.420000,8.061646448462653,8.46692607003891
30.422000,7.832150759136339,8.222781719691767
30.424000,7.705195696955825,8.393682764934768
30.426000,7.793087663080796,8.183718623636224
30.428000,8.02258335240711,8.281376363775083
30.430000,7.949340047302968,8.510872053101396
30.432000,8.130006866559853,8.588998245212482
30.434000,7.763790341039139,8.545052262149996
30.436000,8.19348439765011,8.63782711528191
30.438000,7.773556115053025,8.491340505073625
30.440000,7.763790341039139,8.349736781872283
30.442000,7.988403143358511,8.09094377050431
30.444000,8.05676356145571,8.364385442893111
30.446000,7.641718165865568,8.242313267719538
30.448000,7.827267872129396,8.471808957045853
30.450000,8.178835736629281,8.510872053101396
30.452000,7.832150759136339,8.325322346837568
30.454000,8.178835736629281,8.256961928740369
30.456000,8.169069962615396,8.613412680247196
30.458000,7.680781261921111,8.491340505073625
30.460000,8.130006866559853,8.286259250782026
30.462000,7.651483939879454,8.403448538948654
30.464000,7.802853437094682,8.549935149156939
30.466000,7.631952391851683,8.608529793240253
30.468000,7.861448081177996,8.418097199969482
30.470000,7.739375906004425,8.540169375143053
30.472000,7.988403143358511,8.63782711528191
30.474000,7.802853437094682,8.203250171663996
30.476000,8.213015945677881,8.086060883497368
30.478000,8.046997787441825,8.271610589761197
30.480000,8.130006866559853,8.242313267719538
30.482000,7.719844357976654,8.623178454261081
30.484000,7.7296101319905395,8.105592431525139
30.486000,7.841916533150225,8.256961928740369
30.488000,7.797970550087739,8.134889753566796
30.490000,7.871213855191882,8.452277409018082
30.492000,7.62706950484474,8.525520714122225
30.494000,7.890745403219654,8.359502555886168
30.496000,8.183718623636224,8.476691844052796
30.498000,7.9346913862821395,8.100709544518196
30.500000,7.631952391851683,8.564583810177767
30.502000,8.164187075608453,8.496223392080568
30.504000,7.656366826886397,8.369268329900054
30.506000,8.173952849622339,8.169069962615396
30.508000,7.832150759136339,8.188601510643167
30.510000,8.007934691386282,8.100709544518196
30.512000,8.198367284657053,8.169069962615396
30.514000,7.812619211108568,8.203250171663996
30.516000,7.671015487907225,8.203250171663996
30.518000,8.217898832684824,8.37903410391394
30.520000,8.09094377050431,8.613412680247196
30.522000,7.754024567025254,8.22766460669871
30.524000,7.978637369344625,8.349736781872283
30.526000,7.7589074540321965,8.296025024795911
30.528000,7.880979629205768,8.48157473105974
30.530000,7.929808499275197,8.213015945677881
30.532000,7.656366826886397,8.164187075608453
30.534000,7.7589074540321965,8.169069962615396
30.536000,8.051880674448768,8.642710002288853
30.538000,7.763790341039139,8.564583810177767
30.540000,7.705195696955825,8.232547493705653
30.542000,7.817502098115511,8.217898832684824
30.544000,7.9346913862821395,8.105592431525139
30.546000,7.866330968184939,8.56946669718471
30.548000,8.051880674448768,8.188601510643167
30.550000,7.7296101319905395,8.115358205539025
30.552000,7.714961470969711,8.19348439765011
30.554000,7.651483939879454,8.217898832684824
30.556000,8.105592431525139,8.110475318532082
30.558000,8.144655527580682,8.667124437323567
30.560000,8.086060883497368,8.144655527580682
30.562000,7.7882047760738535,8.588998245212482
30.564000,7.968871595330739,8.486457618066682
30.566000,7.656366826886397,8.530403601129168
30.568000,8.22766460669871,8.252079041733426
30.570000,7.939574273289082,8.422980086976425
30.572000,7.9053940642404825,8.15930418860151
30.574000,7.773556115053025,8.452277409018082
30.576000,8.007934691386282,8.584115358205539
30.578000,8.208133058670938,8.291142137788968
30.580000,7.929808499275197,8.628061341268024
30.582000,7.807736324101625,8.696421759365224
30.584000,7.9053940642404825,8.115358205539025
30.586000,8.19348439765011,8.476691844052796
30.588000,8.02258335240711,8.549935149156939
30.590000,8.169069962615396,8.667124437323567
30.592000,7.749141680018311,8.364385442893111
30.594000,7.988403143358511,8.510872053101396
30.596000,7.856565194171053,8.203250171663996
30.598000,7.793087663080796,8.691538872358281
30.600000,7.998168917372396,8.476691844052796
30.602000,7.998168917372396,8.217898832684824
30.604000,7.768673228046082,8.315556572823683
30.606000,8.213015945677881,8.56946669718471
30.608000,8.05676356145571,8.44739452201114
30.610000,7.685664148928054,8.564583810177767
30.612000,8.032349126420996,8.696421759365224
30.614000,8.115358205539025,8.31067368581674
30.616000,7.671015487907225,8.505989166094453
30.618000,7.9346913862821395,8.696421759365224
30.620000,8.198367284657053,8.41321431296254
30.622000,8.169069962615396,8.642710002288853
30.624000,7.797970550087739,8.31067368581674
30.626000,8.144655527580682,8.115358205539025
30.628000,7.685664148928054,8.169069962615396
30.630000,8.149538414587624,8.305790798809797
30.632000,7.963988708323797,8.300907911802854
30.634000,8.154421301594567,8.657358663309681
30.636000,7.7003128099488825,8.232547493705653
30.638000,7.675898374914168,8.286259250782026
30.640000,7.890745403219654,8.41321431296254
30.642000,7.866330968184939,8.44739452201114
30.644000,7.7589074540321965,8.540169375143053
30.646000,7.719844357976654,8.681773098344395
30.648000,7.983520256351568,8.393682764934768
30.650000,8.149538414587624,8.213015945677881
30.652000,7.763790341039139,8.628061341268024
30.654000,7.90051117723354,8.281376363775083
30.656000,8.120241092545967,8.46692607003891
30.658000,8.183718623636224,8.364385442893111
30.660000,7.690547035934997,8.44739452201114
30.662000,8.095826657511253,8.164187075608453
30.664000,7.675898374914168,8.598764019226367
30.666000,7.7296101319905395,8.305790798809797
30.668000,7.968871595330739,8.437628747997254
30.670000,7.7296101319905395,8.462043183031968
30.672000,8.081177996490425,8.115358205539025
30.674000,8.232547493705653,8.437628747997254
30.676000,8.173952849622339,8.12512397955291
30.678000,8.12512397955291,8.476691844052796
30.680000,8.188601510643167,8.70618753337911
30.682000,8.017700465400168,8.403448538948654
30.684000,8.139772640573739,8.120241092545967
30.686000,7.734493018997482,8.408331425955597
30.688000,8.173952849622339,8.203250171663996
30.690000,7.744258793011368,8.686655985351338
30.692000,7.963988708323797,8.281376363775083
30.694000,8.242313267719538,8.41321431296254
30.696000,8.066529335469596,8.53528648813611
30.698000,8.183718623636224,8.364385442893111
30.700000,8.12512397955291,8.657358663309681
30.702000,8.154421301594567,8.696421759365224
30.704000,8.173952849622339,8.462043183031968
30.706000,7.993286030365454,8.667124437323567
30.708000,7.812619211108568,8.383916990920882
30.710000,7.832150759136339,8.711070420386053
30.712000,7.802853437094682,8.647592889295796
30.714000,8.252079041733426,8.50110627908751
30.716000,8.188601510643167,8.608529793240253
30.718000,8.061646448462653,8.598764019226367
30.720000,8.198367284657053,8.173952849622339
30.722000,7.998168917372396,8.134889753566796
30.724000,7.880979629205768,8.515754940108339
30.726000,8.007934691386282,8.53528648813611
30.728000,7.832150759136339,8.574349584191653
30.730000,7.675898374914168,8.476691844052796
30.732000,8.173952849622339,8.403448538948654
30.734000,8.149538414587624,8.53528648813611
30.736000,7.885862516212711,8.657358663309681
30.738000,7.871213855191882,8.320439459830625
30.740000,8.081177996490425,8.266727702754254
30.742000,7.783321889066911,8.540169375143053
30.744000,7.69542992294194,8.130006866559853
30.746000,8.086060883497368,8.564583810177767
30.748000,7.871213855191882,8.60364690623331
30.750000,8.095826657511253,8.369268329900054
30.752000,7.983520256351568,8.540169375143053
30.754000,8.017700465400168,8.41321431296254
30.756000,7.8760967421988255,8.588998245212482
30.758000,8.03723201342794,8.559700923170825
30.760000,8.232547493705653,8.662241550316624
30.762000,7.69542992294194,8.53528648813611
30.764000,7.998168917372396,8.188601510643167
30.766000,8.139772640573739,8.667124437323567
30.768000,7.7003128099488825,8.613412680247196
30.770000,7.7003128099488825,8.623178454261081
30.772000,7.846799420157168,8.296025024795911
30.774000,7.719844357976654,8.266727702754254
30.776000,7.724727244983597,8.349736781872283
30.778000,8.256961928740369,8.315556572823683
30.780000,8.188601510643167,8.217898832684824
30.782000,8.261844815747311,8.37903410391394
30.784000,8.100709544518196,8.349736781872283
30.786000,7.807736324101625,8.471808957045853
30.788000,8.261844815747311,8.325322346837568
30.790000,7.7882047760738535,8.457160296025025
30.792000,7.705195696955825,8.256961928740369
30.794000,8.247196154726481,8.67200732433051
30.796000,7.949340047302968,8.315556572823683
30.798000,7.959105821316854,8.525520714122225
30.800000,8.261844815747311,8.325322346837568
30.802000,8.242313267719538,8.647592889295796
30.804000,8.256961928740369,8.208133058670938
30.806000,8.012817578393225,8.725719081406881
30.808000,7.910276951247425,8.213015945677881
30.810000,8.032349126420996,8.300907911802854
30.812000,8.232547493705653,8.549935149156939
30.814000,7.812619211108568,8.642710002288853
30.816000,8.076295109483482,8.545052262149996
30.818000,7.690547035934997,8.701304646372167
30.820000,8.007934691386282,8.554818036163882
30.822000,7.939574273289082,8.144655527580682
30.824000,7.856565194171053,8.691538872358281
30.826000,7.856565194171053,8.667124437323567
30.828000,8.237430380712595,8.286259250782026
30.830000,8.071412222476539,8.686655985351338
30.832000,7.998168917372396,8.48157473105974
30.834000,8.183718623636224,8.305790798809797
30.836000,7.910276951247425,8.720836194399938
30.838000,7.85168230716411,8.315556572823683
30.840000,7.832150759136339,8.496223392080568
30.842000,8.203250171663996,8.720836194399938
30.844000,8.154421301594567,8.686655985351338
30.846000,7.817502098115511,8.496223392080568
30.848000,8.22766460669871,8.364385442893111
30.850000,7.7003128099488825,8.53528648813611
30.852000,7.7589074540321965,8.691538872358281
30.854000,7.983520256351568,8.676890211337453
30.856000,8.051880674448768,8.408331425955597
30.858000,7.768673228046082,8.540169375143053
30.860000,7.7589074540321965,8.584115358205539
30.862000,7.749141680018311,8.471808957045853
30.864000,7.890745403219654,8.662241550316624
30.866000,7.714961470969711,8.349736781872283
30.868000,7.7003128099488825,8.549935149156939
30.870000,8.242313267719538,8.364385442893111
30.872000,7.85168230716411,8.291142137788968
30.874000,8.05676356145571,8.222781719691767
30.876000,7.973754482337682,8.730601968413824
30.878000,8.154421301594567,8.437628747997254
30.880000,7.817502098115511,8.34485389486534
30.882000,8.19348439765011,8.256961928740369
30.884000,8.027466239414053,8.549935149156939
30.886000,8.03723201342794,8.667124437323567
30.888000,7.837033646143282,8.335088120851454
30.890000,7.739375906004425,8.559700923170825
30.892000,8.256961928740369,8.296025024795911
30.894000,8.086060883497368,8.34485389486534
30.896000,7.9053940642404825,8.554818036163882
30.898000,7.954222934309911,8.588998245212482
30.900000,7.7589074540321965,8.60364690623331
30.902000,7.807736324101625,8.339971007858397
30.904000,7.885862516212711,8.56946669718471
30.906000,7.827267872129396,8.696421759365224
30.908000,8.173952849622339,8.549935149156939
30.910000,8.134889753566796,8.305790798809797
30.912000,8.095826657511253,8.50110627908751
30.914000,8.051880674448768,8.388799877927825
30.916000,7.998168917372396,8.335088120851454
30.918000,8.237430380712595,8.452277409018082
30.920000,8.115358205539025,8.296025024795911
30.922000,7.856565194171053,8.628061341268024
30.924000,7.763790341039139,8.70618753337911
30.926000,7.802853437094682,8.711070420386053
30.928000,8.15930418860151,8.520637827115282
30.930000,7.939574273289082,8.462043183031968
30.932000,8.115358205539025,8.37903410391394
30.934000,8.19348439765011,8.271610589761197
30.936000,8.042114900434882,8.598764019226367
30.938000,8.051880674448768,8.662241550316624
30.940000,7.920042725261311,8.427862973983368
30.942000,8.281376363775083,8.476691844052796
30.944000,8.061646448462653,8.359502555886168
30.946000,8.261844815747311,8.491340505073625
30.948000,7.920042725261311,8.642710002288853
30.950000,8.134889753566796,8.330205233844511
30.952000,8.169069962615396,8.203250171663996
30.954000,7.915159838254368,8.300907911802854
30.956000,7.768673228046082,8.48157473105974
30.958000,8.027466239414053,8.730601968413824
30.960000,7.749141680018311,8.43274586099031
30.962000,8.222781719691767,8.261844815747311
30.964000,8.042114900434882,8.37903410391394
30.966000,8.061646448462653,8.715953307392995
30.968000,7.968871595330739,8.349736781872283
30.970000,7.783321889066911,8.701304646372167
30.972000,8.03723201342794,8.427862973983368
30.974000,7.9346913862821395,8.676890211337453
30.976000,8.105592431525139,8.725719081406881
30.978000,7.744258793011368,8.37903410391394
30.980000,7.910276951247425,8.667124437323567
30.982000,7.9053940642404825,8.530403601129168
30.984000,8.042114900434882,8.67200732433051
30.986000,8.032349126420996,8.574349584191653
30.988000,7.837033646143282,8.491340505073625
30.990000,8.110475318532082,8.686655985351338
30.992000,7.744258793011368,8.247196154726481
30.994000,7.8760967421988255,8.515754940108339
30.996000,7.9053940642404825,8.286259250782026
30.998000,7.895628290226597,8.37903410391394
31.000000,8.100709544518196,8.476691844052796
31.002000,8.208133058670938,8.43274586099031
31.004000,8.02258335240711,8.422980086976425
31.006000,8.252079041733426,8.56946669718471
31.008000,8.173952849622339,8.711070420386053
31.010000,8.130006866559853,8.70618753337911
31.012000,7.954222934309911,8.593881132219424
31.014000,7.734493018997482,8.63782711528191
31.016000,7.949340047302968,8.60364690623331
31.018000,8.042114900434882,8.286259250782026
31.020000,7.993286030365454,8.19348439765011
31.022000,8.02258335240711,8.232547493705653
31.024000,8.173952849622339,8.618295567254139
31.026000,8.086060883497368,8.203250171663996
31.028000,7.915159838254368,8.19348439765011
31.030000,8.188601510643167,8.315556572823683
31.032000,7.841916533150225,8.525520714122225
31.034000,7.812619211108568,8.31067368581674
31.036000,7.837033646143282,8.657358663309681
31.038000,8.02258335240711,8.369268329900054
31.040000,7.773556115053025,8.715953307392995
31.042000,7.763790341039139,8.56946669718471
31.044000,7.920042725261311,8.408331425955597
31.046000,7.837033646143282,8.764782177462425
31.048000,8.27649347676814,8.203250171663996
31.050000,8.105592431525139,8.325322346837568
31.052000,8.139772640573739,8.642710002288853
31.054000,7.7589074540321965,8.74036774242771
31.056000,8.03723201342794,8.486457618066682
31.058000,7.973754482337682,8.34485389486534
31.060000,8.169069962615396,8.56946669718471
31.062000,8.266727702754254,8.315556572823683
31.064000,7.954222934309911,8.750133516441597
31.066000,7.817502098115511,8.452277409018082
31.068000,7.920042725261311,8.593881132219424
31.070000,7.837033646143282,8.22766460669871
31.072000,7.802853437094682,8.628061341268024
31.074000,8.315556572823683,8.515754940108339
31.076000,8.120241092545967,8.476691844052796
31.078000,7.837033646143282,8.383916990920882
31.080000,7.773556115053025,8.349736781872283
31.082000,8.095826657511253,8.613412680247196
31.084000,8.042114900434882,8.281376363775083
31.086000,7.920042725261311,8.53528648813611
31.088000,8.305790798809797,8.701304646372167
31.090000,8.154421301594567,8.398565651941711
31.092000,8.027466239414053,8.486457618066682
31.094000,8.061646448462653,8.720836194399938
31.096000,8.178835736629281,8.286259250782026
31.098000,7.954222934309911,8.598764019226367
31.100000,7.963988708323797,8.667124437323567
31.102000,8.31067368581674,8.247196154726481
31.104000,8.110475318532082,8.437628747997254
31.106000,8.183718623636224,8.720836194399938
31.108000,8.154421301594567,8.374151216906997
31.110000,7.978637369344625,8.701304646372167
31.112000,7.763790341039139,8.242313267719538
31.114000,8.208133058670938,8.725719081406881
31.116000,7.9346913862821395,8.359502555886168
31.118000,7.929808499275197,8.300907911802854
31.120000,8.315556572823683,8.393682764934768
31.122000,7.7882047760738535,8.676890211337453
31.124000,7.920042725261311,8.608529793240253
31.126000,8.134889753566796,8.608529793240253
31.128000,7.822384985122453,8.764782177462425
31.130000,8.27649347676814,8.745250629434652
31.132000,8.144655527580682,8.515754940108339
31.134000,8.286259250782026,8.46692607003891
31.136000,8.115358205539025,8.22766460669871
31.138000,7.861448081177996,8.418097199969482
31.140000,8.086060883497368,8.652475776302738
31.142000,7.9346913862821395,8.476691844052796
31.144000,7.939574273289082,8.354619668879225
31.146000,7.749141680018311,8.48157473105974
31.148000,7.929808499275197,8.70618753337911
31.150000,7.846799420157168,8.63782711528191
31.152000,8.178835736629281,8.584115358205539
31.154000,8.139772640573739,8.530403601129168
31.156000,8.139772640573739,8.203250171663996
31.158000,7.856565194171053,8.203250171663996
31.160000,8.15930418860151,8.315556572823683
31.162000,7.954222934309911,8.525520714122225
31.164000,7.9053940642404825,8.779430838483254
31.166000,7.812619211108568,8.27649347676814
31.168000,8.017700465400168,8.769665064469368
31.170000,8.183718623636224,8.286259250782026
31.172000,7.846799420157168,8.476691844052796
31.174000,7.983520256351568,8.198367284657053
31.176000,8.154421301594567,8.657358663309681
31.178000,8.144655527580682,8.525520714122225
31.180000,7.993286030365454,8.354619668879225
31.182000,8.320439459830625,8.31067368581674
31.184000,8.169069962615396,8.608529793240253
31.186000,7.783321889066911,8.750133516441597
31.188000,8.252079041733426,8.70618753337911
31.190000,7.822384985122453,8.27649347676814
31.192000,8.22766460669871,8.75501640344854
31.194000,8.27649347676814,8.427862973983368
31.196000,8.349736781872283,8.676890211337453
31.198000,8.169069962615396,8.203250171663996
31.200000,8.169069962615396,8.53528648813611
31.202000,7.895628290226597,8.632944228274967
31.204000,7.832150759136339,8.593881132219424
31.206000,7.832150759136339,8.315556572823683
31.208000,7.841916533150225,8.623178454261081
31.210000,8.15930418860151,8.574349584191653
31.212000,7.968871595330739,8.520637827115282
31.214000,8.242313267719538,8.418097199969482
31.216000,8.130006866559853,8.471808957045853
31.218000,8.03723201342794,8.574349584191653
31.220000,8.291142137788968,8.37903410391394
31.222000,8.042114900434882,8.339971007858397
31.224000,7.841916533150225,8.398565651941711
31.226000,7.85168230716411,8.56946669718471
31.228000,8.051880674448768,8.43274586099031
31.230000,8.242313267719538,8.715953307392995
31.232000,7.9053940642404825,8.486457618066682
31.234000,7.856565194171053,8.222781719691767
31.236000,8.320439459830625,8.339971007858397
31.238000,7.802853437094682,8.60364690623331
31.240000,7.797970550087739,8.408331425955597
31.242000,8.046997787441825,8.56946669718471
31.244000,8.173952849622339,8.422980086976425
31.246000,8.31067368581674,8.208133058670938
31.248000,8.076295109483482,8.281376363775083
31.250000,8.110475318532082,8.691538872358281
31.252000,8.169069962615396,8.252079041733426
31.254000,7.954222934309911,8.44739452201114
31.256000,8.188601510643167,8.652475776302738
31.258000,8.012817578393225,8.725719081406881
31.260000,7.866330968184939,8.652475776302738
31.262000,8.149538414587624,8.442511635004196
31.264000,7.920042725261311,8.471808957045853
31.266000,8.046997787441825,8.457160296025025
31.268000,8.242313267719538,8.662241550316624
31.270000,8.22766460669871,8.798962386511025
31.272000,7.783321889066911,8.266727702754254
31.274000,7.797970550087739,8.696421759365224
31.276000,8.183718623636224,8.27649347676814
31.278000,8.042114900434882,8.67200732433051
31.280000,8.19348439765011,8.247196154726481
31.282000,8.154421301594567,8.222781719691767
31.284000,8.247196154726481,8.564583810177767
31.286000,8.203250171663996,8.608529793240253
31.288000,8.208133058670938,8.618295567254139
31.290000,7.998168917372396,8.300907911802854
31.292000,7.895628290226597,8.549935149156939
31.294000,8.012817578393225,8.335088120851454
31.296000,7.885862516212711,8.452277409018082
31.298000,8.169069962615396,8.588998245212482
31.300000,8.203250171663996,8.48157473105974
31.302000,8.27649347676814,8.564583810177767
31.304000,8.330205233844511,8.554818036163882
31.306000,8.320439459830625,8.794079499504083
31.308000,8.046997787441825,8.676890211337453
31.310000,8.183718623636224,8.335088120851454
31.312000,8.22766460669871,8.667124437323567
31.314000,8.027466239414053,8.335088120851454
31.316000,8.173952849622339,8.735484855420767
31.318000,8.256961928740369,8.75501640344854
31.320000,8.22766460669871,8.691538872358281
31.322000,7.973754482337682,8.750133516441597
31.324000,8.134889753566796,8.320439459830625
31.326000,7.983520256351568,8.70618753337911
31.328000,8.232547493705653,8.46692607003891
31.330000,8.242313267719538,8.701304646372167
31.332000,8.081177996490425,8.325322346837568
31.334000,8.325322346837568,8.725719081406881
31.336000,8.349736781872283,8.50110627908751
31.338000,7.837033646143282,8.339971007858397
31.340000,8.281376363775083,8.22766460669871
31.342000,8.291142137788968,8.681773098344395
31.344000,8.100709544518196,8.720836194399938
31.346000,7.90051117723354,8.647592889295796
31.348000,8.05676356145571,8.593881132219424
31.350000,8.208133058670938,8.784313725490197
31.352000,8.12512397955291,8.764782177462425
31.354000,7.827267872129396,8.779430838483254
31.356000,7.827267872129396,8.559700923170825
31.358000,8.232547493705653,8.598764019226367
31.360000,8.369268329900054,8.652475776302738
31.362000,8.007934691386282,8.540169375143053
31.364000,8.222781719691767,8.510872053101396
31.366000,8.164187075608453,8.242313267719538
31.368000,8.110475318532082,8.652475776302738
31.370000,7.890745403219654,8.252079041733426
31.372000,8.076295109483482,8.320439459830625
31.374000,7.939574273289082,8.730601968413824
31.376000,7.90051117723354,8.305790798809797
31.378000,8.281376363775083,8.418097199969482
31.380000,7.871213855191882,8.349736781872283
31.382000,8.154421301594567,8.520637827115282
31.384000,7.963988708323797,8.813611047531854
31.386000,8.359502555886168,8.530403601129168
31.388000,7.895628290226597,8.457160296025025
31.390000,8.339971007858397,8.803845273517968
31.392000,7.861448081177996,8.63782711528191
31.394000,8.12512397955291,8.676890211337453
31.396000,8.237430380712595,8.554818036163882
31.398000,8.217898832684824,8.408331425955597
31.400000,8.046997787441825,8.43274586099031
31.402000,7.944457160296025,8.496223392080568
31.404000,8.281376363775083,8.335088120851454
31.406000,7.920042725261311,8.642710002288853
31.408000,7.885862516212711,8.588998245212482
31.410000,8.183718623636224,8.339971007858397
31.412000,8.071412222476539,8.613412680247196
31.414000,8.232547493705653,8.339971007858397
31.416000,7.963988708323797,8.320439459830625
31.418000,8.291142137788968,8.388799877927825
31.420000,7.9346913862821395,8.794079499504083
31.422000,7.910276951247425,8.261844815747311
31.424000,8.256961928740369,8.750133516441597
31.426000,8.359502555886168,8.735484855420767
31.428000,8.208133058670938,8.349736781872283
31.430000,8.31067368581674,8.676890211337453
31.432000,8.173952849622339,8.56946669718471
31.434000,8.374151216906997,8.681773098344395
31.436000,7.827267872129396,8.652475776302738
31.438000,7.85168230716411,8.530403601129168
31.440000,7.885862516212711,8.44739452201114
31.442000,8.139772640573739,8.764782177462425
31.444000,8.364385442893111,8.584115358205539
31.446000,7.973754482337682,8.56946669718471
31.448000,7.924925612268254,8.647592889295796
31.450000,7.861448081177996,8.37903410391394
31.452000,7.993286030365454,8.349736781872283
31.454000,8.374151216906997,8.252079041733426
31.456000,8.266727702754254,8.808728160524911
31.458000,8.213015945677881,8.584115358205539
31.460000,8.086060883497368,8.808728160524911
31.462000,8.305790798809797,8.437628747997254
31.464000,8.066529335469596,8.67200732433051
31.466000,8.086060883497368,8.667124437323567
31.468000,7.90051117723354,8.247196154726481
31.470000,7.968871595330739,8.442511635004196
31.472000,7.885862516212711,8.642710002288853
31.474000,7.807736324101625,8.48157473105974
31.476000,8.339971007858397,8.462043183031968
31.478000,8.149538414587624,8.261844815747311
31.480000,7.802853437094682,8.266727702754254
31.482000,8.22766460669871,8.784313725490197
31.484000,8.007934691386282,8.686655985351338
31.486000,8.169069962615396,8.794079499504083
31.488000,7.968871595330739,8.720836194399938
31.490000,8.095826657511253,8.335088120851454
31.492000,8.286259250782026,8.818493934538797
31.494000,8.071412222476539,8.82337682154574
31.496000,8.071412222476539,8.457160296025025
31.498000,8.09094377050431,8.53528648813611
31.500000,8.359502555886168,8.281376363775083
31.502000,7.915159838254368,8.369268329900054
31.504000,8.05676356145571,8.242313267719538
31.506000,8.354619668879225,8.315556572823683
31.508000,8.051880674448768,8.237430380712595
31.510000,8.335088120851454,8.82337682154574
31.512000,8.325322346837568,8.735484855420767
31.514000,7.871213855191882,8.320439459830625
31.516000,8.364385442893111,8.769665064469368
31.518000,8.154421301594567,8.662241550316624
31.520000,8.208133058670938,8.50110627908751
31.522000,8.144655527580682,8.339971007858397
31.524000,7.90051117723354,8.261844815747311
31.526000,8.09094377050431,8.520637827115282
31.528000,8.105592431525139,8.330205233844511
31.530000,7.929808499275197,8.63782711528191
31.532000,8.34485389486534,8.515754940108339
31.534000,7.968871595330739,8.261844815747311
31.536000,8.134889753566796,8.78919661249714
31.538000,8.27649347676814,8.750133516441597
31.540000,8.02258335240711,8.286259250782026
31.542000,8.134889753566796,8.613412680247196
31.544000,8.00305180437934,8.701304646372167
31.546000,7.983520256351568,8.349736781872283
31.548000,8.134889753566796,8.559700923170825
31.550000,8.007934691386282,8.359502555886168
31.552000,8.203250171663996,8.242313267719538
31.554000,8.203250171663996,8.593881132219424
31.556000,8.286259250782026,8.623178454261081
31.558000,8.286259250782026,8.540169375143053
31.560000,8.252079041733426,8.78919661249714
31.562000,8.061646448462653,8.354619668879225
31.564000,8.051880674448768,8.505989166094453
31.566000,7.817502098115511,8.593881132219424
31.568000,8.012817578393225,8.335088120851454
31.570000,8.178835736629281,8.696421759365224
31.572000,8.042114900434882,8.78919661249714
31.574000,8.364385442893111,8.320439459830625
31.576000,7.895628290226597,8.70618753337911
31.578000,8.281376363775083,8.676890211337453
31.580000,8.051880674448768,8.403448538948654
31.582000,8.03723201342794,8.349736781872283
31.584000,7.944457160296025,8.74036774242771
31.586000,7.846799420157168,8.74036774242771
31.588000,8.266727702754254,8.779430838483254
31.590000,7.978637369344625,8.652475776302738
31.592000,8.164187075608453,8.618295567254139
31.594000,8.051880674448768,8.515754940108339
31.596000,8.139772640573739,8.798962386511025
31.598000,8.364385442893111,8.598764019226367
