# Nama Perenang,robin
# Gaya,Bebas
# Jarak,50m
# Tanggal,2026-05-09 21:34:49
timestamp_s,ai0_V,ai1_V
0.000000,-0.302738994430457,0.8789196612497139
0.002000,-0.1855497062638285,1.0302891584649423
0.004000,0.04882887006942855,0.8300907911802854
0.006000,-0.09277485313191425,1.0840009155413137
0.008000,0.1953154802777142,0.9912260624093996
0.010000,-0.1953154802777142,1.0595864805065995
0.012000,0.12695506218051422,0.8545052262149996
0.014000,-0.11718928816662852,0.5566491187914855
0.016000,-0.24414435034714274,0.7666132600900283
0.018000,-0.20996414129854277,0.6494239719233997
0.020000,0.29785610742351415,0.8154421301594568
0.022000,-0.22461280231937134,0.5517662317845426
0.024000,-0.2880903334096284,0.776379034103914
0.026000,0.024414435034714275,0.8935683222705425
0.028000,0.06836041809719998,0.9130998702983139
0.030000,-0.1953154802777142,0.9472800793469138
0.032000,-0.024414435034714275,0.7617303730830853
0.034000,-0.25879301136797134,0.9179827573052567
0.036000,0.18066681925688563,1.0351720454718853
0.038000,0.01953154802777142,0.7373159380483711
0.040000,0.23437857633325704,0.9912260624093996
0.042000,0.2832074464026856,1.1084153505760281
0.044000,0.03418020904859999,0.639658197909514
0.046000,-0.00976577401388571,0.6982528419928282
0.048000,0.22949568932631417,0.6836041809719997
0.050000,0.18066681925688563,1.0644693675135424
0.052000,0.3125047684443427,1.1572442206454567
0.054000,0.08300907911802853,0.7959105821316853
0.056000,-0.12695506218051422,0.7373159380483711
0.058000,0.21972991531242847,0.5761806668192568
0.060000,-0.05859464408331426,0.6152437628747998
0.062000,0.12207217517357137,0.5957122148470283
0.064000,-0.27832455939574274,1.113298237582971
0.066000,-0.11718928816662852,0.7275501640344854
0.068000,0.07324330510414283,0.976577401388571
0.070000,0.21972991531242847,1.0009918364232853
0.072000,0.00976577401388571,0.6884870679789425
0.074000,0.16601815823605706,0.8447394522011139
0.076000,-0.004882887006942855,1.1328297856107423
0.078000,0.16601815823605706,0.6298924238956283
0.080000,0.08300907911802853,0.7959105821316853
0.082000,0.16113527122911422,0.9326314183260853
0.084000,0.06836041809719998,0.7861448081177996
0.086000,-0.1855497062638285,0.7031357289997711
0.088000,-0.01953154802777142,1.0498207064927139
0.090000,0.03418020904859999,1.1621271076523996
0.092000,0.17578393224994276,0.776379034103914
0.094000,-0.17090104524299993,0.9668116273746853
0.096000,0.01953154802777142,0.6103608758678569
0.098000,0.14648661020828566,0.874036774242771
0.100000,-0.1855497062638285,1.142595559624628
0.102000,-0.1855497062638285,1.1181811245899138
0.104000,0.14648661020828566,0.7568474860761425
0.106000,-0.014648661020828565,0.6152437628747998
0.108000,0.3125047684443427,0.9863431754024568
0.110000,-0.17578393224994276,1.1035324635690853
0.112000,0.22461280231937134,0.9277485313191425
0.114000,-0.1513694972152285,0.6836041809719997
0.116000,0.22461280231937134,0.8642710002288854
0.118000,-0.17090104524299993,0.8789196612497139
0.120000,0.17090104524299993,0.8203250171663996
0.122000,-0.0976577401388571,0.9228656443121996
0.124000,0.14648661020828566,1.0351720454718853
0.126000,0.17090104524299993,0.8642710002288854
0.128000,-0.19043259327077133,0.8007934691386283
0.130000,0.2392614633401999,0.605477988860914
0.132000,0.04882887006942855,0.9814602883955138
0.134000,-0.004882887006942855,0.6445410849164569
0.136000,0.3076218814373999,1.1377126726176852
0.138000,0.06836041809719998,0.7910276951247425
0.140000,0.024414435034714275,0.8105592431525139
0.142000,0.2490272373540856,0.776379034103914
0.144000,0.014648661020828565,0.7470817120622568
0.146000,0.3320363164721141,0.7666132600900283
0.148000,0.1855497062638285,0.9277485313191425
0.150000,-0.13672083619439995,1.044937819485771
0.152000,0.2490272373540856,0.8252079041733424
0.154000,0.04394598306248569,1.1230640115968566
0.156000,-0.2392614633401999,1.1865415426871138
0.158000,0.08789196612497138,0.6201266498817426
0.160000,0.06347753109025711,0.708018616006714
0.162000,0.25391012436102844,0.9668116273746853
0.164000,0.1416037232013428,0.7129015030136568
0.166000,0.25391012436102844,0.6689555199511711
0.168000,-0.1855497062638285,1.0400549324788282
0.170000,-0.06347753109025711,1.1572442206454567
0.172000,-0.07812619211108568,0.7959105821316853
0.174000,-0.16601815823605706,1.0351720454718853
0.176000,0.25391012436102844,1.0205233844510566
0.178000,0.11230640115968567,1.044937819485771
0.180000,-0.0976577401388571,0.6836041809719997
0.182000,-0.24414435034714274,0.6347753109025711
0.184000,0.2392614633401999,1.1084153505760281
0.186000,-0.11718928816662852,0.6689555199511711
0.188000,0.08789196612497138,0.6103608758678569
0.190000,-0.17578393224994276,0.874036774242771
0.192000,0.2050812542915999,1.010757610437171
0.194000,0.08300907911802853,0.6445410849164569
0.196000,0.01953154802777142,0.7226672770275425
0.198000,0.17578393224994276,0.776379034103914
0.200000,0.01953154802777142,0.742198825055314
0.202000,0.10742351415274282,0.9228656443121996
0.204000,0.13672083619439995,0.6982528419928282
0.206000,0.06347753109025711,1.181658655680171
0.208000,0.18066681925688563,1.1621271076523996
0.210000,-0.12207217517357137,0.8056763561455711
0.212000,-0.1318379491874571,1.206073090714885
0.214000,0.03906309605554284,1.206073090714885
0.216000,-0.17578393224994276,0.9814602883955138
0.218000,-0.18066681925688563,0.8691538872358282
0.220000,0.32227054245822845,0.639658197909514
0.222000,0.302738994430457,0.7861448081177996
0.224000,-0.0976577401388571,1.074235141527428
0.226000,0.014648661020828565,0.7324330510414282
0.228000,0.1416037232013428,0.976577401388571
0.230000,0.03906309605554284,0.8935683222705425
0.232000,0.12695506218051422,0.9961089494163424
0.234000,0.2832074464026856,1.1084153505760281
0.236000,0.14648661020828566,1.044937819485771
0.238000,0.10742351415274282,0.8398565651941711
0.240000,-0.11718928816662852,1.0595864805065995
0.242000,0.10254062714579995,1.1572442206454567
0.244000,-0.08300907911802853,0.7324330510414282
0.246000,0.13672083619439995,1.0351720454718853
0.248000,0.12207217517357137,0.8300907911802854
0.250000,0.06836041809719998,0.6689555199511711
0.252000,0.21972991531242847,0.9863431754024568
0.254000,0.14648661020828566,1.0351720454718853
0.256000,0.25879301136797134,0.708018616006714
0.258000,0.12207217517357137,1.142595559624628
0.260000,0.32227054245822845,0.9912260624093996
0.262000,0.21484702830548563,0.6494239719233997
0.264000,0.18066681925688563,1.206073090714885
0.266000,-0.03418020904859999,0.9668116273746853
0.268000,-0.03906309605554284,0.7275501640344854
0.270000,-0.15625238422217136,1.1474784466315708
0.272000,0.2929732204165713,1.0693522545204852
0.274000,-0.12695506218051422,0.8203250171663996
0.276000,-0.17090104524299993,0.673838406958114
0.278000,0.16601815823605706,1.1181811245899138
0.280000,0.11230640115968567,0.8984512092774853
0.282000,0.02929732204165713,0.8056763561455711
0.284000,0.06347753109025711,0.9277485313191425
0.286000,-0.12207217517357137,0.8252079041733424
0.288000,0.22949568932631417,0.8203250171663996
0.290000,0.2832074464026856,1.206073090714885
0.292000,0.3125047684443427,1.0644693675135424
0.294000,-0.03418020904859999,1.1963073167009994
0.296000,-0.13672083619439995,0.673838406958114
0.298000,0.25879301136797134,0.9472800793469138
0.300000,0.15625238422217136,1.206073090714885
0.302000,-0.16601815823605706,1.1572442206454567
0.304000,0.18066681925688563,0.8300907911802854
0.306000,-0.14648661020828566,0.9375143053330282
0.308000,-0.07324330510414283,0.8105592431525139
0.310000,0.34180209048599985,0.9668116273746853
0.312000,0.19043259327077133,0.708018616006714
0.314000,0.08789196612497138,0.8642710002288854
0.316000,0.09277485313191425,1.113298237582971
0.318000,0.0976577401388571,0.8691538872358282
0.320000,0.20996414129854277,0.9570458533607996
0.322000,0.16113527122911422,0.8789196612497139
0.324000,-0.20019836728465706,1.0644693675135424
0.326000,-0.1416037232013428,1.0156404974441138
0.328000,0.31738765545128556,0.9375143053330282
0.330000,0.24414435034714274,0.942397192339971
0.332000,0.024414435034714275,1.113298237582971
0.334000,0.1318379491874571,0.8593881132219425
0.336000,0.371099412527657,1.0205233844510566
0.338000,-0.09277485313191425,0.8691538872358282
0.340000,-0.12207217517357137,1.0937666895551996
0.342000,0.371099412527657,1.0156404974441138
0.344000,-0.18066681925688563,0.8447394522011139
0.346000,-0.16113527122911422,1.0302891584649423
0.348000,-0.11718928816662852,1.1572442206454567
0.350000,0.32227054245822845,1.005874723430228
0.352000,0.2392614633401999,1.1621271076523996
0.354000,-0.1855497062638285,0.7275501640344854
0.356000,0.22949568932631417,1.0205233844510566
0.358000,-0.06347753109025711,0.6884870679789425
0.360000,-0.09277485313191425,1.0254062714579995
0.362000,0.014648661020828565,0.8447394522011139
0.364000,0.02929732204165713,1.0498207064927139
0.366000,0.2880903334096284,1.1377126726176852
0.368000,0.12695506218051422,1.0205233844510566
0.370000,0.2880903334096284,1.1963073167009994
0.372000,-0.10254062714579995,1.0351720454718853
0.374000,0.05371175707637141,0.8105592431525139
0.376000,-0.10742351415274282,1.1718928816662852
0.378000,-0.14648661020828566,0.9130998702983139
0.380000,0.15625238422217136,0.8398565651941711
0.382000,0.1416037232013428,0.7959105821316853
0.384000,0.0,0.7275501640344854
0.386000,0.29785610742351415,0.742198825055314
0.388000,-0.014648661020828565,1.1328297856107423
0.390000,0.35156786449988553,1.1328297856107423
0.392000,0.2636758983749142,1.0302891584649423
0.394000,0.03418020904859999,1.176775768673228
0.396000,-0.04394598306248569,1.181658655680171
0.398000,-0.04394598306248569,0.8154421301594568
0.400000,0.14648661020828566,1.2549019607843137
0.402000,-0.14648661020828566,0.7129015030136568
0.404000,0.13672083619439995,0.9228656443121996
0.406000,-0.12207217517357137,0.8203250171663996
0.408000,0.3564507515068284,0.8056763561455711
0.410000,-0.08789196612497138,0.742198825055314
0.412000,0.38086518654154267,0.7177843900205997
0.414000,-0.14648661020828566,0.7031357289997711
0.416000,0.024414435034714275,1.2158388647287708
0.418000,0.06347753109025711,0.9277485313191425
0.420000,0.3906309605554284,1.1718928816662852
0.422000,0.14648661020828566,1.176775768673228
0.424000,0.24414435034714274,0.908216983291371
0.426000,-0.01953154802777142,0.673838406958114
0.428000,0.1416037232013428,1.245136186770428
0.430000,0.06836041809719998,0.8154421301594568
0.432000,0.18066681925688563,0.8252079041733424
0.434000,0.2392614633401999,1.2402532997634852
0.436000,0.09277485313191425,1.210955977721828
0.438000,-0.16601815823605706,1.2402532997634852
0.440000,0.19043259327077133,1.1474784466315708
0.442000,0.17578393224994276,0.7617303730830853
0.444000,-0.03418020904859999,0.908216983291371
0.446000,-0.16601815823605706,0.9277485313191425
0.448000,-0.11718928816662852,1.074235141527428
0.450000,0.3466849774929427,0.7177843900205997
0.452000,0.32227054245822845,1.0791180285343709
0.454000,0.2490272373540856,1.1621271076523996
0.456000,0.15625238422217136,1.0937666895551996
0.458000,-0.07812619211108568,1.0937666895551996
0.460000,0.2734416723887999,1.1474784466315708
0.462000,-0.1416037232013428,1.206073090714885
0.464000,0.22461280231937134,1.1084153505760281
0.466000,-0.10742351415274282,1.0156404974441138
0.468000,0.4101625085831998,0.7177843900205997
0.470000,0.004882887006942855,0.7714961470969711
0.472000,0.42969405661097126,1.0595864805065995
0.474000,0.01953154802777142,1.2402532997634852
0.476000,0.06347753109025711,1.1035324635690853
0.478000,-0.024414435034714275,0.7812619211108568
0.480000,-0.00976577401388571,1.0009918364232853
0.482000,0.38574807354848556,0.7519645990691997
0.484000,0.38574807354848556,0.9521629663538567
0.486000,-0.10742351415274282,1.1572442206454567
0.488000,-0.04882887006942855,1.274433508812085
0.490000,0.3125047684443427,1.210955977721828
0.492000,-0.024414435034714275,0.9668116273746853
0.494000,-0.1513694972152285,1.142595559624628
0.496000,-0.08300907911802853,0.9375143053330282
0.498000,0.03418020904859999,1.2890821698329138
0.500000,-0.12695506218051422,0.8447394522011139
0.502000,-0.03418020904859999,0.8447394522011139
0.504000,-0.05859464408331426,1.0693522545204852
0.506000,0.38086518654154267,1.2597848477912565
0.508000,-0.02929732204165713,1.1621271076523996
0.510000,0.2392614633401999,1.0888838025482566
0.512000,0.40039673456931413,0.9716945143816281
0.514000,0.40527962157625697,1.0986495765621425
0.516000,-0.05371175707637141,1.0791180285343709
0.518000,0.1953154802777142,0.9521629663538567
0.520000,0.41992828259708553,1.0254062714579995
0.522000,0.2050812542915999,1.0205233844510566
0.524000,0.00976577401388571,0.9375143053330282
0.526000,0.06836041809719998,0.7226672770275425
0.528000,0.336919203479057,0.8203250171663996
0.530000,-0.0976577401388571,0.9375143053330282
0.532000,0.21484702830548563,0.7470817120622568
0.534000,-0.01953154802777142,0.7959105821316853
0.536000,0.2490272373540856,0.976577401388571
0.538000,0.22461280231937134,1.1230640115968566
0.540000,0.12695506218051422,1.1181811245899138
0.542000,0.10254062714579995,1.206073090714885
0.544000,0.21972991531242847,0.8252079041733424
0.546000,0.4345769436179141,1.2353704127565424
0.548000,0.0976577401388571,1.2988479438467995
0.550000,-0.024414435034714275,1.245136186770428
0.552000,0.20996414129854277,0.976577401388571
0.554000,0.24414435034714274,1.1377126726176852
0.556000,-0.10254062714579995,0.8838025482566567
0.558000,0.024414435034714275,0.9570458533607996
0.560000,0.40527962157625697,1.1377126726176852
0.562000,0.3076218814373999,1.2500190737773709
0.564000,0.10742351415274282,0.9521629663538567
0.566000,0.4101625085831998,0.8984512092774853
0.568000,0.10254062714579995,1.0547035934996567
0.570000,0.08300907911802853,1.1572442206454567
0.572000,0.31738765545128556,1.1572442206454567
0.574000,0.31738765545128556,0.8007934691386283
0.576000,-0.004882887006942855,0.8789196612497139
0.578000,0.2832074464026856,1.2646677347981994
0.580000,0.09277485313191425,1.0302891584649423
0.582000,-0.05859464408331426,1.2646677347981994
0.584000,-0.004882887006942855,1.0302891584649423
0.586000,0.268558785381857,0.9814602883955138
0.588000,0.2880903334096284,0.776379034103914
0.590000,-0.07324330510414283,0.7666132600900283
0.592000,-0.10742351415274282,0.9326314183260853
0.594000,0.06347753109025711,1.142595559624628
0.596000,-0.03418020904859999,0.9619287403677425
0.598000,-0.07812619211108568,1.1279468986037995
0.600000,0.31738765545128556,0.8447394522011139
0.602000,0.29785610742351415,1.0937666895551996
0.604000,0.2734416723887999,1.0498207064927139
0.606000,-0.05859464408331426,1.0547035934996567
0.608000,-0.08789196612497138,1.313496604867628
0.610000,0.16113527122911422,1.3086137178606851
0.612000,0.32227054245822845,1.044937819485771
0.614000,0.2929732204165713,1.142595559624628
0.616000,0.10742351415274282,0.9619287403677425
0.618000,-0.08300907911802853,1.2158388647287708
0.620000,-0.00976577401388571,0.7666132600900283
0.622000,0.07324330510414283,1.2011902037079423
0.624000,0.014648661020828565,0.9228656443121996
0.626000,0.18066681925688563,0.7373159380483711
0.628000,0.1513694972152285,1.0351720454718853
0.630000,0.25391012436102844,1.1865415426871138
0.632000,0.1318379491874571,0.942397192339971
0.634000,0.39551384756237123,1.2988479438467995
0.636000,0.2636758983749142,1.3330281528953993
0.638000,-0.07812619211108568,1.074235141527428
0.640000,0.4101625085831998,0.9668116273746853
0.642000,0.07812619211108568,0.908216983291371
0.644000,-0.08789196612497138,1.1035324635690853
0.646000,0.12695506218051422,0.7519645990691997
0.648000,-0.08789196612497138,1.010757610437171
0.650000,0.4101625085831998,1.3037308308537423
0.652000,0.13672083619439995,1.176775768673228
0.654000,0.2636758983749142,1.2256046387426567
0.656000,0.42481116960402837,1.0888838025482566
0.658000,0.25391012436102844,0.7910276951247425
0.660000,0.37598229953459983,1.0205233844510566
0.662000,0.25391012436102844,1.0986495765621425
0.664000,0.2392614633401999,1.2353704127565424
0.666000,0.302738994430457,0.9521629663538567
0.668000,-0.09277485313191425,0.9033340962844282
0.670000,0.10742351415274282,0.8838025482566567
0.672000,0.3662165255207141,0.9716945143816281
0.674000,0.42481116960402837,0.8154421301594568
0.676000,0.336919203479057,1.1230640115968566
0.678000,0.43945983062485694,0.8593881132219425
0.680000,0.22461280231937134,1.2890821698329138
0.682000,0.371099412527657,1.3281452658884565
0.684000,0.024414435034714275,1.2890821698329138
0.686000,0.38574807354848556,1.3232623788815137
0.688000,0.4150453955901427,1.284199282825971
0.690000,0.2832074464026856,0.8642710002288854
0.692000,0.27832455939574274,0.9130998702983139
0.694000,0.05859464408331426,1.1914244296940566
0.696000,0.38086518654154267,0.8545052262149996
0.698000,0.336919203479057,1.044937819485771
0.700000,-0.03906309605554284,1.2402532997634852
0.702000,0.42481116960402837,0.8300907911802854
0.704000,0.0976577401388571,1.0986495765621425
0.706000,0.1953154802777142,1.2158388647287708
0.708000,0.02929732204165713,1.1914244296940566
0.710000,0.5127031357289997,0.7666132600900283
0.712000,0.302738994430457,1.1718928816662852
0.714000,0.01953154802777142,0.8007934691386283
0.716000,0.08300907911802853,1.1670099946593424
0.718000,0.41992828259708553,1.0937666895551996
0.720000,0.1416037232013428,1.2304875257495995
0.722000,0.05859464408331426,1.142595559624628
0.724000,0.05859464408331426,0.8838025482566567
0.726000,0.502937361715114,0.9326314183260853
0.728000,-0.06836041809719998,1.2256046387426567
0.730000,0.00976577401388571,0.7910276951247425
0.732000,-0.07324330510414283,0.9716945143816281
0.734000,0.3076218814373999,0.9716945143816281
0.736000,0.17090104524299993,1.0156404974441138
0.738000,-0.024414435034714275,1.0937666895551996
0.740000,0.34180209048599985,0.9716945143816281
0.742000,0.31738765545128556,1.2939650568398566
0.744000,0.24414435034714274,1.1084153505760281
0.746000,-0.04394598306248569,1.0498207064927139
0.748000,0.08300907911802853,1.0254062714579995
0.750000,0.4443427176317998,1.0595864805065995
0.752000,-0.01953154802777142,1.1084153505760281
0.754000,0.35156786449988553,1.2402532997634852
0.756000,0.4443427176317998,1.284199282825971
0.758000,0.10254062714579995,1.2890821698329138
0.760000,0.31738765545128556,1.2207217517357138
0.762000,0.42481116960402837,1.2304875257495995
0.764000,0.4541084916456855,1.3183794918745708
0.766000,0.4785229266803998,1.0888838025482566
0.768000,0.1953154802777142,0.8398565651941711
0.770000,0.14648661020828566,1.2695506218051422
0.772000,0.19043259327077133,0.8789196612497139
0.774000,-0.06836041809719998,1.1718928816662852
0.776000,0.39551384756237123,0.8154421301594568
0.778000,-0.00976577401388571,1.010757610437171
0.780000,0.3466849774929427,1.2646677347981994
0.782000,0.02929732204165713,0.8642710002288854
0.784000,-0.03418020904859999,0.9863431754024568
0.786000,-0.05371175707637141,1.3672083619439994
0.788000,0.3271534294651713,0.8154421301594568
0.790000,0.4882887006942855,1.1621271076523996
0.792000,0.20019836728465706,0.7959105821316853
0.794000,0.08300907911802853,1.0205233844510566
0.796000,0.3320363164721141,1.2549019607843137
0.798000,-0.04394598306248569,1.279316395819028
0.800000,0.024414435034714275,1.1670099946593424
0.802000,0.2734416723887999,1.376974135957885
0.804000,0.21972991531242847,0.9130998702983139
0.806000,0.12207217517357137,1.2549019607843137
0.808000,0.1513694972152285,1.074235141527428
0.810000,0.3076218814373999,0.8496223392080567
0.812000,0.537117570763714,1.2402532997634852
0.814000,0.03418020904859999,1.0644693675135424
0.816000,0.371099412527657,1.3867399099717708
0.818000,0.4101625085831998,1.176775768673228
0.820000,0.32227054245822845,1.3574425879301137
0.822000,0.36133363851377126,0.9668116273746853
0.824000,0.2880903334096284,0.9668116273746853
0.826000,0.27832455939574274,1.2207217517357138
0.828000,0.0976577401388571,1.1230640115968566
0.830000,0.24414435034714274,1.3672083619439994
0.832000,0.35156786449988553,1.2549019607843137
0.834000,0.3271534294651713,1.0644693675135424
0.836000,0.42969405661097126,1.245136186770428
0.838000,0.5468833447775998,0.9179827573052567
0.840000,0.3320363164721141,1.342793926909285
0.842000,0.3076218814373999,1.347676813916228
0.844000,0.25879301136797134,1.0937666895551996
0.846000,0.22461280231937134,1.3330281528953993
0.848000,0.5175860227359427,0.908216983291371
0.850000,0.10742351415274282,0.9228656443121996
0.852000,0.39551384756237123,1.3672083619439994
0.854000,0.3320363164721141,0.8252079041733424
0.856000,0.34180209048599985,0.8203250171663996
0.858000,0.2929732204165713,1.1279468986037995
0.860000,0.22949568932631417,0.8398565651941711
0.862000,0.5566491187914855,0.8789196612497139
0.864000,0.32227054245822845,0.8349736781872282
0.866000,0.06347753109025711,1.2011902037079423
0.868000,0.16113527122911422,0.9961089494163424
0.870000,0.3564507515068284,1.0547035934996567
0.872000,0.21972991531242847,0.9375143053330282
0.874000,0.371099412527657,0.908216983291371
0.876000,0.2636758983749142,1.113298237582971
0.878000,0.4443427176317998,1.0693522545204852
0.880000,-0.02929732204165713,1.010757610437171
0.882000,0.19043259327077133,0.8886854352635996
0.884000,0.46387426565957124,1.2500190737773709
0.886000,0.502937361715114,1.1963073167009994
0.888000,0.3564507515068284,1.1181811245899138
0.890000,0.4101625085831998,1.2549019607843137
0.892000,0.5420004577706569,1.0937666895551996
0.894000,0.1855497062638285,0.8789196612497139
0.896000,0.5127031357289997,1.3086137178606851
0.898000,0.24414435034714274,0.8789196612497139
0.900000,0.4931715877012284,1.2695506218051422
0.902000,-0.004882887006942855,1.0644693675135424
0.904000,0.5322346837567712,0.8593881132219425
0.906000,0.07324330510414283,0.942397192339971
0.908000,0.04394598306248569,1.1718928816662852
0.910000,0.04394598306248569,1.1914244296940566
0.912000,0.32227054245822845,1.2353704127565424
0.914000,0.4150453955901427,1.3672083619439994
0.916000,0.37598229953459983,1.0009918364232853
0.918000,0.46387426565957124,1.0498207064927139
0.920000,0.5761806668192568,1.284199282825971
0.922000,0.10254062714579995,0.9228656443121996
0.924000,0.20996414129854277,0.9326314183260853
0.926000,0.3271534294651713,0.942397192339971
0.928000,0.5566491187914855,0.9375143053330282
0.930000,0.20996414129854277,1.005874723430228
0.932000,0.05371175707637141,0.942397192339971
0.934000,0.00976577401388571,1.2890821698329138
0.936000,0.43945983062485694,1.352559700923171
0.938000,-0.014648661020828565,1.0937666895551996
0.940000,0.2392614633401999,1.3086137178606851
0.942000,0.2636758983749142,1.1230640115968566
0.944000,0.4345769436179141,0.9716945143816281
0.946000,0.32227054245822845,0.8838025482566567
0.948000,0.537117570763714,1.3672083619439994
0.950000,0.502937361715114,0.8642710002288854
0.952000,0.2832074464026856,1.210955977721828
0.954000,0.4345769436179141,1.284199282825971
0.956000,0.1416037232013428,1.376974135957885
0.958000,0.46387426565957124,0.9521629663538567
0.960000,0.32227054245822845,0.8642710002288854
0.962000,0.302738994430457,1.3086137178606851
0.964000,0.4150453955901427,0.8496223392080567
0.966000,0.42969405661097126,1.1670099946593424
0.968000,0.5420004577706569,1.3623254749370566
0.970000,0.4687571526665141,1.0205233844510566
0.972000,0.22949568932631417,1.1279468986037995
0.974000,0.024414435034714275,1.2304875257495995
0.976000,-0.004882887006942855,1.2988479438467995
0.978000,0.44922560463874267,0.9716945143816281
0.980000,0.08789196612497138,0.874036774242771
0.982000,0.40039673456931413,0.8593881132219425
0.984000,0.2050812542915999,1.2597848477912565
0.986000,0.4785229266803998,1.1035324635690853
0.988000,0.5859464408331426,1.2207217517357138
0.990000,0.17578393224994276,1.1279468986037995
0.992000,0.5224689097428855,0.8886854352635996
0.994000,0.05859464408331426,0.9277485313191425
0.996000,0.08789196612497138,1.3965056839856564
0.998000,0.1855497062638285,1.0693522545204852
1.000000,0.4882887006942855,0.874036774242771
1.002000,0.4931715877012284,0.9912260624093996
1.004000,0.5420004577706569,1.0009918364232853
1.006000,0.16601815823605706,0.9716945143816281
1.008000,0.1416037232013428,1.3574425879301137
1.010000,0.5322346837567712,1.381857022964828
1.012000,0.5127031357289997,1.2158388647287708
1.014000,0.02929732204165713,0.9521629663538567
1.016000,0.11718928816662852,1.0644693675135424
1.018000,0.27832455939574274,0.9619287403677425
1.020000,0.5468833447775998,1.2256046387426567
1.022000,0.336919203479057,1.4013885709925993
1.024000,0.32227054245822845,1.2890821698329138
1.026000,0.6103608758678569,1.4355687800411994
1.028000,0.5322346837567712,1.3574425879301137
1.030000,0.0976577401388571,1.0791180285343709
1.032000,0.18066681925688563,0.9570458533607996
1.034000,0.5957122148470283,1.2988479438467995
1.036000,0.4443427176317998,0.874036774242771
1.038000,0.40039673456931413,1.342793926909285
1.040000,0.4541084916456855,1.347676813916228
1.042000,0.08789196612497138,1.2890821698329138
1.044000,0.2392614633401999,1.2500190737773709
1.046000,0.5664148928053712,1.3916227969787136
1.048000,0.03418020904859999,1.3232623788815137
1.050000,0.2880903334096284,0.8642710002288854
1.052000,0.15625238422217136,1.113298237582971
1.054000,0.11230640115968567,1.4111543450064852
1.056000,0.32227054245822845,1.005874723430228
1.058000,0.4736400396734569,1.4062714579995421
1.060000,0.14648661020828566,0.8838025482566567
1.062000,0.48340581368734264,1.0009918364232853
1.064000,0.3564507515068284,1.347676813916228
1.066000,0.5322346837567712,1.0644693675135424
1.068000,0.3466849774929427,1.4599832150759136
1.070000,0.5468833447775998,1.2549019607843137
1.072000,0.16113527122911422,1.352559700923171
1.074000,0.2490272373540856,1.0888838025482566
1.076000,0.04394598306248569,1.206073090714885
1.078000,0.2636758983749142,0.942397192339971
1.080000,0.21972991531242847,1.4111543450064852
1.082000,0.14648661020828566,1.4355687800411994
1.084000,0.10254062714579995,1.381857022964828
1.086000,0.5664148928053712,1.1377126726176852
1.088000,0.16113527122911422,1.2549019607843137
1.090000,0.3662165255207141,1.245136186770428
1.092000,0.2832074464026856,0.8838025482566567
1.094000,0.5468833447775998,0.9570458533607996
1.096000,0.19043259327077133,1.0498207064927139
1.098000,0.43945983062485694,1.210955977721828
1.100000,0.605477988860914,1.2402532997634852
1.102000,0.5078202487220569,1.1279468986037995
1.104000,0.5224689097428855,1.3183794918745708
1.106000,0.11718928816662852,1.1865415426871138
1.108000,0.04882887006942855,0.8838025482566567
1.110000,0.48340581368734264,1.0791180285343709
1.112000,0.5761806668192568,1.1572442206454567
1.114000,0.4980544747081712,0.908216983291371
1.116000,0.4150453955901427,0.8935683222705425
1.118000,0.44922560463874267,1.4648661020828564
1.120000,0.336919203479057,1.3037308308537423
1.122000,0.20019836728465706,1.376974135957885
1.124000,0.42969405661097126,1.2402532997634852
1.126000,0.20019836728465706,1.3916227969787136
1.128000,0.31738765545128556,1.3330281528953993
1.130000,0.25391012436102844,0.8935683222705425
1.132000,0.3271534294651713,1.2597848477912565
1.134000,0.2832074464026856,1.1181811245899138
1.136000,0.05859464408331426,1.0595864805065995
1.138000,0.40039673456931413,1.416037232013428
1.140000,0.302738994430457,1.445334554055085
1.142000,0.2734416723887999,1.206073090714885
1.144000,0.05371175707637141,1.4746318760967423
1.146000,0.5664148928053712,1.1523613336385137
1.148000,0.4687571526665141,1.0888838025482566
1.150000,0.4101625085831998,1.1914244296940566
1.152000,0.38574807354848556,0.9130998702983139
1.154000,0.27832455939574274,1.0302891584649423
1.156000,0.6103608758678569,1.4062714579995421
1.158000,0.6298924238956283,1.2597848477912565
1.160000,0.40039673456931413,0.9375143053330282
1.162000,0.29785610742351415,1.0791180285343709
1.164000,0.35156786449988553,0.942397192339971
1.166000,0.5761806668192568,1.0791180285343709
1.168000,0.5224689097428855,1.4551003280689707
1.170000,0.40527962157625697,1.0254062714579995
1.172000,0.21972991531242847,1.2353704127565424
1.174000,0.5810635538261998,1.0498207064927139
1.176000,0.23437857633325704,1.3330281528953993
1.178000,0.5761806668192568,1.0400549324788282
1.180000,0.17090104524299993,1.1670099946593424
1.182000,0.5908293278400855,1.245136186770428
1.184000,0.07324330510414283,1.4990463111314565
1.186000,0.09277485313191425,1.274433508812085
1.188000,0.21484702830548563,1.005874723430228
1.190000,0.1318379491874571,1.0400549324788282
1.192000,0.3564507515068284,1.4795147631036851
1.194000,0.09277485313191425,0.9521629663538567
1.196000,0.2636758983749142,1.074235141527428
1.198000,0.371099412527657,1.2011902037079423
1.200000,0.3125047684443427,1.4599832150759136
1.202000,0.42481116960402837,1.0840009155413137
1.204000,0.35156786449988553,1.1474784466315708
1.206000,0.6347753109025711,1.2353704127565424
1.208000,0.5664148928053712,1.3867399099717708
1.210000,0.5468833447775998,1.2646677347981994
1.212000,0.5908293278400855,1.0986495765621425
1.214000,0.6298924238956283,1.0693522545204852
1.216000,0.6347753109025711,1.342793926909285
1.218000,0.14648661020828566,1.376974135957885
1.220000,0.35156786449988553,1.0156404974441138
1.222000,0.08789196612497138,0.9375143053330282
1.224000,0.34180209048599985,1.4306858930342565
1.226000,0.1513694972152285,0.9228656443121996
1.228000,0.20019836728465706,1.4062714579995421
1.230000,0.5517662317845426,1.381857022964828
1.232000,0.4687571526665141,1.0937666895551996
1.234000,0.5420004577706569,1.4697489890897995
1.236000,0.5810635538261998,1.0644693675135424
1.238000,0.37598229953459983,0.9326314183260853
1.240000,0.12207217517357137,0.9375143053330282
1.242000,0.2880903334096284,1.347676813916228
1.244000,0.32227054245822845,1.0254062714579995
1.246000,0.25391012436102844,1.0302891584649423
1.248000,0.5224689097428855,1.0009918364232853
1.250000,0.11230640115968567,1.2353704127565424
1.252000,0.2929732204165713,1.4062714579995421
1.254000,0.17578393224994276,1.4599832150759136
1.256000,0.16113527122911422,0.942397192339971
1.258000,0.19043259327077133,1.416037232013428
1.260000,0.22949568932631417,1.2646677347981994
1.262000,0.2880903334096284,1.2500190737773709
1.264000,0.48340581368734264,1.445334554055085
1.266000,0.6445410849164569,1.4941634241245136
1.268000,0.14648661020828566,1.0205233844510566
1.270000,0.41992828259708553,1.4062714579995421
1.272000,0.6201266498817426,0.9716945143816281
1.274000,0.6103608758678569,1.4209201190203709
1.276000,0.31738765545128556,1.2597848477912565
1.278000,0.4882887006942855,1.2011902037079423
1.280000,0.25391012436102844,1.4990463111314565
1.282000,0.6787212939650569,1.3672083619439994
1.284000,0.4443427176317998,1.0937666895551996
1.286000,0.16601815823605706,1.0498207064927139
1.288000,0.44922560463874267,1.2256046387426567
1.290000,0.302738994430457,1.0693522545204852
1.292000,0.37598229953459983,1.347676813916228
1.294000,0.6591897459372854,1.3379110399023422
1.296000,0.6836041809719997,1.0791180285343709
1.298000,0.40039673456931413,1.0791180285343709
1.300000,0.6298924238956283,1.2256046387426567
1.302000,0.2880903334096284,1.2597848477912565
1.304000,0.43945983062485694,1.1377126726176852
1.306000,0.302738994430457,1.0400549324788282
1.308000,0.268558785381857,1.0693522545204852
1.310000,0.6494239719233997,1.381857022964828
1.312000,0.5810635538261998,1.3281452658884565
1.314000,0.5078202487220569,1.1035324635690853
1.316000,0.5566491187914855,0.9814602883955138
1.318000,0.5322346837567712,1.4551003280689707
1.320000,0.302738994430457,0.9668116273746853
1.322000,0.3906309605554284,0.9570458533607996
1.324000,0.605477988860914,1.313496604867628
1.326000,0.42481116960402837,1.3086137178606851
1.328000,0.4443427176317998,1.4111543450064852
1.330000,0.4882887006942855,1.3623254749370566
1.332000,0.5566491187914855,1.4648661020828564
1.334000,0.20019836728465706,1.2011902037079423
1.336000,0.5761806668192568,0.9619287403677425
1.338000,0.3662165255207141,0.9716945143816281
1.340000,0.4101625085831998,1.1084153505760281
1.342000,0.14648661020828566,1.0937666895551996
1.344000,0.6982528419928282,1.2549019607843137
1.346000,0.4785229266803998,0.9912260624093996
1.348000,0.3271534294651713,1.5234607461661707
1.350000,0.6250095368886854,1.1523613336385137
1.352000,0.25391012436102844,1.1279468986037995
1.354000,0.1416037232013428,1.547875181200885
1.356000,0.21484702830548563,0.9961089494163424
1.358000,0.24414435034714274,1.1328297856107423
1.360000,0.5859464408331426,1.342793926909285
1.362000,0.16113527122911422,1.113298237582971
1.364000,0.1953154802777142,1.0840009155413137
1.366000,0.44922560463874267,1.0644693675135424
1.368000,0.4931715877012284,1.0205233844510566
1.370000,0.38574807354848556,1.4111543450064852
1.372000,0.31738765545128556,0.9912260624093996
1.374000,0.2832074464026856,1.376974135957885
1.376000,0.639658197909514,1.2988479438467995
1.378000,0.639658197909514,1.010757610437171
1.380000,0.5957122148470283,1.5576409552147708
1.382000,0.4980544747081712,1.3330281528953993
1.384000,0.4736400396734569,1.3183794918745708
1.386000,0.23437857633325704,1.547875181200885
1.388000,0.25879301136797134,0.9863431754024568
1.390000,0.2636758983749142,1.1181811245899138
1.392000,0.3662165255207141,1.4404516670481422
1.394000,0.2832074464026856,1.5039291981383993
1.396000,0.35156786449988553,1.4013885709925993
1.398000,0.2490272373540856,0.9961089494163424
1.400000,0.4882887006942855,1.176775768673228
1.402000,0.34180209048599985,1.3672083619439994
1.404000,0.7129015030136568,1.1035324635690853
1.406000,0.6640726329442282,1.176775768673228
1.408000,0.6982528419928282,1.3672083619439994
1.410000,0.2490272373540856,1.1377126726176852
1.412000,0.34180209048599985,1.2890821698329138
1.414000,0.302738994430457,1.1035324635690853
1.416000,0.19043259327077133,1.0351720454718853
1.418000,0.5566491187914855,1.4795147631036851
1.420000,0.5322346837567712,1.4648661020828564
1.422000,0.1318379491874571,1.2695506218051422
1.424000,0.4931715877012284,1.5332265201800566
1.426000,0.3076218814373999,1.3379110399023422
1.428000,0.5810635538261998,1.4990463111314565
1.430000,0.6787212939650569,1.4746318760967423
1.432000,0.4980544747081712,1.1572442206454567
1.434000,0.605477988860914,1.0644693675135424
1.436000,0.45899137865262835,1.3916227969787136
1.438000,0.371099412527657,1.5722896162355993
1.440000,0.1953154802777142,1.2256046387426567
1.442000,0.1513694972152285,1.3916227969787136
1.444000,0.2929732204165713,1.0791180285343709
1.446000,0.2734416723887999,1.0937666895551996
1.448000,0.6543068589303426,1.4404516670481422
1.450000,0.16601815823605706,1.2695506218051422
1.452000,0.17578393224994276,1.5576409552147708
1.454000,0.19043259327077133,1.3232623788815137
1.456000,0.7177843900205997,1.3281452658884565
1.458000,0.6689555199511711,1.2304875257495995
1.460000,0.38574807354848556,1.2304875257495995
1.462000,0.537117570763714,1.4795147631036851
1.464000,0.708018616006714,1.1572442206454567
1.466000,0.14648661020828566,1.3574425879301137
1.468000,0.17578393224994276,1.381857022964828
1.470000,0.40039673456931413,1.5576409552147708
1.472000,0.5078202487220569,1.1084153505760281
1.474000,0.39551384756237123,1.1914244296940566
1.476000,0.5224689097428855,1.4746318760967423
1.478000,0.1513694972152285,1.0547035934996567
1.480000,0.38574807354848556,1.1572442206454567
1.482000,0.336919203479057,1.484397650110628
1.484000,0.6591897459372854,1.176775768673228
1.486000,0.268558785381857,1.3330281528953993
1.488000,0.42969405661097126,1.5918211642633706
1.490000,0.4101625085831998,1.2158388647287708
1.492000,0.40527962157625697,1.2256046387426567
1.494000,0.502937361715114,1.5234607461661707
1.496000,0.3564507515068284,1.2304875257495995
1.498000,0.7226672770275425,1.3037308308537423
1.500000,0.40527962157625697,1.3623254749370566
1.502000,0.6201266498817426,1.0498207064927139
1.504000,0.24414435034714274,1.1230640115968566
1.506000,0.20996414129854277,1.1865415426871138
1.508000,0.43945983062485694,1.376974135957885
1.510000,0.3564507515068284,1.044937819485771
1.512000,0.5273517967498283,1.0840009155413137
1.514000,0.3271534294651713,1.4941634241245136
1.516000,0.42481116960402837,1.5967040512703137
1.518000,0.2929732204165713,1.0644693675135424
1.520000,0.4736400396734569,1.1621271076523996
1.522000,0.16601815823605706,1.347676813916228
1.524000,0.6250095368886854,1.0693522545204852
1.526000,0.742198825055314,1.2256046387426567
1.528000,0.7031357289997711,1.3183794918745708
1.530000,0.29785610742351415,1.1865415426871138
1.532000,0.44922560463874267,1.1914244296940566
1.534000,0.4150453955901427,1.4648661020828564
1.536000,0.6689555199511711,1.2402532997634852
1.538000,0.41992828259708553,1.4404516670481422
1.540000,0.605477988860914,1.0644693675135424
1.542000,0.21484702830548563,1.4599832150759136
1.544000,0.673838406958114,1.3916227969787136
1.546000,0.38574807354848556,1.2939650568398566
1.548000,0.22461280231937134,1.2597848477912565
1.550000,0.2832074464026856,1.2158388647287708
1.552000,0.7177843900205997,1.1474784466315708
1.554000,0.3564507515068284,1.1035324635690853
1.556000,0.37598229953459983,1.1230640115968566
1.558000,0.336919203479057,1.1377126726176852
1.560000,0.27832455939574274,1.2158388647287708
1.562000,0.21484702830548563,1.3183794918745708
1.564000,0.7519645990691997,1.4990463111314565
1.566000,0.4443427176317998,1.5625238422217136
1.568000,0.2832074464026856,1.3086137178606851
1.570000,0.45899137865262835,1.4355687800411994
1.572000,0.3271534294651713,1.582055390249485
1.574000,0.34180209048599985,1.1963073167009994
1.576000,0.6689555199511711,1.5088120851453422
1.578000,0.5566491187914855,1.4990463111314565
1.580000,0.18066681925688563,1.176775768673228
1.582000,0.35156786449988553,1.5918211642633706
1.584000,0.6933699549858854,1.3330281528953993
1.586000,0.605477988860914,1.176775768673228
1.588000,0.7324330510414282,1.3183794918745708
1.590000,0.2392614633401999,1.5185778591592278
1.592000,0.22949568932631417,1.1963073167009994
1.594000,0.4150453955901427,1.4111543450064852
1.596000,0.4931715877012284,1.284199282825971
1.598000,0.268558785381857,1.6113527122911422
1.600000,0.22949568932631417,1.0302891584649423
1.602000,0.7324330510414282,1.274433508812085
1.604000,0.639658197909514,1.142595559624628
1.606000,0.2490272373540856,1.284199282825971
1.608000,0.5957122148470283,1.347676813916228
1.610000,0.6836041809719997,1.5332265201800566
1.612000,0.35156786449988553,1.3281452658884565
1.614000,0.7129015030136568,1.1181811245899138
1.616000,0.7714961470969711,1.352559700923171
1.618000,0.32227054245822845,1.074235141527428
1.620000,0.3125047684443427,1.1523613336385137
1.622000,0.3076218814373999,1.1523613336385137
1.624000,0.7666132600900283,1.3916227969787136
1.626000,0.6347753109025711,1.210955977721828
1.628000,0.6005951018539711,1.5088120851453422
1.630000,0.7470817120622568,1.5918211642633706
1.632000,0.7031357289997711,1.1914244296940566
1.634000,0.25879301136797134,1.074235141527428
1.636000,0.7373159380483711,1.1279468986037995
1.638000,0.7324330510414282,1.2549019607843137
1.640000,0.7714961470969711,1.2695506218051422
1.642000,0.39551384756237123,1.4502174410620279
1.644000,0.7324330510414282,1.2695506218051422
1.646000,0.45899137865262835,1.445334554055085
1.648000,0.36133363851377126,1.3330281528953993
1.650000,0.5175860227359427,1.5234607461661707
1.652000,0.6787212939650569,1.4892805371175708
1.654000,0.4931715877012284,1.5381094071869994
1.656000,0.537117570763714,1.210955977721828
1.658000,0.4101625085831998,1.0791180285343709
1.660000,0.7519645990691997,1.5039291981383993
1.662000,0.42481116960402837,1.2158388647287708
1.664000,0.3320363164721141,1.2402532997634852
1.666000,0.23437857633325704,1.577172503242542
1.668000,0.3564507515068284,1.2890821698329138
1.670000,0.2929732204165713,1.5722896162355993
1.672000,0.571297779812314,1.5185778591592278
1.674000,0.3271534294651713,1.3183794918745708
1.676000,0.6640726329442282,1.3086137178606851
1.678000,0.5908293278400855,1.5332265201800566
1.680000,0.3125047684443427,1.245136186770428
1.682000,0.7861448081177996,1.4746318760967423
1.684000,0.3271534294651713,1.5674067292286564
1.686000,0.2392614633401999,1.4990463111314565
1.688000,0.23437857633325704,1.1328297856107423
1.690000,0.2636758983749142,1.3867399099717708
1.692000,0.5517662317845426,1.3720912489509423
1.694000,0.3466849774929427,1.1035324635690853
1.696000,0.39551384756237123,1.0937666895551996
1.698000,0.45899137865262835,1.1377126726176852
1.700000,0.3662165255207141,1.547875181200885
1.702000,0.5224689097428855,1.2207217517357138
1.704000,0.8105592431525139,1.6064698252841993
1.706000,0.2880903334096284,1.2304875257495995
1.708000,0.639658197909514,1.342793926909285
1.710000,0.42481116960402837,1.376974135957885
1.712000,0.7031357289997711,1.3720912489509423
1.714000,0.25879301136797134,1.5576409552147708
1.716000,0.5517662317845426,1.1230640115968566
1.718000,0.5273517967498283,1.6308842603189135
1.720000,0.6543068589303426,1.347676813916228
1.722000,0.4931715877012284,1.616235599298085
1.724000,0.5517662317845426,1.284199282825971
1.726000,0.7519645990691997,1.4599832150759136
1.728000,0.29785610742351415,1.3720912489509423
1.730000,0.2929732204165713,1.2353704127565424
1.732000,0.5517662317845426,1.5429922941939422
1.734000,0.44922560463874267,1.582055390249485
1.736000,0.673838406958114,1.347676813916228
1.738000,0.4443427176317998,1.3330281528953993
1.740000,0.5810635538261998,1.2939650568398566
1.742000,0.605477988860914,1.4062714579995421
1.744000,0.5175860227359427,1.5722896162355993
1.746000,0.34180209048599985,1.0791180285343709
1.748000,0.2929732204165713,1.0937666895551996
1.750000,0.36133363851377126,1.2256046387426567
1.752000,0.4785229266803998,1.4990463111314565
1.754000,0.4980544747081712,1.1523613336385137
1.756000,0.5566491187914855,1.5869382772564278
1.758000,0.7177843900205997,1.206073090714885
1.760000,0.7861448081177996,1.2646677347981994
1.762000,0.32227054245822845,1.4404516670481422
1.764000,0.2392614633401999,1.6504158083466849
1.766000,0.5566491187914855,1.3086137178606851
1.768000,0.24414435034714274,1.2207217517357138
1.770000,0.7666132600900283,1.4355687800411994
1.772000,0.3271534294651713,1.0888838025482566
1.774000,0.5566491187914855,1.6308842603189135
1.776000,0.6298924238956283,1.2158388647287708
1.778000,0.48340581368734264,1.6601815823605708
1.780000,0.29785610742351415,1.3183794918745708
1.782000,0.5420004577706569,1.284199282825971
1.784000,0.43945983062485694,1.4551003280689707
1.786000,0.3906309605554284,1.2549019607843137
1.788000,0.5615320057984283,1.6211184863050279
1.790000,0.5273517967498283,1.279316395819028
1.792000,0.6494239719233997,1.3623254749370566
1.794000,0.5957122148470283,1.3330281528953993
1.796000,0.7959105821316853,1.1572442206454567
1.798000,0.6445410849164569,1.176775768673228
1.800000,0.39551384756237123,1.1523613336385137
1.802000,0.3076218814373999,1.4990463111314565
1.804000,0.742198825055314,1.381857022964828
1.806000,0.5175860227359427,1.4795147631036851
1.808000,0.4980544747081712,1.4746318760967423
1.810000,0.3076218814373999,1.5869382772564278
1.812000,0.4687571526665141,1.616235599298085
1.814000,0.5615320057984283,1.6699473563744565
1.816000,0.4882887006942855,1.5283436331731135
1.818000,0.6298924238956283,1.3183794918745708
1.820000,0.7373159380483711,1.6064698252841993
1.822000,0.2929732204165713,1.5381094071869994
1.824000,0.4687571526665141,1.2353704127565424
1.826000,0.7470817120622568,1.5674067292286564
1.828000,0.41992828259708553,1.4355687800411994
1.830000,0.36133363851377126,1.1718928816662852
1.832000,0.708018616006714,1.342793926909285
1.834000,0.42481116960402837,1.2011902037079423
1.836000,0.5810635538261998,1.245136186770428
1.838000,0.44922560463874267,1.2353704127565424
1.840000,0.6543068589303426,1.5185778591592278
1.842000,0.6591897459372854,1.484397650110628
1.844000,0.2929732204165713,1.2988479438467995
1.846000,0.8300907911802854,1.2939650568398566
1.848000,0.4443427176317998,1.2011902037079423
1.850000,0.48340581368734264,1.2695506218051422
1.852000,0.8398565651941711,1.245136186770428
1.854000,0.41992828259708553,1.4795147631036851
1.856000,0.7177843900205997,1.4551003280689707
1.858000,0.42481116960402837,1.5332265201800566
1.860000,0.4687571526665141,1.5332265201800566
1.862000,0.27832455939574274,1.5283436331731135
1.864000,0.6445410849164569,1.181658655680171
1.866000,0.6982528419928282,1.3379110399023422
1.868000,0.5810635538261998,1.6260013733119707
1.870000,0.6201266498817426,1.4062714579995421
1.872000,0.2880903334096284,1.513694972152285
1.874000,0.6005951018539711,1.3183794918745708
1.876000,0.6103608758678569,1.5674067292286564
1.878000,0.2832074464026856,1.113298237582971
1.880000,0.5957122148470283,1.5576409552147708
1.882000,0.43945983062485694,1.5869382772564278
1.884000,0.7714961470969711,1.547875181200885
1.886000,0.44922560463874267,1.4355687800411994
1.888000,0.5175860227359427,1.176775768673228
1.890000,0.5078202487220569,1.1718928816662852
1.892000,0.673838406958114,1.210955977721828
1.894000,0.6884870679789425,1.5185778591592278
1.896000,0.7177843900205997,1.6504158083466849
1.898000,0.7275501640344854,1.4599832150759136
1.900000,0.4345769436179141,1.1865415426871138
1.902000,0.4345769436179141,1.5576409552147708
1.904000,0.8642710002288854,1.4111543450064852
1.906000,0.40527962157625697,1.6015869382772565
1.908000,0.6445410849164569,1.3281452658884565
1.910000,0.5664148928053712,1.718776226443885
1.912000,0.502937361715114,1.6894789044022278
1.914000,0.4101625085831998,1.4990463111314565
1.916000,0.6250095368886854,1.210955977721828
1.918000,0.8398565651941711,1.3965056839856564
1.920000,0.6689555199511711,1.1523613336385137
1.922000,0.673838406958114,1.5674067292286564
1.924000,0.34180209048599985,1.513694972152285
1.926000,0.40527962157625697,1.2646677347981994
1.928000,0.7226672770275425,1.723659113450828
1.930000,0.7373159380483711,1.6601815823605708
1.932000,0.6152437628747998,1.6601815823605708
1.934000,0.8056763561455711,1.4990463111314565
1.936000,0.7177843900205997,1.5674067292286564
1.938000,0.38086518654154267,1.582055390249485
1.940000,0.38086518654154267,1.3720912489509423
1.942000,0.6591897459372854,1.5576409552147708
1.944000,0.7861448081177996,1.6601815823605708
1.946000,0.3271534294651713,1.3672083619439994
1.948000,0.6543068589303426,1.4258030060273137
1.950000,0.5615320057984283,1.5869382772564278
1.952000,0.639658197909514,1.3330281528953993
1.954000,0.6445410849164569,1.347676813916228
1.956000,0.742198825055314,1.181658655680171
1.958000,0.35156786449988553,1.7334248874647136
1.960000,0.32227054245822845,1.3720912489509423
1.962000,0.36133363851377126,1.3867399099717708
1.964000,0.5566491187914855,1.2988479438467995
1.966000,0.5664148928053712,1.274433508812085
1.968000,0.4541084916456855,1.5234607461661707
1.970000,0.8349736781872282,1.6650644693675136
1.972000,0.5664148928053712,1.3867399099717708
1.974000,0.43945983062485694,1.718776226443885
1.976000,0.742198825055314,1.342793926909285
1.978000,0.7324330510414282,1.5039291981383993
1.980000,0.673838406958114,1.6797131303883421
1.982000,0.708018616006714,1.284199282825971
1.984000,0.3662165255207141,1.4599832150759136
1.986000,0.7324330510414282,1.484397650110628
1.988000,0.3125047684443427,1.4502174410620279
1.990000,0.5761806668192568,1.7285420004577707
1.992000,0.8398565651941711,1.5674067292286564
1.994000,0.4541084916456855,1.206073090714885
1.996000,0.46387426565957124,1.4258030060273137
1.998000,0.6689555199511711,1.176775768673228
2.000000,0.537117570763714,1.2158388647287708
2.002000,0.9033340962844282,1.5918211642633706
2.004000,0.3320363164721141,1.1523613336385137
2.006000,0.7177843900205997,1.723659113450828
2.008000,0.7324330510414282,1.6015869382772565
2.010000,0.39551384756237123,1.5576409552147708
2.012000,0.6787212939650569,1.547875181200885
2.014000,0.8984512092774853,1.1963073167009994
2.016000,0.8545052262149996,1.6699473563744565
2.018000,0.6884870679789425,1.684596017395285
2.020000,0.6591897459372854,1.245136186770428
2.022000,0.8496223392080567,1.4990463111314565
2.024000,0.4736400396734569,1.2597848477912565
2.026000,0.6884870679789425,1.6552986953536277
2.028000,0.7177843900205997,1.6699473563744565
2.030000,0.5859464408331426,1.748073548485542
2.032000,0.7129015030136568,1.582055390249485
2.034000,0.35156786449988553,1.645532921339742
2.036000,0.7666132600900283,1.7431906614785992
2.038000,0.8203250171663996,1.347676813916228
2.040000,0.3906309605554284,1.284199282825971
2.042000,0.4931715877012284,1.7285420004577707
2.044000,0.8252079041733424,1.3086137178606851
2.046000,0.44922560463874267,1.6797131303883421
2.048000,0.5810635538261998,1.284199282825971
2.050000,0.8789196612497139,1.616235599298085
2.052000,0.5566491187914855,1.3867399099717708
2.054000,0.6591897459372854,1.5429922941939422
2.056000,0.8886854352635996,1.6064698252841993
2.058000,0.7666132600900283,1.3965056839856564
2.060000,0.6543068589303426,1.752956435492485
2.062000,0.7031357289997711,1.3623254749370566
2.064000,0.5859464408331426,1.5429922941939422
2.066000,0.742198825055314,1.4599832150759136
2.068000,0.7275501640344854,1.3281452658884565
2.070000,0.3906309605554284,1.206073090714885
2.072000,0.4101625085831998,1.4404516670481422
2.074000,0.43945983062485694,1.5576409552147708
2.076000,0.8447394522011139,1.3281452658884565
2.078000,0.8203250171663996,1.547875181200885
2.080000,0.8789196612497139,1.2304875257495995
2.082000,0.48340581368734264,1.4697489890897995
2.084000,0.7519645990691997,1.5967040512703137
2.086000,0.40039673456931413,1.3965056839856564
2.088000,0.6201266498817426,1.748073548485542
2.090000,0.3906309605554284,1.445334554055085
2.092000,0.3906309605554284,1.4892805371175708
2.094000,0.5322346837567712,1.6504158083466849
2.096000,0.8300907911802854,1.6211184863050279
2.098000,0.673838406958114,1.206073090714885
2.100000,0.44922560463874267,1.7724879835202563
2.102000,0.5957122148470283,1.5625238422217136
2.104000,0.7714961470969711,1.718776226443885
2.106000,0.8447394522011139,1.7285420004577707
2.108000,0.6298924238956283,1.4697489890897995
2.110000,0.776379034103914,1.6357671473258564
2.112000,0.571297779812314,1.6260013733119707
2.114000,0.5078202487220569,1.4013885709925993
2.116000,0.36133363851377126,1.6748302433813993
2.118000,0.7959105821316853,1.445334554055085
2.120000,0.4785229266803998,1.2353704127565424
2.122000,0.502937361715114,1.5576409552147708
2.124000,0.8056763561455711,1.381857022964828
2.126000,0.4980544747081712,1.4746318760967423
2.128000,0.7959105821316853,1.5234607461661707
2.130000,0.5566491187914855,1.6064698252841993
2.132000,0.9277485313191425,1.4258030060273137
2.134000,0.5127031357289997,1.718776226443885
2.136000,0.7031357289997711,1.552758068207828
2.138000,0.5566491187914855,1.6699473563744565
2.140000,0.8447394522011139,1.6797131303883421
2.142000,0.605477988860914,1.2402532997634852
2.144000,0.7275501640344854,1.7822537575341422
2.146000,0.7617303730830853,1.4892805371175708
2.148000,0.46387426565957124,1.5332265201800566
2.150000,0.4931715877012284,1.7090104524299992
2.152000,0.5273517967498283,1.787136644541085
2.154000,0.8447394522011139,1.4355687800411994
2.156000,0.5468833447775998,1.4355687800411994
2.158000,0.7470817120622568,1.752956435492485
2.160000,0.8984512092774853,1.3623254749370566
2.162000,0.8154421301594568,1.513694972152285
2.164000,0.9277485313191425,1.748073548485542
2.166000,0.742198825055314,1.2256046387426567
2.168000,0.5175860227359427,1.3720912489509423
2.170000,0.8349736781872282,1.352559700923171
2.172000,0.5322346837567712,1.4111543450064852
2.174000,0.908216983291371,1.6894789044022278
2.176000,0.5078202487220569,1.3916227969787136
2.178000,0.4980544747081712,1.777370870527199
2.180000,0.5078202487220569,1.7627222095063706
2.182000,0.8545052262149996,1.2646677347981994
2.184000,0.708018616006714,1.3379110399023422
2.186000,0.5908293278400855,1.3183794918745708
2.188000,0.8349736781872282,1.7431906614785992
2.190000,0.5517662317845426,1.2353704127565424
2.192000,0.8154421301594568,1.6357671473258564
2.194000,0.6982528419928282,1.5332265201800566
2.196000,0.5859464408331426,1.274433508812085
2.198000,0.4101625085831998,1.6699473563744565
2.200000,0.38574807354848556,1.4013885709925993
2.202000,0.5517662317845426,1.2939650568398566
2.204000,0.6836041809719997,1.4062714579995421
2.206000,0.8154421301594568,1.5674067292286564
2.208000,0.7177843900205997,1.7676050965133134
2.210000,0.7666132600900283,1.6357671473258564
2.212000,0.7177843900205997,1.2549019607843137
2.214000,0.5468833447775998,1.2207217517357138
2.216000,0.8349736781872282,1.8115510795757992
2.218000,0.7226672770275425,1.3965056839856564
2.220000,0.6591897459372854,1.2939650568398566
2.222000,0.6836041809719997,1.3281452658884565
2.224000,0.7031357289997711,1.4404516670481422
2.226000,0.6836041809719997,1.6211184863050279
2.228000,0.8105592431525139,1.6406500343327992
2.230000,0.7470817120622568,1.2890821698329138
2.232000,0.9521629663538567,1.6552986953536277
2.234000,0.4101625085831998,1.352559700923171
2.236000,0.6787212939650569,1.2988479438467995
2.238000,0.9619287403677425,1.4941634241245136
2.240000,0.8496223392080567,1.5869382772564278
2.242000,0.8447394522011139,1.5869382772564278
2.244000,0.8838025482566567,1.3916227969787136
2.246000,0.9814602883955138,1.7334248874647136
2.248000,0.5859464408331426,1.3183794918745708
2.250000,0.44922560463874267,1.8017853055619135
2.252000,0.9716945143816281,1.5722896162355993
2.254000,0.4541084916456855,1.2646677347981994
2.256000,0.5810635538261998,1.4648661020828564
2.258000,0.6445410849164569,1.6650644693675136
2.260000,0.8691538872358282,1.582055390249485
2.262000,0.9130998702983139,1.5625238422217136
2.264000,0.9326314183260853,1.352559700923171
2.266000,0.5224689097428855,1.3330281528953993
2.268000,0.6494239719233997,1.4209201190203709
2.270000,0.5175860227359427,1.7285420004577707
2.272000,0.8593881132219425,1.7431906614785992
2.274000,0.6298924238956283,1.4941634241245136
2.276000,0.9570458533607996,1.2597848477912565
2.278000,0.8642710002288854,1.4111543450064852
2.280000,0.7031357289997711,1.3623254749370566
2.282000,0.7910276951247425,1.4062714579995421
2.284000,0.4980544747081712,1.7578393224994278
2.286000,0.6787212939650569,1.7383077744716564
2.288000,0.942397192339971,1.5869382772564278
2.290000,0.4882887006942855,1.5039291981383993
2.292000,0.8056763561455711,1.723659113450828
2.294000,0.9863431754024568,1.816433966582742
2.296000,0.7031357289997711,1.2890821698329138
2.298000,0.42969405661097126,1.582055390249485
2.300000,0.9130998702983139,1.5918211642633706
2.302000,0.7617303730830853,1.5869382772564278
2.304000,0.5664148928053712,1.713893339436942
2.306000,0.6298924238956283,1.7676050965133134
2.308000,0.4736400396734569,1.8213168535896849
2.310000,0.4345769436179141,1.4892805371175708
2.312000,0.605477988860914,1.4551003280689707
2.314000,0.40527962157625697,1.4306858930342565
2.316000,0.5273517967498283,1.7090104524299992
2.318000,0.6982528419928282,1.279316395819028
2.320000,0.9375143053330282,1.484397650110628
2.322000,0.7470817120622568,1.513694972152285
2.324000,0.8300907911802854,1.5869382772564278
2.326000,0.7568474860761425,1.6113527122911422
2.328000,0.5224689097428855,1.4697489890897995
2.330000,0.874036774242771,1.7920195315480278
2.332000,0.7470817120622568,1.7334248874647136
2.334000,0.8886854352635996,1.816433966582742
2.336000,0.8691538872358282,1.3672083619439994
2.338000,0.7861448081177996,1.5576409552147708
2.340000,0.9130998702983139,1.7431906614785992
2.342000,0.8496223392080567,1.6650644693675136
2.344000,0.7812619211108568,1.4892805371175708
2.346000,0.9375143053330282,1.8408484016174562
2.348000,0.7324330510414282,1.4013885709925993
2.350000,0.7714961470969711,1.6601815823605708
2.352000,0.7959105821316853,1.8213168535896849
2.354000,0.7519645990691997,1.416037232013428
2.356000,0.7226672770275425,1.376974135957885
2.358000,0.942397192339971,1.3574425879301137
2.360000,0.502937361715114,1.6894789044022278
2.362000,0.8300907911802854,1.5918211642633706
2.364000,0.7910276951247425,1.855497062638285
2.366000,1.0156404974441138,1.616235599298085
2.368000,0.7275501640344854,1.5722896162355993
2.370000,0.4443427176317998,1.7578393224994278
2.372000,0.9570458533607996,1.5918211642633706
2.374000,0.5761806668192568,1.2646677347981994
2.376000,0.9814602883955138,1.752956435492485
2.378000,0.48340581368734264,1.3379110399023422
2.380000,0.9326314183260853,1.4892805371175708
2.382000,0.8789196612497139,1.3037308308537423
2.384000,0.6201266498817426,1.274433508812085
2.386000,0.4687571526665141,1.484397650110628
2.388000,0.42969405661097126,1.4013885709925993
2.390000,0.7714961470969711,1.713893339436942
2.392000,0.639658197909514,1.5283436331731135
2.394000,0.4931715877012284,1.7627222095063706
2.396000,0.6640726329442282,1.4599832150759136
2.398000,0.9863431754024568,1.6260013733119707
2.400000,0.7666132600900283,1.7920195315480278
2.402000,0.7812619211108568,1.4111543450064852
2.404000,0.6201266498817426,1.4111543450064852
2.406000,0.8056763561455711,1.6601815823605708
2.408000,0.8252079041733424,1.7285420004577707
2.410000,0.7324330510414282,1.577172503242542
2.412000,0.537117570763714,1.5234607461661707
2.414000,0.7129015030136568,1.8603799496452278
2.416000,0.9668116273746853,1.284199282825971
2.418000,0.4785229266803998,1.3281452658884565
2.420000,0.6689555199511711,1.4648661020828564
2.422000,0.9961089494163424,1.7724879835202563
2.424000,0.7812619211108568,1.5722896162355993
2.426000,0.673838406958114,1.8261997405966277
2.428000,0.7470817120622568,1.342793926909285
2.430000,0.9521629663538567,1.5283436331731135
2.432000,0.8886854352635996,1.8750286106660563
2.434000,0.5761806668192568,1.2939650568398566
2.436000,0.7177843900205997,1.347676813916228
2.438000,0.6543068589303426,1.484397650110628
2.440000,1.005874723430228,1.2939650568398566
2.442000,1.005874723430228,1.748073548485542
2.444000,0.908216983291371,1.748073548485542
2.446000,0.8935683222705425,1.6504158083466849
2.448000,0.4687571526665141,1.313496604867628
2.450000,0.776379034103914,1.6992446784161135
2.452000,0.5273517967498283,1.4551003280689707
2.454000,0.8838025482566567,1.4795147631036851
2.456000,0.6543068589303426,1.5918211642633706
2.458000,0.9912260624093996,1.8506141756313421
2.460000,1.0009918364232853,1.8017853055619135
2.462000,0.7910276951247425,1.8506141756313421
2.464000,0.8642710002288854,1.4697489890897995
2.466000,1.0400549324788282,1.5429922941939422
2.468000,1.010757610437171,1.6504158083466849
2.470000,0.742198825055314,1.3867399099717708
2.472000,0.8838025482566567,1.3183794918745708
2.474000,0.6445410849164569,1.5918211642633706
2.476000,0.5810635538261998,1.2988479438467995
2.478000,0.5468833447775998,1.6113527122911422
2.480000,0.6347753109025711,1.8017853055619135
2.482000,0.7812619211108568,1.5039291981383993
2.484000,0.4541084916456855,1.3623254749370566
2.486000,0.6250095368886854,1.6211184863050279
2.488000,0.4541084916456855,1.752956435492485
2.490000,0.502937361715114,1.8457312886243993
2.492000,0.9375143053330282,1.4209201190203709
2.494000,0.6884870679789425,1.5625238422217136
2.496000,0.9228656443121996,1.8213168535896849
2.498000,1.005874723430228,1.6211184863050279
2.500000,0.8447394522011139,1.445334554055085
2.502000,0.8252079041733424,1.684596017395285
2.504000,0.8886854352635996,1.8701457236591135
2.506000,0.8007934691386283,1.3867399099717708
2.508000,0.6689555199511711,1.816433966582742
2.510000,0.9277485313191425,1.7431906614785992
2.512000,1.0254062714579995,1.787136644541085
2.514000,0.5273517967498283,1.3720912489509423
2.516000,0.4785229266803998,1.8701457236591135
2.518000,0.7275501640344854,1.4258030060273137
2.520000,0.8447394522011139,1.4209201190203709
2.522000,0.6640726329442282,1.7627222095063706
2.524000,0.8545052262149996,1.8750286106660563
2.526000,0.5566491187914855,1.684596017395285
2.528000,0.571297779812314,1.5576409552147708
2.530000,0.5127031357289997,1.5429922941939422
2.532000,0.9228656443121996,1.7676050965133134
2.534000,0.9668116273746853,1.723659113450828
2.536000,0.7129015030136568,1.6064698252841993
2.538000,0.8545052262149996,1.3574425879301137
2.540000,0.639658197909514,1.4209201190203709
2.542000,0.6103608758678569,1.684596017395285
2.544000,0.4931715877012284,1.8994430457007705
2.546000,0.673838406958114,1.8994430457007705
2.548000,0.7910276951247425,1.347676813916228
2.550000,0.8154421301594568,1.5625238422217136
2.552000,0.5615320057984283,1.552758068207828
2.554000,0.5664148928053712,1.4941634241245136
2.556000,0.605477988860914,1.347676813916228
2.558000,0.6347753109025711,1.6748302433813993
2.560000,0.9912260624093996,1.5185778591592278
2.562000,0.8252079041733424,1.8701457236591135
2.564000,0.9179827573052567,1.3330281528953993
2.566000,0.9521629663538567,1.6992446784161135
2.568000,0.5273517967498283,1.381857022964828
2.570000,0.7959105821316853,1.6797131303883421
2.572000,0.742198825055314,1.3330281528953993
2.574000,0.8789196612497139,1.9092088197146564
2.576000,0.7324330510414282,1.3672083619439994
2.578000,0.6884870679789425,1.8115510795757992
2.580000,0.5468833447775998,1.8652628366521706
2.582000,0.8349736781872282,1.748073548485542
2.584000,0.5957122148470283,1.6894789044022278
2.586000,0.5078202487220569,1.4892805371175708
2.588000,0.8203250171663996,1.6943617914091706
2.590000,0.8642710002288854,1.8261997405966277
2.592000,0.8154421301594568,1.713893339436942
2.594000,0.8300907911802854,1.8994430457007705
2.596000,0.6836041809719997,1.3574425879301137
2.598000,0.8838025482566567,1.4502174410620279
2.600000,0.9619287403677425,1.8359655146105134
2.602000,0.6347753109025711,1.855497062638285
2.604000,0.7812619211108568,1.6650644693675136
2.606000,0.9521629663538567,1.342793926909285
2.608000,0.9326314183260853,1.6064698252841993
2.610000,0.6640726329442282,1.5869382772564278
2.612000,0.8838025482566567,1.3867399099717708
2.614000,1.044937819485771,1.347676813916228
2.616000,0.6250095368886854,1.7822537575341422
2.618000,0.8154421301594568,1.5283436331731135
2.620000,0.4980544747081712,1.8799114976729991
2.622000,0.9179827573052567,1.4990463111314565
2.624000,0.9570458533607996,1.3672083619439994
2.626000,0.6250095368886854,1.484397650110628
2.628000,0.8252079041733424,1.352559700923171
2.630000,0.5859464408331426,1.6601815823605708
2.632000,0.7275501640344854,1.6113527122911422
2.634000,1.005874723430228,1.352559700923171
2.636000,0.7470817120622568,1.4306858930342565
2.638000,0.942397192339971,1.5576409552147708
2.640000,0.7275501640344854,1.4355687800411994
2.642000,0.7177843900205997,1.6357671473258564
2.644000,0.6933699549858854,1.5674067292286564
2.646000,0.8349736781872282,1.7627222095063706
2.648000,0.776379034103914,1.5674067292286564
2.650000,0.6298924238956283,1.9385061417563134
2.652000,0.5957122148470283,1.5625238422217136
2.654000,0.776379034103914,1.4697489890897995
2.656000,1.0009918364232853,1.884794384679942
2.658000,0.9277485313191425,1.6064698252841993
2.660000,0.9277485313191425,1.5185778591592278
2.662000,0.7959105821316853,1.4502174410620279
2.664000,0.7910276951247425,1.5429922941939422
2.666000,0.7617303730830853,1.3623254749370566
2.668000,0.7812619211108568,1.5283436331731135
2.670000,0.708018616006714,1.3623254749370566
2.672000,0.8398565651941711,1.855497062638285
2.674000,0.9716945143816281,1.723659113450828
2.676000,0.8398565651941711,1.752956435492485
2.678000,1.0986495765621425,1.6357671473258564
2.680000,1.0693522545204852,1.7676050965133134
2.682000,0.9033340962844282,1.7969024185549707
2.684000,1.0595864805065995,1.684596017395285
2.686000,0.7519645990691997,1.582055390249485
2.688000,0.9912260624093996,1.4697489890897995
2.690000,0.6836041809719997,1.4013885709925993
2.692000,0.7470817120622568,1.552758068207828
2.694000,0.7812619211108568,1.3965056839856564
2.696000,0.7910276951247425,1.6552986953536277
2.698000,0.5664148928053712,1.8310826276035705
2.700000,0.605477988860914,1.752956435492485
2.702000,1.010757610437171,1.6113527122911422
2.704000,0.6543068589303426,1.8750286106660563
2.706000,0.976577401388571,1.5576409552147708
2.708000,0.5664148928053712,1.3965056839856564
2.710000,0.6591897459372854,1.6699473563744565
2.712000,0.7714961470969711,1.7090104524299992
2.714000,0.8203250171663996,1.9140917067215992
2.716000,0.7812619211108568,1.4941634241245136
2.718000,0.8642710002288854,1.9092088197146564
2.720000,0.8496223392080567,1.723659113450828
2.722000,0.6445410849164569,1.7431906614785992
2.724000,0.7959105821316853,1.8457312886243993
2.726000,0.7129015030136568,1.7090104524299992
2.728000,0.8447394522011139,1.7724879835202563
2.730000,1.1084153505760281,1.445334554055085
2.732000,0.7031357289997711,1.3916227969787136
2.734000,0.5322346837567712,1.6064698252841993
2.736000,0.6152437628747998,1.4795147631036851
2.738000,0.9033340962844282,1.381857022964828
2.740000,1.074235141527428,1.8261997405966277
2.742000,1.0498207064927139,1.5918211642633706
2.744000,0.8300907911802854,1.713893339436942
2.746000,0.776379034103914,1.8506141756313421
2.748000,0.6347753109025711,1.5185778591592278
2.750000,0.8545052262149996,1.5722896162355993
2.752000,0.9570458533607996,1.6406500343327992
2.754000,0.9912260624093996,1.6552986953536277
2.756000,0.5664148928053712,1.684596017395285
2.758000,1.0937666895551996,1.645532921339742
2.760000,0.9228656443121996,1.5039291981383993
2.762000,0.6933699549858854,1.8408484016174562
2.764000,1.1377126726176852,1.6260013733119707
2.766000,0.673838406958114,1.4941634241245136
2.768000,1.044937819485771,1.6601815823605708
2.770000,0.9326314183260853,1.3867399099717708
2.772000,0.7373159380483711,1.4795147631036851
2.774000,1.1377126726176852,1.9775692378118563
2.776000,0.8545052262149996,1.8896772716868848
2.778000,0.5859464408331426,1.7090104524299992
2.780000,1.0644693675135424,1.7969024185549707
2.782000,0.7910276951247425,1.7383077744716564
2.784000,0.9716945143816281,1.7969024185549707
2.786000,0.7177843900205997,1.9043259327077133
2.788000,0.9179827573052567,1.645532921339742
2.790000,0.9375143053330282,1.9092088197146564
2.792000,0.8789196612497139,1.4648661020828564
2.794000,0.6494239719233997,1.5918211642633706
2.796000,0.9277485313191425,1.9336232547493706
2.798000,0.7617303730830853,1.6552986953536277
2.800000,0.9375143053330282,1.3965056839856564
2.802000,0.673838406958114,1.713893339436942
2.804000,1.0937666895551996,1.8750286106660563
2.806000,0.6884870679789425,1.8603799496452278
2.808000,0.9277485313191425,1.547875181200885
2.810000,0.6836041809719997,1.5381094071869994
2.812000,0.874036774242771,1.8457312886243993
2.814000,1.0498207064927139,1.416037232013428
2.816000,1.0205233844510566,1.9726863508049135
2.818000,0.639658197909514,1.3916227969787136
2.820000,1.074235141527428,1.7969024185549707
2.822000,0.7812619211108568,1.6406500343327992
2.824000,1.0205233844510566,1.4551003280689707
2.826000,1.113298237582971,1.6113527122911422
2.828000,1.0644693675135424,1.8896772716868848
2.830000,1.0254062714579995,1.5185778591592278
2.832000,0.9472800793469138,1.8701457236591135
2.834000,0.9472800793469138,1.8408484016174562
2.836000,0.8593881132219425,1.6357671473258564
2.838000,1.0009918364232853,1.6992446784161135
2.840000,1.005874723430228,1.577172503242542
2.842000,0.9228656443121996,1.9336232547493706
2.844000,0.8447394522011139,1.8799114976729991
2.846000,1.1279468986037995,1.6552986953536277
2.848000,1.0888838025482566,1.7431906614785992
2.850000,0.9863431754024568,1.9775692378118563
2.852000,1.0302891584649423,1.7090104524299992
2.854000,0.8789196612497139,1.4306858930342565
2.856000,0.942397192339971,1.6650644693675136
2.858000,1.0595864805065995,1.5674067292286564
2.860000,0.9179827573052567,1.752956435492485
2.862000,0.8349736781872282,1.9678034637979704
2.864000,1.005874723430228,1.645532921339742
2.866000,0.7910276951247425,1.7920195315480278
2.868000,0.708018616006714,1.8750286106660563
2.870000,0.6884870679789425,1.6113527122911422
2.872000,0.8984512092774853,1.4795147631036851
2.874000,0.5761806668192568,1.616235599298085
2.876000,0.7226672770275425,1.6211184863050279
2.878000,0.8496223392080567,1.953154802777142
2.880000,1.0400549324788282,1.6797131303883421
2.882000,0.8105592431525139,1.8506141756313421
2.884000,0.9472800793469138,1.6357671473258564
2.886000,0.6005951018539711,1.5088120851453422
2.888000,0.6933699549858854,1.4892805371175708
2.890000,0.6543068589303426,1.6699473563744565
2.892000,0.6152437628747998,1.8799114976729991
2.894000,1.0644693675135424,1.713893339436942
2.896000,0.8984512092774853,1.484397650110628
2.898000,1.074235141527428,1.5332265201800566
2.900000,0.8886854352635996,1.9922178988326849
2.902000,1.0791180285343709,1.9385061417563134
2.904000,0.8984512092774853,1.7334248874647136
2.906000,0.7373159380483711,1.6797131303883421
2.908000,1.0254062714579995,1.4648661020828564
2.910000,0.9472800793469138,1.4502174410620279
2.912000,0.6103608758678569,1.5283436331731135
2.914000,0.9863431754024568,1.552758068207828
2.916000,1.1621271076523996,1.9336232547493706
2.918000,0.8398565651941711,1.752956435492485
2.920000,0.7959105821316853,1.9092088197146564
2.922000,0.7129015030136568,1.4599832150759136
2.924000,1.0498207064927139,1.5234607461661707
2.926000,1.1084153505760281,1.5234607461661707
2.928000,0.9033340962844282,1.953154802777142
2.930000,0.874036774242771,1.577172503242542
2.932000,0.6250095368886854,1.4941634241245136
2.934000,0.8300907911802854,1.4892805371175708
2.936000,1.1621271076523996,2.0263981078812847
2.938000,0.7031357289997711,1.9336232547493706
2.940000,0.6298924238956283,1.9092088197146564
2.942000,0.6787212939650569,1.9287403677424277
2.944000,1.1914244296940566,1.4551003280689707
2.946000,0.5957122148470283,1.5625238422217136
2.948000,0.9716945143816281,1.8506141756313421
2.950000,1.005874723430228,1.684596017395285
2.952000,1.0400549324788282,1.9043259327077133
2.954000,0.8398565651941711,1.6357671473258564
2.956000,0.8984512092774853,1.8310826276035705
2.958000,0.6787212939650569,1.7969024185549707
2.960000,1.142595559624628,1.5869382772564278
2.962000,1.0840009155413137,1.777370870527199
2.964000,1.0937666895551996,1.7724879835202563
2.966000,0.708018616006714,1.7041275654230563
2.968000,1.113298237582971,1.8310826276035705
2.970000,1.0156404974441138,1.552758068207828
2.972000,0.9912260624093996,1.748073548485542
2.974000,0.8105592431525139,1.8213168535896849
2.976000,1.0547035934996567,2.0019836728465705
2.978000,1.1474784466315708,1.713893339436942
2.980000,1.0498207064927139,1.918974593728542
2.982000,0.8300907911802854,1.6650644693675136
2.984000,1.0888838025482566,1.445334554055085
2.986000,0.6836041809719997,1.6357671473258564
2.988000,0.7959105821316853,1.6357671473258564
2.990000,1.0156404974441138,1.9824521248187992
2.992000,1.0205233844510566,1.7431906614785992
2.994000,0.8300907911802854,1.9336232547493706
2.996000,0.6494239719233997,1.9092088197146564
2.998000,1.2011902037079423,1.8652628366521706
3.000000,0.6494239719233997,1.6113527122911422
3.002000,1.0156404974441138,2.0410467689021132
3.004000,0.7373159380483711,1.6699473563744565
3.006000,0.6445410849164569,1.5918211642633706
3.008000,0.7324330510414282,1.713893339436942
3.010000,1.176775768673228,1.7724879835202563
3.012000,1.0302891584649423,1.582055390249485
3.014000,0.9570458533607996,1.6992446784161135
3.016000,1.0644693675135424,1.4941634241245136
3.018000,1.0937666895551996,2.0410467689021132
3.020000,0.9472800793469138,1.6797131303883421
3.022000,0.6640726329442282,1.7822537575341422
3.024000,1.0156404974441138,1.7578393224994278
3.026000,1.0400549324788282,1.787136644541085
3.028000,0.8203250171663996,1.6943617914091706
3.030000,0.7129015030136568,1.5039291981383993
3.032000,0.7324330510414282,1.6308842603189135
3.034000,0.6689555199511711,1.855497062638285
3.036000,1.0498207064927139,1.8506141756313421
3.038000,0.9912260624093996,1.9629205767910276
3.040000,0.6347753109025711,1.923857480735485
3.042000,1.0205233844510566,2.050812542915999
3.044000,0.7275501640344854,1.5674067292286564
3.046000,1.1523613336385137,2.0410467689021132
3.048000,0.9716945143816281,1.6113527122911422
3.050000,1.1474784466315708,1.577172503242542
3.052000,1.1279468986037995,1.577172503242542
3.054000,0.8984512092774853,1.723659113450828
3.056000,0.8545052262149996,1.953154802777142
3.058000,0.8691538872358282,1.6260013733119707
3.060000,0.8984512092774853,1.5918211642633706
3.062000,0.976577401388571,1.5869382772564278
3.064000,0.9912260624093996,1.948271915770199
3.066000,1.1621271076523996,1.7920195315480278
3.068000,0.8935683222705425,1.9629205767910276
3.070000,1.176775768673228,1.4892805371175708
3.072000,1.0302891584649423,1.9580376897840848
3.074000,1.044937819485771,1.616235599298085
3.076000,0.7129015030136568,1.4892805371175708
3.078000,0.9033340962844282,1.987335011825742
3.080000,0.6689555199511711,1.748073548485542
3.082000,1.1377126726176852,1.9092088197146564
3.084000,0.6787212939650569,1.6601815823605708
3.086000,0.9130998702983139,1.9922178988326849
3.088000,0.7568474860761425,1.8652628366521706
3.090000,0.6933699549858854,1.6748302433813993
3.092000,0.9375143053330282,1.582055390249485
3.094000,1.0302891584649423,1.5429922941939422
3.096000,0.9228656443121996,1.8066681925688564
3.098000,0.6933699549858854,1.9922178988326849
3.100000,1.1914244296940566,1.7724879835202563
3.102000,0.8545052262149996,1.9726863508049135
3.104000,0.8642710002288854,1.5381094071869994
3.106000,1.0302891584649423,1.8603799496452278
3.108000,1.1279468986037995,1.6699473563744565
3.110000,1.210955977721828,1.6748302433813993
3.112000,1.0937666895551996,1.6504158083466849
3.114000,0.7812619211108568,1.6552986953536277
3.116000,0.9130998702983139,1.7334248874647136
3.118000,0.8105592431525139,1.8115510795757992
3.120000,0.7910276951247425,2.011749446860456
3.122000,0.908216983291371,1.513694972152285
3.124000,1.1718928816662852,1.718776226443885
3.126000,0.8349736781872282,1.616235599298085
3.128000,1.1084153505760281,2.050812542915999
3.130000,1.0888838025482566,1.9336232547493706
3.132000,1.245136186770428,1.748073548485542
3.134000,1.1914244296940566,1.855497062638285
3.136000,0.7519645990691997,1.987335011825742
3.138000,0.7861448081177996,1.7334248874647136
3.140000,1.0937666895551996,1.918974593728542
3.142000,1.0009918364232853,2.0801098649576564
3.144000,0.6543068589303426,2.0605783169298846
3.146000,1.0009918364232853,1.7676050965133134
3.148000,0.9130998702983139,1.7090104524299992
3.150000,1.0156404974441138,1.8506141756313421
3.152000,0.908216983291371,1.4990463111314565
3.154000,0.7177843900205997,1.855497062638285
3.156000,0.8007934691386283,1.5625238422217136
3.158000,0.6836041809719997,1.7285420004577707
3.160000,0.776379034103914,1.513694972152285
3.162000,1.1865415426871138,1.6552986953536277
3.164000,1.1181811245899138,1.8359655146105134
3.166000,0.673838406958114,1.6357671473258564
3.168000,1.1670099946593424,2.0068665598535134
3.170000,0.7226672770275425,1.923857480735485
3.172000,1.0888838025482566,1.5332265201800566
3.174000,0.7177843900205997,2.0410467689021132
3.176000,1.2207217517357138,1.7041275654230563
3.178000,0.9570458533607996,1.948271915770199
3.180000,1.1279468986037995,1.582055390249485
3.182000,1.0840009155413137,1.8213168535896849
3.184000,0.9228656443121996,1.645532921339742
3.186000,1.1572442206454567,1.5625238422217136
3.188000,0.9912260624093996,1.9580376897840848
3.190000,1.1670099946593424,2.011749446860456
3.192000,0.8300907911802854,1.8359655146105134
3.194000,1.0498207064927139,1.718776226443885
3.196000,1.0400549324788282,2.089875638971542
3.198000,1.1035324635690853,2.045929655909056
3.200000,1.2597848477912565,1.9092088197146564
3.202000,0.6884870679789425,1.8603799496452278
3.204000,1.1621271076523996,1.7090104524299992
3.206000,1.113298237582971,1.8115510795757992
3.208000,0.9277485313191425,1.5185778591592278
3.210000,1.010757610437171,1.8408484016174562
3.212000,0.9716945143816281,2.0605783169298846
3.214000,0.874036774242771,1.6748302433813993
3.216000,1.113298237582971,1.7383077744716564
3.218000,0.8691538872358282,1.8408484016174562
3.220000,1.2695506218051422,2.0556954299229417
3.222000,0.8056763561455711,1.6650644693675136
3.224000,0.8545052262149996,2.0312809948882276
3.226000,0.7519645990691997,2.050812542915999
3.228000,0.8203250171663996,2.045929655909056
3.230000,1.010757610437171,1.6601815823605708
3.232000,1.2500190737773709,1.7822537575341422
3.234000,1.1328297856107423,1.5283436331731135
3.236000,0.942397192339971,1.9433890287632563
3.238000,0.8691538872358282,1.918974593728542
3.240000,0.7910276951247425,1.616235599298085
3.242000,0.9472800793469138,1.6357671473258564
3.244000,1.2353704127565424,2.119172961013199
3.246000,1.1670099946593424,1.616235599298085
3.248000,1.0351720454718853,2.0801098649576564
3.250000,0.9277485313191425,2.0361638818951704
3.252000,0.7519645990691997,1.684596017395285
3.254000,0.8447394522011139,1.9287403677424277
3.256000,0.8935683222705425,2.124055848020142
3.258000,0.9912260624093996,1.8994430457007705
3.260000,1.0205233844510566,1.9433890287632563
3.262000,1.0351720454718853,1.6992446784161135
3.264000,1.2207217517357138,2.124055848020142
3.266000,0.7324330510414282,2.0410467689021132
3.268000,0.8056763561455711,1.816433966582742
3.270000,0.7861448081177996,1.9140917067215992
3.272000,1.0888838025482566,1.9140917067215992
3.274000,1.181658655680171,2.0556954299229417
3.276000,1.0791180285343709,2.050812542915999
3.278000,1.274433508812085,2.084992751964599
3.280000,0.708018616006714,1.5576409552147708
3.282000,1.2158388647287708,2.045929655909056
3.284000,1.1035324635690853,1.9824521248187992
3.286000,1.0351720454718853,1.8701457236591135
3.288000,0.8496223392080567,1.918974593728542
3.290000,1.284199282825971,1.6797131303883421
3.292000,1.1914244296940566,2.1142900740062562
3.294000,0.9375143053330282,1.8359655146105134
3.296000,1.1279468986037995,2.016632333867399
3.298000,1.1914244296940566,2.065461203936828
3.300000,0.7177843900205997,1.6064698252841993
3.302000,0.7812619211108568,1.6015869382772565
3.304000,0.7666132600900283,2.124055848020142
3.306000,0.9326314183260853,1.987335011825742
3.308000,1.0205233844510566,1.6260013733119707
3.310000,0.8056763561455711,1.9726863508049135
3.312000,1.2207217517357138,1.8506141756313421
3.314000,1.0351720454718853,1.6992446784161135
3.316000,1.1718928816662852,1.7724879835202563
3.318000,0.8545052262149996,2.021515220874342
3.320000,1.113298237582971,1.6308842603189135
3.322000,1.1670099946593424,1.7285420004577707
3.324000,1.0400549324788282,1.7724879835202563
3.326000,0.7959105821316853,1.9678034637979704
3.328000,0.8007934691386283,2.1435873960479133
3.330000,1.2158388647287708,2.011749446860456
3.332000,0.8056763561455711,1.6894789044022278
3.334000,1.0840009155413137,1.6211184863050279
3.336000,1.0400549324788282,1.7431906614785992
3.338000,1.245136186770428,2.0410467689021132
3.340000,1.1523613336385137,1.9140917067215992
3.342000,0.908216983291371,1.6015869382772565
3.344000,1.1328297856107423,2.0361638818951704
3.346000,0.908216983291371,1.9824521248187992
3.348000,1.1621271076523996,1.7724879835202563
3.350000,1.2939650568398566,1.9433890287632563
3.352000,0.7324330510414282,1.8457312886243993
3.354000,0.7910276951247425,1.7431906614785992
3.356000,1.0400549324788282,2.045929655909056
3.358000,1.0205233844510566,1.6504158083466849
3.360000,1.1230640115968566,1.7724879835202563
3.362000,0.742198825055314,1.6260013733119707
3.364000,0.7568474860761425,1.923857480735485
3.366000,1.0547035934996567,1.6601815823605708
3.368000,1.1963073167009994,1.8701457236591135
3.370000,0.7812619211108568,1.5869382772564278
3.372000,1.142595559624628,1.684596017395285
3.374000,1.2402532997634852,2.153353170061799
3.376000,1.2695506218051422,1.582055390249485
3.378000,0.7861448081177996,2.016632333867399
3.380000,0.8545052262149996,1.5918211642633706
3.382000,1.2695506218051422,2.050812542915999
3.384000,1.0254062714579995,1.7676050965133134
3.386000,0.9228656443121996,1.953154802777142
3.388000,1.2402532997634852,1.7383077744716564
3.390000,1.1181811245899138,1.884794384679942
3.392000,1.0595864805065995,1.7676050965133134
3.394000,0.9228656443121996,1.8066681925688564
3.396000,1.0400549324788282,1.6699473563744565
3.398000,0.9570458533607996,1.6601815823605708
3.400000,0.9863431754024568,1.5967040512703137
3.402000,1.2207217517357138,1.718776226443885
3.404000,0.8154421301594568,1.5918211642633706
3.406000,1.176775768673228,2.045929655909056
3.408000,1.1328297856107423,2.153353170061799
3.410000,1.2207217517357138,2.0703440909437707
3.412000,0.8007934691386283,2.1435873960479133
3.414000,1.2158388647287708,1.7920195315480278
3.416000,0.7812619211108568,1.582055390249485
3.418000,1.1621271076523996,1.9385061417563134
3.420000,1.2549019607843137,2.1582360570687418
3.422000,0.9277485313191425,2.1094071869993134
3.424000,1.245136186770428,1.5918211642633706
3.426000,1.1230640115968566,1.5918211642633706
3.428000,1.0888838025482566,1.5869382772564278
3.430000,0.7959105821316853,1.787136644541085
3.432000,1.2304875257495995,1.6015869382772565
3.434000,1.2695506218051422,1.7041275654230563
3.436000,0.776379034103914,1.787136644541085
3.438000,1.0156404974441138,1.7334248874647136
3.440000,1.274433508812085,1.6064698252841993
3.442000,0.9961089494163424,1.752956435492485
3.444000,1.113298237582971,2.021515220874342
3.446000,1.279316395819028,2.0752269779507135
3.448000,1.0547035934996567,1.8603799496452278
3.450000,1.1084153505760281,1.8261997405966277
3.452000,0.8642710002288854,1.7041275654230563
3.454000,1.206073090714885,2.0068665598535134
3.456000,0.9716945143816281,1.6992446784161135
3.458000,1.3330281528953993,1.7676050965133134
3.460000,1.1035324635690853,1.8115510795757992
3.462000,0.8691538872358282,1.8652628366521706
3.464000,0.8252079041733424,1.7627222095063706
3.466000,0.8447394522011139,1.918974593728542
3.468000,1.1914244296940566,1.9140917067215992
3.470000,0.7666132600900283,1.9287403677424277
3.472000,0.9375143053330282,1.7920195315480278
3.474000,1.3086137178606851,1.816433966582742
3.476000,0.8789196612497139,1.718776226443885
3.478000,1.3330281528953993,1.6308842603189135
3.480000,0.9716945143816281,1.787136644541085
3.482000,1.0009918364232853,1.6748302433813993
3.484000,1.2304875257495995,1.8603799496452278
3.486000,1.2304875257495995,2.1045242999923706
3.488000,1.210955977721828,1.7334248874647136
3.490000,0.9619287403677425,1.8603799496452278
3.492000,0.8496223392080567,1.9922178988326849
3.494000,1.206073090714885,1.9580376897840848
3.496000,0.9277485313191425,1.752956435492485
3.498000,1.074235141527428,2.1142900740062562
3.500000,1.2011902037079423,1.7090104524299992
3.502000,0.7714961470969711,1.7822537575341422
3.504000,1.0254062714579995,1.953154802777142
3.506000,0.976577401388571,1.7627222095063706
3.508000,1.1572442206454567,1.8261997405966277
3.510000,0.9619287403677425,1.8457312886243993
3.512000,1.3281452658884565,2.119172961013199
3.514000,1.0791180285343709,2.0996414129854277
3.516000,1.2646677347981994,1.8213168535896849
3.518000,1.1914244296940566,1.9726863508049135
3.520000,0.9961089494163424,1.7431906614785992
3.522000,1.2402532997634852,1.9385061417563134
3.524000,0.8691538872358282,1.8603799496452278
3.526000,0.9668116273746853,1.7724879835202563
3.528000,1.3672083619439994,1.6357671473258564
3.530000,1.3281452658884565,1.9678034637979704
3.532000,1.3037308308537423,1.616235599298085
3.534000,1.0791180285343709,1.884794384679942
3.536000,1.0986495765621425,1.7334248874647136
3.538000,1.2353704127565424,1.6357671473258564
3.540000,1.3623254749370566,1.8261997405966277
3.542000,1.274433508812085,1.9580376897840848
3.544000,0.9863431754024568,1.6308842603189135
3.546000,1.010757610437171,1.8457312886243993
3.548000,1.2646677347981994,2.0605783169298846
3.550000,0.9961089494163424,2.0263981078812847
3.552000,1.0351720454718853,2.1582360570687418
3.554000,1.010757610437171,2.016632333867399
3.556000,1.2695506218051422,1.8457312886243993
3.558000,0.8007934691386283,1.855497062638285
3.560000,1.2402532997634852,1.8750286106660563
3.562000,0.9716945143816281,1.7041275654230563
3.564000,0.976577401388571,2.148470283054856
3.566000,0.8545052262149996,1.8701457236591135
3.568000,1.206073090714885,1.752956435492485
3.570000,0.942397192339971,2.021515220874342
3.572000,1.0888838025482566,1.8896772716868848
3.574000,1.2939650568398566,2.0312809948882276
3.576000,1.074235141527428,1.8652628366521706
3.578000,1.0791180285343709,2.021515220874342
3.580000,1.0888838025482566,1.9580376897840848
3.582000,0.8789196612497139,1.723659113450828
3.584000,1.2988479438467995,2.0068665598535134
3.586000,0.9326314183260853,2.050812542915999
3.588000,1.1279468986037995,1.8652628366521706
3.590000,1.1084153505760281,1.8115510795757992
3.592000,1.3086137178606851,2.1094071869993134
3.594000,1.2011902037079423,2.089875638971542
3.596000,1.0644693675135424,2.1338216220340276
3.598000,0.7959105821316853,2.221713588158999
3.600000,1.2549019607843137,1.8457312886243993
3.602000,1.3672083619439994,1.645532921339742
3.604000,1.3037308308537423,1.684596017395285
3.606000,0.9716945143816281,1.7822537575341422
3.608000,0.8007934691386283,1.7822537575341422
3.610000,0.9863431754024568,1.8603799496452278
3.612000,1.3574425879301137,2.1728847180895703
3.614000,1.3916227969787136,1.9726863508049135
3.616000,1.0351720454718853,1.9140917067215992
3.618000,1.0937666895551996,1.948271915770199
3.620000,0.8886854352635996,1.9385061417563134
3.622000,1.381857022964828,2.065461203936828
3.624000,1.0156404974441138,1.7969024185549707
3.626000,0.8300907911802854,2.0361638818951704
3.628000,1.381857022964828,1.684596017395285
3.630000,1.3086137178606851,1.8652628366521706
3.632000,1.0156404974441138,2.231479362172885
3.634000,1.4013885709925993,2.182650492103456
3.636000,1.3281452658884565,2.1728847180895703
3.638000,1.1621271076523996,1.777370870527199
3.640000,1.0254062714579995,1.9140917067215992
3.642000,1.0595864805065995,1.748073548485542
3.644000,1.074235141527428,1.6699473563744565
3.646000,1.0009918364232853,2.1142900740062562
3.648000,1.1474784466315708,1.6943617914091706
3.650000,0.9912260624093996,2.148470283054856
3.652000,1.1670099946593424,2.1728847180895703
3.654000,0.8496223392080567,2.1142900740062562
3.656000,0.8593881132219425,1.9726863508049135
3.658000,1.0888838025482566,2.2070649271381706
3.660000,1.3037308308537423,2.2070649271381706
3.662000,1.3183794918745708,1.7627222095063706
3.664000,1.3379110399023422,1.718776226443885
3.666000,1.1572442206454567,1.6552986953536277
3.668000,1.2597848477912565,2.016632333867399
3.670000,1.2549019607843137,2.2168307011520563
3.672000,1.2890821698329138,2.0019836728465705
3.674000,1.0302891584649423,2.011749446860456
3.676000,1.206073090714885,1.9043259327077133
3.678000,0.8886854352635996,1.7383077744716564
3.680000,1.2207217517357138,2.153353170061799
3.682000,1.352559700923171,1.8408484016174562
3.684000,0.9375143053330282,2.1680018310826275
3.686000,0.8545052262149996,1.6699473563744565
3.688000,1.210955977721828,1.6748302433813993
3.690000,0.8300907911802854,1.9971007858396277
3.692000,0.9863431754024568,2.2021820401312278
3.694000,1.274433508812085,1.9336232547493706
3.696000,1.1377126726176852,1.918974593728542
3.698000,1.3672083619439994,2.2168307011520563
3.700000,1.3720912489509423,1.7578393224994278
3.702000,0.9472800793469138,1.748073548485542
3.704000,1.0009918364232853,2.177767605096513
3.706000,1.2646677347981994,1.723659113450828
3.708000,1.0791180285343709,2.021515220874342
3.710000,1.3623254749370566,1.884794384679942
3.712000,1.3037308308537423,2.1045242999923706
3.714000,1.1084153505760281,1.9629205767910276
3.716000,1.1572442206454567,2.231479362172885
3.718000,1.2500190737773709,1.9140917067215992
3.720000,1.113298237582971,2.119172961013199
3.722000,1.3183794918745708,1.953154802777142
3.724000,1.3379110399023422,2.065461203936828
3.726000,1.3379110399023422,2.0312809948882276
3.728000,0.9961089494163424,1.8310826276035705
3.730000,0.976577401388571,1.7822537575341422
3.732000,0.8984512092774853,2.045929655909056
3.734000,0.8593881132219425,2.2656595712214846
3.736000,1.2353704127565424,1.7676050965133134
3.738000,0.942397192339971,1.7041275654230563
3.740000,1.4013885709925993,1.8652628366521706
3.742000,1.2500190737773709,2.021515220874342
3.744000,1.313496604867628,1.9385061417563134
3.746000,1.0254062714579995,2.1875333791103992
3.748000,1.1474784466315708,2.1387045090409704
3.750000,1.0205233844510566,1.8506141756313421
3.752000,1.279316395819028,1.9385061417563134
3.754000,0.8447394522011139,1.9580376897840848
3.756000,1.0595864805065995,1.684596017395285
3.758000,1.3965056839856564,1.9580376897840848
3.760000,1.3672083619439994,2.045929655909056
3.762000,1.352559700923171,1.787136644541085
3.764000,1.0351720454718853,1.8115510795757992
3.766000,1.3232623788815137,1.7041275654230563
3.768000,1.1377126726176852,1.6797131303883421
3.770000,1.0547035934996567,2.1094071869993134
3.772000,1.2402532997634852,1.9726863508049135
3.774000,0.8935683222705425,1.8799114976729991
3.776000,1.0351720454718853,1.8457312886243993
3.778000,1.2695506218051422,2.1387045090409704
3.780000,0.9961089494163424,1.787136644541085
3.782000,1.2597848477912565,1.9433890287632563
3.784000,1.0791180285343709,1.9433890287632563
3.786000,1.3086137178606851,1.8457312886243993
3.788000,1.3965056839856564,2.2461280231937133
3.790000,1.0498207064927139,1.8457312886243993
3.792000,1.3672083619439994,1.7578393224994278
3.794000,0.8838025482566567,1.8359655146105134
3.796000,1.3672083619439994,1.8945601586938277
3.798000,1.206073090714885,1.8359655146105134
3.800000,0.9130998702983139,2.0361638818951704
3.802000,1.4209201190203709,1.8408484016174562
3.804000,1.044937819485771,1.7724879835202563
3.806000,0.9521629663538567,2.011749446860456
3.808000,1.3281452658884565,1.816433966582742
3.810000,1.445334554055085,1.9775692378118563
3.812000,0.9619287403677425,1.748073548485542
3.814000,0.9912260624093996,2.285191119249256
3.816000,0.9668116273746853,2.1387045090409704
3.818000,1.044937819485771,1.9971007858396277
3.820000,1.3720912489509423,2.0263981078812847
3.822000,1.4209201190203709,2.094758525978485
3.824000,1.1914244296940566,1.7431906614785992
3.826000,0.9668116273746853,2.0556954299229417
3.828000,1.0302891584649423,2.016632333867399
3.830000,0.8789196612497139,2.2949568932631417
3.832000,1.2549019607843137,2.1338216220340276
3.834000,1.2695506218051422,2.148470283054856
3.836000,1.4111543450064852,1.9824521248187992
3.838000,1.206073090714885,2.0410467689021132
3.840000,1.1084153505760281,2.221713588158999
3.842000,1.1621271076523996,1.816433966582742
3.844000,1.4648661020828564,2.094758525978485
3.846000,1.342793926909285,2.0312809948882276
3.848000,1.2597848477912565,1.7285420004577707
3.850000,1.3867399099717708,2.119172961013199
3.852000,1.3916227969787136,1.7920195315480278
3.854000,0.9472800793469138,2.124055848020142
3.856000,0.8935683222705425,1.9775692378118563
3.858000,1.2353704127565424,1.9336232547493706
3.860000,1.1377126726176852,1.9922178988326849
3.862000,1.0351720454718853,1.7383077744716564
3.864000,0.9033340962844282,2.280308232242313
3.866000,1.0644693675135424,1.8213168535896849
3.868000,1.3281452658884565,2.226596475165942
3.870000,1.1523613336385137,1.8115510795757992
3.872000,0.976577401388571,2.0410467689021132
3.874000,1.2549019607843137,2.2998397802700845
3.876000,1.3037308308537423,1.787136644541085
3.878000,1.3720912489509423,1.7676050965133134
3.880000,0.9326314183260853,2.1094071869993134
3.882000,1.3086137178606851,1.884794384679942
3.884000,1.4013885709925993,1.8066681925688564
3.886000,1.3867399099717708,2.2168307011520563
3.888000,1.0009918364232853,2.2363622491798276
3.890000,1.3281452658884565,2.084992751964599
3.892000,1.1621271076523996,1.7334248874647136
3.894000,0.8935683222705425,2.0801098649576564
3.896000,0.8838025482566567,1.9580376897840848
3.898000,1.2646677347981994,1.9922178988326849
3.900000,1.1328297856107423,2.2168307011520563
3.902000,1.2158388647287708,2.016632333867399
3.904000,1.3867399099717708,1.8408484016174562
3.906000,1.376974135957885,2.226596475165942
3.908000,1.2402532997634852,2.2949568932631417
3.910000,1.0498207064927139,2.3193713282978563
3.912000,1.2500190737773709,2.0703440909437707
3.914000,0.9814602883955138,2.0996414129854277
3.916000,0.9472800793469138,1.8261997405966277
3.918000,1.2158388647287708,2.290074006256199
3.920000,1.3086137178606851,2.0752269779507135
3.922000,0.9033340962844282,1.884794384679942
3.924000,1.3574425879301137,1.8506141756313421
3.926000,1.176775768673228,1.8750286106660563
3.928000,1.4795147631036851,2.260776684214542
3.930000,1.1718928816662852,1.9433890287632563
3.932000,1.352559700923171,1.748073548485542
3.934000,0.9277485313191425,1.8066681925688564
3.936000,1.4746318760967423,1.9726863508049135
3.938000,1.1914244296940566,2.1387045090409704
3.940000,1.010757610437171,2.1631189440756846
3.942000,1.2646677347981994,1.7676050965133134
3.944000,0.9326314183260853,1.9971007858396277
3.946000,1.210955977721828,2.3047226672770273
3.948000,0.9179827573052567,2.30960555428397
3.950000,1.0400549324788282,1.8994430457007705
3.952000,1.484397650110628,2.0556954299229417
3.954000,1.445334554055085,1.8457312886243993
3.956000,0.9375143053330282,1.8408484016174562
3.958000,1.142595559624628,2.3193713282978563
3.960000,1.0547035934996567,2.2656595712214846
3.962000,1.2890821698329138,2.094758525978485
3.964000,1.4551003280689707,1.923857480735485
3.966000,1.347676813916228,1.752956435492485
3.968000,1.4355687800411994,1.9971007858396277
3.970000,0.9912260624093996,1.918974593728542
3.972000,1.113298237582971,1.8408484016174562
3.974000,1.4306858930342565,2.0312809948882276
3.976000,0.9619287403677425,2.065461203936828
3.978000,1.010757610437171,2.0068665598535134
3.980000,1.1865415426871138,1.9922178988326849
3.982000,1.1621271076523996,2.0605783169298846
3.984000,1.0595864805065995,1.923857480735485
3.986000,1.445334554055085,1.8115510795757992
3.988000,1.0937666895551996,1.9043259327077133
3.990000,0.9570458533607996,1.855497062638285
3.992000,1.4258030060273137,2.050812542915999
3.994000,0.9472800793469138,2.2119478141451134
3.996000,1.1084153505760281,2.1387045090409704
3.998000,1.445334554055085,2.094758525978485
4.000000,1.3379110399023422,1.8652628366521706
4.002000,1.0840009155413137,1.987335011825742
4.004000,1.0156404974441138,1.8652628366521706
4.006000,1.279316395819028,2.2705424582284275
4.008000,1.010757610437171,2.2412451361867705
4.010000,1.2207217517357138,1.8310826276035705
4.012000,1.1914244296940566,2.119172961013199
4.014000,1.0205233844510566,2.2119478141451134
4.016000,1.2353704127565424,1.8310826276035705
4.018000,1.2256046387426567,2.1875333791103992
4.020000,1.3720912489509423,2.3144884412909135
4.022000,1.1084153505760281,2.1680018310826275
4.024000,1.2890821698329138,2.0801098649576564
4.026000,1.2890821698329138,2.0068665598535134
4.028000,1.3281452658884565,1.8799114976729991
4.030000,1.1181811245899138,2.094758525978485
4.032000,1.1181811245899138,1.9092088197146564
4.034000,1.2011902037079423,2.119172961013199
4.036000,0.9619287403677425,2.2754253452353703
4.038000,1.4551003280689707,1.8994430457007705
4.040000,1.1963073167009994,2.2998397802700845
4.042000,1.5039291981383993,1.7724879835202563
4.044000,1.1328297856107423,2.226596475165942
4.046000,0.9668116273746853,2.050812542915999
4.048000,1.284199282825971,2.30960555428397
4.050000,1.1230640115968566,2.119172961013199
4.052000,1.4990463111314565,2.2656595712214846
4.054000,1.206073090714885,2.1875333791103992
4.056000,1.010757610437171,2.016632333867399
4.058000,1.0840009155413137,2.329137102311742
4.060000,1.4990463111314565,1.918974593728542
4.062000,1.1718928816662852,1.8750286106660563
4.064000,1.181658655680171,2.2656595712214846
4.066000,1.0791180285343709,2.0312809948882276
4.068000,1.3574425879301137,1.9971007858396277
4.070000,1.1230640115968566,2.3682001983672847
4.072000,1.5234607461661707,1.7920195315480278
4.074000,1.5234607461661707,2.3437857633325705
4.076000,1.3867399099717708,1.9287403677424277
4.078000,1.074235141527428,2.119172961013199
4.080000,0.942397192339971,1.8896772716868848
4.082000,1.4892805371175708,1.884794384679942
4.084000,1.3672083619439994,2.226596475165942
4.086000,1.176775768673228,2.285191119249256
4.088000,1.4209201190203709,1.9092088197146564
4.090000,1.5185778591592278,2.177767605096513
4.092000,1.1865415426871138,1.9336232547493706
4.094000,0.942397192339971,1.787136644541085
4.096000,1.2011902037079423,2.2656595712214846
4.098000,1.0888838025482566,1.9775692378118563
4.100000,0.976577401388571,1.8506141756313421
4.102000,0.9668116273746853,2.363317311360342
4.104000,1.2549019607843137,1.8652628366521706
4.106000,0.9814602883955138,2.2168307011520563
4.108000,1.3037308308537423,2.1582360570687418
4.110000,1.1328297856107423,1.9922178988326849
4.112000,1.0254062714579995,1.9043259327077133
4.114000,1.4990463111314565,2.324254215304799
4.116000,1.0351720454718853,2.1680018310826275
4.118000,1.2646677347981994,1.8799114976729991
4.120000,1.4209201190203709,2.2168307011520563
4.122000,1.3916227969787136,2.2949568932631417
4.124000,1.3183794918745708,2.290074006256199
4.126000,1.274433508812085,1.8359655146105134
4.128000,1.3183794918745708,2.231479362172885
4.130000,1.010757610437171,2.1582360570687418
4.132000,1.1670099946593424,2.153353170061799
4.134000,1.3965056839856564,2.0312809948882276
4.136000,1.3232623788815137,2.2754253452353703
4.138000,1.3867399099717708,1.8066681925688564
4.140000,0.9863431754024568,2.119172961013199
4.142000,1.2500190737773709,2.094758525978485
4.144000,1.0009918364232853,2.2656595712214846
4.146000,1.5429922941939422,1.8017853055619135
4.148000,1.3379110399023422,2.148470283054856
4.150000,1.4258030060273137,1.8261997405966277
4.152000,0.976577401388571,1.9775692378118563
4.154000,1.3232623788815137,2.1631189440756846
4.156000,1.1865415426871138,2.2461280231937133
4.158000,1.5429922941939422,2.2705424582284275
4.160000,1.547875181200885,2.285191119249256
4.162000,1.245136186770428,2.124055848020142
4.164000,1.0400549324788282,2.1142900740062562
4.166000,1.3281452658884565,2.3486686503395133
4.168000,1.3379110399023422,1.9580376897840848
4.170000,1.2695506218051422,2.0703440909437707
4.172000,1.3183794918745708,2.329137102311742
4.174000,1.2500190737773709,1.8945601586938277
4.176000,1.416037232013428,2.094758525978485
4.178000,1.4355687800411994,2.2412451361867705
4.180000,1.4648661020828564,2.329137102311742
4.182000,1.352559700923171,2.0361638818951704
4.184000,1.1279468986037995,1.8310826276035705
4.186000,1.3574425879301137,1.8115510795757992
4.188000,1.4599832150759136,2.363317311360342
4.190000,1.4258030060273137,2.3779659723811704
4.192000,1.1718928816662852,2.324254215304799
4.194000,1.010757610437171,1.9629205767910276
4.196000,1.0791180285343709,2.2363622491798276
4.198000,1.206073090714885,2.148470283054856
4.200000,1.3672083619439994,2.045929655909056
4.202000,0.9814602883955138,2.1094071869993134
4.204000,1.552758068207828,2.177767605096513
4.206000,1.279316395819028,2.3047226672770273
4.208000,1.4892805371175708,2.089875638971542
4.210000,1.0009918364232853,1.8994430457007705
4.212000,1.3867399099717708,2.353551537346456
4.214000,1.0400549324788282,2.050812542915999
4.216000,0.9814602883955138,2.2021820401312278
4.218000,1.5576409552147708,2.41214618142977
4.220000,1.176775768673228,2.084992751964599
4.222000,1.5332265201800566,2.2949568932631417
4.224000,1.1328297856107423,2.0605783169298846
4.226000,1.352559700923171,2.3047226672770273
4.228000,1.3330281528953993,1.9140917067215992
4.230000,1.1914244296940566,2.2949568932631417
4.232000,1.352559700923171,2.2705424582284275
4.234000,1.4941634241245136,2.1631189440756846
4.236000,1.1084153505760281,2.3682001983672847
4.238000,1.206073090714885,2.0801098649576564
4.240000,1.5039291981383993,2.153353170061799
4.242000,1.2939650568398566,1.9824521248187992
4.244000,1.245136186770428,1.9678034637979704
4.246000,1.4062714579995421,2.2656595712214846
4.248000,1.313496604867628,2.1142900740062562
4.250000,1.3916227969787136,2.0752269779507135
4.252000,1.3281452658884565,2.1582360570687418
4.254000,0.9912260624093996,2.392614633401999
4.256000,1.0498207064927139,2.1875333791103992
4.258000,1.5234607461661707,1.9287403677424277
4.260000,1.4258030060273137,1.8408484016174562
4.262000,1.1621271076523996,2.0996414129854277
4.264000,1.1035324635690853,2.1435873960479133
4.266000,1.3916227969787136,2.417029068436713
4.268000,1.3672083619439994,1.8896772716868848
4.270000,1.2158388647287708,2.0263981078812847
4.272000,1.010757610437171,1.9824521248187992
4.274000,1.577172503242542,1.8359655146105134
4.276000,1.3330281528953993,2.2119478141451134
4.278000,1.2890821698329138,2.119172961013199
4.280000,1.5625238422217136,2.192416266117342
4.282000,1.5625238422217136,1.8701457236591135
4.284000,1.2939650568398566,2.2070649271381706
4.286000,1.0351720454718853,2.0996414129854277
4.288000,1.010757610437171,2.0019836728465705
4.290000,1.4013885709925993,1.953154802777142
4.292000,1.142595559624628,2.197299153124285
4.294000,1.3183794918745708,2.324254215304799
4.296000,1.4990463111314565,2.1875333791103992
4.298000,1.0791180285343709,2.41214618142977
4.300000,1.484397650110628,2.221713588158999
4.302000,1.206073090714885,1.9726863508049135
4.304000,1.2256046387426567,2.260776684214542
4.306000,1.1377126726176852,1.9580376897840848
4.308000,1.5283436331731135,2.417029068436713
4.310000,1.0547035934996567,1.8799114976729991
4.312000,1.0498207064927139,2.2412451361867705
4.314000,1.5869382772564278,2.192416266117342
4.316000,1.210955977721828,1.9726863508049135
4.318000,1.4355687800411994,2.280308232242313
4.320000,1.5674067292286564,2.382848859388113
4.322000,1.484397650110628,2.2461280231937133
4.324000,1.0400549324788282,2.065461203936828
4.326000,1.5674067292286564,2.1680018310826275
4.328000,1.484397650110628,2.1094071869993134
4.330000,1.582055390249485,2.2168307011520563
4.332000,1.3916227969787136,1.9385061417563134
4.334000,1.3965056839856564,2.021515220874342
4.336000,1.445334554055085,2.2754253452353703
4.338000,1.0791180285343709,2.182650492103456
4.340000,1.274433508812085,2.0019836728465705
4.342000,1.3672083619439994,2.0801098649576564
4.344000,1.352559700923171,1.8701457236591135
4.346000,1.5967040512703137,2.197299153124285
4.348000,1.3916227969787136,1.8750286106660563
4.350000,1.0693522545204852,2.2363622491798276
4.352000,1.347676813916228,2.2119478141451134
4.354000,1.0791180285343709,2.011749446860456
4.356000,1.2500190737773709,2.41214618142977
4.358000,1.5576409552147708,2.2754253452353703
4.360000,1.0791180285343709,2.0068665598535134
4.362000,1.547875181200885,2.4512092774853134
4.364000,1.176775768673228,2.1142900740062562
4.366000,1.1328297856107423,1.8896772716868848
4.368000,1.4258030060273137,2.2998397802700845
4.370000,1.3281452658884565,2.290074006256199
4.372000,1.381857022964828,2.290074006256199
4.374000,1.4258030060273137,2.280308232242313
4.376000,1.5234607461661707,2.2754253452353703
4.378000,1.1474784466315708,2.1631189440756846
4.380000,1.1084153505760281,2.4267948424505987
4.382000,1.5332265201800566,2.1289387350270847
4.384000,1.245136186770428,1.9629205767910276
4.386000,1.3281452658884565,2.2021820401312278
4.388000,1.4599832150759136,1.9092088197146564
4.390000,1.2304875257495995,2.3389028763256277
4.392000,1.3623254749370566,2.3779659723811704
4.394000,1.4355687800411994,1.8750286106660563
4.396000,1.1035324635690853,2.1094071869993134
4.398000,1.2695506218051422,2.1631189440756846
4.400000,1.3867399099717708,2.4023804074158845
4.402000,1.2207217517357138,2.0019836728465705
4.404000,1.6260013733119707,2.2949568932631417
4.406000,1.347676813916228,2.2949568932631417
4.408000,1.074235141527428,2.050812542915999
4.410000,1.6064698252841993,2.3389028763256277
4.412000,1.6113527122911422,2.4463263904783705
4.414000,1.1523613336385137,2.3486686503395133
4.416000,1.416037232013428,1.8994430457007705
4.418000,1.5722896162355993,1.9140917067215992
4.420000,1.5381094071869994,2.30960555428397
4.422000,1.4648661020828564,2.285191119249256
4.424000,1.4941634241245136,2.3144884412909135
4.426000,1.1279468986037995,2.2021820401312278
4.428000,1.6015869382772565,1.987335011825742
4.430000,1.1865415426871138,2.4512092774853134
4.432000,1.4355687800411994,2.4512092774853134
4.434000,1.3281452658884565,2.1875333791103992
4.436000,1.3623254749370566,2.3144884412909135
4.438000,1.5576409552147708,2.177767605096513
4.440000,1.2011902037079423,1.9824521248187992
4.442000,1.3672083619439994,2.290074006256199
4.444000,1.3183794918745708,2.0312809948882276
4.446000,1.552758068207828,2.334019989318685
4.448000,1.2939650568398566,2.0801098649576564
4.450000,1.1914244296940566,1.987335011825742
4.452000,1.5185778591592278,2.465857938506142
4.454000,1.0547035934996567,2.290074006256199
4.456000,1.0937666895551996,1.8994430457007705
4.458000,1.1279468986037995,2.0752269779507135
4.460000,1.4697489890897995,1.8896772716868848
4.462000,1.176775768673228,2.021515220874342
4.464000,1.5283436331731135,2.094758525978485
4.466000,1.616235599298085,2.456092164492256
4.468000,1.2988479438467995,2.1582360570687418
4.470000,1.6113527122911422,2.226596475165942
4.472000,1.1621271076523996,2.050812542915999
4.474000,1.2402532997634852,2.1435873960479133
4.476000,1.206073090714885,1.9824521248187992
4.478000,1.0986495765621425,2.3779659723811704
4.480000,1.3720912489509423,2.358434424353399
4.482000,1.3672083619439994,2.0019836728465705
4.484000,1.5967040512703137,1.9287403677424277
4.486000,1.5039291981383993,2.177767605096513
4.488000,1.4551003280689707,2.2119478141451134
4.490000,1.342793926909285,2.490272373540856
4.492000,1.4795147631036851,2.0703440909437707
4.494000,1.2549019607843137,2.177767605096513
4.496000,1.5039291981383993,1.987335011825742
4.498000,1.4941634241245136,2.363317311360342
4.500000,1.1230640115968566,2.3193713282978563
4.502000,1.376974135957885,2.3779659723811704
4.504000,1.274433508812085,2.0312809948882276
4.506000,1.4502174410620279,1.9678034637979704
4.508000,1.2304875257495995,1.987335011825742
4.510000,1.4599832150759136,2.3974975204089417
4.512000,1.4258030060273137,2.387731746395056
4.514000,1.513694972152285,2.089875638971542
4.516000,1.547875181200885,2.1387045090409704
4.518000,1.645532921339742,2.0068665598535134
4.520000,1.3281452658884565,2.3144884412909135
4.522000,1.1230640115968566,1.987335011825742
4.524000,1.3672083619439994,2.2656595712214846
4.526000,1.1572442206454567,2.0703440909437707
4.528000,1.6601815823605708,1.9726863508049135
4.530000,1.577172503242542,2.011749446860456
4.532000,1.2939650568398566,2.177767605096513
4.534000,1.645532921339742,2.226596475165942
4.536000,1.1328297856107423,2.089875638971542
4.538000,1.6504158083466849,2.3730830853742275
4.540000,1.5185778591592278,2.4414435034714277
4.542000,1.6260013733119707,1.9678034637979704
4.544000,1.0888838025482566,2.2070649271381706
4.546000,1.6552986953536277,2.3144884412909135
4.548000,1.3086137178606851,2.231479362172885
4.550000,1.2256046387426567,2.084992751964599
4.552000,1.1523613336385137,2.280308232242313
4.554000,1.616235599298085,2.045929655909056
4.556000,1.6357671473258564,2.30960555428397
4.558000,1.5381094071869994,2.290074006256199
4.560000,1.5674067292286564,2.290074006256199
4.562000,1.2988479438467995,2.0361638818951704
4.564000,1.2304875257495995,2.417029068436713
4.566000,1.1181811245899138,2.192416266117342
4.568000,1.4062714579995421,2.1875333791103992
4.570000,1.4990463111314565,2.1045242999923706
4.572000,1.1523613336385137,2.016632333867399
4.574000,1.5185778591592278,2.1045242999923706
4.576000,1.6650644693675136,2.2461280231937133
4.578000,1.2304875257495995,2.0996414129854277
4.580000,1.5869382772564278,2.0263981078812847
4.582000,1.5088120851453422,2.3682001983672847
4.584000,1.2207217517357138,1.9629205767910276
4.586000,1.6015869382772565,2.2949568932631417
4.588000,1.1621271076523996,2.124055848020142
4.590000,1.5625238422217136,2.4707408255130847
4.592000,1.2695506218051422,2.3730830853742275
4.594000,1.313496604867628,2.4267948424505987
4.596000,1.1279468986037995,2.011749446860456
4.598000,1.2207217517357138,2.353551537346456
4.600000,1.4258030060273137,2.0801098649576564
4.602000,1.279316395819028,2.2705424582284275
4.604000,1.1963073167009994,2.4853894865339132
4.606000,1.3623254749370566,2.2705424582284275
4.608000,1.3281452658884565,2.1338216220340276
4.610000,1.513694972152285,1.9922178988326849
4.612000,1.4551003280689707,2.050812542915999
4.614000,1.684596017395285,2.4512092774853134
4.616000,1.0986495765621425,2.2168307011520563
4.618000,1.6748302433813993,2.2949568932631417
4.620000,1.3867399099717708,2.329137102311742
4.622000,1.3232623788815137,2.5000381475547417
4.624000,1.2695506218051422,2.0410467689021132
4.626000,1.6943617914091706,2.5098039215686274
4.628000,1.342793926909285,2.4365606164644844
4.630000,1.3037308308537423,2.421911955443656
4.632000,1.5869382772564278,2.519569695582513
4.634000,1.3037308308537423,2.0996414129854277
4.636000,1.6699473563744565,2.124055848020142
4.638000,1.1035324635690853,2.1582360570687418
4.640000,1.1230640115968566,2.5000381475547417
4.642000,1.381857022964828,2.5000381475547417
4.644000,1.3574425879301137,2.324254215304799
4.646000,1.2549019607843137,2.1631189440756846
4.648000,1.4258030060273137,2.4853894865339132
4.650000,1.2402532997634852,2.1631189440756846
4.652000,1.5283436331731135,2.4463263904783705
4.654000,1.2256046387426567,2.5000381475547417
4.656000,1.342793926909285,2.119172961013199
4.658000,1.3379110399023422,2.1680018310826275
4.660000,1.206073090714885,2.2461280231937133
4.662000,1.6260013733119707,2.363317311360342
4.664000,1.5576409552147708,2.2461280231937133
4.666000,1.2890821698329138,1.987335011825742
4.668000,1.582055390249485,2.280308232242313
4.670000,1.616235599298085,2.324254215304799
4.672000,1.3574425879301137,1.9580376897840848
4.674000,1.5381094071869994,2.2705424582284275
4.676000,1.3183794918745708,2.3486686503395133
4.678000,1.2353704127565424,2.192416266117342
4.680000,1.4941634241245136,2.011749446860456
4.682000,1.5381094071869994,1.9580376897840848
4.684000,1.5625238422217136,2.0752269779507135
4.686000,1.4062714579995421,2.2412451361867705
4.688000,1.142595559624628,2.016632333867399
4.690000,1.552758068207828,2.4072632944228274
4.692000,1.416037232013428,2.495155260547799
4.694000,1.5722896162355993,2.3779659723811704
4.696000,1.484397650110628,2.192416266117342
4.698000,1.5722896162355993,2.255893797207599
4.700000,1.2890821698329138,2.016632333867399
4.702000,1.684596017395285,2.353551537346456
4.704000,1.6113527122911422,2.5146868085755703
4.706000,1.5039291981383993,2.285191119249256
4.708000,1.5088120851453422,2.329137102311742
4.710000,1.181658655680171,2.2705424582284275
4.712000,1.6894789044022278,2.231479362172885
4.714000,1.416037232013428,2.280308232242313
4.716000,1.6406500343327992,2.119172961013199
4.718000,1.6992446784161135,2.329137102311742
4.720000,1.376974135957885,2.1435873960479133
4.722000,1.2646677347981994,2.3974975204089417
4.724000,1.6406500343327992,2.5439841306172273
4.726000,1.4404516670481422,2.3144884412909135
4.728000,1.3672083619439994,2.495155260547799
4.730000,1.3183794918745708,1.9775692378118563
4.732000,1.3281452658884565,2.280308232242313
4.734000,1.6113527122911422,2.0752269779507135
4.736000,1.3379110399023422,2.3730830853742275
4.738000,1.416037232013428,2.285191119249256
4.740000,1.684596017395285,2.563515678644999
4.742000,1.5429922941939422,2.353551537346456
4.744000,1.6406500343327992,2.563515678644999
4.746000,1.5381094071869994,2.4707408255130847
4.748000,1.4746318760967423,2.3730830853742275
4.750000,1.6797131303883421,2.421911955443656
4.752000,1.4355687800411994,2.0996414129854277
4.754000,1.2256046387426567,2.4414435034714277
4.756000,1.713893339436942,2.4267948424505987
4.758000,1.2549019607843137,2.2705424582284275
4.760000,1.6797131303883421,2.4756237125200276
4.762000,1.4990463111314565,2.568398565651942
4.764000,1.1963073167009994,2.3144884412909135
4.766000,1.4258030060273137,2.177767605096513
4.768000,1.6504158083466849,2.5391012436102844
4.770000,1.4306858930342565,2.5439841306172273
4.772000,1.1670099946593424,2.2412451361867705
4.774000,1.2988479438467995,2.0703440909437707
4.776000,1.4697489890897995,2.231479362172885
4.778000,1.3916227969787136,2.417029068436713
4.780000,1.5625238422217136,2.1289387350270847
4.782000,1.2207217517357138,2.421911955443656
4.784000,1.1621271076523996,2.4805065995269704
4.786000,1.6015869382772565,2.182650492103456
4.788000,1.6357671473258564,2.280308232242313
4.790000,1.342793926909285,2.568398565651942
4.792000,1.5722896162355993,2.4512092774853134
4.794000,1.3183794918745708,2.387731746395056
4.796000,1.176775768673228,2.050812542915999
4.798000,1.4648661020828564,2.3730830853742275
4.800000,1.7334248874647136,1.9922178988326849
4.802000,1.7285420004577707,2.084992751964599
4.804000,1.2402532997634852,2.4463263904783705
4.806000,1.552758068207828,2.465857938506142
4.808000,1.7431906614785992,2.050812542915999
4.810000,1.6894789044022278,2.54886701762417
4.812000,1.352559700923171,2.563515678644999
4.814000,1.7383077744716564,2.465857938506142
4.816000,1.484397650110628,2.4707408255130847
4.818000,1.381857022964828,2.417029068436713
4.820000,1.5869382772564278,2.3437857633325705
4.822000,1.1718928816662852,1.9971007858396277
4.824000,1.2549019607843137,2.5342183566033416
4.826000,1.1914244296940566,2.1435873960479133
4.828000,1.6992446784161135,2.119172961013199
4.830000,1.1963073167009994,2.0312809948882276
4.832000,1.2500190737773709,2.524452582589456
4.834000,1.3037308308537423,2.2656595712214846
4.836000,1.5625238422217136,2.558632791638056
4.838000,1.3183794918745708,2.4463263904783705
4.840000,1.713893339436942,2.0361638818951704
4.842000,1.352559700923171,2.045929655909056
4.844000,1.6699473563744565,2.563515678644999
4.846000,1.3379110399023422,2.3486686503395133
4.848000,1.3867399099717708,2.251010910200656
4.850000,1.3672083619439994,2.084992751964599
4.852000,1.3037308308537423,2.334019989318685
4.854000,1.718776226443885,2.5781643396658276
4.856000,1.4111543450064852,2.0263981078812847
4.858000,1.547875181200885,2.4756237125200276
4.860000,1.5722896162355993,2.045929655909056
4.862000,1.5918211642633706,2.558632791638056
4.864000,1.5185778591592278,2.1094071869993134
4.866000,1.5674067292286564,2.597695887693599
4.868000,1.3623254749370566,2.045929655909056
4.870000,1.723659113450828,2.353551537346456
4.872000,1.6992446784161135,2.5781643396658276
4.874000,1.7285420004577707,2.4267948424505987
4.876000,1.713893339436942,2.285191119249256
4.878000,1.4746318760967423,2.0996414129854277
4.880000,1.5283436331731135,2.4023804074158845
4.882000,1.181658655680171,2.456092164492256
4.884000,1.2988479438467995,2.0752269779507135
4.886000,1.2695506218051422,2.3779659723811704
4.888000,1.3867399099717708,2.4316777294575416
4.890000,1.6406500343327992,2.177767605096513
4.892000,1.582055390249485,2.045929655909056
4.894000,1.5625238422217136,2.6074616617074846
4.896000,1.3281452658884565,2.1289387350270847
4.898000,1.552758068207828,2.5342183566033416
4.900000,1.2353704127565424,2.2754253452353703
4.902000,1.2353704127565424,2.182650492103456
4.904000,1.284199282825971,2.0801098649576564
4.906000,1.7724879835202563,2.153353170061799
4.908000,1.4404516670481422,2.6025787747005418
4.910000,1.4941634241245136,2.5879301136797133
4.912000,1.2402532997634852,2.089875638971542
4.914000,1.6699473563744565,2.3682001983672847
4.916000,1.6504158083466849,2.0752269779507135
4.918000,1.4404516670481422,2.1045242999923706
4.920000,1.6015869382772565,2.0410467689021132
4.922000,1.342793926909285,2.387731746395056
4.924000,1.4697489890897995,2.4316777294575416
4.926000,1.5185778591592278,2.2754253452353703
4.928000,1.748073548485542,2.5391012436102844
4.930000,1.5185778591592278,2.065461203936828
4.932000,1.342793926909285,2.30960555428397
4.934000,1.616235599298085,2.1582360570687418
4.936000,1.713893339436942,2.329137102311742
4.938000,1.6699473563744565,2.0263981078812847
4.940000,1.582055390249485,2.0703440909437707
4.942000,1.6797131303883421,2.5293354695963988
4.944000,1.513694972152285,2.0752269779507135
4.946000,1.284199282825971,2.3730830853742275
4.948000,1.4111543450064852,2.3389028763256277
4.950000,1.7676050965133134,2.1094071869993134
4.952000,1.7431906614785992,2.5391012436102844
4.954000,1.748073548485542,2.3779659723811704
4.956000,1.752956435492485,2.4023804074158845
4.958000,1.5967040512703137,2.5000381475547417
4.960000,1.3037308308537423,2.5049210345616846
4.962000,1.723659113450828,2.3389028763256277
4.964000,1.4209201190203709,2.5000381475547417
4.966000,1.3623254749370566,2.1582360570687418
4.968000,1.723659113450828,2.5098039215686274
4.970000,1.6211184863050279,2.2021820401312278
4.972000,1.2353704127565424,2.334019989318685
4.974000,1.4258030060273137,2.0996414129854277
4.976000,1.4111543450064852,2.3193713282978563
4.978000,1.5185778591592278,2.392614633401999
4.980000,1.5918211642633706,2.3730830853742275
4.982000,1.4990463111314565,2.3974975204089417
4.984000,1.376974135957885,2.4072632944228274
4.986000,1.5625238422217136,2.5781643396658276
4.988000,1.3086137178606851,2.465857938506142
4.990000,1.6552986953536277,2.0703440909437707
4.992000,1.3965056839856564,2.182650492103456
4.994000,1.2646677347981994,2.631876096742199
4.996000,1.3623254749370566,2.084992751964599
4.998000,1.6797131303883421,2.3047226672770273
5.000000,1.6943617914091706,2.197299153124285
5.002000,1.245136186770428,2.1728847180895703
5.004000,1.4746318760967423,2.148470283054856
5.006000,1.6504158083466849,2.290074006256199
5.008000,1.6699473563744565,2.5732814526588847
5.010000,1.4599832150759136,2.280308232242313
5.012000,1.577172503242542,2.3682001983672847
5.014000,1.4013885709925993,2.6074616617074846
5.016000,1.713893339436942,2.324254215304799
5.018000,1.3183794918745708,2.1435873960479133
5.020000,1.6015869382772565,2.6025787747005418
5.022000,1.2646677347981994,2.41214618142977
5.024000,1.4892805371175708,2.1094071869993134
5.026000,1.6504158083466849,2.1728847180895703
5.028000,1.245136186770428,2.2168307011520563
5.030000,1.7041275654230563,2.358434424353399
5.032000,1.2890821698329138,2.568398565651942
5.034000,1.376974135957885,2.5781643396658276
5.036000,1.7285420004577707,2.148470283054856
5.038000,1.787136644541085,2.553749904631113
5.040000,1.6943617914091706,2.3779659723811704
5.042000,1.4306858930342565,2.4267948424505987
5.044000,1.5283436331731135,2.6074616617074846
5.046000,1.3672083619439994,2.622110322728313
5.048000,1.4599832150759136,2.148470283054856
5.050000,1.552758068207828,2.592813000686656
5.052000,1.2402532997634852,2.30960555428397
5.054000,1.5234607461661707,2.1875333791103992
5.056000,1.5185778591592278,2.6367589837491416
5.058000,1.4013885709925993,2.5293354695963988
5.060000,1.3086137178606851,2.324254215304799
5.062000,1.4746318760967423,2.329137102311742
5.064000,1.2353704127565424,2.177767605096513
5.066000,1.6748302433813993,2.197299153124285
5.068000,1.616235599298085,2.465857938506142
5.070000,1.582055390249485,2.5879301136797133
5.072000,1.347676813916228,2.2754253452353703
5.074000,1.7627222095063706,2.5830472266727704
5.076000,1.7627222095063706,2.2705424582284275
5.078000,1.6015869382772565,2.5732814526588847
5.080000,1.5722896162355993,2.148470283054856
5.082000,1.6406500343327992,2.3779659723811704
5.084000,1.4209201190203709,2.358434424353399
5.086000,1.4355687800411994,2.124055848020142
5.088000,1.2939650568398566,2.094758525978485
5.090000,1.4697489890897995,2.2168307011520563
5.092000,1.352559700923171,2.5342183566033416
5.094000,1.3623254749370566,2.4707408255130847
5.096000,1.5332265201800566,2.392614633401999
5.098000,1.8115510795757992,2.1582360570687418
5.100000,1.4990463111314565,2.1289387350270847
5.102000,1.7090104524299992,2.329137102311742
5.104000,1.577172503242542,2.592813000686656
5.106000,1.6113527122911422,2.4365606164644844
5.108000,1.5722896162355993,2.4414435034714277
5.110000,1.4258030060273137,2.231479362172885
5.112000,1.684596017395285,2.3779659723811704
5.114000,1.5674067292286564,2.290074006256199
5.116000,1.7041275654230563,2.421911955443656
5.118000,1.5381094071869994,2.5781643396658276
5.120000,1.6894789044022278,2.2168307011520563
5.122000,1.6113527122911422,2.0996414129854277
5.124000,1.3574425879301137,2.4707408255130847
5.126000,1.4551003280689707,2.6660563057907987
5.128000,1.4502174410620279,2.563515678644999
5.130000,1.484397650110628,2.324254215304799
5.132000,1.3281452658884565,2.65140764476997
5.134000,1.3623254749370566,2.553749904631113
5.136000,1.381857022964828,2.255893797207599
5.138000,1.3574425879301137,2.2070649271381706
5.140000,1.6211184863050279,2.4853894865339132
5.142000,1.6943617914091706,2.2168307011520563
5.144000,1.2939650568398566,2.68558785381857
5.146000,1.3281452658884565,2.4756237125200276
5.148000,1.816433966582742,2.2705424582284275
5.150000,1.4795147631036851,2.3437857633325705
5.152000,1.6406500343327992,2.119172961013199
5.154000,1.616235599298085,2.3682001983672847
5.156000,1.4697489890897995,2.4463263904783705
5.158000,1.552758068207828,2.465857938506142
5.160000,1.313496604867628,2.4316777294575416
5.162000,1.6015869382772565,2.5098039215686274
5.164000,1.8066681925688564,2.656290531776913
5.166000,1.8457312886243993,2.490272373540856
5.168000,1.4502174410620279,2.387731746395056
5.170000,1.381857022964828,2.6758220798046843
5.172000,1.5381094071869994,2.460975051499199
5.174000,1.7627222095063706,2.1875333791103992
5.176000,1.577172503242542,2.1094071869993134
5.178000,1.547875181200885,2.417029068436713
5.180000,1.6552986953536277,2.3682001983672847
5.182000,1.8261997405966277,2.2754253452353703
5.184000,1.7676050965133134,2.519569695582513
5.186000,1.279316395819028,2.5781643396658276
5.188000,1.3965056839856564,2.2705424582284275
5.190000,1.777370870527199,2.2461280231937133
5.192000,1.3281452658884565,2.1387045090409704
5.194000,1.2988479438467995,2.4756237125200276
5.196000,1.4306858930342565,2.6416418707560845
5.198000,1.787136644541085,2.2021820401312278
5.200000,1.718776226443885,2.695353627832456
5.202000,1.5039291981383993,2.1582360570687418
5.204000,1.713893339436942,2.524452582589456
5.206000,1.3183794918745708,2.6465247577630273
5.208000,1.7627222095063706,2.495155260547799
5.210000,1.6699473563744565,2.1387045090409704
5.212000,1.284199282825971,2.661173418783856
5.214000,1.6650644693675136,2.260776684214542
5.216000,1.342793926909285,2.1289387350270847
5.218000,1.6260013733119707,2.2119478141451134
5.220000,1.6308842603189135,2.4463263904783705
5.222000,1.3720912489509423,2.631876096742199
5.224000,1.5722896162355993,2.2168307011520563
5.226000,1.5234607461661707,2.5146868085755703
5.228000,1.8359655146105134,2.6172274357213703
5.230000,1.3330281528953993,2.6074616617074846
5.232000,1.4013885709925993,2.695353627832456
5.234000,1.552758068207828,2.519569695582513
5.236000,1.5234607461661707,2.329137102311742
5.238000,1.5576409552147708,2.5439841306172273
5.240000,1.5576409552147708,2.465857938506142
5.242000,1.752956435492485,2.221713588158999
5.244000,1.5332265201800566,2.6025787747005418
5.246000,1.5967040512703137,2.4316777294575416
5.248000,1.3232623788815137,2.4512092774853134
5.250000,1.2988479438467995,2.5098039215686274
5.252000,1.616235599298085,2.3779659723811704
5.254000,1.6943617914091706,2.700236514839399
5.256000,1.381857022964828,2.3974975204089417
5.258000,1.445334554055085,2.280308232242313
5.260000,1.8457312886243993,2.6758220798046843
5.262000,1.552758068207828,2.456092164492256
5.264000,1.3867399099717708,2.280308232242313
5.266000,1.3720912489509423,2.558632791638056
5.268000,1.7041275654230563,2.2168307011520563
5.270000,1.5967040512703137,2.2705424582284275
5.272000,1.748073548485542,2.2461280231937133
5.274000,1.8701457236591135,2.5781643396658276
5.276000,1.6113527122911422,2.334019989318685
5.278000,1.3574425879301137,2.568398565651942
5.280000,1.3183794918745708,2.382848859388113
5.282000,1.347676813916228,2.2412451361867705
5.284000,1.5722896162355993,2.1435873960479133
5.286000,1.4306858930342565,2.358434424353399
5.288000,1.7724879835202563,2.197299153124285
5.290000,1.4502174410620279,2.54886701762417
5.292000,1.645532921339742,2.4023804074158845
5.294000,1.4209201190203709,2.54886701762417
5.296000,1.8261997405966277,2.3437857633325705
5.298000,1.4306858930342565,2.221713588158999
5.300000,1.347676813916228,2.622110322728313
5.302000,1.484397650110628,2.460975051499199
5.304000,1.7676050965133134,2.460975051499199
5.306000,1.5234607461661707,2.460975051499199
5.308000,1.4892805371175708,2.695353627832456
5.310000,1.577172503242542,2.6904707408255133
5.312000,1.416037232013428,2.417029068436713
5.314000,1.6504158083466849,2.5293354695963988
5.316000,1.8896772716868848,2.5342183566033416
5.318000,1.8115510795757992,2.734416723887999
5.320000,1.342793926909285,2.260776684214542
5.322000,1.5918211642633706,2.68558785381857
5.324000,1.445334554055085,2.729533836881056
5.326000,1.5381094071869994,2.3779659723811704
5.328000,1.616235599298085,2.6074616617074846
5.330000,1.5381094071869994,2.280308232242313
5.332000,1.5674067292286564,2.192416266117342
5.334000,1.5332265201800566,2.30960555428397
5.336000,1.4306858930342565,2.280308232242313
5.338000,1.9043259327077133,2.2021820401312278
5.340000,1.4209201190203709,2.465857938506142
5.342000,1.577172503242542,2.2363622491798276
5.344000,1.5039291981383993,2.6367589837491416
5.346000,1.3232623788815137,2.626993209735256
5.348000,1.4306858930342565,2.5146868085755703
5.350000,1.552758068207828,2.6904707408255133
5.352000,1.6113527122911422,2.695353627832456
5.354000,1.8457312886243993,2.4853894865339132
5.356000,1.6113527122911422,2.2656595712214846
5.358000,1.8261997405966277,2.353551537346456
5.360000,1.713893339436942,2.41214618142977
5.362000,1.3281452658884565,2.592813000686656
5.364000,1.4209201190203709,2.6074616617074846
5.366000,1.718776226443885,2.382848859388113
5.368000,1.3623254749370566,2.495155260547799
5.370000,1.577172503242542,2.3974975204089417
5.372000,1.616235599298085,2.519569695582513
5.374000,1.4209201190203709,2.3730830853742275
5.376000,1.8066681925688564,2.192416266117342
5.378000,1.8506141756313421,2.260776684214542
5.380000,1.918974593728542,2.2412451361867705
5.382000,1.918974593728542,2.65140764476997
5.384000,1.7969024185549707,2.3047226672770273
5.386000,1.3623254749370566,2.7441824979018845
5.388000,1.8066681925688564,2.280308232242313
5.390000,1.3965056839856564,2.4316777294575416
5.392000,1.4892805371175708,2.5391012436102844
5.394000,1.7578393224994278,2.622110322728313
5.396000,1.6894789044022278,2.7490653849088273
5.398000,1.342793926909285,2.460975051499199
5.400000,1.552758068207828,2.2754253452353703
5.402000,1.8359655146105134,2.6465247577630273
5.404000,1.8310826276035705,2.5391012436102844
5.406000,1.3379110399023422,2.6904707408255133
5.408000,1.8261997405966277,2.2998397802700845
5.410000,1.381857022964828,2.490272373540856
5.412000,1.8896772716868848,2.41214618142977
5.414000,1.7090104524299992,2.7148851758602275
5.416000,1.8115510795757992,2.680704966811627
5.418000,1.748073548485542,2.4853894865339132
5.420000,1.4599832150759136,2.5732814526588847
5.422000,1.8359655146105134,2.2754253452353703
5.424000,1.7676050965133134,2.695353627832456
5.426000,1.855497062638285,2.5293354695963988
5.428000,1.6797131303883421,2.7392996108949417
5.430000,1.9092088197146564,2.7685969329365987
5.432000,1.718776226443885,2.3974975204089417
5.434000,1.787136644541085,2.563515678644999
5.436000,1.8017853055619135,2.680704966811627
5.438000,1.8506141756313421,2.2998397802700845
5.440000,1.4941634241245136,2.5342183566033416
5.442000,1.9092088197146564,2.7100022888532846
5.444000,1.4013885709925993,2.1728847180895703
5.446000,1.484397650110628,2.6709391927977415
5.448000,1.4990463111314565,2.524452582589456
5.450000,1.5332265201800566,2.75394827191577
5.452000,1.381857022964828,2.4414435034714277
5.454000,1.5039291981383993,2.519569695582513
5.456000,1.7969024185549707,2.2656595712214846
5.458000,1.9043259327077133,2.734416723887999
5.460000,1.713893339436942,2.2119478141451134
5.462000,1.4551003280689707,2.2656595712214846
5.464000,1.6601815823605708,2.2998397802700845
5.466000,1.5088120851453422,2.65140764476997
5.468000,1.5869382772564278,2.5879301136797133
5.470000,1.9092088197146564,2.255893797207599
5.472000,1.5869382772564278,2.568398565651942
5.474000,1.6113527122911422,2.622110322728313
5.476000,1.4941634241245136,2.6904707408255133
5.478000,1.4111543450064852,2.4414435034714277
5.480000,1.7920195315480278,2.724650949874113
5.482000,1.7285420004577707,2.7392996108949417
5.484000,1.7431906614785992,2.2461280231937133
5.486000,1.816433966582742,2.4805065995269704
5.488000,1.3916227969787136,2.231479362172885
5.490000,1.6943617914091706,2.7392996108949417
5.492000,1.6552986953536277,2.78812848096437
5.494000,1.7676050965133134,2.7734798199435415
5.496000,1.816433966582742,2.6367589837491416
5.498000,1.4941634241245136,2.656290531776913
5.500000,1.8799114976729991,2.597695887693599
5.502000,1.6064698252841993,2.3047226672770273
5.504000,1.9629205767910276,2.41214618142977
5.506000,1.684596017395285,2.631876096742199
5.508000,1.9092088197146564,2.255893797207599
5.510000,1.7627222095063706,2.226596475165942
5.512000,1.748073548485542,2.387731746395056
5.514000,1.5625238422217136,2.490272373540856
5.516000,1.9336232547493706,2.7490653849088273
5.518000,1.855497062638285,2.6465247577630273
5.520000,1.6211184863050279,2.5342183566033416
5.522000,1.552758068207828,2.324254215304799
5.524000,1.7383077744716564,2.734416723887999
5.526000,1.6064698252841993,2.783245593957427
5.528000,1.4648661020828564,2.729533836881056
5.530000,1.513694972152285,2.226596475165942
5.532000,1.4892805371175708,2.226596475165942
5.534000,1.9092088197146564,2.695353627832456
5.536000,1.4502174410620279,2.729533836881056
5.538000,1.484397650110628,2.3974975204089417
5.540000,1.381857022964828,2.4072632944228274
5.542000,1.6797131303883421,2.3682001983672847
5.544000,1.6992446784161135,2.4707408255130847
5.546000,1.9385061417563134,2.4512092774853134
5.548000,1.376974135957885,2.2412451361867705
5.550000,1.4697489890897995,2.4023804074158845
5.552000,1.4746318760967423,2.75394827191577
5.554000,1.6650644693675136,2.255893797207599
5.556000,1.6064698252841993,2.6660563057907987
5.558000,1.6943617914091706,2.6758220798046843
5.560000,1.3965056839856564,2.75394827191577
5.562000,1.8017853055619135,2.6025787747005418
5.564000,1.6406500343327992,2.75394827191577
5.566000,1.5576409552147708,2.553749904631113
5.568000,1.6064698252841993,2.631876096742199
5.570000,1.445334554055085,2.597695887693599
5.572000,1.6699473563744565,2.221713588158999
5.574000,1.6650644693675136,2.695353627832456
5.576000,1.7041275654230563,2.358434424353399
5.578000,1.8261997405966277,2.260776684214542
5.580000,1.9140917067215992,2.568398565651942
5.582000,1.8896772716868848,2.4365606164644844
5.584000,1.4551003280689707,2.729533836881056
5.586000,1.5088120851453422,2.495155260547799
5.588000,1.5234607461661707,2.5342183566033416
5.590000,1.7090104524299992,2.3389028763256277
5.592000,1.5234607461661707,2.5293354695963988
5.594000,1.8652628366521706,2.417029068436713
5.596000,1.7822537575341422,2.387731746395056
5.598000,1.855497062638285,2.3144884412909135
5.600000,1.884794384679942,2.661173418783856
5.602000,1.8603799496452278,2.4756237125200276
5.604000,1.547875181200885,2.5293354695963988
5.606000,1.7969024185549707,2.5391012436102844
5.608000,1.5234607461661707,2.290074006256199
5.610000,1.8701457236591135,2.54886701762417
5.612000,1.787136644541085,2.5146868085755703
5.614000,1.5039291981383993,2.3193713282978563
5.616000,1.7920195315480278,2.524452582589456
5.618000,1.6015869382772565,2.7978942549782557
5.620000,1.7724879835202563,2.2363622491798276
5.622000,1.5234607461661707,2.334019989318685
5.624000,1.4746318760967423,2.705119401846342
5.626000,1.6748302433813993,2.5000381475547417
5.628000,1.9726863508049135,2.290074006256199
5.630000,1.884794384679942,2.495155260547799
5.632000,1.4795147631036851,2.417029068436713
5.634000,1.6943617914091706,2.2998397802700845
5.636000,1.6113527122911422,2.2949568932631417
5.638000,1.7090104524299992,2.519569695582513
5.640000,1.855497062638285,2.7490653849088273
5.642000,1.9726863508049135,2.54886701762417
5.644000,1.6797131303883421,2.6123445487144275
5.646000,1.8701457236591135,2.3144884412909135
5.648000,1.8310826276035705,2.465857938506142
5.650000,1.748073548485542,2.7100022888532846
5.652000,1.4599832150759136,2.8125429159990842
5.654000,1.7578393224994278,2.7392996108949417
5.656000,1.8017853055619135,2.387731746395056
5.658000,1.6797131303883421,2.2754253452353703
5.660000,1.6992446784161135,2.363317311360342
5.662000,1.4892805371175708,2.5146868085755703
5.664000,1.6943617914091706,2.334019989318685
5.666000,1.5869382772564278,2.700236514839399
5.668000,1.8652628366521706,2.836957351033799
5.670000,1.8261997405966277,2.7490653849088273
5.672000,1.8994430457007705,2.656290531776913
5.674000,1.9140917067215992,2.465857938506142
5.676000,1.6797131303883421,2.729533836881056
5.678000,1.723659113450828,2.793011367971313
5.680000,1.8359655146105134,2.5000381475547417
5.682000,1.6211184863050279,2.7734798199435415
5.684000,1.5088120851453422,2.2461280231937133
5.686000,2.0068665598535134,2.5098039215686274
5.688000,1.5674067292286564,2.724650949874113
5.690000,1.582055390249485,2.758831158922713
5.692000,1.6650644693675136,2.4512092774853134
5.694000,1.8799114976729991,2.4805065995269704
5.696000,1.7431906614785992,2.5049210345616846
5.698000,1.4355687800411994,2.329137102311742
5.700000,1.752956435492485,2.4072632944228274
5.702000,1.5185778591592278,2.836957351033799
5.704000,1.7969024185549707,2.3779659723811704
5.706000,1.9385061417563134,2.329137102311742
5.708000,1.8945601586938277,2.695353627832456
5.710000,1.7578393224994278,2.4072632944228274
5.712000,1.787136644541085,2.8418402380407417
5.714000,1.9580376897840848,2.729533836881056
5.716000,1.6504158083466849,2.6660563057907987
5.718000,1.445334554055085,2.495155260547799
5.720000,1.9629205767910276,2.700236514839399
5.722000,1.5674067292286564,2.358434424353399
5.724000,1.9824521248187992,2.3437857633325705
5.726000,1.4404516670481422,2.592813000686656
5.728000,1.777370870527199,2.6416418707560845
5.730000,1.6211184863050279,2.6074616617074846
5.732000,1.9140917067215992,2.8125429159990842
5.734000,1.5429922941939422,2.4805065995269704
5.736000,1.9824521248187992,2.5342183566033416
5.738000,1.5625238422217136,2.5342183566033416
5.740000,1.8652628366521706,2.85648889906157
5.742000,1.645532921339742,2.30960555428397
5.744000,1.9824521248187992,2.734416723887999
5.746000,1.5576409552147708,2.7100022888532846
5.748000,1.6552986953536277,2.54886701762417
5.750000,1.7969024185549707,2.456092164492256
5.752000,1.4941634241245136,2.758831158922713
5.754000,1.684596017395285,2.280308232242313
5.756000,1.5967040512703137,2.3682001983672847
5.758000,1.718776226443885,2.553749904631113
5.760000,1.6552986953536277,2.724650949874113
5.762000,1.7724879835202563,2.3779659723811704
5.764000,1.816433966582742,2.783245593957427
5.766000,1.6113527122911422,2.6758220798046843
5.768000,2.021515220874342,2.7734798199435415
5.770000,1.9629205767910276,2.68558785381857
5.772000,1.7285420004577707,2.329137102311742
5.774000,1.8115510795757992,2.5342183566033416
5.776000,1.8408484016174562,2.2705424582284275
5.778000,1.5039291981383993,2.631876096742199
5.780000,1.8994430457007705,2.700236514839399
5.782000,1.9678034637979704,2.827191577019913
5.784000,1.9775692378118563,2.3730830853742275
5.786000,1.8506141756313421,2.324254215304799
5.788000,1.8652628366521706,2.8076600289921414
5.790000,2.0410467689021132,2.7441824979018845
5.792000,1.547875181200885,2.363317311360342
5.794000,2.011749446860456,2.6465247577630273
5.796000,1.5576409552147708,2.8223086900129704
5.798000,1.616235599298085,2.7148851758602275
5.800000,1.8066681925688564,2.4023804074158845
5.802000,1.8017853055619135,2.7734798199435415
5.804000,1.6552986953536277,2.558632791638056
5.806000,1.6699473563744565,2.631876096742199
5.808000,1.7090104524299992,2.387731746395056
5.810000,1.5429922941939422,2.8174258030060275
5.812000,1.577172503242542,2.6904707408255133
5.814000,1.6308842603189135,2.3389028763256277
5.816000,1.9678034637979704,2.456092164492256
5.818000,1.8506141756313421,2.6709391927977415
5.820000,1.7627222095063706,2.68558785381857
5.822000,1.8896772716868848,2.460975051499199
5.824000,1.9629205767910276,2.6123445487144275
5.826000,1.7090104524299992,2.4365606164644844
5.828000,1.8359655146105134,2.7490653849088273
5.830000,1.6113527122911422,2.5781643396658276
5.832000,1.5283436331731135,2.75394827191577
5.834000,1.9922178988326849,2.592813000686656
5.836000,1.8310826276035705,2.5342183566033416
5.838000,1.987335011825742,2.8223086900129704
5.840000,1.6357671473258564,2.460975051499199
5.842000,1.8750286106660563,2.7783627069504844
5.844000,1.6992446784161135,2.6123445487144275
5.846000,1.8261997405966277,2.832074464026856
5.848000,1.5185778591592278,2.387731746395056
5.850000,1.9385061417563134,2.7197680628671703
5.852000,1.484397650110628,2.758831158922713
5.854000,1.5283436331731135,2.8711375600823987
5.856000,1.9092088197146564,2.3779659723811704
5.858000,1.9140917067215992,2.353551537346456
5.860000,1.577172503242542,2.3437857633325705
5.862000,1.816433966582742,2.3389028763256277
5.864000,1.718776226443885,2.421911955443656
5.866000,1.5234607461661707,2.3193713282978563
5.868000,1.8652628366521706,2.392614633401999
5.870000,1.9140917067215992,2.832074464026856
5.872000,2.0019836728465705,2.7148851758602275
5.874000,1.9922178988326849,2.417029068436713
5.876000,1.5088120851453422,2.524452582589456
5.878000,1.9580376897840848,2.622110322728313
5.880000,1.616235599298085,2.363317311360342
5.882000,1.645532921339742,2.836957351033799
5.884000,1.8457312886243993,2.5342183566033416
5.886000,1.9775692378118563,2.85648889906157
5.888000,1.9287403677424277,2.6025787747005418
5.890000,1.7431906614785992,2.8027771419851986
5.892000,1.5283436331731135,2.5293354695963988
5.894000,2.0361638818951704,2.7734798199435415
5.896000,2.0068665598535134,2.6367589837491416
5.898000,1.6552986953536277,2.5342183566033416
5.900000,1.9775692378118563,2.8174258030060275
5.902000,1.948271915770199,2.490272373540856
5.904000,1.6943617914091706,2.417029068436713
5.906000,1.8457312886243993,2.631876096742199
5.908000,2.0556954299229417,2.4072632944228274
5.910000,1.6113527122911422,2.5293354695963988
5.912000,1.752956435492485,2.8418402380407417
5.914000,1.552758068207828,2.6025787747005418
5.916000,1.8799114976729991,2.6709391927977415
5.918000,2.0312809948882276,2.5732814526588847
5.920000,1.6699473563744565,2.6709391927977415
5.922000,1.9824521248187992,2.7734798199435415
5.924000,1.8506141756313421,2.363317311360342
5.926000,1.6211184863050279,2.3437857633325705
5.928000,1.7578393224994278,2.465857938506142
5.930000,1.718776226443885,2.4023804074158845
5.932000,1.8066681925688564,2.626993209735256
5.934000,1.577172503242542,2.895551995117113
5.936000,1.7383077744716564,2.8760204470893416
5.938000,1.8457312886243993,2.3193713282978563
5.940000,2.011749446860456,2.8027771419851986
5.942000,1.7285420004577707,2.861371786068513
5.944000,1.748073548485542,2.7197680628671703
5.946000,1.5283436331731135,2.5781643396658276
5.948000,1.8359655146105134,2.563515678644999
5.950000,1.8603799496452278,2.8809033340962844
5.952000,1.7041275654230563,2.8223086900129704
5.954000,2.084992751964599,2.861371786068513
5.956000,1.5234607461661707,2.65140764476997
5.958000,1.9092088197146564,2.6025787747005418
5.960000,1.8506141756313421,2.4365606164644844
5.962000,1.5039291981383993,2.6904707408255133
5.964000,1.6211184863050279,2.392614633401999
5.966000,1.6504158083466849,2.861371786068513
5.968000,1.6552986953536277,2.65140764476997
5.970000,1.6894789044022278,2.563515678644999
5.972000,1.8652628366521706,2.387731746395056
5.974000,1.6260013733119707,2.827191577019913
5.976000,1.7431906614785992,2.3389028763256277
5.978000,1.9043259327077133,2.524452582589456
5.980000,1.9824521248187992,2.7441824979018845
5.982000,1.7920195315480278,2.3389028763256277
5.984000,1.7285420004577707,2.92484931715877
5.986000,1.9678034637979704,2.8467231250476845
5.988000,1.948271915770199,2.3437857633325705
5.990000,1.9971007858396277,2.8076600289921414
5.992000,1.6748302433813993,2.7100022888532846
5.994000,1.8799114976729991,2.7490653849088273
5.996000,1.6943617914091706,2.626993209735256
5.998000,1.9775692378118563,2.4853894865339132
6.000000,1.8994430457007705,2.929732204165713
6.002000,1.5234607461661707,2.4463263904783705
6.004000,1.5283436331731135,2.7783627069504844
6.006000,1.987335011825742,2.919966430151827
6.008000,1.5918211642633706,2.8760204470893416
6.010000,1.6748302433813993,2.597695887693599
6.012000,2.016632333867399,2.5049210345616846
6.014000,1.7285420004577707,2.5879301136797133
6.016000,1.748073548485542,2.5049210345616846
6.018000,2.0263981078812847,2.9053177691309986
6.020000,1.5429922941939422,2.7392996108949417
6.022000,1.7578393224994278,2.9004348821240558
6.024000,1.547875181200885,2.4853894865339132
6.026000,1.7724879835202563,2.9346150911726556
6.028000,1.723659113450828,2.5781643396658276
6.030000,1.953154802777142,2.558632791638056
6.032000,2.0410467689021132,2.763714045929656
6.034000,1.9824521248187992,2.6416418707560845
6.036000,2.124055848020142,2.5439841306172273
6.038000,1.8652628366521706,2.5342183566033416
6.040000,2.065461203936828,2.763714045929656
6.042000,2.1045242999923706,2.7441824979018845
6.044000,1.6406500343327992,2.861371786068513
6.046000,1.7383077744716564,2.3730830853742275
6.048000,2.094758525978485,2.524452582589456
6.050000,1.923857480735485,2.417029068436713
6.052000,1.7431906614785992,2.6709391927977415
6.054000,1.8213168535896849,2.919966430151827
6.056000,2.1094071869993134,2.41214618142977
6.058000,1.7920195315480278,2.78812848096437
6.060000,2.0312809948882276,2.65140764476997
6.062000,1.723659113450828,2.7734798199435415
6.064000,1.9678034637979704,2.631876096742199
6.066000,1.7578393224994278,2.417029068436713
6.068000,1.8066681925688564,2.597695887693599
6.070000,1.6797131303883421,2.9541466392004274
6.072000,1.8603799496452278,2.4707408255130847
6.074000,1.9385061417563134,2.705119401846342
6.076000,1.777370870527199,2.392614633401999
6.078000,2.0605783169298846,2.92484931715877
6.080000,1.616235599298085,2.387731746395056
6.082000,1.7822537575341422,2.9346150911726556
6.084000,1.6113527122911422,2.7197680628671703
6.086000,1.7969024185549707,2.4023804074158845
6.088000,1.8994430457007705,2.793011367971313
6.090000,1.8066681925688564,2.8516060120546274
6.092000,1.752956435492485,2.5830472266727704
6.094000,1.6113527122911422,2.9102006561379414
6.096000,1.884794384679942,2.661173418783856
6.098000,1.8115510795757992,2.631876096742199
6.100000,1.7383077744716564,2.592813000686656
6.102000,2.021515220874342,2.563515678644999
6.104000,1.7822537575341422,2.7148851758602275
6.106000,1.577172503242542,2.6123445487144275
6.108000,1.582055390249485,2.6123445487144275
6.110000,1.9043259327077133,2.5732814526588847
6.112000,1.8750286106660563,2.9492637521934846
6.114000,1.6015869382772565,2.8223086900129704
6.116000,2.016632333867399,2.8174258030060275
6.118000,2.0556954299229417,2.763714045929656
6.120000,1.6015869382772565,2.9541466392004274
6.122000,2.148470283054856,2.8516060120546274
6.124000,1.8408484016174562,2.6660563057907987
6.126000,2.119172961013199,2.836957351033799
6.128000,1.723659113450828,2.6367589837491416
6.130000,1.777370870527199,2.7392996108949417
6.132000,1.9043259327077133,2.7197680628671703
6.134000,1.8506141756313421,2.827191577019913
6.136000,1.7724879835202563,2.656290531776913
6.138000,1.8945601586938277,2.3974975204089417
6.140000,2.0068665598535134,2.5781643396658276
6.142000,1.8457312886243993,2.7392996108949417
6.144000,1.7627222095063706,2.895551995117113
6.146000,1.8457312886243993,2.626993209735256
6.148000,2.0556954299229417,2.8223086900129704
6.150000,1.948271915770199,2.5391012436102844
6.152000,1.5967040512703137,2.4805065995269704
6.154000,1.8359655146105134,2.9150835431448843
6.156000,2.065461203936828,2.524452582589456
6.158000,2.094758525978485,2.5293354695963988
6.160000,1.723659113450828,2.558632791638056
6.162000,1.748073548485542,2.597695887693599
6.164000,1.7041275654230563,2.524452582589456
6.166000,2.089875638971542,2.92484931715877
6.168000,2.065461203936828,2.89066910811017
6.170000,1.8310826276035705,2.9834439612420844
6.172000,1.645532921339742,2.490272373540856
6.174000,2.0312809948882276,2.5391012436102844
6.176000,1.6797131303883421,2.9785610742351416
6.178000,1.6504158083466849,2.705119401846342
6.180000,2.0361638818951704,2.553749904631113
6.182000,1.582055390249485,2.729533836881056
6.184000,2.0019836728465705,2.3974975204089417
6.186000,2.1387045090409704,2.968795300221256
6.188000,1.6260013733119707,2.9346150911726556
6.190000,1.7724879835202563,2.65140764476997
6.192000,1.8457312886243993,2.700236514839399
6.194000,1.7041275654230563,2.4414435034714277
6.196000,1.7627222095063706,2.68558785381857
6.198000,2.045929655909056,2.705119401846342
6.200000,2.0410467689021132,2.4707408255130847
6.202000,2.0019836728465705,2.6904707408255133
6.204000,2.094758525978485,2.490272373540856
6.206000,2.1680018310826275,2.9785610742351416
6.208000,1.7431906614785992,2.968795300221256
6.210000,1.8213168535896849,2.5879301136797133
6.212000,1.6943617914091706,2.968795300221256
6.214000,1.8359655146105134,2.65140764476997
6.216000,2.0361638818951704,2.7734798199435415
6.218000,1.8115510795757992,2.7148851758602275
6.220000,2.1289387350270847,2.8125429159990842
6.222000,2.153353170061799,2.7490653849088273
6.224000,1.777370870527199,2.963912413214313
6.226000,2.0752269779507135,2.9053177691309986
6.228000,2.119172961013199,2.6416418707560845
6.230000,1.777370870527199,2.724650949874113
6.232000,1.9824521248187992,2.4805065995269704
6.234000,1.684596017395285,2.6172274357213703
6.236000,1.9678034637979704,2.6709391927977415
6.238000,2.1435873960479133,2.763714045929656
6.240000,1.8066681925688564,2.895551995117113
6.242000,1.8310826276035705,2.8125429159990842
6.244000,1.9824521248187992,2.568398565651942
6.246000,1.9629205767910276,2.9004348821240558
6.248000,1.8457312886243993,2.7197680628671703
6.250000,1.855497062638285,2.861371786068513
6.252000,1.6015869382772565,2.8223086900129704
6.254000,1.9971007858396277,2.4853894865339132
6.256000,2.119172961013199,2.89066910811017
6.258000,1.9678034637979704,2.631876096742199
6.260000,1.6357671473258564,2.9541466392004274
6.262000,2.1142900740062562,2.4414435034714277
6.264000,1.8945601586938277,2.460975051499199
6.266000,1.8310826276035705,2.4756237125200276
6.268000,1.718776226443885,2.4707408255130847
6.270000,2.0068665598535134,2.495155260547799
6.272000,2.016632333867399,2.4365606164644844
6.274000,1.6211184863050279,2.5000381475547417
6.276000,2.0605783169298846,2.793011367971313
6.278000,1.9775692378118563,2.9736781872281988
6.280000,1.8994430457007705,2.78812848096437
6.282000,1.9629205767910276,2.7197680628671703
6.284000,1.6992446784161135,2.963912413214313
6.286000,2.045929655909056,2.78812848096437
6.288000,1.987335011825742,2.8760204470893416
6.290000,2.1631189440756846,2.4316777294575416
6.292000,2.1875333791103992,2.9443808651865417
6.294000,1.6699473563744565,2.5830472266727704
6.296000,2.0996414129854277,2.783245593957427
6.298000,2.050812542915999,2.963912413214313
6.300000,1.7920195315480278,2.460975051499199
6.302000,1.9775692378118563,2.8516060120546274
6.304000,1.6650644693675136,2.6904707408255133
6.306000,2.192416266117342,2.9785610742351416
6.308000,1.723659113450828,2.626993209735256
6.310000,2.0703440909437707,2.460975051499199
6.312000,1.7822537575341422,2.5830472266727704
6.314000,1.684596017395285,2.568398565651942
6.316000,1.684596017395285,2.592813000686656
6.318000,2.0019836728465705,2.9102006561379414
6.320000,2.021515220874342,2.9541466392004274
6.322000,2.0996414129854277,2.92484931715877
6.324000,2.0752269779507135,2.4756237125200276
6.326000,2.2070649271381706,2.793011367971313
6.328000,2.045929655909056,2.8711375600823987
6.330000,1.8408484016174562,2.7685969329365987
6.332000,2.0703440909437707,2.558632791638056
6.334000,1.8457312886243993,2.827191577019913
6.336000,2.1387045090409704,2.626993209735256
6.338000,2.0312809948882276,2.9590295262073703
6.340000,1.9726863508049135,2.8125429159990842
6.342000,2.0019836728465705,2.8418402380407417
6.344000,1.9922178988326849,2.54886701762417
6.346000,1.6406500343327992,2.5098039215686274
6.348000,2.0410467689021132,2.793011367971313
6.350000,1.7383077744716564,2.7734798199435415
6.352000,1.9775692378118563,2.8076600289921414
6.354000,1.6943617914091706,2.729533836881056
6.356000,2.011749446860456,2.5391012436102844
6.358000,2.0703440909437707,2.8027771419851986
6.360000,2.089875638971542,2.99320973525597
6.362000,1.748073548485542,2.7734798199435415
6.364000,1.8506141756313421,2.631876096742199
6.366000,2.1680018310826275,2.695353627832456
6.368000,2.1582360570687418,2.6367589837491416
6.370000,1.8896772716868848,2.7490653849088273
6.372000,2.0361638818951704,2.8125429159990842
6.374000,1.684596017395285,2.695353627832456
6.376000,2.153353170061799,2.763714045929656
6.378000,1.723659113450828,3.0176241702906843
6.380000,2.0801098649576564,2.8027771419851986
6.382000,1.8945601586938277,3.002975509269856
6.384000,1.9336232547493706,2.9541466392004274
6.386000,1.923857480735485,2.6465247577630273
6.388000,2.124055848020142,2.895551995117113
6.390000,2.1631189440756846,3.032272831311513
6.392000,1.713893339436942,3.051804379339284
6.394000,2.2021820401312278,2.465857938506142
6.396000,1.6406500343327992,2.490272373540856
6.398000,1.8750286106660563,2.832074464026856
6.400000,1.9629205767910276,2.7734798199435415
6.402000,1.7724879835202563,2.456092164492256
6.404000,1.7578393224994278,2.656290531776913
6.406000,1.8213168535896849,2.490272373540856
6.408000,2.2021820401312278,2.963912413214313
6.410000,1.684596017395285,2.568398565651942
6.412000,1.718776226443885,3.0078583962767986
6.414000,2.0801098649576564,2.519569695582513
6.416000,1.684596017395285,2.963912413214313
6.418000,1.8408484016174562,2.6758220798046843
6.420000,1.9775692378118563,2.626993209735256
6.422000,1.7676050965133134,2.7978942549782557
6.424000,1.918974593728542,2.6025787747005418
6.426000,1.6894789044022278,2.9053177691309986
6.428000,1.9775692378118563,2.4853894865339132
6.430000,1.855497062638285,2.495155260547799
6.432000,2.0996414129854277,2.724650949874113
6.434000,2.1680018310826275,2.568398565651942
6.436000,2.197299153124285,2.895551995117113
6.438000,2.0703440909437707,2.793011367971313
6.440000,1.8017853055619135,2.5293354695963988
6.442000,1.752956435492485,3.032272831311513
6.444000,2.1045242999923706,2.5293354695963988
6.446000,2.0801098649576564,2.734416723887999
6.448000,1.9385061417563134,2.65140764476997
6.450000,2.1680018310826275,2.6123445487144275
6.452000,1.7383077744716564,2.5732814526588847
6.454000,2.1338216220340276,2.7100022888532846
6.456000,2.2168307011520563,2.6416418707560845
6.458000,2.177767605096513,2.5732814526588847
6.460000,2.2119478141451134,2.9102006561379414
6.462000,1.9726863508049135,2.8516060120546274
6.464000,2.2461280231937133,3.0176241702906843
6.466000,2.231479362172885,2.783245593957427
6.468000,2.0410467689021132,2.8467231250476845
6.470000,1.6650644693675136,3.056687266346227
6.472000,2.124055848020142,2.866254673075456
6.474000,2.0263981078812847,2.4756237125200276
6.476000,1.9922178988326849,2.827191577019913
6.478000,1.8408484016174562,2.758831158922713
6.480000,1.9336232547493706,2.656290531776913
6.482000,1.6894789044022278,2.6367589837491416
6.484000,2.197299153124285,2.9053177691309986
6.486000,1.6699473563744565,2.8760204470893416
6.488000,1.8506141756313421,2.6074616617074846
6.490000,1.8896772716868848,2.7148851758602275
6.492000,1.713893339436942,2.8027771419851986
6.494000,1.6650644693675136,2.7490653849088273
6.496000,1.787136644541085,2.631876096742199
6.498000,2.1875333791103992,2.5732814526588847
6.500000,1.7822537575341422,2.9590295262073703
6.502000,1.8017853055619135,2.836957351033799
6.504000,1.6699473563744565,2.6465247577630273
6.506000,1.8652628366521706,2.9492637521934846
6.508000,1.9678034637979704,2.92484931715877
6.510000,2.0752269779507135,2.9834439612420844
6.512000,1.816433966582742,2.6904707408255133
6.514000,2.0605783169298846,2.729533836881056
6.516000,1.7676050965133134,2.54886701762417
6.518000,1.9580376897840848,2.89066910811017
6.520000,2.1728847180895703,2.78812848096437
6.522000,1.9336232547493706,2.597695887693599
6.524000,1.6748302433813993,2.9492637521934846
6.526000,1.7285420004577707,2.939497978179599
6.528000,2.2412451361867705,2.5830472266727704
6.530000,2.124055848020142,3.02738994430457
6.532000,1.9433890287632563,3.022507057297627
6.534000,2.050812542915999,2.9736781872281988
6.536000,2.251010910200656,2.568398565651942
6.538000,1.713893339436942,2.7100022888532846
6.540000,2.0263981078812847,2.968795300221256
6.542000,1.8701457236591135,2.705119401846342
6.544000,2.0605783169298846,2.6904707408255133
6.546000,1.8115510795757992,2.6709391927977415
6.548000,1.8701457236591135,2.7734798199435415
6.550000,1.7627222095063706,3.051804379339284
6.552000,1.8603799496452278,2.5049210345616846
6.554000,2.065461203936828,3.056687266346227
6.556000,2.094758525978485,2.8760204470893416
6.558000,1.9336232547493706,3.056687266346227
6.560000,1.8310826276035705,2.939497978179599
6.562000,1.9971007858396277,2.6123445487144275
6.564000,1.8603799496452278,2.7734798199435415
6.566000,2.148470283054856,2.6123445487144275
6.568000,1.8066681925688564,2.9883268482490273
6.570000,1.8603799496452278,2.793011367971313
6.572000,2.182650492103456,3.056687266346227
6.574000,2.285191119249256,2.5146868085755703
6.576000,2.2461280231937133,2.8418402380407417
6.578000,1.7334248874647136,2.626993209735256
6.580000,2.153353170061799,2.9883268482490273
6.582000,1.7920195315480278,2.5342183566033416
6.584000,1.7041275654230563,2.5342183566033416
6.586000,1.9336232547493706,2.939497978179599
6.588000,1.8115510795757992,2.65140764476997
6.590000,2.221713588158999,2.836957351033799
6.592000,2.1094071869993134,2.8027771419851986
6.594000,2.2412451361867705,2.5879301136797133
6.596000,2.094758525978485,3.09575036240177
6.598000,1.9971007858396277,2.7783627069504844
6.600000,2.177767605096513,2.695353627832456
6.602000,1.8799114976729991,2.8467231250476845
6.604000,1.8799114976729991,2.6367589837491416
6.606000,2.1338216220340276,3.0908674753948273
6.608000,2.290074006256199,2.9736781872281988
6.610000,1.8896772716868848,2.553749904631113
6.612000,2.290074006256199,2.5391012436102844
6.614000,1.748073548485542,3.02738994430457
6.616000,2.2168307011520563,2.6904707408255133
6.618000,2.231479362172885,2.680704966811627
6.620000,2.0605783169298846,2.89066910811017
6.622000,2.094758525978485,2.7100022888532846
6.624000,1.9336232547493706,2.729533836881056
6.626000,1.953154802777142,2.8174258030060275
6.628000,2.011749446860456,3.0127412832837415
6.630000,2.280308232242313,2.8027771419851986
6.632000,1.9433890287632563,2.524452582589456
6.634000,1.816433966582742,2.895551995117113
6.636000,1.7676050965133134,2.8857862211032272
6.638000,2.2168307011520563,2.8027771419851986
6.640000,1.8115510795757992,2.558632791638056
6.642000,2.2070649271381706,2.8125429159990842
6.644000,1.9580376897840848,2.5293354695963988
6.646000,2.0801098649576564,2.705119401846342
6.648000,1.8213168535896849,3.02738994430457
6.650000,1.7431906614785992,3.105516136415656
6.652000,1.713893339436942,2.9541466392004274
6.654000,1.8359655146105134,2.597695887693599
6.656000,2.2998397802700845,2.9102006561379414
6.658000,1.8945601586938277,2.9541466392004274
6.660000,2.2119478141451134,2.700236514839399
6.662000,2.0312809948882276,2.705119401846342
6.664000,1.7969024185549707,2.9590295262073703
6.666000,2.1728847180895703,2.7685969329365987
6.668000,1.9140917067215992,2.54886701762417
6.670000,2.285191119249256,3.12993057145037
6.672000,1.9580376897840848,3.1103990234225987
6.674000,1.8945601586938277,2.9492637521934846
6.676000,2.0556954299229417,2.7978942549782557
6.678000,2.2168307011520563,2.827191577019913
6.680000,2.280308232242313,2.656290531776913
6.682000,2.1045242999923706,3.0420386053253985
6.684000,2.045929655909056,2.7392996108949417
6.686000,1.884794384679942,3.1152819104295415
6.688000,2.1045242999923706,2.5879301136797133
6.690000,2.1045242999923706,3.0420386053253985
6.692000,2.1094071869993134,2.861371786068513
6.694000,2.2705424582284275,2.597695887693599
6.696000,2.1387045090409704,2.92484931715877
6.698000,2.1289387350270847,2.680704966811627
6.700000,1.8213168535896849,2.68558785381857
6.702000,2.280308232242313,2.626993209735256
6.704000,1.7920195315480278,2.793011367971313
6.706000,1.816433966582742,2.9053177691309986
6.708000,2.3193713282978563,3.12993057145037
6.710000,1.7627222095063706,2.9541466392004274
6.712000,2.050812542915999,2.7148851758602275
6.714000,1.8261997405966277,2.9004348821240558
6.716000,1.9678034637979704,2.695353627832456
6.718000,2.255893797207599,2.568398565651942
6.720000,1.777370870527199,3.0420386053253985
6.722000,1.884794384679942,2.9150835431448843
6.724000,1.7285420004577707,2.9590295262073703
6.726000,1.777370870527199,2.6904707408255133
6.728000,1.8994430457007705,2.78812848096437
6.730000,1.9287403677424277,2.65140764476997
6.732000,2.197299153124285,3.1152819104295415
6.734000,2.290074006256199,2.9541466392004274
6.736000,1.8945601586938277,3.0078583962767986
6.738000,2.1094071869993134,3.022507057297627
6.740000,1.8750286106660563,2.656290531776913
6.742000,2.2754253452353703,2.7490653849088273
6.744000,2.324254215304799,2.7978942549782557
6.746000,2.2949568932631417,2.895551995117113
6.748000,2.1875333791103992,2.6074616617074846
6.750000,1.9336232547493706,2.963912413214313
6.752000,2.050812542915999,2.7978942549782557
6.754000,2.2070649271381706,2.8174258030060275
6.756000,2.324254215304799,2.9883268482490273
6.758000,1.8945601586938277,2.68558785381857
6.760000,2.124055848020142,3.159227893492027
6.762000,2.290074006256199,3.0859845883878845
6.764000,1.9678034637979704,3.0078583962767986
6.766000,1.987335011825742,2.85648889906157
6.768000,1.9678034637979704,3.0078583962767986
6.770000,2.182650492103456,2.827191577019913
6.772000,2.290074006256199,2.8418402380407417
6.774000,1.8945601586938277,3.1494621194781414
6.776000,2.2070649271381706,2.734416723887999
6.778000,1.752956435492485,3.02738994430457
6.780000,2.255893797207599,2.8125429159990842
6.782000,1.8701457236591135,2.7978942549782557
6.784000,2.1875333791103992,3.02738994430457
6.786000,2.1142900740062562,2.7685969329365987
6.788000,2.1680018310826275,2.9004348821240558
6.790000,2.3437857633325705,2.9736781872281988
6.792000,1.7822537575341422,3.09575036240177
6.794000,1.987335011825742,2.9785610742351416
6.796000,1.884794384679942,2.656290531776913
6.798000,1.8017853055619135,2.9785610742351416
6.800000,2.0312809948882276,2.8809033340962844
6.802000,1.9140917067215992,2.8418402380407417
6.804000,2.1387045090409704,2.7100022888532846
6.806000,1.9140917067215992,2.8076600289921414
6.808000,2.3193713282978563,2.6074616617074846
6.810000,1.923857480735485,3.09575036240177
6.812000,2.324254215304799,2.9834439612420844
6.814000,1.9775692378118563,3.06157015335317
6.816000,1.7724879835202563,2.7392996108949417
6.818000,2.3144884412909135,2.5879301136797133
6.820000,1.9385061417563134,3.1738765545128556
6.822000,1.816433966582742,2.8418402380407417
6.824000,1.948271915770199,3.09575036240177
6.826000,2.084992751964599,2.9346150911726556
6.828000,2.1094071869993134,2.919966430151827
6.830000,2.3437857633325705,2.861371786068513
6.832000,1.8213168535896849,2.963912413214313
6.834000,2.2412451361867705,2.78812848096437
6.836000,1.8213168535896849,3.0127412832837415
6.838000,2.011749446860456,2.8516060120546274
6.840000,1.8066681925688564,2.734416723887999
6.842000,1.987335011825742,2.695353627832456
6.844000,1.9726863508049135,2.7490653849088273
6.846000,2.353551537346456,3.032272831311513
6.848000,1.8945601586938277,2.99320973525597
6.850000,2.182650492103456,3.100633249408713
6.852000,2.3486686503395133,3.0469214923323413
6.854000,2.1680018310826275,2.8809033340962844
6.856000,2.231479362172885,2.705119401846342
6.858000,2.2949568932631417,2.729533836881056
6.860000,2.2412451361867705,2.783245593957427
6.862000,1.9824521248187992,2.729533836881056
6.864000,1.9971007858396277,2.631876096742199
6.866000,2.177767605096513,2.7734798199435415
6.868000,2.353551537346456,2.661173418783856
6.870000,2.0312809948882276,2.7148851758602275
6.872000,1.9336232547493706,3.0859845883878845
6.874000,2.2021820401312278,3.002975509269856
6.876000,1.9971007858396277,2.861371786068513
6.878000,2.0556954299229417,2.695353627832456
6.880000,2.177767605096513,2.695353627832456
6.882000,2.1728847180895703,3.100633249408713
6.884000,2.3193713282978563,2.89066910811017
6.886000,1.816433966582742,3.16411078049897
6.888000,1.953154802777142,2.9102006561379414
6.890000,2.2070649271381706,3.154345006485084
6.892000,1.8701457236591135,2.9883268482490273
6.894000,2.260776684214542,2.9150835431448843
6.896000,2.329137102311742,2.7100022888532846
6.898000,1.8115510795757992,2.705119401846342
6.900000,2.363317311360342,2.895551995117113
6.902000,1.9726863508049135,3.1201647974364843
6.904000,1.8701457236591135,2.661173418783856
6.906000,2.089875638971542,3.19829098954757
6.908000,2.0019836728465705,2.836957351033799
6.910000,2.0996414129854277,2.7197680628671703
6.912000,1.953154802777142,2.783245593957427
6.914000,1.9971007858396277,3.002975509269856
6.916000,2.0019836728465705,3.02738994430457
6.918000,2.358434424353399,2.656290531776913
6.920000,1.953154802777142,3.1396963454642557
6.922000,1.8799114976729991,2.9834439612420844
6.924000,1.8261997405966277,3.0127412832837415
6.926000,1.884794384679942,2.6367589837491416
6.928000,2.3193713282978563,3.066453040360113
6.930000,2.285191119249256,2.8857862211032272
6.932000,2.3144884412909135,3.1152819104295415
6.934000,2.016632333867399,3.0811017013809416
6.936000,2.329137102311742,3.1201647974364843
6.938000,2.2461280231937133,2.861371786068513
6.940000,2.231479362172885,2.724650949874113
6.942000,1.8945601586938277,2.6709391927977415
6.944000,2.0752269779507135,2.6465247577630273
6.946000,1.8408484016174562,2.99320973525597
6.948000,2.148470283054856,3.1201647974364843
6.950000,1.9580376897840848,2.827191577019913
6.952000,2.182650492103456,3.066453040360113
6.954000,1.8457312886243993,3.1836423285267412
6.956000,2.353551537346456,2.8760204470893416
6.958000,2.1435873960479133,2.998092622262913
6.960000,2.3779659723811704,3.208056763561456
6.962000,2.221713588158999,2.8027771419851986
6.964000,2.0703440909437707,2.6416418707560845
6.966000,1.9140917067215992,2.9150835431448843
6.968000,1.918974593728542,2.758831158922713
6.970000,1.9287403677424277,3.1494621194781414
6.972000,2.334019989318685,3.1201647974364843
6.974000,2.1875333791103992,2.8125429159990842
6.976000,1.9140917067215992,3.1201647974364843
6.978000,2.358434424353399,3.071335927367056
6.980000,2.3437857633325705,2.7734798199435415
6.982000,1.9433890287632563,2.832074464026856
6.984000,2.329137102311742,3.2129396505683987
6.986000,1.8945601586938277,2.7148851758602275
6.988000,1.9092088197146564,3.1494621194781414
6.990000,2.0752269779507135,2.8125429159990842
6.992000,2.0361638818951704,2.89066910811017
6.994000,1.9140917067215992,2.9443808651865417
6.996000,2.119172961013199,3.16411078049897
6.998000,2.177767605096513,3.0176241702906843
7.000000,1.9775692378118563,3.1152819104295415
7.002000,2.0703440909437707,2.631876096742199
7.004000,1.9726863508049135,2.763714045929656
7.006000,2.1289387350270847,2.8857862211032272
7.008000,2.3682001983672847,2.8760204470893416
7.010000,2.2705424582284275,3.0078583962767986
7.012000,2.192416266117342,2.734416723887999
7.014000,2.016632333867399,3.125047684443427
7.016000,2.382848859388113,3.134813458457313
7.018000,2.290074006256199,2.7392996108949417
7.020000,1.9726863508049135,3.1445792324711985
7.022000,2.1045242999923706,2.7783627069504844
7.024000,2.3486686503395133,2.7148851758602275
7.026000,2.1094071869993134,2.9883268482490273
7.028000,2.3779659723811704,2.705119401846342
7.030000,2.290074006256199,2.695353627832456
7.032000,2.3682001983672847,2.9736781872281988
7.034000,2.2705424582284275,2.65140764476997
7.036000,2.045929655909056,2.734416723887999
7.038000,2.2070649271381706,2.7490653849088273
7.040000,2.2363622491798276,3.237354085603113
7.042000,1.9678034637979704,2.99320973525597
7.044000,1.9092088197146564,3.100633249408713
7.046000,2.0410467689021132,3.0469214923323413
7.048000,2.0556954299229417,2.6465247577630273
7.050000,1.9726863508049135,3.0078583962767986
7.052000,2.2412451361867705,2.7148851758602275
7.054000,2.2119478141451134,3.0859845883878845
7.056000,2.2754253452353703,2.919966430151827
7.058000,2.2363622491798276,3.0127412832837415
7.060000,2.1728847180895703,2.8223086900129704
7.062000,1.9043259327077133,3.134813458457313
7.064000,2.050812542915999,3.159227893492027
7.066000,1.9922178988326849,3.16411078049897
7.068000,2.260776684214542,2.866254673075456
7.070000,1.8945601586938277,2.939497978179599
7.072000,1.8603799496452278,2.7685969329365987
7.074000,2.3144884412909135,2.9883268482490273
7.076000,2.329137102311742,2.7100022888532846
7.078000,2.0605783169298846,3.237354085603113
7.080000,1.9922178988326849,2.9883268482490273
7.082000,2.1338216220340276,3.06157015335317
7.084000,1.8408484016174562,2.85648889906157
7.086000,1.953154802777142,2.8223086900129704
7.088000,2.3144884412909135,2.793011367971313
7.090000,2.192416266117342,2.8857862211032272
7.092000,2.050812542915999,3.227588311589227
7.094000,2.0410467689021132,3.2227054245822844
7.096000,2.1338216220340276,2.9492637521934846
7.098000,2.3779659723811704,2.7100022888532846
7.100000,2.334019989318685,2.919966430151827
7.102000,2.0312809948882276,2.8857862211032272
7.104000,1.8799114976729991,2.6758220798046843
7.106000,2.231479362172885,2.763714045929656
7.108000,1.9140917067215992,2.7441824979018845
7.110000,2.2754253452353703,3.227588311589227
7.112000,1.9336232547493706,3.261768520637827
7.114000,2.0556954299229417,2.8418402380407417
7.116000,2.2949568932631417,2.7197680628671703
7.118000,2.251010910200656,2.9785610742351416
7.120000,2.0703440909437707,3.056687266346227
7.122000,2.334019989318685,2.866254673075456
7.124000,1.9775692378118563,2.9785610742351416
7.126000,2.089875638971542,3.1396963454642557
7.128000,2.2168307011520563,3.051804379339284
7.130000,2.0263981078812847,3.2178225375753415
7.132000,2.0263981078812847,3.2178225375753415
7.134000,2.421911955443656,2.724650949874113
7.136000,2.0605783169298846,3.208056763561456
7.138000,2.3193713282978563,3.076218814373999
7.140000,2.1387045090409704,3.125047684443427
7.142000,1.8652628366521706,3.2520027466239414
7.144000,1.953154802777142,2.7978942549782557
7.146000,2.065461203936828,2.6758220798046843
7.148000,2.1680018310826275,3.1836423285267412
7.150000,2.3974975204089417,2.8174258030060275
7.152000,2.065461203936828,2.89066910811017
7.154000,2.2998397802700845,3.0078583962767986
7.156000,1.9287403677424277,2.8711375600823987
7.158000,2.2168307011520563,3.159227893492027
7.160000,2.2363622491798276,3.227588311589227
7.162000,2.417029068436713,2.8223086900129704
7.164000,2.285191119249256,2.8174258030060275
7.166000,2.4512092774853134,3.2715342946517127
7.168000,1.8945601586938277,3.056687266346227
7.170000,2.4512092774853134,3.2715342946517127
7.172000,2.089875638971542,3.1201647974364843
7.174000,1.9678034637979704,3.022507057297627
7.176000,2.4463263904783705,2.9785610742351416
7.178000,2.382848859388113,2.695353627832456
7.180000,2.4267948424505987,3.2764171816586556
7.182000,2.4512092774853134,2.9102006561379414
7.184000,1.948271915770199,2.9102006561379414
7.186000,2.1875333791103992,3.159227893492027
7.188000,1.923857480735485,3.0420386053253985
7.190000,2.1387045090409704,3.0420386053253985
7.192000,2.4365606164644844,2.8809033340962844
7.194000,1.8896772716868848,3.0420386053253985
7.196000,2.3047226672770273,3.1152819104295415
7.198000,2.255893797207599,3.0420386053253985
7.200000,2.3779659723811704,2.968795300221256
7.202000,2.3486686503395133,3.105516136415656
7.204000,2.084992751964599,3.1494621194781414
7.206000,2.0996414129854277,2.9541466392004274
7.208000,2.3144884412909135,3.02738994430457
7.210000,1.8750286106660563,2.8125429159990842
7.212000,2.2705424582284275,3.1787594415197984
7.214000,2.045929655909056,2.724650949874113
7.216000,2.2754253452353703,2.7734798199435415
7.218000,1.9629205767910276,2.9736781872281988
7.220000,1.9678034637979704,2.9834439612420844
7.222000,2.363317311360342,3.261768520637827
7.224000,2.192416266117342,2.85648889906157
7.226000,2.255893797207599,2.7978942549782557
7.228000,1.884794384679942,3.06157015335317
7.230000,2.148470283054856,3.0469214923323413
7.232000,2.4365606164644844,2.7197680628671703
7.234000,2.226596475165942,2.7148851758602275
7.236000,2.456092164492256,2.968795300221256
7.238000,1.9433890287632563,2.9541466392004274
7.240000,1.9922178988326849,3.0127412832837415
7.242000,2.2949568932631417,2.7441824979018845
7.244000,2.1045242999923706,3.002975509269856
7.246000,2.177767605096513,3.0127412832837415
7.248000,2.1387045090409704,2.9834439612420844
7.250000,2.0703440909437707,3.071335927367056
7.252000,2.1142900740062562,2.7148851758602275
7.254000,2.3437857633325705,3.159227893492027
7.256000,2.387731746395056,3.0469214923323413
7.258000,2.197299153124285,3.19829098954757
7.260000,2.0410467689021132,2.7441824979018845
7.262000,2.016632333867399,3.1934081025406273
7.264000,1.9140917067215992,2.939497978179599
7.266000,2.148470283054856,3.227588311589227
7.268000,2.353551537346456,2.8711375600823987
7.270000,1.9385061417563134,3.02738994430457
7.272000,2.2168307011520563,3.2520027466239414
7.274000,2.255893797207599,3.19829098954757
7.276000,2.358434424353399,2.8125429159990842
7.278000,2.2070649271381706,2.8223086900129704
7.280000,2.1289387350270847,3.0908674753948273
7.282000,2.2070649271381706,3.295948729686427
7.284000,2.41214618142977,2.8125429159990842
7.286000,2.324254215304799,2.793011367971313
7.288000,2.4267948424505987,2.9785610742351416
7.290000,2.0556954299229417,2.7441824979018845
7.292000,2.016632333867399,2.793011367971313
7.294000,1.9092088197146564,2.866254673075456
7.296000,2.1631189440756846,3.295948729686427
7.298000,2.0605783169298846,3.1787594415197984
7.300000,2.1387045090409704,3.105516136415656
7.302000,2.1142900740062562,3.26665140764477
7.304000,2.260776684214542,3.0908674753948273
7.306000,2.0361638818951704,2.8711375600823987
7.308000,2.280308232242313,3.208056763561456
7.310000,2.280308232242313,3.100633249408713
7.312000,1.9726863508049135,2.8857862211032272
7.314000,1.9580376897840848,3.261768520637827
7.316000,2.3486686503395133,3.1885252155336845
7.318000,2.1045242999923706,2.9004348821240558
7.320000,2.0361638818951704,3.0420386053253985
7.322000,2.0556954299229417,2.729533836881056
7.324000,2.2656595712214846,3.1885252155336845
7.326000,2.045929655909056,2.7685969329365987
7.328000,2.4707408255130847,3.105516136415656
7.330000,2.3730830853742275,3.2813000686655984
7.332000,2.2119478141451134,3.2568856336308842
7.334000,2.050812542915999,3.261768520637827
7.336000,2.3047226672770273,2.7392996108949417
7.338000,2.392614633401999,3.261768520637827
7.340000,2.3389028763256277,2.9443808651865417
7.342000,2.094758525978485,3.0811017013809416
7.344000,2.3047226672770273,3.0078583962767986
7.346000,1.9629205767910276,2.998092622262913
7.348000,2.016632333867399,3.1103990234225987
7.350000,2.251010910200656,3.1152819104295415
7.352000,2.4512092774853134,3.2471198596169986
7.354000,2.285191119249256,3.056687266346227
7.356000,2.0703440909437707,3.2520027466239414
7.358000,2.2168307011520563,3.076218814373999
7.360000,2.4316777294575416,3.1201647974364843
7.362000,2.1582360570687418,2.85648889906157
7.364000,2.3682001983672847,2.85648889906157
7.366000,2.1045242999923706,3.295948729686427
7.368000,2.251010910200656,3.23247119859617
7.370000,2.1435873960479133,3.2520027466239414
7.372000,2.421911955443656,3.1103990234225987
7.374000,2.124055848020142,3.3008316166933698
7.376000,2.285191119249256,3.12993057145037
7.378000,2.1338216220340276,2.9004348821240558
7.380000,2.1338216220340276,2.9736781872281988
7.382000,2.30960555428397,3.1738765545128556
7.384000,2.2412451361867705,3.261768520637827
7.386000,2.094758525978485,2.8027771419851986
7.388000,2.524452582589456,2.8418402380407417
7.390000,2.3779659723811704,2.8711375600823987
7.392000,1.9629205767910276,3.1445792324711985
7.394000,2.1728847180895703,2.8125429159990842
7.396000,2.4365606164644844,3.1836423285267412
7.398000,2.2070649271381706,3.1396963454642557
7.400000,2.3193713282978563,2.861371786068513
7.402000,2.3779659723811704,3.33501182574197
7.404000,2.4365606164644844,2.9443808651865417
7.406000,2.4072632944228274,3.1787594415197984
7.408000,1.987335011825742,3.1738765545128556
7.410000,2.255893797207599,3.1885252155336845
7.412000,2.226596475165942,3.12993057145037
7.414000,1.987335011825742,2.89066910811017
7.416000,2.089875638971542,2.998092622262913
7.418000,2.5049210345616846,3.2471198596169986
7.420000,2.334019989318685,2.9736781872281988
7.422000,2.0556954299229417,3.125047684443427
7.424000,2.5000381475547417,3.2178225375753415
7.426000,2.4267948424505987,3.2422369726100557
7.428000,2.260776684214542,3.051804379339284
7.430000,2.4414435034714277,3.2715342946517127
7.432000,2.4512092774853134,3.154345006485084
7.434000,2.251010910200656,3.1738765545128556
7.436000,2.2949568932631417,2.8223086900129704
7.438000,1.9629205767910276,2.832074464026856
7.440000,2.4072632944228274,3.3154802777141987
7.442000,1.9726863508049135,3.2520027466239414
7.444000,2.456092164492256,3.26665140764477
7.446000,2.358434424353399,2.78812848096437
7.448000,2.387731746395056,3.203173876554513
7.450000,2.016632333867399,3.06157015335317
7.452000,2.045929655909056,2.793011367971313
7.454000,2.1435873960479133,3.100633249408713
7.456000,2.192416266117342,3.0371557183184557
7.458000,2.2021820401312278,2.8516060120546274
7.460000,2.2998397802700845,3.032272831311513
7.462000,2.4805065995269704,3.0469214923323413
7.464000,2.3047226672770273,2.8857862211032272
7.466000,1.9971007858396277,2.8467231250476845
7.468000,2.54886701762417,3.066453040360113
7.470000,2.363317311360342,3.0811017013809416
7.472000,2.456092164492256,3.3545433737697414
7.474000,2.011749446860456,2.89066910811017
7.476000,2.392614633401999,3.022507057297627
7.478000,2.280308232242313,2.8711375600823987
7.480000,2.050812542915999,3.076218814373999
7.482000,1.987335011825742,3.1152819104295415
7.484000,2.197299153124285,3.1934081025406273
7.486000,2.5098039215686274,3.3594262607766843
7.488000,2.5146868085755703,3.125047684443427
7.490000,2.460975051499199,3.125047684443427
7.492000,2.4414435034714277,3.0176241702906843
7.494000,2.1435873960479133,3.134813458457313
7.496000,2.460975051499199,2.8711375600823987
7.498000,2.30960555428397,2.8076600289921414
7.500000,2.558632791638056,3.3545433737697414
7.502000,2.363317311360342,3.022507057297627
7.504000,1.9678034637979704,3.3545433737697414
7.506000,2.353551537346456,2.8857862211032272
7.508000,2.226596475165942,3.1689936675059127
7.510000,2.553749904631113,3.2520027466239414
7.512000,2.1289387350270847,3.2568856336308842
7.514000,2.4414435034714277,2.866254673075456
7.516000,2.1680018310826275,3.2227054245822844
7.518000,1.9824521248187992,3.3496604867627986
7.520000,2.260776684214542,3.066453040360113
7.522000,2.2168307011520563,2.9492637521934846
7.524000,1.9824521248187992,2.8711375600823987
7.526000,2.0410467689021132,3.071335927367056
7.528000,2.0068665598535134,2.9785610742351416
7.530000,2.553749904631113,3.3252460517280844
7.532000,2.2998397802700845,3.2861829556725413
7.534000,2.0703440909437707,3.066453040360113
7.536000,2.290074006256199,3.002975509269856
7.538000,2.260776684214542,3.2227054245822844
7.540000,2.1680018310826275,3.237354085603113
7.542000,2.3730830853742275,2.92484931715877
7.544000,2.1631189440756846,2.832074464026856
7.546000,2.089875638971542,3.36919203479057
7.548000,2.5391012436102844,3.06157015335317
7.550000,2.558632791638056,3.227588311589227
7.552000,2.3437857633325705,3.2764171816586556
7.554000,2.1680018310826275,2.8027771419851986
7.556000,2.0410467689021132,2.9785610742351416
7.558000,2.334019989318685,3.1152819104295415
7.560000,2.1631189440756846,3.3154802777141987
7.562000,2.553749904631113,3.237354085603113
7.564000,2.3730830853742275,3.0176241702906843
7.566000,2.3779659723811704,3.09575036240177
7.568000,2.094758525978485,2.8516060120546274
7.570000,2.0556954299229417,3.066453040360113
7.572000,2.4414435034714277,3.2861829556725413
7.574000,2.290074006256199,3.3838406958113985
7.576000,2.0410467689021132,2.92484931715877
7.578000,2.490272373540856,3.071335927367056
7.580000,2.1289387350270847,2.832074464026856
7.582000,2.2168307011520563,3.2227054245822844
7.584000,2.182650492103456,3.2227054245822844
7.586000,2.2656595712214846,2.9492637521934846
7.588000,2.553749904631113,3.0859845883878845
7.590000,2.1631189440756846,2.998092622262913
7.592000,2.065461203936828,3.022507057297627
7.594000,2.021515220874342,2.998092622262913
7.596000,2.192416266117342,3.2568856336308842
7.598000,2.5342183566033416,3.105516136415656
7.600000,2.1680018310826275,3.0811017013809416
7.602000,2.5293354695963988,3.1934081025406273
7.604000,2.094758525978485,3.3301289387350272
7.606000,2.417029068436713,3.2129396505683987
7.608000,2.5439841306172273,3.105516136415656
7.610000,2.0801098649576564,3.2129396505683987
7.612000,2.1582360570687418,3.208056763561456
7.614000,2.094758525978485,3.076218814373999
7.616000,2.1338216220340276,3.203173876554513
7.618000,2.3437857633325705,2.85648889906157
7.620000,2.280308232242313,2.866254673075456
7.622000,2.0312809948882276,3.154345006485084
7.624000,2.363317311360342,3.295948729686427
7.626000,2.329137102311742,2.8418402380407417
7.628000,2.3974975204089417,2.836957351033799
7.630000,2.568398565651942,3.1738765545128556
7.632000,2.421911955443656,2.919966430151827
7.634000,2.553749904631113,2.963912413214313
7.636000,2.597695887693599,3.3154802777141987
7.638000,2.456092164492256,2.89066910811017
7.640000,2.387731746395056,3.1934081025406273
7.642000,2.1680018310826275,3.02738994430457
7.644000,2.0703440909437707,3.002975509269856
7.646000,2.2949568932631417,3.2129396505683987
7.648000,2.255893797207599,3.1787594415197984
7.650000,2.1045242999923706,2.9834439612420844
7.652000,2.387731746395056,3.1445792324711985
7.654000,2.011749446860456,2.9102006561379414
7.656000,2.226596475165942,3.1738765545128556
7.658000,2.3047226672770273,3.398489356832227
7.660000,2.4463263904783705,2.9443808651865417
7.662000,2.065461203936828,2.8711375600823987
7.664000,2.4805065995269704,3.0371557183184557
7.666000,2.050812542915999,3.3252460517280844
7.668000,2.4267948424505987,3.1445792324711985
7.670000,2.260776684214542,2.9883268482490273
7.672000,2.4072632944228274,3.2471198596169986
7.674000,2.124055848020142,3.3496604867627986
7.676000,2.5293354695963988,3.374074921797513
7.678000,2.495155260547799,2.9590295262073703
7.680000,2.3437857633325705,3.33501182574197
7.682000,2.3047226672770273,2.9883268482490273
7.684000,2.280308232242313,2.895551995117113
7.686000,2.353551537346456,2.8857862211032272
7.688000,2.3486686503395133,3.134813458457313
7.690000,2.465857938506142,3.3008316166933698
7.692000,2.4023804074158845,2.9150835431448843
7.694000,2.592813000686656,3.076218814373999
7.696000,2.280308232242313,3.159227893492027
7.698000,2.021515220874342,3.237354085603113
7.700000,2.495155260547799,3.2568856336308842
7.702000,2.456092164492256,2.9785610742351416
7.704000,2.5439841306172273,2.963912413214313
7.706000,2.3974975204089417,2.99320973525597
7.708000,2.421911955443656,3.022507057297627
7.710000,2.5391012436102844,2.919966430151827
7.712000,2.490272373540856,2.919966430151827
7.714000,2.382848859388113,2.9053177691309986
7.716000,2.568398565651942,3.427786678873884
7.718000,2.2656595712214846,3.1934081025406273
7.720000,2.5342183566033416,3.3105973907072554
7.722000,2.5879301136797133,3.3545433737697414
7.724000,2.3682001983672847,3.2178225375753415
7.726000,2.2705424582284275,2.939497978179599
7.728000,2.094758525978485,3.237354085603113
7.730000,2.1435873960479133,3.237354085603113
7.732000,2.519569695582513,3.43755245288777
7.734000,2.0410467689021132,3.022507057297627
7.736000,2.4707408255130847,2.895551995117113
7.738000,2.089875638971542,2.9785610742351416
7.740000,2.4463263904783705,2.99320973525597
7.742000,2.4463263904783705,3.2178225375753415
7.744000,2.5293354695963988,3.208056763561456
7.746000,2.2412451361867705,3.1836423285267412
7.748000,2.0752269779507135,3.002975509269856
7.750000,2.334019989318685,3.442435339894713
7.752000,2.30960555428397,2.861371786068513
7.754000,2.3144884412909135,2.9883268482490273
7.756000,2.4463263904783705,3.071335927367056
7.758000,2.4072632944228274,2.929732204165713
7.760000,2.5000381475547417,2.8809033340962844
7.762000,2.5439841306172273,3.06157015335317
7.764000,2.2363622491798276,3.4131380178530555
7.766000,2.5830472266727704,3.36919203479057
7.768000,2.1728847180895703,3.227588311589227
7.770000,2.5879301136797133,2.919966430151827
7.772000,2.124055848020142,3.0811017013809416
7.774000,2.392614633401999,3.442435339894713
7.776000,2.592813000686656,3.3301289387350272
7.778000,2.251010910200656,3.447318226901656
7.780000,2.0556954299229417,3.4131380178530555
7.782000,2.094758525978485,3.33501182574197
7.784000,2.124055848020142,2.998092622262913
7.786000,2.358434424353399,3.19829098954757
7.788000,2.1728847180895703,3.43755245288777
7.790000,2.065461203936828,2.9834439612420844
7.792000,2.6025787747005418,3.134813458457313
7.794000,2.6416418707560845,3.442435339894713
7.796000,2.6123445487144275,2.861371786068513
7.798000,2.2119478141451134,3.16411078049897
7.800000,2.553749904631113,3.19829098954757
7.802000,2.1387045090409704,3.4131380178530555
7.804000,2.197299153124285,3.0127412832837415
7.806000,2.1289387350270847,3.3008316166933698
7.808000,2.5439841306172273,3.2520027466239414
7.810000,2.0605783169298846,3.134813458457313
7.812000,2.5830472266727704,3.4082551308461126
7.814000,2.4805065995269704,3.261768520637827
7.816000,2.1435873960479133,3.3838406958113985
7.818000,2.1045242999923706,2.9883268482490273
7.820000,2.290074006256199,3.4180209048599983
7.822000,2.280308232242313,3.154345006485084
7.824000,2.417029068436713,2.89066910811017
7.826000,2.2998397802700845,3.100633249408713
7.828000,2.221713588158999,3.1885252155336845
7.830000,2.2363622491798276,3.4619668879224843
7.832000,2.4463263904783705,2.8857862211032272
7.834000,2.460975051499199,3.06157015335317
7.836000,2.2168307011520563,3.071335927367056
7.838000,2.182650492103456,3.1787594415197984
7.840000,2.563515678644999,3.1934081025406273
7.842000,2.3682001983672847,3.2568856336308842
7.844000,2.5342183566033416,2.8711375600823987
7.846000,2.1680018310826275,3.1152819104295415
7.848000,2.251010910200656,3.3105973907072554
7.850000,2.6074616617074846,2.9541466392004274
7.852000,2.3682001983672847,3.26665140764477
7.854000,2.4512092774853134,2.9736781872281988
7.856000,2.280308232242313,3.0859845883878845
7.858000,2.4707408255130847,2.9541466392004274
7.860000,2.661173418783856,3.3594262607766843
7.862000,2.3193713282978563,2.9834439612420844
7.864000,2.182650492103456,3.203173876554513
7.866000,2.1387045090409704,3.2520027466239414
7.868000,2.363317311360342,3.466849774929427
7.870000,2.631876096742199,2.9590295262073703
7.872000,2.54886701762417,3.002975509269856
7.874000,2.563515678644999,3.43755245288777
7.876000,2.626993209735256,3.442435339894713
7.878000,2.421911955443656,3.4814984359502557
7.880000,2.6465247577630273,2.92484931715877
7.882000,2.387731746395056,3.4814984359502557
7.884000,2.597695887693599,3.1689936675059127
7.886000,2.1582360570687418,3.2715342946517127
7.888000,2.251010910200656,3.100633249408713
7.890000,2.1631189440756846,3.1201647974364843
7.892000,2.5439841306172273,3.476615548943313
7.894000,2.3047226672770273,2.968795300221256
7.896000,2.4267948424505987,2.92484931715877
7.898000,2.626993209735256,3.374074921797513
7.900000,2.231479362172885,3.1738765545128556
7.902000,2.5439841306172273,3.2227054245822844
7.904000,2.1142900740062562,3.3838406958113985
7.906000,2.4853894865339132,3.076218814373999
7.908000,2.3779659723811704,3.0859845883878845
7.910000,2.260776684214542,3.227588311589227
7.912000,2.65140764476997,3.2129396505683987
7.914000,2.231479362172885,2.9541466392004274
7.916000,2.5732814526588847,3.26665140764477
7.918000,2.3437857633325705,3.1836423285267412
7.920000,2.1094071869993134,3.154345006485084
7.922000,2.656290531776913,2.895551995117113
7.924000,2.30960555428397,2.99320973525597
7.926000,2.2070649271381706,2.939497978179599
7.928000,2.363317311360342,3.4522011139085986
7.930000,2.251010910200656,3.203173876554513
7.932000,2.6367589837491416,3.496147096971084
7.934000,2.3389028763256277,3.442435339894713
7.936000,2.3974975204089417,3.4863813229571985
7.938000,2.456092164492256,3.1787594415197984
7.940000,2.5342183566033416,3.3252460517280844
7.942000,2.680704966811627,3.134813458457313
7.944000,2.5049210345616846,3.0078583962767986
7.946000,2.197299153124285,3.1445792324711985
7.948000,2.5293354695963988,3.0371557183184557
7.950000,2.30960555428397,3.1152819104295415
7.952000,2.5439841306172273,3.1152819104295415
7.954000,2.1094071869993134,3.1885252155336845
7.956000,2.41214618142977,3.0908674753948273
7.958000,2.197299153124285,3.105516136415656
7.960000,2.68558785381857,3.442435339894713
7.962000,2.2021820401312278,2.9102006561379414
7.964000,2.6123445487144275,3.2861829556725413
7.966000,2.6123445487144275,3.1787594415197984
7.968000,2.4512092774853134,3.295948729686427
7.970000,2.656290531776913,3.339894712748913
7.972000,2.656290531776913,3.227588311589227
7.974000,2.4414435034714277,3.4570840009155415
7.976000,2.1680018310826275,3.1787594415197984
7.978000,2.2119478141451134,3.2227054245822844
7.980000,2.700236514839399,3.105516136415656
7.982000,2.1435873960479133,2.9834439612420844
7.984000,2.1680018310826275,3.0908674753948273
7.986000,2.1338216220340276,3.4814984359502557
7.988000,2.1142900740062562,3.105516136415656
7.990000,2.622110322728313,3.1836423285267412
7.992000,2.622110322728313,2.9883268482490273
7.994000,2.3437857633325705,3.066453040360113
7.996000,2.4072632944228274,3.134813458457313
7.998000,2.329137102311742,3.295948729686427
8.000000,2.2461280231937133,3.0420386053253985
8.002000,2.5391012436102844,2.9541466392004274
8.004000,2.329137102311742,2.9883268482490273
8.006000,2.2754253452353703,3.3545433737697414
8.008000,2.5146868085755703,3.051804379339284
8.010000,2.6758220798046843,3.3545433737697414
8.012000,2.148470283054856,3.43755245288777
8.014000,2.6904707408255133,3.393606469825284
8.016000,2.3193713282978563,3.43755245288777
8.018000,2.417029068436713,3.071335927367056
8.020000,2.519569695582513,3.5205615320057984
8.022000,2.2021820401312278,2.9785610742351416
8.024000,2.2949568932631417,3.032272831311513
8.026000,2.4072632944228274,3.427786678873884
8.028000,2.290074006256199,2.9883268482490273
8.030000,2.421911955443656,2.9443808651865417
8.032000,2.6758220798046843,3.203173876554513
8.034000,2.626993209735256,2.998092622262913
8.036000,2.3486686503395133,3.36919203479057
8.038000,2.4805065995269704,3.2813000686655984
8.040000,2.3486686503395133,3.3789578088044556
8.042000,2.6465247577630273,3.496147096971084
8.044000,2.353551537346456,3.3447775997558558
8.046000,2.568398565651942,3.2520027466239414
8.048000,2.2412451361867705,2.9541466392004274
8.050000,2.519569695582513,3.427786678873884
8.052000,2.324254215304799,2.9492637521934846
8.054000,2.2168307011520563,2.9883268482490273
8.056000,2.1728847180895703,2.9590295262073703
8.058000,2.5830472266727704,2.9443808651865417
8.060000,2.553749904631113,3.3252460517280844
8.062000,2.192416266117342,3.16411078049897
8.064000,2.54886701762417,3.3008316166933698
8.066000,2.7148851758602275,3.051804379339284
8.068000,2.3389028763256277,3.261768520637827
8.070000,2.324254215304799,3.1836423285267412
8.072000,2.5732814526588847,3.374074921797513
8.074000,2.260776684214542,3.393606469825284
8.076000,2.41214618142977,3.2861829556725413
8.078000,2.358434424353399,3.339894712748913
8.080000,2.7100022888532846,3.0811017013809416
8.082000,2.4707408255130847,3.432669565880827
8.084000,2.6660563057907987,2.968795300221256
8.086000,2.3144884412909135,3.203173876554513
8.088000,2.421911955443656,2.998092622262913
8.090000,2.3486686503395133,3.374074921797513
8.092000,2.3047226672770273,3.3789578088044556
8.094000,2.30960555428397,3.3105973907072554
8.096000,2.197299153124285,3.0908674753948273
8.098000,2.456092164492256,3.0859845883878845
8.100000,2.5293354695963988,3.295948729686427
8.102000,2.4512092774853134,3.09575036240177
8.104000,2.631876096742199,3.0811017013809416
8.106000,2.7197680628671703,3.19829098954757
8.108000,2.6465247577630273,3.051804379339284
8.110000,2.221713588158999,3.3545433737697414
8.112000,2.41214618142977,3.105516136415656
8.114000,2.153353170061799,2.9541466392004274
8.116000,2.285191119249256,3.2813000686655984
8.118000,2.329137102311742,3.105516136415656
8.120000,2.3389028763256277,3.0127412832837415
8.122000,2.2363622491798276,3.2520027466239414
8.124000,2.4707408255130847,3.50591287098497
8.126000,2.41214618142977,3.40337224383917
8.128000,2.2656595712214846,3.1885252155336845
8.130000,2.5879301136797133,3.466849774929427
8.132000,2.5830472266727704,3.4619668879224843
8.134000,2.456092164492256,3.1494621194781414
8.136000,2.2705424582284275,3.393606469825284
8.138000,2.695353627832456,3.447318226901656
8.140000,2.192416266117342,2.9883268482490273
8.142000,2.4756237125200276,3.076218814373999
8.144000,2.7490653849088273,3.154345006485084
8.146000,2.5391012436102844,3.447318226901656
8.148000,2.353551537346456,3.5400930800335697
8.150000,2.2363622491798276,3.4814984359502557
8.152000,2.729533836881056,3.125047684443427
8.154000,2.6465247577630273,3.3105973907072554
8.156000,2.192416266117342,3.43755245288777
8.158000,2.3047226672770273,2.9785610742351416
8.160000,2.519569695582513,3.2422369726100557
8.162000,2.5000381475547417,3.154345006485084
8.164000,2.1728847180895703,3.0811017013809416
8.166000,2.724650949874113,2.9785610742351416
8.168000,2.1631189440756846,3.056687266346227
8.170000,2.5293354695963988,3.261768520637827
8.172000,2.597695887693599,3.3838406958113985
8.174000,2.417029068436713,2.9736781872281988
8.176000,2.4512092774853134,2.998092622262913
8.178000,2.656290531776913,3.1738765545128556
8.180000,2.251010910200656,3.3447775997558558
8.182000,2.2070649271381706,3.40337224383917
8.184000,2.334019989318685,3.0859845883878845
8.186000,2.661173418783856,3.4814984359502557
8.188000,2.4414435034714277,3.4180209048599983
8.190000,2.563515678644999,3.4570840009155415
8.192000,2.4463263904783705,3.1445792324711985
8.194000,2.656290531776913,3.291065842679484
8.196000,2.1875333791103992,3.2178225375753415
8.198000,2.592813000686656,3.496147096971084
8.200000,2.700236514839399,3.43755245288777
8.202000,2.421911955443656,3.3838406958113985
8.204000,2.4414435034714277,3.261768520637827
8.206000,2.700236514839399,3.022507057297627
8.208000,2.3682001983672847,3.2568856336308842
8.210000,2.6025787747005418,3.1787594415197984
8.212000,2.5781643396658276,3.43755245288777
8.214000,2.563515678644999,3.23247119859617
8.216000,2.592813000686656,3.5107957579919127
8.218000,2.417029068436713,3.4863813229571985
8.220000,2.392614633401999,3.056687266346227
8.222000,2.7392996108949417,3.3496604867627986
8.224000,2.4463263904783705,3.0371557183184557
8.226000,2.2021820401312278,3.032272831311513
8.228000,2.3486686503395133,3.09575036240177
8.230000,2.7734798199435415,3.3154802777141987
8.232000,2.1875333791103992,3.1689936675059127
8.234000,2.456092164492256,3.1201647974364843
8.236000,2.7148851758602275,3.4082551308461126
8.238000,2.358434424353399,3.2813000686655984
8.240000,2.4512092774853134,2.99320973525597
8.242000,2.353551537346456,3.100633249408713
8.244000,2.763714045929656,3.3008316166933698
8.246000,2.6025787747005418,3.43755245288777
8.248000,2.280308232242313,3.432669565880827
8.250000,2.5293354695963988,3.447318226901656
8.252000,2.4512092774853134,3.09575036240177
8.254000,2.5439841306172273,3.071335927367056
8.256000,2.6465247577630273,3.3008316166933698
8.258000,2.5293354695963988,3.1152819104295415
8.260000,2.382848859388113,3.06157015335317
8.262000,2.3486686503395133,3.5498588540474554
8.264000,2.255893797207599,3.5205615320057984
8.266000,2.5781643396658276,3.3838406958113985
8.268000,2.626993209735256,3.3252460517280844
8.270000,2.387731746395056,3.3008316166933698
8.272000,2.392614633401999,3.3057145037003126
8.274000,2.3437857633325705,3.5889219501029985
8.276000,2.2461280231937133,3.559624628061341
8.278000,2.387731746395056,3.364309147783627
8.280000,2.2754253452353703,3.3496604867627986
8.282000,2.2754253452353703,3.261768520637827
8.284000,2.4414435034714277,3.022507057297627
8.286000,2.456092164492256,3.1201647974364843
8.288000,2.290074006256199,3.364309147783627
8.290000,2.519569695582513,3.47173266193637
8.292000,2.6367589837491416,3.4180209048599983
8.294000,2.3682001983672847,3.598687724116884
8.296000,2.4463263904783705,3.598687724116884
8.298000,2.597695887693599,3.0908674753948273
8.300000,2.6123445487144275,3.0859845883878845
8.302000,2.75394827191577,3.339894712748913
8.304000,2.78812848096437,3.1445792324711985
8.306000,2.280308232242313,3.261768520637827
8.308000,2.280308232242313,3.5889219501029985
8.310000,2.75394827191577,3.066453040360113
8.312000,2.592813000686656,3.3887235828183413
8.314000,2.6025787747005418,3.2422369726100557
8.316000,2.793011367971313,3.476615548943313
8.318000,2.524452582589456,3.496147096971084
8.320000,2.729533836881056,3.4912642099641413
8.322000,2.7100022888532846,3.23247119859617
8.324000,2.285191119249256,3.2129396505683987
8.326000,2.2461280231937133,3.554741741054398
8.328000,2.631876096742199,3.3594262607766843
8.330000,2.7978942549782557,3.33501182574197
8.332000,2.5146868085755703,3.2861829556725413
8.334000,2.3974975204089417,3.1396963454642557
8.336000,2.75394827191577,3.501029983978027
8.338000,2.334019989318685,3.5449759670405125
8.340000,2.3486686503395133,3.3057145037003126
8.342000,2.30960555428397,3.2861829556725413
8.344000,2.3486686503395133,3.33501182574197
8.346000,2.5293354695963988,3.4863813229571985
8.348000,2.7685969329365987,3.227588311589227
8.350000,2.3779659723811704,3.0908674753948273
8.352000,2.65140764476997,3.598687724116884
8.354000,2.3047226672770273,3.1152819104295415
8.356000,2.3144884412909135,3.227588311589227
8.358000,2.7783627069504844,3.60845349813077
8.360000,2.387731746395056,3.60845349813077
8.362000,2.7392996108949417,3.2129396505683987
8.364000,2.7978942549782557,3.2813000686655984
8.366000,2.221713588158999,3.134813458457313
8.368000,2.3389028763256277,3.208056763561456
8.370000,2.558632791638056,3.261768520637827
8.372000,2.54886701762417,3.16411078049897
8.374000,2.8174258030060275,3.056687266346227
8.376000,2.793011367971313,3.208056763561456
8.378000,2.7441824979018845,3.2813000686655984
8.380000,2.251010910200656,3.40337224383917
8.382000,2.4023804074158845,3.2813000686655984
8.384000,2.2461280231937133,3.2422369726100557
8.386000,2.793011367971313,3.032272831311513
8.388000,2.524452582589456,3.598687724116884
8.390000,2.5146868085755703,3.442435339894713
8.392000,2.8174258030060275,3.5840390630960557
8.394000,2.4316777294575416,3.4082551308461126
8.396000,2.758831158922713,3.5645075150682843
8.398000,2.695353627832456,3.2568856336308842
8.400000,2.490272373540856,3.1494621194781414
8.402000,2.255893797207599,3.422903791866941
8.404000,2.392614633401999,3.579156176089113
8.406000,2.622110322728313,3.3105973907072554
8.408000,2.4805065995269704,3.2715342946517127
8.410000,2.6025787747005418,3.5156786449988555
8.412000,2.324254215304799,3.261768520637827
8.414000,2.54886701762417,3.154345006485084
8.416000,2.6367589837491416,3.422903791866941
8.418000,2.5146868085755703,3.295948729686427
8.420000,2.7490653849088273,3.19829098954757
8.422000,2.5781643396658276,3.427786678873884
8.424000,2.3437857633325705,3.36919203479057
8.426000,2.3730830853742275,3.2129396505683987
8.428000,2.290074006256199,3.364309147783627
8.430000,2.661173418783856,3.530327306019684
8.432000,2.6904707408255133,3.2471198596169986
8.434000,2.417029068436713,3.6279850461585412
8.436000,2.6172274357213703,3.0859845883878845
8.438000,2.631876096742199,3.26665140764477
8.440000,2.695353627832456,3.427786678873884
8.442000,2.5293354695963988,3.066453040360113
8.444000,2.30960555428397,3.2129396505683987
8.446000,2.3486686503395133,3.076218814373999
8.448000,2.255893797207599,3.5889219501029985
8.450000,2.68558785381857,3.4082551308461126
8.452000,2.827191577019913,3.2471198596169986
8.454000,2.465857938506142,3.442435339894713
8.456000,2.7100022888532846,3.3057145037003126
8.458000,2.3144884412909135,3.4912642099641413
8.460000,2.524452582589456,3.066453040360113
8.462000,2.329137102311742,3.476615548943313
8.464000,2.724650949874113,3.066453040360113
8.466000,2.68558785381857,3.2813000686655984
8.468000,2.7734798199435415,3.1787594415197984
8.470000,2.729533836881056,3.442435339894713
8.472000,2.6367589837491416,3.2422369726100557
8.474000,2.8076600289921414,3.603570611123827
8.476000,2.7392996108949417,3.60845349813077
8.478000,2.695353627832456,3.5107957579919127
8.480000,2.255893797207599,3.422903791866941
8.482000,2.592813000686656,3.261768520637827
8.484000,2.6172274357213703,3.1103990234225987
8.486000,2.4365606164644844,3.447318226901656
8.488000,2.3682001983672847,3.3545433737697414
8.490000,2.490272373540856,3.1152819104295415
8.492000,2.7978942549782557,3.5938048371099414
8.494000,2.68558785381857,3.3057145037003126
8.496000,2.7197680628671703,3.6133363851377127
8.498000,2.5830472266727704,3.374074921797513
8.500000,2.4365606164644844,3.4912642099641413
8.502000,2.3486686503395133,3.2520027466239414
8.504000,2.421911955443656,3.100633249408713
8.506000,2.41214618142977,3.598687724116884
8.508000,2.358434424353399,3.5400930800335697
8.510000,2.85648889906157,3.2227054245822844
8.512000,2.30960555428397,3.4619668879224843
8.514000,2.592813000686656,3.1494621194781414
8.516000,2.6074616617074846,3.2861829556725413
8.518000,2.324254215304799,3.501029983978027
8.520000,2.5000381475547417,3.1445792324711985
8.522000,2.387731746395056,3.154345006485084
8.524000,2.4707408255130847,3.4082551308461126
8.526000,2.4707408255130847,3.3252460517280844
8.528000,2.495155260547799,3.1494621194781414
8.530000,2.700236514839399,3.4912642099641413
8.532000,2.392614633401999,3.60845349813077
8.534000,2.3144884412909135,3.398489356832227
8.536000,2.4853894865339132,3.6475165941863126
8.538000,2.563515678644999,3.105516136415656
8.540000,2.3486686503395133,3.2568856336308842
8.542000,2.85648889906157,3.4570840009155415
8.544000,2.4072632944228274,3.2813000686655984
8.546000,2.3047226672770273,3.1494621194781414
8.548000,2.695353627832456,3.632867933165484
8.550000,2.729533836881056,3.154345006485084
8.552000,2.8027771419851986,3.12993057145037
8.554000,2.5781643396658276,3.2568856336308842
8.556000,2.729533836881056,3.3301289387350272
8.558000,2.4023804074158845,3.3301289387350272
8.560000,2.8076600289921414,3.1689936675059127
8.562000,2.290074006256199,3.6133363851377127
8.564000,2.85648889906157,3.6426337071793697
8.566000,2.41214618142977,3.4814984359502557
8.568000,2.387731746395056,3.364309147783627
8.570000,2.563515678644999,3.1836423285267412
8.572000,2.68558785381857,3.535210193026627
8.574000,2.3047226672770273,3.1689936675059127
8.576000,2.861371786068513,3.3008316166933698
8.578000,2.417029068436713,3.1494621194781414
8.580000,2.8027771419851986,3.339894712748913
8.582000,2.6172274357213703,3.2520027466239414
8.584000,2.68558785381857,3.422903791866941
8.586000,2.290074006256199,3.4814984359502557
8.588000,2.3682001983672847,3.50591287098497
8.590000,2.7685969329365987,3.2178225375753415
8.592000,2.324254215304799,3.6133363851377127
8.594000,2.8760204470893416,3.5107957579919127
8.596000,2.8516060120546274,3.667048142214084
8.598000,2.5879301136797133,3.1885252155336845
8.600000,2.6025787747005418,3.3789578088044556
8.602000,2.7783627069504844,3.47173266193637
8.604000,2.78812848096437,3.3008316166933698
8.606000,2.763714045929656,3.19829098954757
8.608000,2.5049210345616846,3.579156176089113
8.610000,2.290074006256199,3.4082551308461126
8.612000,2.861371786068513,3.3447775997558558
8.614000,2.324254215304799,3.530327306019684
8.616000,2.4853894865339132,3.1689936675059127
8.618000,2.4316777294575416,3.667048142214084
8.620000,2.6025787747005418,3.442435339894713
8.622000,2.8223086900129704,3.579156176089113
8.624000,2.4365606164644844,3.47173266193637
8.626000,2.85648889906157,3.364309147783627
8.628000,2.622110322728313,3.6914625772487986
8.630000,2.3682001983672847,3.50591287098497
8.632000,2.7148851758602275,3.26665140764477
8.634000,2.8467231250476845,3.422903791866941
8.636000,2.680704966811627,3.2227054245822844
8.638000,2.3779659723811704,3.2715342946517127
8.640000,2.8760204470893416,3.23247119859617
8.642000,2.353551537346456,3.398489356832227
8.644000,2.827191577019913,3.3301289387350272
8.646000,2.358434424353399,3.2227054245822844
8.648000,2.85648889906157,3.559624628061341
8.650000,2.568398565651942,3.4522011139085986
8.652000,2.8711375600823987,3.1738765545128556
8.654000,2.5830472266727704,3.2861829556725413
8.656000,2.4512092774853134,3.16411078049897
8.658000,2.895551995117113,3.1201647974364843
8.660000,2.4414435034714277,3.662165255207141
8.662000,2.6367589837491416,3.1201647974364843
8.664000,2.6465247577630273,3.43755245288777
8.666000,2.8711375600823987,3.466849774929427
8.668000,2.4023804074158845,3.3203631647211416
8.670000,2.4512092774853134,3.2227054245822844
8.672000,2.8467231250476845,3.40337224383917
8.674000,2.30960555428397,3.57427328908217
8.676000,2.680704966811627,3.525444419012741
8.678000,2.7978942549782557,3.4570840009155415
8.680000,2.3682001983672847,3.637750820172427
8.682000,2.7392996108949417,3.466849774929427
8.684000,2.626993209735256,3.291065842679484
8.686000,2.8516060120546274,3.125047684443427
8.688000,2.5879301136797133,3.374074921797513
8.690000,2.3193713282978563,3.1445792324711985
8.692000,2.592813000686656,3.4814984359502557
8.694000,2.661173418783856,3.19829098954757
8.696000,2.622110322728313,3.3545433737697414
8.698000,2.827191577019913,3.227588311589227
8.700000,2.622110322728313,3.5498588540474554
8.702000,2.6660563057907987,3.569390402075227
8.704000,2.8027771419851986,3.6865796902418553
8.706000,2.9150835431448843,3.5938048371099414
8.708000,2.41214618142977,3.4912642099641413
8.710000,2.6758220798046843,3.6572823682001983
8.712000,2.9053177691309986,3.2813000686655984
8.714000,2.8516060120546274,3.5449759670405125
8.716000,2.5439841306172273,3.7207598992904556
8.718000,2.7783627069504844,3.3496604867627986
8.720000,2.7978942549782557,3.208056763561456
8.722000,2.729533836881056,3.579156176089113
8.724000,2.7734798199435415,3.5840390630960557
8.726000,2.465857938506142,3.203173876554513
8.728000,2.5879301136797133,3.3154802777141987
8.730000,2.553749904631113,3.3301289387350272
8.732000,2.8223086900129704,3.2129396505683987
8.734000,2.85648889906157,3.134813458457313
8.736000,2.8467231250476845,3.3252460517280844
8.738000,2.41214618142977,3.496147096971084
8.740000,2.6367589837491416,3.3447775997558558
8.742000,2.41214618142977,3.3301289387350272
8.744000,2.4853894865339132,3.208056763561456
8.746000,2.68558785381857,3.295948729686427
8.748000,2.7148851758602275,3.1396963454642557
8.750000,2.9004348821240558,3.134813458457313
8.752000,2.7441824979018845,3.237354085603113
8.754000,2.597695887693599,3.1689936675059127
8.756000,2.705119401846342,3.16411078049897
8.758000,2.8418402380407417,3.3057145037003126
8.760000,2.8223086900129704,3.26665140764477
8.762000,2.3682001983672847,3.5938048371099414
8.764000,2.5049210345616846,3.3545433737697414
8.766000,2.4414435034714277,3.2178225375753415
8.768000,2.7978942549782557,3.603570611123827
8.770000,2.5000381475547417,3.7207598992904556
8.772000,2.783245593957427,3.1445792324711985
8.774000,2.5879301136797133,3.2861829556725413
8.776000,2.4267948424505987,3.19829098954757
8.778000,2.490272373540856,3.33501182574197
8.780000,2.65140764476997,3.16411078049897
8.782000,2.7100022888532846,3.535210193026627
8.784000,2.4023804074158845,3.6523994811932554
8.786000,2.661173418783856,3.4522011139085986
8.788000,2.7392996108949417,3.1445792324711985
8.790000,2.363317311360342,3.154345006485084
8.792000,2.700236514839399,3.40337224383917
8.794000,2.4512092774853134,3.6279850461585412
8.796000,2.387731746395056,3.16411078049897
8.798000,2.8076600289921414,3.427786678873884
8.800000,2.8027771419851986,3.637750820172427
8.802000,2.353551537346456,3.3057145037003126
8.804000,2.9004348821240558,3.4863813229571985
8.806000,2.7490653849088273,3.227588311589227
8.808000,2.5830472266727704,3.2520027466239414
8.810000,2.3682001983672847,3.47173266193637
8.812000,2.4805065995269704,3.554741741054398
8.814000,2.4805065995269704,3.291065842679484
8.816000,2.680704966811627,3.7158770122835127
8.818000,2.92484931715877,3.3545433737697414
8.820000,2.622110322728313,3.19829098954757
8.822000,2.75394827191577,3.6963454642557414
8.824000,2.5391012436102844,3.554741741054398
8.826000,2.8418402380407417,3.432669565880827
8.828000,2.6123445487144275,3.57427328908217
8.830000,2.5000381475547417,3.4570840009155415
8.832000,2.7197680628671703,3.4082551308461126
8.834000,2.8076600289921414,3.476615548943313
8.836000,2.460975051499199,3.7158770122835127
8.838000,2.6123445487144275,3.5449759670405125
8.840000,2.519569695582513,3.632867933165484
8.842000,2.9150835431448843,3.3105973907072554
8.844000,2.9492637521934846,3.4131380178530555
8.846000,2.6416418707560845,3.6572823682001983
8.848000,2.3974975204089417,3.50591287098497
8.850000,2.6660563057907987,3.4082551308461126
8.852000,2.7392996108949417,3.5400930800335697
8.854000,2.929732204165713,3.579156176089113
8.856000,2.9492637521934846,3.19829098954757
8.858000,2.866254673075456,3.4082551308461126
8.860000,2.734416723887999,3.662165255207141
8.862000,2.6416418707560845,3.7012283512626842
8.864000,2.729533836881056,3.7207598992904556
8.866000,2.783245593957427,3.4522011139085986
8.868000,2.7441824979018845,3.7207598992904556
8.870000,2.6709391927977415,3.535210193026627
8.872000,2.7100022888532846,3.637750820172427
8.874000,2.7783627069504844,3.43755245288777
8.876000,2.4316777294575416,3.598687724116884
8.878000,2.597695887693599,3.5645075150682843
8.880000,2.4853894865339132,3.36919203479057
8.882000,2.827191577019913,3.3252460517280844
8.884000,2.8857862211032272,3.7256427862973984
8.886000,2.54886701762417,3.33501182574197
8.888000,2.4853894865339132,3.261768520637827
8.890000,2.9102006561379414,3.7500572213321126
8.892000,2.929732204165713,3.6475165941863126
8.894000,2.7197680628671703,3.442435339894713
8.896000,2.724650949874113,3.237354085603113
8.898000,2.8467231250476845,3.447318226901656
8.900000,2.6660563057907987,3.3301289387350272
8.902000,2.3779659723811704,3.774471656366827
8.904000,2.763714045929656,3.4082551308461126
8.906000,2.8760204470893416,3.6426337071793697
8.908000,2.9053177691309986,3.6914625772487986
8.910000,2.524452582589456,3.2471198596169986
8.912000,2.4023804074158845,3.2764171816586556
8.914000,2.421911955443656,3.2129396505683987
8.916000,2.8760204470893416,3.26665140764477
8.918000,2.656290531776913,3.5889219501029985
8.920000,2.4023804074158845,3.7012283512626842
8.922000,2.622110322728313,3.23247119859617
8.924000,2.7978942549782557,3.6963454642557414
8.926000,2.392614633401999,3.261768520637827
8.928000,2.92484931715877,3.2568856336308842
8.930000,2.85648889906157,3.47173266193637
8.932000,2.9492637521934846,3.525444419012741
8.934000,2.553749904631113,3.740291447318227
8.936000,2.6025787747005418,3.3301289387350272
8.938000,2.7978942549782557,3.5107957579919127
8.940000,2.783245593957427,3.23247119859617
8.942000,2.763714045929656,3.6279850461585412
8.944000,2.5293354695963988,3.4522011139085986
8.946000,2.734416723887999,3.5889219501029985
8.948000,2.5439841306172273,3.4082551308461126
8.950000,2.6660563057907987,3.2715342946517127
8.952000,2.4853894865339132,3.530327306019684
8.954000,2.734416723887999,3.43755245288777
8.956000,2.54886701762417,3.3154802777141987
8.958000,2.68558785381857,3.2227054245822844
8.960000,2.6660563057907987,3.5205615320057984
8.962000,2.519569695582513,3.3301289387350272
8.964000,2.5342183566033416,3.4180209048599983
8.966000,2.4023804074158845,3.603570611123827
8.968000,2.465857938506142,3.442435339894713
8.970000,2.6074616617074846,3.6133363851377127
8.972000,2.8809033340962844,3.501029983978027
8.974000,2.622110322728313,3.3203631647211416
8.976000,2.9590295262073703,3.764705882352941
8.978000,2.5098039215686274,3.5400930800335697
8.980000,2.9492637521934846,3.535210193026627
8.982000,2.7490653849088273,3.794003204394598
8.984000,2.832074464026856,3.203173876554513
8.986000,2.631876096742199,3.3447775997558558
8.988000,2.417029068436713,3.7549401083390554
8.990000,2.99320973525597,3.4912642099641413
8.992000,2.7978942549782557,3.422903791866941
8.994000,2.622110322728313,3.2129396505683987
8.996000,2.783245593957427,3.2764171816586556
8.998000,2.4707408255130847,3.6279850461585412
9.000000,2.9102006561379414,3.4082551308461126
9.002000,2.8223086900129704,3.7256427862973984
9.004000,2.8467231250476845,3.3203631647211416
9.006000,2.783245593957427,3.447318226901656
9.008000,2.9053177691309986,3.7256427862973984
9.010000,2.7685969329365987,3.764705882352941
9.012000,2.75394827191577,3.5889219501029985
9.014000,2.656290531776913,3.6719310292210268
9.016000,2.656290531776913,3.4082551308461126
9.018000,2.7783627069504844,3.5156786449988555
9.020000,2.656290531776913,3.2129396505683987
9.022000,2.8809033340962844,3.735408560311284
9.024000,2.700236514839399,3.794003204394598
9.026000,2.622110322728313,3.71099412527657
9.028000,2.680704966811627,3.3057145037003126
9.030000,2.9053177691309986,3.57427328908217
9.032000,2.41214618142977,3.7549401083390554
9.034000,2.65140764476997,3.4082551308461126
9.036000,2.9346150911726556,3.261768520637827
9.038000,2.89066910811017,3.4082551308461126
9.040000,2.495155260547799,3.6865796902418553
9.042000,2.6025787747005418,3.5449759670405125
9.044000,2.4512092774853134,3.442435339894713
9.046000,2.9004348821240558,3.3105973907072554
9.048000,2.700236514839399,3.291065842679484
9.050000,2.9102006561379414,3.706111238269627
9.052000,2.9346150911726556,3.422903791866941
9.054000,2.680704966811627,3.7012283512626842
9.056000,2.656290531776913,3.3057145037003126
9.058000,2.4414435034714277,3.4082551308461126
9.060000,2.421911955443656,3.6523994811932554
9.062000,2.793011367971313,3.2861829556725413
9.064000,2.7734798199435415,3.43755245288777
9.066000,2.9443808651865417,3.81353475242237
9.068000,2.832074464026856,3.23247119859617
9.070000,2.7685969329365987,3.3057145037003126
9.072000,2.783245593957427,3.6475165941863126
9.074000,2.763714045929656,3.769588769359884
9.076000,2.558632791638056,3.5205615320057984
9.078000,2.963912413214313,3.798886091401541
9.080000,2.8125429159990842,3.43755245288777
9.082000,2.6172274357213703,3.476615548943313
9.084000,2.939497978179599,3.6768139162279696
9.086000,2.89066910811017,3.237354085603113
9.088000,2.680704966811627,3.2861829556725413
9.090000,2.465857938506142,3.6865796902418553
9.092000,2.832074464026856,3.81353475242237
9.094000,2.6074616617074846,3.3154802777141987
9.096000,2.5000381475547417,3.466849774929427
9.098000,2.6465247577630273,3.496147096971084
9.100000,2.836957351033799,3.6865796902418553
9.102000,2.99320973525597,3.3301289387350272
9.104000,2.7392996108949417,3.2471198596169986
9.106000,2.680704966811627,3.3057145037003126
9.108000,2.99320973525597,3.5889219501029985
9.110000,2.5049210345616846,3.339894712748913
9.112000,2.5732814526588847,3.47173266193637
9.114000,2.5732814526588847,3.36919203479057
9.116000,2.9785610742351416,3.798886091401541
9.118000,2.9883268482490273,3.4863813229571985
9.120000,2.5049210345616846,3.4912642099641413
9.122000,2.9590295262073703,3.3105973907072554
9.124000,2.9443808651865417,3.8281834134431985
9.126000,2.9883268482490273,3.6963454642557414
9.128000,2.832074464026856,3.2861829556725413
9.130000,2.9492637521934846,3.798886091401541
9.132000,2.656290531776913,3.8281834134431985
9.134000,2.5293354695963988,3.769588769359884
9.136000,2.8516060120546274,3.57427328908217
9.138000,2.8467231250476845,3.8233005264362556
9.140000,2.5098039215686274,3.3545433737697414
9.142000,2.5391012436102844,3.8086518654154267
9.144000,2.4756237125200276,3.26665140764477
9.146000,2.7100022888532846,3.7305256733043413
9.148000,2.7783627069504844,3.554741741054398
9.150000,2.6025787747005418,3.2764171816586556
9.152000,2.7685969329365987,3.3301289387350272
9.154000,2.8467231250476845,3.2471198596169986
9.156000,3.0176241702906843,3.6768139162279696
9.158000,2.939497978179599,3.36919203479057
9.160000,2.919966430151827,3.794003204394598
9.162000,2.5342183566033416,3.4619668879224843
9.164000,2.6367589837491416,3.3887235828183413
9.166000,2.8857862211032272,3.8086518654154267
9.168000,2.724650949874113,3.554741741054398
9.170000,3.022507057297627,3.7793545433737696
9.172000,2.866254673075456,3.6719310292210268
9.174000,2.456092164492256,3.598687724116884
9.176000,2.729533836881056,3.535210193026627
9.178000,2.836957351033799,3.4912642099641413
9.180000,2.6904707408255133,3.261768520637827
9.182000,2.7441824979018845,3.339894712748913
9.184000,2.6465247577630273,3.6572823682001983
9.186000,2.729533836881056,3.6572823682001983
9.188000,2.7197680628671703,3.2813000686655984
9.190000,2.832074464026856,3.7500572213321126
9.192000,2.832074464026856,3.7256427862973984
9.194000,2.929732204165713,3.4131380178530555
9.196000,2.5293354695963988,3.26665140764477
9.198000,2.7685969329365987,3.3154802777141987
9.200000,2.8857862211032272,3.559624628061341
9.202000,2.836957351033799,3.837949187457084
9.204000,2.85648889906157,3.5449759670405125
9.206000,3.022507057297627,3.569390402075227
9.208000,2.6660563057907987,3.43755245288777
9.210000,2.622110322728313,3.7793545433737696
9.212000,2.4707408255130847,3.774471656366827
9.214000,2.793011367971313,3.295948729686427
9.216000,2.8174258030060275,3.7598229953459983
9.218000,2.4707408255130847,3.2861829556725413
9.220000,2.9541466392004274,3.71099412527657
9.222000,2.6123445487144275,3.364309147783627
9.224000,2.963912413214313,3.8623636224917983
9.226000,2.553749904631113,3.7793545433737696
9.228000,2.7100022888532846,3.6865796902418553
9.230000,2.832074464026856,3.4619668879224843
9.232000,2.9834439612420844,3.6133363851377127
9.234000,3.002975509269856,3.837949187457084
9.236000,2.4756237125200276,3.7012283512626842
9.238000,2.758831158922713,3.4912642099641413
9.240000,2.5342183566033416,3.579156176089113
9.242000,2.8125429159990842,3.7207598992904556
9.244000,2.5049210345616846,3.501029983978027
9.246000,2.8857862211032272,3.466849774929427
9.248000,2.4853894865339132,3.7842374303807125
9.250000,3.0078583962767986,3.6865796902418553
9.252000,2.827191577019913,3.5840390630960557
9.254000,2.99320973525597,3.8233005264362556
9.256000,2.8223086900129704,3.427786678873884
9.258000,2.6758220798046843,3.2861829556725413
9.260000,2.963912413214313,3.6182192721446556
9.262000,2.705119401846342,3.7158770122835127
9.264000,2.9736781872281988,3.364309147783627
9.266000,2.8760204470893416,3.432669565880827
9.268000,2.9492637521934846,3.637750820172427
9.270000,2.763714045929656,3.8281834134431985
9.272000,2.895551995117113,3.598687724116884
9.274000,2.8174258030060275,3.427786678873884
9.276000,2.597695887693599,3.7842374303807125
9.278000,2.7490653849088273,3.6523994811932554
9.280000,2.9785610742351416,3.5107957579919127
9.282000,2.7441824979018845,3.794003204394598
9.284000,2.6709391927977415,3.84771496147097
9.286000,3.051804379339284,3.842832074464027
9.288000,2.827191577019913,3.6914625772487986
9.290000,2.6465247577630273,3.43755245288777
9.292000,2.5098039215686274,3.7842374303807125
9.294000,2.783245593957427,3.6231021591515984
9.296000,2.5391012436102844,3.3301289387350272
9.298000,2.9004348821240558,3.8525978484779126
9.300000,2.5146868085755703,3.374074921797513
9.302000,2.5049210345616846,3.33501182574197
9.304000,2.8467231250476845,3.393606469825284
9.306000,2.519569695582513,3.4180209048599983
9.308000,2.563515678644999,3.5107957579919127
9.310000,2.8516060120546274,3.7598229953459983
9.312000,2.939497978179599,3.559624628061341
9.314000,2.9443808651865417,3.5400930800335697
9.316000,2.8418402380407417,3.6133363851377127
9.318000,2.6416418707560845,3.4131380178530555
9.320000,2.5342183566033416,3.7598229953459983
9.322000,2.8809033340962844,3.7451743343251698
9.324000,2.968795300221256,3.6426337071793697
9.326000,3.0371557183184557,3.442435339894713
9.328000,2.8857862211032272,3.6475165941863126
9.330000,2.7783627069504844,3.7256427862973984
9.332000,3.0371557183184557,3.4863813229571985
9.334000,2.8125429159990842,3.8574807354848555
9.336000,2.99320973525597,3.6914625772487986
9.338000,2.861371786068513,3.3838406958113985
9.340000,2.8467231250476845,3.3154802777141987
9.342000,2.65140764476997,3.7842374303807125
9.344000,2.519569695582513,3.60845349813077
9.346000,2.9590295262073703,3.8574807354848555
9.348000,3.09575036240177,3.7158770122835127
9.350000,2.9785610742351416,3.8330663004501413
9.352000,3.0078583962767986,3.5938048371099414
9.354000,3.056687266346227,3.5107957579919127
9.356000,2.998092622262913,3.798886091401541
9.358000,3.002975509269856,3.5107957579919127
9.360000,2.5342183566033416,3.5156786449988555
9.362000,2.695353627832456,3.8818951705195697
9.364000,2.78812848096437,3.8916609445334553
9.366000,2.89066910811017,3.740291447318227
9.368000,3.0469214923323413,3.6719310292210268
9.370000,2.8711375600823987,3.427786678873884
9.372000,2.700236514839399,3.774471656366827
9.374000,2.968795300221256,3.818417639429313
9.376000,2.7978942549782557,3.5645075150682843
9.378000,2.597695887693599,3.667048142214084
9.380000,2.631876096742199,3.7451743343251698
9.382000,3.051804379339284,3.496147096971084
9.384000,2.622110322728313,3.393606469825284
9.386000,2.729533836881056,3.6279850461585412
9.388000,3.06157015335317,3.603570611123827
9.390000,2.9834439612420844,3.667048142214084
9.392000,2.7148851758602275,3.5645075150682843
9.394000,2.680704966811627,3.7305256733043413
9.396000,3.071335927367056,3.842832074464027
9.398000,2.7100022888532846,3.81353475242237
9.400000,3.06157015335317,3.3594262607766843
9.402000,2.626993209735256,3.447318226901656
9.404000,2.6025787747005418,3.6133363851377127
9.406000,2.99320973525597,3.442435339894713
9.408000,2.783245593957427,3.5889219501029985
9.410000,2.729533836881056,3.4814984359502557
9.412000,3.0469214923323413,3.837949187457084
9.414000,2.6172274357213703,3.877012283512627
9.416000,3.0908674753948273,3.598687724116884
9.418000,3.1152819104295415,3.579156176089113
9.420000,3.0420386053253985,3.5498588540474554
9.422000,2.8516060120546274,3.842832074464027
9.424000,2.5879301136797133,3.476615548943313
9.426000,2.661173418783856,3.6914625772487986
9.428000,2.793011367971313,3.7500572213321126
9.430000,3.0127412832837415,3.81353475242237
9.432000,2.7978942549782557,3.6182192721446556
9.434000,2.680704966811627,3.7158770122835127
9.436000,3.051804379339284,3.8867780575265125
9.438000,2.680704966811627,3.5400930800335697
9.440000,2.9834439612420844,3.4814984359502557
9.442000,2.9102006561379414,3.603570611123827
9.444000,2.9736781872281988,3.4619668879224843
9.446000,2.7978942549782557,3.559624628061341
9.448000,2.827191577019913,3.6963454642557414
9.450000,2.9102006561379414,3.84771496147097
9.452000,2.8467231250476845,3.47173266193637
9.454000,2.6465247577630273,3.466849774929427
9.456000,2.832074464026856,3.769588769359884
9.458000,3.0078583962767986,3.36919203479057
9.460000,2.695353627832456,3.3594262607766843
9.462000,2.9053177691309986,3.559624628061341
9.464000,2.9346150911726556,3.7549401083390554
9.466000,2.866254673075456,3.7207598992904556
9.468000,2.758831158922713,3.8086518654154267
9.470000,2.75394827191577,3.8818951705195697
9.472000,3.032272831311513,3.8867780575265125
9.474000,2.553749904631113,3.5449759670405125
9.476000,2.85648889906157,3.837949187457084
9.478000,3.0859845883878845,3.6133363851377127
9.480000,2.9736781872281988,3.4180209048599983
9.482000,3.071335927367056,3.5156786449988555
9.484000,3.002975509269856,3.7451743343251698
9.486000,2.5830472266727704,3.8525978484779126
9.488000,2.6416418707560845,3.4180209048599983
9.490000,2.7783627069504844,3.3594262607766843
9.492000,2.929732204165713,3.559624628061341
9.494000,2.866254673075456,3.569390402075227
9.496000,2.6709391927977415,3.9209582665751124
9.498000,2.8711375600823987,3.930724040588998
9.500000,2.85648889906157,3.7305256733043413
9.502000,2.9102006561379414,3.7256427862973984
9.504000,2.8857862211032272,3.8916609445334553
9.506000,2.7392996108949417,3.794003204394598
9.508000,3.1494621194781414,3.735408560311284
9.510000,3.1445792324711985,3.393606469825284
9.512000,2.592813000686656,3.940489814602884
9.514000,2.622110322728313,3.8525978484779126
9.516000,2.8467231250476845,3.501029983978027
9.518000,3.0371557183184557,3.4131380178530555
9.520000,2.724650949874113,3.427786678873884
9.522000,2.68558785381857,3.4522011139085986
9.524000,3.066453040360113,3.3887235828183413
9.526000,2.9443808651865417,3.84771496147097
9.528000,2.724650949874113,3.9111924925612267
9.530000,2.85648889906157,3.4180209048599983
9.532000,2.700236514839399,3.945372701609827
9.534000,3.0127412832837415,3.637750820172427
9.536000,2.8223086900129704,3.427786678873884
9.538000,2.631876096742199,3.442435339894713
9.540000,3.1396963454642557,3.6475165941863126
9.542000,2.8027771419851986,3.5645075150682843
9.544000,2.8516060120546274,3.6816968032349124
9.546000,2.85648889906157,3.5107957579919127
9.548000,2.939497978179599,3.598687724116884
9.550000,2.763714045929656,3.6523994811932554
9.552000,2.919966430151827,3.8525978484779126
9.554000,2.724650949874113,3.837949187457084
9.556000,2.700236514839399,3.6182192721446556
9.558000,2.75394827191577,3.9111924925612267
9.560000,2.929732204165713,3.774471656366827
9.562000,2.8516060120546274,3.432669565880827
9.564000,2.8516060120546274,3.496147096971084
9.566000,3.09575036240177,3.6719310292210268
9.568000,2.8223086900129704,3.877012283512627
9.570000,3.0420386053253985,3.774471656366827
9.572000,2.724650949874113,3.43755245288777
9.574000,2.6660563057907987,3.6768139162279696
9.576000,2.85648889906157,3.6963454642557414
9.578000,3.1494621194781414,3.9551384756237127
9.580000,2.661173418783856,3.6572823682001983
9.582000,3.066453040360113,3.774471656366827
9.584000,2.7685969329365987,3.7891203173876553
9.586000,2.7490653849088273,3.901426718547341
9.588000,2.631876096742199,3.774471656366827
9.590000,2.6758220798046843,3.95025558861677
9.592000,2.8467231250476845,3.7842374303807125
9.594000,2.75394827191577,3.8281834134431985
9.596000,2.7100022888532846,3.764705882352941
9.598000,2.758831158922713,3.969787136644541
9.600000,2.6025787747005418,3.8525978484779126
9.602000,2.866254673075456,3.466849774929427
9.604000,3.02738994430457,3.4912642099641413
9.606000,2.9004348821240558,3.3789578088044556
9.608000,2.6172274357213703,3.496147096971084
9.610000,2.7197680628671703,3.43755245288777
9.612000,2.6172274357213703,3.8281834134431985
9.614000,3.0420386053253985,3.6719310292210268
9.616000,2.75394827191577,3.7793545433737696
9.618000,3.0811017013809416,3.4082551308461126
9.620000,3.09575036240177,3.9209582665751124
9.622000,2.661173418783856,3.6572823682001983
9.624000,2.9443808651865417,3.877012283512627
9.626000,2.9346150911726556,3.662165255207141
9.628000,2.8760204470893416,3.6719310292210268
9.630000,2.9736781872281988,3.57427328908217
9.632000,2.793011367971313,3.4180209048599983
9.634000,2.6660563057907987,3.393606469825284
9.636000,2.783245593957427,3.5498588540474554
9.638000,2.6367589837491416,3.603570611123827
9.640000,3.066453040360113,3.432669565880827
9.642000,3.0811017013809416,3.5938048371099414
9.644000,2.8125429159990842,3.60845349813077
9.646000,3.1445792324711985,3.930724040588998
9.648000,3.051804379339284,3.4131380178530555
9.650000,2.7148851758602275,3.7305256733043413
9.652000,3.1396963454642557,3.47173266193637
9.654000,2.8418402380407417,3.4180209048599983
9.656000,2.8223086900129704,3.6182192721446556
9.658000,3.02738994430457,3.569390402075227
9.660000,2.7783627069504844,3.896543831540398
9.662000,3.076218814373999,3.422903791866941
9.664000,3.1396963454642557,3.4863813229571985
9.666000,2.866254673075456,3.6133363851377127
9.668000,3.1445792324711985,3.8916609445334553
9.670000,2.9883268482490273,3.5840390630960557
9.672000,3.056687266346227,3.496147096971084
9.674000,3.19829098954757,3.47173266193637
9.676000,2.695353627832456,3.6426337071793697
9.678000,2.78812848096437,3.432669565880827
9.680000,2.9736781872281988,3.7158770122835127
9.682000,2.9150835431448843,3.6279850461585412
9.684000,3.02738994430457,3.579156176089113
9.686000,2.895551995117113,3.7158770122835127
9.688000,2.9834439612420844,3.422903791866941
9.690000,3.1396963454642557,3.9893186846723125
9.692000,3.06157015335317,3.8525978484779126
9.694000,3.1738765545128556,3.935606927595941
9.696000,3.1103990234225987,3.40337224383917
9.698000,3.1689936675059127,3.9893186846723125
9.700000,2.8857862211032272,3.5498588540474554
9.702000,2.827191577019913,3.8525978484779126
9.704000,2.963912413214313,3.9209582665751124
9.706000,3.1103990234225987,3.6963454642557414
9.708000,2.9102006561379414,3.9160753795681695
9.710000,2.7734798199435415,3.554741741054398
9.712000,2.7441824979018845,3.559624628061341
9.714000,3.0176241702906843,3.4570840009155415
9.716000,3.0420386053253985,3.535210193026627
9.718000,2.6904707408255133,3.9209582665751124
9.720000,3.066453040360113,3.95025558861677
9.722000,2.6465247577630273,3.940489814602884
9.724000,3.1885252155336845,3.4912642099641413
9.726000,2.9443808651865417,3.837949187457084
9.728000,3.0859845883878845,3.969787136644541
9.730000,3.12993057145037,3.57427328908217
9.732000,3.208056763561456,3.8818951705195697
9.734000,2.99320973525597,3.818417639429313
9.736000,2.8711375600823987,3.9893186846723125
9.738000,2.729533836881056,3.501029983978027
9.740000,2.9346150911726556,3.7598229953459983
9.742000,2.85648889906157,3.9600213626306555
9.744000,2.9102006561379414,3.8623636224917983
9.746000,2.8174258030060275,3.9649042496375984
9.748000,2.8857862211032272,3.7842374303807125
9.750000,2.8467231250476845,3.496147096971084
9.752000,3.0176241702906843,3.7012283512626842
9.754000,3.1836423285267412,3.4570840009155415
9.756000,2.6465247577630273,3.9160753795681695
9.758000,2.832074464026856,3.7500572213321126
9.760000,3.1689936675059127,3.81353475242237
9.762000,2.7978942549782557,3.60845349813077
9.764000,2.919966430151827,3.803768978408484
9.766000,2.705119401846342,3.60845349813077
9.768000,3.1934081025406273,3.8233005264362556
9.770000,3.02738994430457,3.6914625772487986
9.772000,2.866254673075456,3.6426337071793697
9.774000,2.963912413214313,3.81353475242237
9.776000,3.134813458457313,3.9844357976653697
9.778000,3.1836423285267412,3.896543831540398
9.780000,2.8857862211032272,3.5156786449988555
9.782000,2.968795300221256,3.8086518654154267
9.784000,3.105516136415656,3.8281834134431985
9.786000,2.6660563057907987,3.5498588540474554
9.788000,2.734416723887999,3.774471656366827
9.790000,2.8516060120546274,3.774471656366827
9.792000,3.1934081025406273,3.6231021591515984
9.794000,2.661173418783856,3.935606927595941
9.796000,2.656290531776913,3.979552910658427
9.798000,3.1396963454642557,4.01861600671397
9.800000,2.85648889906157,3.798886091401541
9.802000,3.056687266346227,3.6963454642557414
9.804000,2.8027771419851986,3.9844357976653697
9.806000,3.203173876554513,3.569390402075227
9.808000,2.8027771419851986,3.530327306019684
9.810000,3.056687266346227,3.5889219501029985
9.812000,2.7783627069504844,3.6475165941863126
9.814000,2.8174258030060275,3.9111924925612267
9.816000,2.7148851758602275,3.9160753795681695
9.818000,3.076218814373999,3.8233005264362556
9.820000,2.9736781872281988,3.4570840009155415
9.822000,3.1885252155336845,3.5156786449988555
9.824000,2.68558785381857,3.7256427862973984
9.826000,3.105516136415656,3.5840390630960557
9.828000,3.056687266346227,3.803768978408484
9.830000,2.6465247577630273,3.559624628061341
9.832000,2.9004348821240558,3.9209582665751124
9.834000,2.92484931715877,3.9111924925612267
9.836000,2.8857862211032272,3.95025558861677
9.838000,3.23247119859617,3.7842374303807125
9.840000,2.8076600289921414,3.5449759670405125
9.842000,3.0420386053253985,3.769588769359884
9.844000,2.919966430151827,3.8574807354848555
9.846000,2.92484931715877,3.5498588540474554
9.848000,2.75394827191577,3.798886091401541
9.850000,2.661173418783856,3.6914625772487986
9.852000,2.9004348821240558,3.896543831540398
9.854000,2.9834439612420844,3.872129396505684
9.856000,2.7197680628671703,3.4912642099641413
9.858000,3.16411078049897,3.7891203173876553
9.860000,2.998092622262913,3.818417639429313
9.862000,2.7441824979018845,3.8233005264362556
9.864000,2.9004348821240558,3.84771496147097
9.866000,3.2178225375753415,3.940489814602884
9.868000,2.661173418783856,3.842832074464027
9.870000,2.89066910811017,3.8916609445334553
9.872000,3.1689936675059127,3.525444419012741
9.874000,3.0127412832837415,3.764705882352941
9.876000,3.09575036240177,3.7598229953459983
9.878000,2.793011367971313,3.769588769359884
9.880000,3.2422369726100557,3.554741741054398
9.882000,3.1396963454642557,3.5449759670405125
9.884000,2.6758220798046843,3.5645075150682843
9.886000,2.763714045929656,4.033264667734798
9.888000,2.861371786068513,3.7305256733043413
9.890000,2.9492637521934846,3.764705882352941
9.892000,3.1689936675059127,3.9111924925612267
9.894000,2.7197680628671703,3.4912642099641413
9.896000,2.729533836881056,3.476615548943313
9.898000,3.1885252155336845,3.7793545433737696
9.900000,2.89066910811017,3.9111924925612267
9.902000,2.7783627069504844,4.038147554741741
9.904000,3.032272831311513,3.798886091401541
9.906000,2.7197680628671703,3.8916609445334553
9.908000,3.100633249408713,3.5156786449988555
9.910000,2.700236514839399,3.901426718547341
9.912000,2.724650949874113,3.5107957579919127
9.914000,3.09575036240177,3.579156176089113
9.916000,3.071335927367056,3.8867780575265125
9.918000,3.2178225375753415,3.8818951705195697
9.920000,3.0176241702906843,3.7012283512626842
9.922000,3.0371557183184557,3.7305256733043413
9.924000,3.071335927367056,3.9160753795681695
9.926000,3.23247119859617,3.7598229953459983
9.928000,3.1934081025406273,3.554741741054398
9.930000,3.154345006485084,3.818417639429313
9.932000,3.1689936675059127,3.7451743343251698
9.934000,3.076218814373999,3.84771496147097
9.936000,3.051804379339284,3.7500572213321126
9.938000,2.963912413214313,3.6572823682001983
9.940000,2.7441824979018845,3.8281834134431985
9.942000,3.0811017013809416,3.979552910658427
9.944000,3.066453040360113,3.6182192721446556
9.946000,2.783245593957427,3.774471656366827
9.948000,3.0908674753948273,3.8281834134431985
9.950000,2.8027771419851986,3.999084458686198
9.952000,2.8027771419851986,3.501029983978027
9.954000,3.2764171816586556,3.6914625772487986
9.956000,2.832074464026856,3.60845349813077
9.958000,2.700236514839399,3.4912642099641413
9.960000,3.0176241702906843,3.867246509498741
9.962000,2.7100022888532846,3.632867933165484
9.964000,3.0908674753948273,3.476615548943313
9.966000,2.9150835431448843,3.6523994811932554
9.968000,2.998092622262913,3.603570611123827
9.970000,3.2422369726100557,3.57427328908217
9.972000,3.071335927367056,3.5449759670405125
9.974000,2.7490653849088273,3.525444419012741
9.976000,2.8418402380407417,3.501029983978027
9.978000,2.929732204165713,3.9160753795681695
9.980000,2.939497978179599,3.4912642099641413
9.982000,3.1445792324711985,3.8525978484779126
9.984000,2.75394827191577,3.4814984359502557
9.986000,2.78812848096437,4.052796215762569
9.988000,3.1934081025406273,3.906309605554284
9.990000,2.7197680628671703,4.067444876783398
9.992000,3.0371557183184557,3.837949187457084
9.994000,3.105516136415656,3.798886091401541
9.996000,2.8857862211032272,3.798886091401541
9.998000,2.8174258030060275,3.8623636224917983
10.000000,2.9736781872281988,3.818417639429313
10.002000,2.89066910811017,3.940489814602884
10.004000,2.724650949874113,3.8525978484779126
10.006000,3.076218814373999,3.9551384756237127
10.008000,2.75394827191577,3.598687724116884
10.010000,2.92484931715877,3.569390402075227
10.012000,2.8516060120546274,3.530327306019684
10.014000,3.0371557183184557,3.6133363851377127
10.016000,3.1152819104295415,3.6279850461585412
10.018000,2.9492637521934846,3.803768978408484
10.020000,3.1201647974364843,3.877012283512627
10.022000,3.2520027466239414,3.945372701609827
10.024000,3.208056763561456,3.7549401083390554
10.026000,3.076218814373999,4.091859311818112
10.028000,2.7978942549782557,3.5205615320057984
10.030000,2.85648889906157,3.794003204394598
10.032000,2.783245593957427,3.9160753795681695
10.034000,2.939497978179599,3.6426337071793697
10.036000,2.7783627069504844,4.091859311818112
10.038000,3.2129396505683987,3.7793545433737696
10.040000,3.2227054245822844,4.01861600671397
10.042000,3.23247119859617,3.901426718547341
10.044000,3.0859845883878845,3.945372701609827
10.046000,3.2471198596169986,3.530327306019684
10.048000,3.2715342946517127,3.569390402075227
10.050000,3.2129396505683987,3.5400930800335697
10.052000,2.793011367971313,3.7158770122835127
10.054000,3.23247119859617,4.0820935378042265
10.056000,3.2178225375753415,3.5205615320057984
10.058000,3.0176241702906843,4.067444876783398
10.060000,3.0811017013809416,3.818417639429313
10.062000,3.2764171816586556,4.052796215762569
10.064000,3.16411078049897,3.637750820172427
10.066000,3.066453040360113,3.769588769359884
10.068000,3.12993057145037,3.535210193026627
10.070000,3.071335927367056,4.003967345693141
10.072000,3.1836423285267412,3.8916609445334553
10.074000,2.9785610742351416,4.077210650797284
10.076000,3.3057145037003126,4.067444876783398
10.078000,2.9004348821240558,3.969787136644541
10.080000,2.9053177691309986,3.7891203173876553
10.082000,2.9102006561379414,3.6475165941863126
10.084000,3.0078583962767986,3.5840390630960557
10.086000,2.9541466392004274,3.7305256733043413
10.088000,3.051804379339284,3.9111924925612267
10.090000,3.1836423285267412,3.6914625772487986
10.092000,2.8174258030060275,4.003967345693141
10.094000,3.3008316166933698,3.5400930800335697
10.096000,2.7685969329365987,3.5938048371099414
10.098000,2.836957351033799,4.008850232700084
10.100000,3.0811017013809416,3.8086518654154267
10.102000,2.7392996108949417,3.930724040588998
10.104000,3.0859845883878845,3.803768978408484
10.106000,2.968795300221256,3.6426337071793697
10.108000,3.19829098954757,3.7891203173876553
10.110000,3.100633249408713,3.5645075150682843
10.112000,3.23247119859617,3.798886091401541
10.114000,3.022507057297627,3.6963454642557414
10.116000,2.78812848096437,3.5645075150682843
10.118000,2.89066910811017,4.038147554741741
10.120000,3.032272831311513,3.5205615320057984
10.122000,3.1201647974364843,3.906309605554284
10.124000,2.9102006561379414,3.925841153582055
10.126000,2.9150835431448843,3.6475165941863126
10.128000,2.963912413214313,4.013733119707027
10.130000,2.8711375600823987,3.8233005264362556
10.132000,3.16411078049897,4.077210650797284
10.134000,3.066453040360113,3.5449759670405125
10.136000,3.1103990234225987,3.9893186846723125
10.138000,3.261768520637827,3.7549401083390554
10.140000,3.076218814373999,3.525444419012741
10.142000,3.3252460517280844,4.067444876783398
10.144000,2.7783627069504844,3.969787136644541
10.146000,3.2129396505683987,3.6572823682001983
10.148000,2.9736781872281988,3.706111238269627
10.150000,3.076218814373999,3.842832074464027
10.152000,3.1885252155336845,3.60845349813077
10.154000,2.8223086900129704,3.6572823682001983
10.156000,3.071335927367056,3.9844357976653697
10.158000,2.866254673075456,4.062561989776455
10.160000,3.0371557183184557,3.5938048371099414
10.162000,3.066453040360113,3.6865796902418553
10.164000,3.3203631647211416,4.047913328755627
10.166000,3.2715342946517127,3.535210193026627
10.168000,3.1494621194781414,3.71099412527657
10.170000,3.203173876554513,3.5449759670405125
10.172000,3.26665140764477,3.6572823682001983
10.174000,3.203173876554513,3.706111238269627
10.176000,2.793011367971313,3.7012283512626842
10.178000,3.0127412832837415,3.901426718547341
10.180000,3.2129396505683987,3.9844357976653697
10.182000,3.1152819104295415,3.877012283512627
10.184000,3.2715342946517127,3.8574807354848555
10.186000,2.758831158922713,4.086976424811169
10.188000,3.0371557183184557,3.925841153582055
10.190000,2.8857862211032272,3.9649042496375984
10.192000,3.1934081025406273,3.6523994811932554
10.194000,3.1836423285267412,3.8623636224917983
10.196000,2.92484931715877,3.974670023651484
10.198000,2.7490653849088273,4.077210650797284
10.200000,2.8125429159990842,3.6914625772487986
10.202000,3.1885252155336845,3.7549401083390554
10.204000,2.9150835431448843,3.8916609445334553
10.206000,3.1445792324711985,3.8086518654154267
10.208000,3.0420386053253985,3.84771496147097
10.210000,3.0176241702906843,3.9844357976653697
10.212000,3.1836423285267412,3.7256427862973984
10.214000,2.78812848096437,3.764705882352941
10.216000,2.758831158922713,3.6133363851377127
10.218000,3.2764171816586556,3.7256427862973984
10.220000,3.16411078049897,4.033264667734798
10.222000,2.85648889906157,3.8330663004501413
10.224000,2.763714045929656,3.974670023651484
10.226000,2.8516060120546274,3.798886091401541
10.228000,3.1494621194781414,4.057679102769512
10.230000,2.861371786068513,3.6475165941863126
10.232000,3.23247119859617,3.6816968032349124
10.234000,2.9004348821240558,3.7158770122835127
10.236000,2.9785610742351416,3.8916609445334553
10.238000,3.12993057145037,3.9942015716792554
10.240000,3.0078583962767986,3.706111238269627
10.242000,3.0908674753948273,3.8525978484779126
10.244000,3.1836423285267412,3.999084458686198
10.246000,3.227588311589227,3.8233005264362556
10.248000,3.237354085603113,3.6523994811932554
10.250000,2.7783627069504844,3.8916609445334553
10.252000,3.227588311589227,3.940489814602884
10.254000,2.8516060120546274,3.637750820172427
10.256000,3.1934081025406273,3.9649042496375984
10.258000,2.7783627069504844,3.9551384756237127
10.260000,2.8125429159990842,3.837949187457084
10.262000,3.3301289387350272,3.818417639429313
10.264000,2.8516060120546274,3.6865796902418553
10.266000,3.071335927367056,3.740291447318227
10.268000,3.2471198596169986,3.8574807354848555
10.270000,3.295948729686427,3.9844357976653697
10.272000,3.09575036240177,4.008850232700084
10.274000,2.968795300221256,3.8623636224917983
10.276000,2.919966430151827,4.01861600671397
10.278000,3.3594262607766843,3.877012283512627
10.280000,3.0078583962767986,3.798886091401541
10.282000,3.1396963454642557,3.9160753795681695
10.284000,3.0127412832837415,3.81353475242237
10.286000,3.0859845883878845,4.028381780727855
10.288000,3.237354085603113,3.8916609445334553
10.290000,2.92484931715877,3.9600213626306555
10.292000,3.1201647974364843,3.9942015716792554
10.294000,2.8516060120546274,3.842832074464027
10.296000,2.8467231250476845,3.9551384756237127
10.298000,3.125047684443427,3.95025558861677
10.300000,2.919966430151827,3.930724040588998
10.302000,3.364309147783627,3.5840390630960557
10.304000,2.832074464026856,3.945372701609827
10.306000,2.85648889906157,4.140688181887541
10.308000,3.3252460517280844,4.135805294880599
10.310000,2.8516060120546274,3.8233005264362556
10.312000,3.1103990234225987,4.126039520866713
10.314000,3.1103990234225987,4.106507972838941
10.316000,2.939497978179599,3.774471656366827
10.318000,3.364309147783627,3.974670023651484
10.320000,3.1836423285267412,3.6572823682001983
10.322000,3.134813458457313,3.8623636224917983
10.324000,2.92484931715877,3.9600213626306555
10.326000,3.295948729686427,3.6768139162279696
10.328000,2.9053177691309986,3.774471656366827
10.330000,2.929732204165713,3.6572823682001983
10.332000,3.0176241702906843,3.60845349813077
10.334000,3.2129396505683987,3.901426718547341
10.336000,3.2568856336308842,4.135805294880599
10.338000,2.827191577019913,4.033264667734798
10.340000,2.9541466392004274,4.052796215762569
10.342000,3.364309147783627,3.667048142214084
10.344000,3.0811017013809416,3.735408560311284
10.346000,3.105516136415656,3.9649042496375984
10.348000,2.832074464026856,3.8818951705195697
10.350000,3.056687266346227,3.7207598992904556
10.352000,3.0371557183184557,4.003967345693141
10.354000,3.1103990234225987,4.086976424811169
10.356000,2.8809033340962844,3.706111238269627
10.358000,3.0908674753948273,3.969787136644541
10.360000,3.022507057297627,3.8818951705195697
10.362000,2.8418402380407417,3.7598229953459983
10.364000,3.374074921797513,4.116273746852826
10.366000,2.89066910811017,3.7256427862973984
10.368000,3.3252460517280844,3.6572823682001983
10.370000,2.8174258030060275,3.8623636224917983
10.372000,3.36919203479057,4.01861600671397
10.374000,3.1103990234225987,4.106507972838941
10.376000,3.3887235828183413,3.794003204394598
10.378000,2.8027771419851986,3.999084458686198
10.380000,3.134813458457313,4.145571068894484
10.382000,2.895551995117113,3.60845349813077
10.384000,3.105516136415656,4.130922407873656
10.386000,3.02738994430457,3.662165255207141
10.388000,3.066453040360113,3.7451743343251698
10.390000,3.2422369726100557,3.662165255207141
10.392000,2.929732204165713,4.047913328755627
10.394000,3.076218814373999,3.7598229953459983
10.396000,3.2568856336308842,3.632867933165484
10.398000,3.2227054245822844,3.7500572213321126
10.400000,2.919966430151827,3.6133363851377127
10.402000,3.237354085603113,3.7451743343251698
10.404000,3.16411078049897,3.6133363851377127
10.406000,2.8760204470893416,4.126039520866713
10.408000,3.022507057297627,3.8916609445334553
10.410000,2.9590295262073703,3.901426718547341
10.412000,3.125047684443427,3.9111924925612267
10.414000,3.1836423285267412,4.0820935378042265
10.416000,2.836957351033799,4.072327763790341
10.418000,2.9346150911726556,3.798886091401541
10.420000,2.9785610742351416,3.945372701609827
10.422000,3.125047684443427,4.18951705195697
10.424000,3.26665140764477,3.7012283512626842
10.426000,3.1201647974364843,4.145571068894484
10.428000,3.134813458457313,3.877012283512627
10.430000,3.398489356832227,4.160219729915313
10.432000,2.836957351033799,4.165102616922256
10.434000,3.1689936675059127,4.1992828259708554
10.436000,3.33501182574197,4.169985503929198
10.438000,3.0176241702906843,4.008850232700084
10.440000,3.071335927367056,3.877012283512627
10.442000,2.99320973525597,3.7598229953459983
10.444000,3.2813000686655984,3.6719310292210268
10.446000,3.1934081025406273,3.8623636224917983
10.448000,3.1836423285267412,4.101625085831998
10.450000,3.339894712748913,3.71099412527657
10.452000,3.33501182574197,4.096742198825055
10.454000,2.8711375600823987,4.086976424811169
10.456000,3.203173876554513,3.706111238269627
10.458000,2.929732204165713,4.003967345693141
10.460000,2.9053177691309986,4.121156633859769
10.462000,3.36919203479057,4.033264667734798
10.464000,2.99320973525597,3.9160753795681695
10.466000,3.3594262607766843,3.735408560311284
10.468000,3.1152819104295415,3.969787136644541
10.470000,2.861371786068513,4.135805294880599
10.472000,3.1689936675059127,3.837949187457084
10.474000,3.393606469825284,4.052796215762569
10.476000,2.9102006561379414,3.8574807354848555
10.478000,2.968795300221256,4.179751277943084
10.480000,3.022507057297627,4.145571068894484
10.482000,3.427786678873884,4.209048599984741
10.484000,3.066453040360113,3.9600213626306555
10.486000,3.398489356832227,3.769588769359884
10.488000,3.4082551308461126,3.9649042496375984
10.490000,2.92484931715877,4.013733119707027
10.492000,3.0859845883878845,4.165102616922256
10.494000,3.26665140764477,3.740291447318227
10.496000,3.02738994430457,4.1113908598458835
10.498000,3.2227054245822844,3.6523994811932554
10.500000,2.9492637521934846,3.6279850461585412
10.502000,3.100633249408713,3.769588769359884
10.504000,3.2471198596169986,4.101625085831998
10.506000,3.3154802777141987,3.8574807354848555
10.508000,3.134813458457313,3.6572823682001983
10.510000,3.3252460517280844,3.9551384756237127
10.512000,3.3496604867627986,3.774471656366827
10.514000,2.8516060120546274,4.0820935378042265
10.516000,2.92484931715877,3.81353475242237
10.518000,3.3789578088044556,3.7598229953459983
10.520000,3.0859845883878845,4.038147554741741
10.522000,3.398489356832227,4.047913328755627
10.524000,3.002975509269856,3.764705882352941
10.526000,3.3838406958113985,3.7451743343251698
10.528000,2.89066910811017,3.8330663004501413
10.530000,3.2422369726100557,3.84771496147097
10.532000,3.295948729686427,3.706111238269627
10.534000,3.398489356832227,4.0820935378042265
10.536000,2.968795300221256,4.043030441748684
10.538000,2.99320973525597,3.84771496147097
10.540000,3.295948729686427,3.9893186846723125
10.542000,3.432669565880827,3.9942015716792554
10.544000,3.076218814373999,3.9893186846723125
10.546000,2.919966430151827,3.7305256733043413
10.548000,3.0859845883878845,3.901426718547341
10.550000,2.861371786068513,4.067444876783398
10.552000,2.9590295262073703,3.7158770122835127
10.554000,3.3154802777141987,3.769588769359884
10.556000,3.2129396505683987,3.8086518654154267
10.558000,2.9785610742351416,4.013733119707027
10.560000,3.4522011139085986,4.218814373998627
10.562000,3.1738765545128556,4.008850232700084
10.564000,3.432669565880827,4.106507972838941
10.566000,2.9834439612420844,3.9209582665751124
10.568000,2.9102006561379414,3.8818951705195697
10.570000,3.1201647974364843,3.877012283512627
10.572000,3.3594262607766843,3.9209582665751124
10.574000,3.2422369726100557,4.013733119707027
10.576000,3.237354085603113,3.6523994811932554
10.578000,3.02738994430457,3.940489814602884
10.580000,3.1445792324711985,3.798886091401541
10.582000,3.261768520637827,4.194399938963913
10.584000,3.4522011139085986,4.243228809033341
10.586000,3.3008316166933698,3.842832074464027
10.588000,3.0859845883878845,3.945372701609827
10.590000,3.295948729686427,3.9893186846723125
10.592000,2.9102006561379414,4.248111696040284
10.594000,3.237354085603113,4.22369726100557
10.596000,3.2715342946517127,4.086976424811169
10.598000,3.051804379339284,4.047913328755627
10.600000,3.364309147783627,4.077210650797284
10.602000,3.056687266346227,4.213931486991684
10.604000,3.295948729686427,3.667048142214084
10.606000,2.8711375600823987,3.798886091401541
10.608000,3.3789578088044556,3.6572823682001983
10.610000,3.032272831311513,4.086976424811169
10.612000,3.3008316166933698,4.22369726100557
10.614000,3.159227893492027,3.740291447318227
10.616000,2.9346150911726556,4.096742198825055
10.618000,3.261768520637827,4.116273746852826
10.620000,3.208056763561456,3.7500572213321126
10.622000,3.3252460517280844,3.8233005264362556
10.624000,3.364309147783627,3.7305256733043413
10.626000,2.92484931715877,3.764705882352941
10.628000,3.3154802777141987,4.043030441748684
10.630000,3.1787594415197984,4.096742198825055
10.632000,3.1494621194781414,4.135805294880599
10.634000,3.2422369726100557,3.7012283512626842
10.636000,3.1152819104295415,3.979552910658427
10.638000,3.208056763561456,3.8574807354848555
10.640000,3.374074921797513,3.95025558861677
10.642000,3.261768520637827,3.95025558861677
10.644000,3.1836423285267412,4.047913328755627
10.646000,3.1103990234225987,4.194399938963913
10.648000,3.071335927367056,3.81353475242237
10.650000,2.9590295262073703,4.238345922026398
10.652000,2.9883268482490273,3.9551384756237127
10.654000,3.442435339894713,3.7598229953459983
10.656000,3.056687266346227,3.935606927595941
10.658000,3.398489356832227,4.101625085831998
10.660000,2.9150835431448843,3.7012283512626842
10.662000,3.100633249408713,3.818417639429313
10.664000,3.19829098954757,3.8086518654154267
10.666000,3.374074921797513,3.9844357976653697
10.668000,3.427786678873884,3.7598229953459983
10.670000,2.9004348821240558,4.165102616922256
10.672000,3.4082551308461126,4.1113908598458835
10.674000,3.3008316166933698,3.6963454642557414
10.676000,3.0469214923323413,3.877012283512627
10.678000,3.23247119859617,4.150453955901427
10.680000,3.4570840009155415,4.15533684290837
10.682000,3.227588311589227,4.252994583047227
10.684000,3.051804379339284,4.028381780727855
10.686000,2.9834439612420844,4.126039520866713
10.688000,2.92484931715877,3.969787136644541
10.690000,3.2861829556725413,4.106507972838941
10.692000,3.2227054245822844,3.95025558861677
10.694000,3.3154802777141987,4.238345922026398
10.696000,2.963912413214313,3.6914625772487986
10.698000,3.022507057297627,4.101625085831998
10.700000,3.071335927367056,4.243228809033341
10.702000,3.1787594415197984,4.209048599984741
10.704000,3.3887235828183413,3.969787136644541
10.706000,3.2178225375753415,3.8818951705195697
10.708000,3.154345006485084,4.267643244068055
10.710000,3.227588311589227,4.0820935378042265
10.712000,3.4082551308461126,3.7451743343251698
10.714000,2.9785610742351416,3.999084458686198
10.716000,3.447318226901656,3.9893186846723125
10.718000,3.2568856336308842,4.15533684290837
10.720000,3.0420386053253985,3.7842374303807125
10.722000,3.4814984359502557,4.2285801480125125
10.724000,3.0078583962767986,3.818417639429313
10.726000,3.3057145037003126,4.086976424811169
10.728000,3.4180209048599983,4.013733119707027
10.730000,3.427786678873884,4.086976424811169
10.732000,3.295948729686427,4.22369726100557
10.734000,3.02738994430457,4.160219729915313
10.736000,2.9492637521934846,4.1992828259708554
10.738000,2.9443808651865417,4.267643244068055
10.740000,3.1836423285267412,3.9160753795681695
10.742000,2.939497978179599,3.9600213626306555
10.744000,3.1494621194781414,3.8330663004501413
10.746000,3.3789578088044556,3.6963454642557414
10.748000,3.0371557183184557,3.7842374303807125
10.750000,3.33501182574197,3.764705882352941
10.752000,3.1885252155336845,4.174868390936141
10.754000,2.9541466392004274,4.126039520866713
10.756000,3.47173266193637,4.067444876783398
10.758000,3.3105973907072554,3.979552910658427
10.760000,3.447318226901656,4.057679102769512
10.762000,3.3008316166933698,3.764705882352941
10.764000,2.9785610742351416,4.2285801480125125
10.766000,3.4131380178530555,4.296940566109712
10.768000,3.2227054245822844,3.9209582665751124
10.770000,3.4814984359502557,3.803768978408484
10.772000,3.442435339894713,3.8574807354848555
10.774000,3.002975509269856,3.8574807354848555
10.776000,3.23247119859617,4.130922407873656
10.778000,3.076218814373999,3.969787136644541
10.780000,3.100633249408713,3.925841153582055
10.782000,3.071335927367056,4.169985503929198
10.784000,3.466849774929427,3.774471656366827
10.786000,2.9346150911726556,3.842832074464027
10.788000,3.422903791866941,4.213931486991684
10.790000,3.1494621194781414,4.028381780727855
10.792000,3.4619668879224843,3.9551384756237127
10.794000,3.0127412832837415,3.9551384756237127
10.796000,3.4131380178530555,4.126039520866713
10.798000,3.066453040360113,3.769588769359884
10.800000,3.2764171816586556,4.2871747920958265
10.802000,3.3008316166933698,4.22369726100557
10.804000,3.051804379339284,3.8818951705195697
10.806000,3.0176241702906843,3.930724040588998
10.808000,3.3252460517280844,3.979552910658427
10.810000,2.9834439612420844,4.038147554741741
10.812000,3.1445792324711985,4.252994583047227
10.814000,3.076218814373999,4.2871747920958265
10.816000,3.105516136415656,3.872129396505684
10.818000,3.3301289387350272,3.818417639429313
10.820000,3.4912642099641413,4.311589227130541
10.822000,3.393606469825284,3.84771496147097
10.824000,2.9883268482490273,4.067444876783398
10.826000,3.4180209048599983,4.067444876783398
10.828000,3.5107957579919127,3.7451743343251698
10.830000,3.2764171816586556,4.238345922026398
10.832000,3.09575036240177,4.306706340123598
10.834000,3.12993057145037,4.077210650797284
10.836000,2.9590295262073703,4.3164721141374836
10.838000,3.339894712748913,3.8330663004501413
10.840000,3.4131380178530555,4.169985503929198
10.842000,3.2715342946517127,4.106507972838941
10.844000,3.291065842679484,3.9600213626306555
10.846000,3.525444419012741,4.311589227130541
10.848000,3.442435339894713,4.18951705195697
10.850000,3.3154802777141987,4.2871747920958265
10.852000,3.12993057145037,3.764705882352941
10.854000,2.99320973525597,3.740291447318227
10.856000,3.076218814373999,3.803768978408484
10.858000,3.422903791866941,3.9111924925612267
10.860000,3.398489356832227,4.033264667734798
10.862000,3.1201647974364843,3.8525978484779126
10.864000,2.9736781872281988,3.8281834134431985
10.866000,2.9883268482490273,4.0820935378042265
10.868000,3.5107957579919127,4.238345922026398
10.870000,3.3154802777141987,3.9160753795681695
10.872000,3.19829098954757,3.935606927595941
10.874000,3.398489356832227,4.184634164950027
10.876000,3.071335927367056,3.974670023651484
10.878000,2.9785610742351416,3.940489814602884
10.880000,3.134813458457313,4.101625085831998
10.882000,3.125047684443427,4.077210650797284
10.884000,3.0078583962767986,4.3164721141374836
10.886000,3.476615548943313,4.091859311818112
10.888000,3.2861829556725413,4.028381780727855
10.890000,3.0127412832837415,4.2871747920958265
10.892000,3.2227054245822844,4.106507972838941
10.894000,3.022507057297627,3.8574807354848555
10.896000,3.5400930800335697,4.140688181887541
10.898000,3.339894712748913,4.169985503929198
10.900000,3.295948729686427,3.8525978484779126
10.902000,3.0371557183184557,4.023498893720912
10.904000,3.3154802777141987,3.95025558861677
10.906000,3.2813000686655984,4.067444876783398
10.908000,3.2471198596169986,3.974670023651484
10.910000,3.1494621194781414,4.169985503929198
10.912000,2.968795300221256,3.81353475242237
10.914000,3.466849774929427,4.204165712977798
10.916000,3.208056763561456,4.047913328755627
10.918000,3.5205615320057984,4.194399938963913
10.920000,3.501029983978027,4.033264667734798
10.922000,3.237354085603113,3.9844357976653697
10.924000,3.154345006485084,4.209048599984741
10.926000,2.998092622262913,3.7891203173876553
10.928000,3.3252460517280844,3.7842374303807125
10.930000,3.33501182574197,4.057679102769512
10.932000,3.3057145037003126,3.925841153582055
10.934000,3.3789578088044556,4.086976424811169
10.936000,3.496147096971084,3.945372701609827
10.938000,3.3008316166933698,3.945372701609827
10.940000,3.393606469825284,4.184634164950027
10.942000,3.530327306019684,4.277409018081941
10.944000,3.432669565880827,3.7891203173876553
10.946000,3.12993057145037,4.292057679102769
10.948000,3.2422369726100557,3.999084458686198
10.950000,3.1836423285267412,4.038147554741741
10.952000,3.3301289387350272,3.969787136644541
10.954000,3.227588311589227,3.999084458686198
10.956000,3.3789578088044556,3.930724040588998
10.958000,3.2129396505683987,3.8818951705195697
10.960000,2.99320973525597,3.930724040588998
10.962000,3.1885252155336845,3.8525978484779126
10.964000,3.3545433737697414,3.9600213626306555
10.966000,2.9834439612420844,4.135805294880599
10.968000,3.208056763561456,3.877012283512627
10.970000,3.1152819104295415,3.8086518654154267
10.972000,3.105516136415656,4.165102616922256
10.974000,3.1738765545128556,4.243228809033341
10.976000,3.554741741054398,4.126039520866713
10.978000,3.154345006485084,4.336003662165255
10.980000,3.23247119859617,3.940489814602884
10.982000,3.291065842679484,4.2871747920958265
10.984000,3.2861829556725413,4.213931486991684
10.986000,3.159227893492027,3.9111924925612267
10.988000,3.501029983978027,4.008850232700084
10.990000,3.4082551308461126,3.8574807354848555
10.992000,3.5107957579919127,4.204165712977798
10.994000,3.57427328908217,4.062561989776455
10.996000,3.2813000686655984,4.003967345693141
10.998000,3.056687266346227,4.296940566109712
11.000000,3.432669565880827,3.9551384756237127
11.002000,3.442435339894713,4.023498893720912
11.004000,3.203173876554513,4.028381780727855
11.006000,3.1152819104295415,4.140688181887541
11.008000,3.2568856336308842,3.969787136644541
11.010000,3.2568856336308842,4.150453955901427
11.012000,3.3203631647211416,4.194399938963913
11.014000,3.0371557183184557,3.9209582665751124
11.016000,3.0127412832837415,4.204165712977798
11.018000,3.100633249408713,4.292057679102769
11.020000,3.1445792324711985,3.925841153582055
11.022000,3.501029983978027,4.130922407873656
11.024000,3.1787594415197984,3.877012283512627
11.026000,3.2520027466239414,3.7891203173876553
11.028000,3.535210193026627,4.043030441748684
11.030000,3.1738765545128556,4.179751277943084
11.032000,3.06157015335317,4.038147554741741
11.034000,3.0859845883878845,4.174868390936141
11.036000,3.3154802777141987,3.818417639429313
11.038000,3.339894712748913,4.135805294880599
11.040000,3.40337224383917,3.9111924925612267
11.042000,3.02738994430457,3.9209582665751124
11.044000,3.071335927367056,3.818417639429313
11.046000,3.579156176089113,3.803768978408484
11.048000,3.066453040360113,4.209048599984741
11.050000,3.57427328908217,4.3164721141374836
11.052000,3.1445792324711985,4.301823453116655
11.054000,3.5645075150682843,4.01861600671397
11.056000,3.0078583962767986,4.252994583047227
11.058000,3.237354085603113,4.321355001144426
11.060000,3.393606469825284,4.013733119707027
11.062000,3.0908674753948273,4.106507972838941
11.064000,3.125047684443427,4.213931486991684
11.066000,3.100633249408713,4.22369726100557
11.068000,3.0908674753948273,4.135805294880599
11.070000,3.4180209048599983,3.8818951705195697
11.072000,3.364309147783627,4.174868390936141
11.074000,3.1103990234225987,4.248111696040284
11.076000,3.26665140764477,4.22369726100557
11.078000,3.2568856336308842,4.282291905088884
11.080000,3.12993057145037,4.15533684290837
11.082000,3.1738765545128556,4.140688181887541
11.084000,3.1738765545128556,3.9111924925612267
11.086000,3.2520027466239414,4.126039520866713
11.088000,3.12993057145037,3.8916609445334553
11.090000,3.2129396505683987,4.345769436179141
11.092000,3.339894712748913,3.798886091401541
11.094000,3.3154802777141987,3.872129396505684
11.096000,3.1494621194781414,4.2285801480125125
11.098000,3.2178225375753415,3.930724040588998
11.100000,3.398489356832227,4.321355001144426
11.102000,3.0811017013809416,4.336003662165255
11.104000,3.427786678873884,4.047913328755627
11.106000,3.427786678873884,4.306706340123598
11.108000,3.5107957579919127,4.355535210193026
11.110000,3.5645075150682843,4.01861600671397
11.112000,3.1934081025406273,4.1992828259708554
11.114000,3.36919203479057,4.326237888151369
11.116000,3.501029983978027,3.8574807354848555
11.118000,3.57427328908217,3.9551384756237127
11.120000,3.398489356832227,3.9893186846723125
11.122000,3.339894712748913,4.145571068894484
11.124000,3.291065842679484,3.818417639429313
11.126000,3.33501182574197,3.979552910658427
11.128000,3.5889219501029985,4.062561989776455
11.130000,3.032272831311513,4.047913328755627
11.132000,3.33501182574197,4.252994583047227
11.134000,3.422903791866941,4.150453955901427
11.136000,3.603570611123827,4.243228809033341
11.138000,3.1836423285267412,4.277409018081941
11.140000,3.4131380178530555,4.311589227130541
11.142000,3.1689936675059127,4.15533684290837
11.144000,3.569390402075227,4.145571068894484
11.146000,3.0859845883878845,4.028381780727855
11.148000,3.23247119859617,3.9942015716792554
11.150000,3.3203631647211416,4.296940566109712
11.152000,3.3838406958113985,4.184634164950027
11.154000,3.0420386053253985,4.389715419241627
11.156000,3.1689936675059127,3.837949187457084
11.158000,3.398489356832227,3.81353475242237
11.160000,3.427786678873884,3.945372701609827
11.162000,3.2178225375753415,3.9209582665751124
11.164000,3.203173876554513,4.365300984206912
11.166000,3.3203631647211416,3.8525978484779126
11.168000,3.6279850461585412,3.9209582665751124
11.170000,3.2227054245822844,4.130922407873656
11.172000,3.2129396505683987,4.130922407873656
11.174000,3.3105973907072554,4.130922407873656
11.176000,3.100633249408713,4.043030441748684
11.178000,3.535210193026627,3.979552910658427
11.180000,3.2861829556725413,4.130922407873656
11.182000,3.2422369726100557,4.233463035019455
11.184000,3.5645075150682843,4.365300984206912
11.186000,3.4180209048599983,4.355535210193026
11.188000,3.5205615320057984,4.160219729915313
11.190000,3.3301289387350272,4.072327763790341
11.192000,3.154345006485084,4.345769436179141
11.194000,3.1103990234225987,3.896543831540398
11.196000,3.3301289387350272,3.818417639429313
11.198000,3.6133363851377127,4.086976424811169
11.200000,3.5400930800335697,4.296940566109712
11.202000,3.0811017013809416,4.2285801480125125
11.204000,3.1689936675059127,4.389715419241627
11.206000,3.5889219501029985,4.077210650797284
11.208000,3.33501182574197,4.18951705195697
11.210000,3.3789578088044556,4.126039520866713
11.212000,3.3887235828183413,3.9942015716792554
11.214000,3.066453040360113,4.15533684290837
11.216000,3.559624628061341,4.057679102769512
11.218000,3.6231021591515984,4.292057679102769
11.220000,3.1152819104295415,3.8525978484779126
11.222000,3.1152819104295415,4.326237888151369
11.224000,3.57427328908217,4.184634164950027
11.226000,3.1103990234225987,4.1113908598458835
11.228000,3.4619668879224843,4.135805294880599
11.230000,3.50591287098497,4.379949645227741
11.232000,3.1103990234225987,4.414129854276341
11.234000,3.3594262607766843,4.130922407873656
11.236000,3.559624628061341,4.419012741283284
11.238000,3.1885252155336845,4.218814373998627
11.240000,3.1445792324711985,3.9160753795681695
11.242000,3.5645075150682843,4.194399938963913
11.244000,3.3008316166933698,3.8867780575265125
11.246000,3.2813000686655984,3.935606927595941
11.248000,3.291065842679484,4.238345922026398
11.250000,3.295948729686427,4.262760357061112
11.252000,3.134813458457313,4.296940566109712
11.254000,3.5205615320057984,4.248111696040284
11.256000,3.427786678873884,4.409246967269398
11.258000,3.4912642099641413,3.8818951705195697
11.260000,3.364309147783627,4.365300984206912
11.262000,3.57427328908217,4.345769436179141
11.264000,3.6182192721446556,4.174868390936141
11.266000,3.3154802777141987,4.39459830624857
11.268000,3.476615548943313,4.0820935378042265
11.270000,3.2471198596169986,4.277409018081941
11.272000,3.5107957579919127,4.008850232700084
11.274000,3.09575036240177,4.3164721141374836
11.276000,3.393606469825284,4.023498893720912
11.278000,3.3545433737697414,4.135805294880599
11.280000,3.598687724116884,4.321355001144426
11.282000,3.134813458457313,4.116273746852826
11.284000,3.5840390630960557,3.842832074464027
11.286000,3.071335927367056,4.209048599984741
11.288000,3.554741741054398,4.4336614023041125
11.290000,3.19829098954757,4.145571068894484
11.292000,3.4131380178530555,4.121156633859769
11.294000,3.364309147783627,4.311589227130541
11.296000,3.076218814373999,4.311589227130541
11.298000,3.2861829556725413,4.160219729915313
11.300000,3.227588311589227,4.39459830624857
11.302000,3.2764171816586556,4.067444876783398
11.304000,3.3545433737697414,4.2871747920958265
11.306000,3.2471198596169986,4.409246967269398
11.308000,3.466849774929427,3.9893186846723125
11.310000,3.501029983978027,4.22369726100557
11.312000,3.2471198596169986,3.969787136644541
11.314000,3.105516136415656,4.091859311818112
11.316000,3.2813000686655984,4.3750667582207985
11.318000,3.4619668879224843,4.072327763790341
11.320000,3.3301289387350272,3.901426718547341
11.322000,3.447318226901656,4.4043640802624555
11.324000,3.4180209048599983,4.135805294880599
11.326000,3.1885252155336845,4.077210650797284
11.328000,3.40337224383917,4.008850232700084
11.330000,3.476615548943313,4.165102616922256
11.332000,3.1445792324711985,3.9160753795681695
11.334000,3.554741741054398,4.096742198825055
11.336000,3.09575036240177,4.22369726100557
11.338000,3.36919203479057,4.179751277943084
11.340000,3.3203631647211416,3.896543831540398
11.342000,3.535210193026627,4.355535210193026
11.344000,3.125047684443427,4.282291905088884
11.346000,3.6475165941863126,4.22369726100557
11.348000,3.47173266193637,4.121156633859769
11.350000,3.559624628061341,4.379949645227741
11.352000,3.637750820172427,3.896543831540398
11.354000,3.5107957579919127,3.979552910658427
11.356000,3.1934081025406273,3.9111924925612267
11.358000,3.530327306019684,4.145571068894484
11.360000,3.2422369726100557,3.8916609445334553
11.362000,3.364309147783627,4.350652323186083
11.364000,3.5840390630960557,4.140688181887541
11.366000,3.33501182574197,4.370183871213855
11.368000,3.4863813229571985,4.126039520866713
11.370000,3.2715342946517127,4.345769436179141
11.372000,3.3887235828183413,4.409246967269398
11.374000,3.4131380178530555,4.179751277943084
11.376000,3.227588311589227,4.213931486991684
11.378000,3.2715342946517127,4.350652323186083
11.380000,3.6133363851377127,4.248111696040284
11.382000,3.5938048371099414,3.9942015716792554
11.384000,3.2861829556725413,3.9600213626306555
11.386000,3.1396963454642557,4.370183871213855
11.388000,3.1836423285267412,4.072327763790341
11.390000,3.2422369726100557,3.9209582665751124
11.392000,3.3496604867627986,4.2285801480125125
11.394000,3.476615548943313,4.438544289311055
11.396000,3.105516136415656,4.1113908598458835
11.398000,3.237354085603113,4.370183871213855
11.400000,3.1836423285267412,3.9551384756237127
11.402000,3.2422369726100557,4.1992828259708554
11.404000,3.525444419012741,4.326237888151369
11.406000,3.2715342946517127,4.038147554741741
11.408000,3.2715342946517127,4.150453955901427
11.410000,3.3447775997558558,4.091859311818112
11.412000,3.1836423285267412,4.077210650797284
11.414000,3.36919203479057,4.248111696040284
11.416000,3.1934081025406273,4.46295872434577
11.418000,3.1494621194781414,4.472724498359655
11.420000,3.237354085603113,3.9942015716792554
11.422000,3.1396963454642557,4.086976424811169
11.424000,3.60845349813077,4.336003662165255
11.426000,3.637750820172427,3.95025558861677
11.428000,3.3057145037003126,4.023498893720912
11.430000,3.447318226901656,4.301823453116655
11.432000,3.57427328908217,3.906309605554284
11.434000,3.432669565880827,4.038147554741741
11.436000,3.5889219501029985,4.1992828259708554
11.438000,3.4180209048599983,4.3750667582207985
11.440000,3.3008316166933698,4.130922407873656
11.442000,3.3203631647211416,4.062561989776455
11.444000,3.476615548943313,4.062561989776455
11.446000,3.4619668879224843,4.184634164950027
11.448000,3.4082551308461126,4.233463035019455
11.450000,3.632867933165484,4.184634164950027
11.452000,3.2422369726100557,4.204165712977798
11.454000,3.6133363851377127,4.233463035019455
11.456000,3.6133363851377127,4.370183871213855
11.458000,3.5156786449988555,3.999084458686198
11.460000,3.3887235828183413,4.003967345693141
11.462000,3.1201647974364843,4.4336614023041125
11.464000,3.3594262607766843,4.423895628290227
11.466000,3.2568856336308842,3.95025558861677
11.468000,3.466849774929427,3.9209582665751124
11.470000,3.125047684443427,3.9111924925612267
11.472000,3.6719310292210268,4.42877851529717
11.474000,3.7012283512626842,4.077210650797284
11.476000,3.4131380178530555,4.013733119707027
11.478000,3.4082551308461126,4.126039520866713
11.480000,3.6865796902418553,4.135805294880599
11.482000,3.339894712748913,4.379949645227741
11.484000,3.6865796902418553,3.9649042496375984
11.486000,3.422903791866941,4.028381780727855
11.488000,3.2813000686655984,4.130922407873656
11.490000,3.26665140764477,4.292057679102769
11.492000,3.1738765545128556,4.126039520866713
11.494000,3.3789578088044556,3.95025558861677
11.496000,3.364309147783627,4.39459830624857
11.498000,3.2129396505683987,4.414129854276341
11.500000,3.667048142214084,3.930724040588998
11.502000,3.6279850461585412,4.477607385366598
11.504000,3.2568856336308842,4.3750667582207985
11.506000,3.6816968032349124,4.345769436179141
11.508000,3.7207598992904556,4.277409018081941
11.510000,3.5156786449988555,4.497138933394369
11.512000,3.5107957579919127,4.072327763790341
11.514000,3.295948729686427,3.945372701609827
11.516000,3.291065842679484,4.277409018081941
11.518000,3.291065842679484,4.458075837338827
11.520000,3.442435339894713,4.262760357061112
11.522000,3.496147096971084,4.336003662165255
11.524000,3.706111238269627,4.409246967269398
11.526000,3.7158770122835127,3.9209582665751124
11.528000,3.525444419012741,4.145571068894484
11.530000,3.6572823682001983,4.506904707408255
11.532000,3.5156786449988555,4.003967345693141
11.534000,3.3496604867627986,4.389715419241627
11.536000,3.6523994811932554,4.130922407873656
11.538000,3.501029983978027,4.2578774700541695
11.540000,3.3594262607766843,3.940489814602884
11.542000,3.667048142214084,4.01861600671397
11.544000,3.2861829556725413,4.194399938963913
11.546000,3.1934081025406273,3.95025558861677
11.548000,3.1787594415197984,4.301823453116655
11.550000,3.5156786449988555,4.174868390936141
11.552000,3.4619668879224843,4.453192950331884
11.554000,3.496147096971084,4.028381780727855
11.556000,3.6523994811932554,4.218814373998627
11.558000,3.203173876554513,4.306706340123598
11.560000,3.50591287098497,4.2578774700541695
11.562000,3.60845349813077,4.301823453116655
11.564000,3.5449759670405125,4.46295872434577
11.566000,3.2568856336308842,4.46295872434577
11.568000,3.1738765545128556,4.106507972838941
11.570000,3.2813000686655984,4.209048599984741
11.572000,3.6963454642557414,4.4336614023041125
11.574000,3.3008316166933698,4.497138933394369
11.576000,3.7207598992904556,4.311589227130541
11.578000,3.1934081025406273,4.062561989776455
11.580000,3.3057145037003126,4.331120775158312
11.582000,3.3594262607766843,4.340886549172198
11.584000,3.603570611123827,4.038147554741741
11.586000,3.6182192721446556,4.252994583047227
11.588000,3.496147096971084,4.062561989776455
11.590000,3.4570840009155415,3.969787136644541
11.592000,3.2764171816586556,4.345769436179141
11.594000,3.1738765545128556,4.2578774700541695
11.596000,3.7256427862973984,4.379949645227741
11.598000,3.3057145037003126,4.399481193255513
11.600000,3.4522011139085986,4.355535210193026
11.602000,3.6133363851377127,4.389715419241627
11.604000,3.7256427862973984,4.145571068894484
11.606000,3.2422369726100557,4.243228809033341
11.608000,3.4619668879224843,4.448310063324941
11.610000,3.3252460517280844,4.340886549172198
11.612000,3.6426337071793697,3.999084458686198
11.614000,3.4522011139085986,4.414129854276341
11.616000,3.261768520637827,4.39459830624857
11.618000,3.4863813229571985,4.497138933394369
11.620000,3.7256427862973984,4.384832532234684
11.622000,3.2861829556725413,4.252994583047227
11.624000,3.7305256733043413,4.272526131074998
11.626000,3.5107957579919127,4.033264667734798
11.628000,3.432669565880827,3.9649042496375984
11.630000,3.60845349813077,4.003967345693141
11.632000,3.432669565880827,3.979552910658427
11.634000,3.7500572213321126,4.174868390936141
11.636000,3.6523994811932554,4.39459830624857
11.638000,3.26665140764477,4.043030441748684
11.640000,3.2568856336308842,4.301823453116655
11.642000,3.4863813229571985,4.038147554741741
11.644000,3.5840390630960557,4.096742198825055
11.646000,3.398489356832227,4.536202029449912
11.648000,3.3496604867627986,4.135805294880599
11.650000,3.1885252155336845,4.033264667734798
11.652000,3.6719310292210268,4.384832532234684
11.654000,3.4570840009155415,4.213931486991684
11.656000,3.6963454642557414,4.140688181887541
11.658000,3.2568856336308842,4.277409018081941
11.660000,3.26665140764477,3.969787136644541
11.662000,3.2520027466239414,4.370183871213855
11.664000,3.5889219501029985,4.121156633859769
11.666000,3.422903791866941,4.545967803463798
11.668000,3.71099412527657,4.043030441748684
11.670000,3.3301289387350272,4.204165712977798
11.672000,3.579156176089113,4.389715419241627
11.674000,3.447318226901656,4.003967345693141
11.676000,3.7256427862973984,4.145571068894484
11.678000,3.569390402075227,4.350652323186083
11.680000,3.2861829556725413,4.5264362554360265
11.682000,3.2861829556725413,4.336003662165255
11.684000,3.261768520637827,4.399481193255513
11.686000,3.706111238269627,4.179751277943084
11.688000,3.4912642099641413,4.301823453116655
11.690000,3.3057145037003126,4.238345922026398
11.692000,3.2422369726100557,4.492256046387427
11.694000,3.295948729686427,4.277409018081941
11.696000,3.5107957579919127,4.355535210193026
11.698000,3.4180209048599983,4.46295872434577
11.700000,3.5449759670405125,4.301823453116655
11.702000,3.554741741054398,4.497138933394369
11.704000,3.427786678873884,4.2871747920958265
11.706000,3.447318226901656,4.277409018081941
11.708000,3.50591287098497,4.218814373998627
11.710000,3.3008316166933698,4.184634164950027
11.712000,3.432669565880827,4.077210650797284
11.714000,3.60845349813077,4.267643244068055
11.716000,3.662165255207141,4.106507972838941
11.718000,3.339894712748913,3.9844357976653697
11.720000,3.7842374303807125,4.150453955901427
11.722000,3.237354085603113,4.145571068894484
11.724000,3.393606469825284,4.379949645227741
11.726000,3.7549401083390554,4.414129854276341
11.728000,3.706111238269627,4.521553368429084
11.730000,3.19829098954757,4.487373159380484
11.732000,3.4131380178530555,4.5264362554360265
11.734000,3.6279850461585412,4.213931486991684
11.736000,3.3154802777141987,4.4043640802624555
11.738000,3.5840390630960557,4.091859311818112
11.740000,3.559624628061341,4.331120775158312
11.742000,3.295948729686427,4.477607385366598
11.744000,3.2422369726100557,4.541084916456855
11.746000,3.2471198596169986,4.292057679102769
11.748000,3.6426337071793697,4.331120775158312
11.750000,3.632867933165484,4.160219729915313
11.752000,3.7305256733043413,4.521553368429084
11.754000,3.6865796902418553,4.043030441748684
11.756000,3.7793545433737696,4.218814373998627
11.758000,3.6231021591515984,4.350652323186083
11.760000,3.794003204394598,4.091859311818112
11.762000,3.3057145037003126,4.379949645227741
11.764000,3.6133363851377127,4.013733119707027
11.766000,3.4131380178530555,4.516670481422141
11.768000,3.4619668879224843,4.209048599984741
11.770000,3.23247119859617,4.282291905088884
11.772000,3.3594262607766843,4.438544289311055
11.774000,3.2422369726100557,4.541084916456855
11.776000,3.706111238269627,4.306706340123598
11.778000,3.579156176089113,4.057679102769512
11.780000,3.794003204394598,4.047913328755627
11.782000,3.6279850461585412,4.126039520866713
11.784000,3.427786678873884,4.096742198825055
11.786000,3.3594262607766843,4.345769436179141
11.788000,3.2764171816586556,4.531319142442969
11.790000,3.261768520637827,4.360418097199969
11.792000,3.7256427862973984,4.575265125505455
11.794000,3.530327306019684,4.2871747920958265
11.796000,3.237354085603113,4.399481193255513
11.798000,3.535210193026627,4.282291905088884
11.800000,3.227588311589227,3.999084458686198
11.802000,3.43755245288777,4.267643244068055
11.804000,3.579156176089113,4.443427176317998
11.806000,3.569390402075227,4.399481193255513
11.808000,3.7305256733043413,4.414129854276341
11.810000,3.427786678873884,4.204165712977798
11.812000,3.535210193026627,4.565499351491569
11.814000,3.735408560311284,3.9942015716792554
11.816000,3.2861829556725413,4.1992828259708554
11.818000,3.2422369726100557,4.077210650797284
11.820000,3.764705882352941,3.999084458686198
11.822000,3.798886091401541,4.204165712977798
11.824000,3.7598229953459983,4.140688181887541
11.826000,3.5400930800335697,4.15533684290837
11.828000,3.8086518654154267,4.272526131074998
11.830000,3.5889219501029985,4.267643244068055
11.832000,3.47173266193637,4.3164721141374836
11.834000,3.3154802777141987,4.46295872434577
11.836000,3.7305256733043413,4.18951705195697
11.838000,3.706111238269627,4.15533684290837
11.840000,3.735408560311284,4.345769436179141
11.842000,3.3008316166933698,4.580148012512398
11.844000,3.4912642099641413,4.140688181887541
11.846000,3.339894712748913,4.570382238498512
11.848000,3.432669565880827,3.999084458686198
11.850000,3.569390402075227,4.448310063324941
11.852000,3.569390402075227,4.233463035019455
11.854000,3.5400930800335697,4.336003662165255
11.856000,3.2813000686655984,4.184634164950027
11.858000,3.4863813229571985,4.311589227130541
11.860000,3.2764171816586556,4.560616464484626
11.862000,3.339894712748913,4.121156633859769
11.864000,3.5889219501029985,4.160219729915313
11.866000,3.637750820172427,4.477607385366598
11.868000,3.3301289387350272,4.067444876783398
11.870000,3.8233005264362556,4.008850232700084
11.872000,3.261768520637827,4.4336614023041125
11.874000,3.57427328908217,4.218814373998627
11.876000,3.7158770122835127,4.575265125505455
11.878000,3.7891203173876553,4.360418097199969
11.880000,3.706111238269627,4.101625085831998
11.882000,3.2568856336308842,4.072327763790341
11.884000,3.4082551308461126,4.399481193255513
11.886000,3.339894712748913,4.101625085831998
11.888000,3.7891203173876553,4.565499351491569
11.890000,3.3594262607766843,4.292057679102769
11.892000,3.7891203173876553,4.336003662165255
11.894000,3.3252460517280844,4.204165712977798
11.896000,3.2764171816586556,4.5557335774776835
11.898000,3.2568856336308842,4.3164721141374836
11.900000,3.71099412527657,4.409246967269398
11.902000,3.6816968032349124,4.262760357061112
11.904000,3.374074921797513,4.038147554741741
11.906000,3.2861829556725413,4.340886549172198
11.908000,3.6768139162279696,4.609445334554055
11.910000,3.603570611123827,4.350652323186083
11.912000,3.6816968032349124,4.174868390936141
11.914000,3.496147096971084,4.340886549172198
11.916000,3.43755245288777,4.1992828259708554
11.918000,3.6426337071793697,4.15533684290837
11.920000,3.50591287098497,4.160219729915313
11.922000,3.6426337071793697,4.023498893720912
11.924000,3.3301289387350272,4.414129854276341
11.926000,3.6475165941863126,4.345769436179141
11.928000,3.769588769359884,4.389715419241627
11.930000,3.2861829556725413,4.379949645227741
11.932000,3.837949187457084,4.292057679102769
11.934000,3.794003204394598,4.1113908598458835
11.936000,3.6426337071793697,4.575265125505455
11.938000,3.7451743343251698,4.169985503929198
11.940000,3.4570840009155415,4.130922407873656
11.942000,3.261768520637827,4.438544289311055
11.944000,3.8330663004501413,4.106507972838941
11.946000,3.535210193026627,4.052796215762569
11.948000,3.818417639429313,4.487373159380484
11.950000,3.84771496147097,4.624093995574883
11.952000,3.364309147783627,4.516670481422141
11.954000,3.4814984359502557,4.419012741283284
11.956000,3.496147096971084,4.355535210193026
11.958000,3.3789578088044556,4.487373159380484
11.960000,3.598687724116884,4.570382238498512
11.962000,3.5205615320057984,4.252994583047227
11.964000,3.2861829556725413,4.541084916456855
11.966000,3.6475165941863126,4.624093995574883
11.968000,3.36919203479057,4.106507972838941
11.970000,3.7305256733043413,4.521553368429084
11.972000,3.774471656366827,4.179751277943084
11.974000,3.432669565880827,4.604562447547112
11.976000,3.769588769359884,4.043030441748684
11.978000,3.6865796902418553,4.1992828259708554
11.980000,3.5449759670405125,4.248111696040284
11.982000,3.530327306019684,4.545967803463798
11.984000,3.427786678873884,4.409246967269398
11.986000,3.6865796902418553,4.39459830624857
11.988000,3.501029983978027,4.262760357061112
11.990000,3.5498588540474554,4.057679102769512
11.992000,3.432669565880827,4.472724498359655
11.994000,3.60845349813077,4.521553368429084
11.996000,3.4522011139085986,4.1113908598458835
11.998000,3.50591287098497,4.594796673533226
12.000000,3.374074921797513,4.5264362554360265
12.002000,3.6865796902418553,4.204165712977798
12.004000,3.5400930800335697,4.516670481422141
12.006000,3.7305256733043413,4.326237888151369
12.008000,3.4131380178530555,4.3750667582207985
12.010000,3.554741741054398,4.355535210193026
12.012000,3.4131380178530555,4.22369726100557
12.014000,3.632867933165484,4.238345922026398
12.016000,3.466849774929427,4.057679102769512
12.018000,3.740291447318227,4.448310063324941
12.020000,3.7842374303807125,4.179751277943084
12.022000,3.5840390630960557,4.379949645227741
12.024000,3.6523994811932554,4.306706340123598
12.026000,3.6768139162279696,4.370183871213855
12.028000,3.3447775997558558,4.321355001144426
12.030000,3.794003204394598,4.0820935378042265
12.032000,3.5840390630960557,4.384832532234684
12.034000,3.33501182574197,4.218814373998627
12.036000,3.5107957579919127,4.272526131074998
12.038000,3.3496604867627986,4.370183871213855
12.040000,3.5938048371099414,4.531319142442969
12.042000,3.7842374303807125,4.502021820401312
12.044000,3.6475165941863126,4.487373159380484
12.046000,3.466849774929427,4.130922407873656
12.048000,3.579156176089113,4.536202029449912
12.050000,3.5938048371099414,4.2871747920958265
12.052000,3.5889219501029985,4.101625085831998
12.054000,3.6475165941863126,4.472724498359655
12.056000,3.7549401083390554,4.516670481422141
12.058000,3.7158770122835127,4.570382238498512
12.060000,3.798886091401541,4.6143282215609975
12.062000,3.3057145037003126,4.46295872434577
12.064000,3.662165255207141,4.267643244068055
12.066000,3.4570840009155415,4.165102616922256
12.068000,3.837949187457084,4.306706340123598
12.070000,3.4570840009155415,4.399481193255513
12.072000,3.6816968032349124,4.184634164950027
12.074000,3.71099412527657,4.4043640802624555
12.076000,3.295948729686427,4.467841611352712
12.078000,3.71099412527657,4.126039520866713
12.080000,3.579156176089113,4.145571068894484
12.082000,3.662165255207141,4.599679560540169
12.084000,3.398489356832227,4.560616464484626
12.086000,3.4912642099641413,4.648508430609598
12.088000,3.554741741054398,4.604562447547112
12.090000,3.5889219501029985,4.482490272373541
12.092000,3.867246509498741,4.384832532234684
12.094000,3.40337224383917,4.18951705195697
12.096000,3.57427328908217,4.409246967269398
12.098000,3.50591287098497,4.628976882581827
12.100000,3.5107957579919127,4.22369726100557
12.102000,3.579156176089113,4.179751277943084
12.104000,3.3447775997558558,4.453192950331884
12.106000,3.7207598992904556,4.2285801480125125
12.108000,3.818417639429313,4.135805294880599
12.110000,3.4082551308461126,4.233463035019455
12.112000,3.5938048371099414,4.448310063324941
12.114000,3.632867933165484,4.66803997863737
12.116000,3.6963454642557414,4.238345922026398
12.118000,3.632867933165484,4.101625085831998
12.120000,3.794003204394598,4.306706340123598
12.122000,3.6231021591515984,4.467841611352712
12.124000,3.8233005264362556,4.179751277943084
12.126000,3.818417639429313,4.213931486991684
12.128000,3.6182192721446556,4.0820935378042265
12.130000,3.40337224383917,4.18951705195697
12.132000,3.3203631647211416,4.174868390936141
12.134000,3.422903791866941,4.150453955901427
12.136000,3.7891203173876553,4.296940566109712
12.138000,3.4912642099641413,4.5264362554360265
12.140000,3.6914625772487986,4.589913786526283
12.142000,3.579156176089113,4.550850690470741
12.144000,3.476615548943313,4.238345922026398
12.146000,3.6719310292210268,4.179751277943084
12.148000,3.7891203173876553,4.150453955901427
12.150000,3.554741741054398,4.541084916456855
12.152000,3.7305256733043413,4.209048599984741
12.154000,3.4180209048599983,4.086976424811169
12.156000,3.3496604867627986,4.482490272373541
12.158000,3.8525978484779126,4.384832532234684
12.160000,3.794003204394598,4.609445334554055
12.162000,3.5449759670405125,4.233463035019455
12.164000,3.496147096971084,4.2578774700541695
12.166000,3.447318226901656,4.267643244068055
12.168000,3.5205615320057984,4.130922407873656
12.170000,3.7451743343251698,4.458075837338827
12.172000,3.8086518654154267,4.497138933394369
12.174000,3.60845349813077,4.6729228656443125
12.176000,3.393606469825284,4.355535210193026
12.178000,3.794003204394598,4.409246967269398
12.180000,3.6133363851377127,4.66803997863737
12.182000,3.50591287098497,4.15533684290837
12.184000,3.530327306019684,4.541084916456855
12.186000,3.6426337071793697,4.477607385366598
12.188000,3.3545433737697414,4.506904707408255
12.190000,3.579156176089113,4.6436255436026554
12.192000,3.842832074464027,4.550850690470741
12.194000,3.5889219501029985,4.126039520866713
12.196000,3.667048142214084,4.502021820401312
12.198000,3.6914625772487986,4.560616464484626
12.200000,3.774471656366827,4.589913786526283
12.202000,3.8867780575265125,4.160219729915313
12.204000,3.896543831540398,4.252994583047227
12.206000,3.6523994811932554,4.2871747920958265
12.208000,3.842832074464027,4.687571526665141
12.210000,3.896543831540398,4.61921110856794
12.212000,3.71099412527657,4.296940566109712
12.214000,3.906309605554284,4.2285801480125125
12.216000,3.6914625772487986,4.570382238498512
12.218000,3.632867933165484,4.184634164950027
12.220000,3.569390402075227,4.638742656595713
12.222000,3.837949187457084,4.423895628290227
12.224000,3.803768978408484,4.516670481422141
12.226000,3.6572823682001983,4.2285801480125125
12.228000,3.496147096971084,4.292057679102769
12.230000,3.764705882352941,4.570382238498512
12.232000,3.706111238269627,4.179751277943084
12.234000,3.7891203173876553,4.174868390936141
12.236000,3.6865796902418553,4.1992828259708554
12.238000,3.432669565880827,4.379949645227741
12.240000,3.818417639429313,4.165102616922256
12.242000,3.7451743343251698,4.472724498359655
12.244000,3.447318226901656,4.492256046387427
12.246000,3.554741741054398,4.340886549172198
12.248000,3.8233005264362556,4.414129854276341
12.250000,3.794003204394598,4.545967803463798
12.252000,3.735408560311284,4.580148012512398
12.254000,3.8281834134431985,4.453192950331884
12.256000,3.442435339894713,4.160219729915313
12.258000,3.7549401083390554,4.707103074692912
12.260000,3.8525978484779126,4.15533684290837
12.262000,3.43755245288777,4.516670481422141
12.264000,3.3838406958113985,4.628976882581827
12.266000,3.794003204394598,4.2285801480125125
12.268000,3.535210193026627,4.61921110856794
12.270000,3.442435339894713,4.213931486991684
12.272000,3.8574807354848555,4.355535210193026
12.274000,3.569390402075227,4.624093995574883
12.276000,3.4082551308461126,4.2578774700541695
12.278000,3.8086518654154267,4.165102616922256
12.280000,3.8574807354848555,4.42877851529717
12.282000,3.803768978408484,4.292057679102769
12.284000,3.6231021591515984,4.599679560540169
12.286000,3.530327306019684,4.355535210193026
12.288000,3.4522011139085986,4.570382238498512
12.290000,3.740291447318227,4.311589227130541
12.292000,3.8281834134431985,4.560616464484626
12.294000,3.8574807354848555,4.126039520866713
12.296000,3.798886091401541,4.326237888151369
12.298000,3.501029983978027,4.448310063324941
12.300000,3.81353475242237,4.545967803463798
12.302000,3.740291447318227,4.370183871213855
12.304000,3.598687724116884,4.682688639658198
12.306000,3.466849774929427,4.326237888151369
12.308000,3.598687724116884,4.321355001144426
12.310000,3.7891203173876553,4.6729228656443125
12.312000,3.442435339894713,4.624093995574883
12.314000,3.794003204394598,4.336003662165255
12.316000,3.603570611123827,4.292057679102769
12.318000,3.6914625772487986,4.438544289311055
12.320000,3.6279850461585412,4.687571526665141
12.322000,3.9551384756237127,4.580148012512398
12.324000,3.7451743343251698,4.721751735713741
12.326000,3.935606927595941,4.4043640802624555
12.328000,3.8574807354848555,4.2871747920958265
12.330000,3.5938048371099414,4.160219729915313
12.332000,3.7158770122835127,4.150453955901427
12.334000,3.9551384756237127,4.301823453116655
12.336000,3.603570611123827,4.1992828259708554
12.338000,3.4131380178530555,4.414129854276341
12.340000,3.432669565880827,4.174868390936141
12.342000,3.393606469825284,4.516670481422141
12.344000,3.7451743343251698,4.63385976958877
12.346000,3.7842374303807125,4.1992828259708554
12.348000,3.4912642099641413,4.4043640802624555
12.350000,3.422903791866941,4.521553368429084
12.352000,3.496147096971084,4.296940566109712
12.354000,3.40337224383917,4.46295872434577
12.356000,3.925841153582055,4.389715419241627
12.358000,3.95025558861677,4.663157091630427
12.360000,3.393606469825284,4.5850308995193405
12.362000,3.4131380178530555,4.267643244068055
12.364000,3.6523994811932554,4.15533684290837
12.366000,3.8867780575265125,4.169985503929198
12.368000,3.559624628061341,4.6143282215609975
12.370000,3.837949187457084,4.336003662165255
12.372000,3.559624628061341,4.448310063324941
12.374000,3.8916609445334553,4.2578774700541695
12.376000,3.8574807354848555,4.360418097199969
12.378000,3.6523994811932554,4.39459830624857
12.380000,3.6963454642557414,4.423895628290227
12.382000,3.8086518654154267,4.497138933394369
12.384000,3.501029983978027,4.61921110856794
12.386000,3.95025558861677,4.492256046387427
12.388000,3.525444419012741,4.467841611352712
12.390000,3.7549401083390554,4.306706340123598
12.392000,3.7451743343251698,4.331120775158312
12.394000,3.3789578088044556,4.2871747920958265
12.396000,3.4522011139085986,4.6143282215609975
12.398000,3.501029983978027,4.218814373998627
12.400000,3.4619668879224843,4.277409018081941
12.402000,3.8574807354848555,4.511787594415198
12.404000,3.43755245288777,4.506904707408255
12.406000,3.7158770122835127,4.541084916456855
12.408000,3.7793545433737696,4.5264362554360265
12.410000,3.7500572213321126,4.61921110856794
12.412000,3.4619668879224843,4.384832532234684
12.414000,3.6963454642557414,4.370183871213855
12.416000,3.798886091401541,4.726634622720684
12.418000,3.7451743343251698,4.384832532234684
12.420000,3.5107957579919127,4.604562447547112
12.422000,3.9649042496375984,4.628976882581827
12.424000,3.5840390630960557,4.682688639658198
12.426000,3.774471656366827,4.707103074692912
12.428000,3.5645075150682843,4.336003662165255
12.430000,3.535210193026627,4.1992828259708554
12.432000,3.637750820172427,4.169985503929198
12.434000,3.637750820172427,4.570382238498512
12.436000,3.735408560311284,4.272526131074998
12.438000,3.872129396505684,4.306706340123598
12.440000,3.837949187457084,4.321355001144426
12.442000,3.6914625772487986,4.3750667582207985
12.444000,3.84771496147097,4.267643244068055
12.446000,3.9111924925612267,4.2285801480125125
12.448000,3.667048142214084,4.536202029449912
12.450000,3.7891203173876553,4.272526131074998
12.452000,3.667048142214084,4.379949645227741
12.454000,3.5645075150682843,4.6143282215609975
12.456000,3.6865796902418553,4.63385976958877
12.458000,3.5449759670405125,4.63385976958877
12.460000,3.8525978484779126,4.467841611352712
12.462000,3.6865796902418553,4.545967803463798
12.464000,3.5156786449988555,4.340886549172198
12.466000,3.8281834134431985,4.5264362554360265
12.468000,3.9649042496375984,4.204165712977798
12.470000,3.7207598992904556,4.39459830624857
12.472000,3.476615548943313,4.355535210193026
12.474000,3.559624628061341,4.755931944762341
12.476000,3.525444419012741,4.589913786526283
12.478000,3.637750820172427,4.2578774700541695
12.480000,3.906309605554284,4.1992828259708554
12.482000,3.764705882352941,4.66803997863737
12.484000,3.798886091401541,4.5264362554360265
12.486000,3.5156786449988555,4.550850690470741
12.488000,3.9600213626306555,4.63385976958877
12.490000,3.9160753795681695,4.751049057755398
12.492000,3.60845349813077,4.306706340123598
12.494000,3.837949187457084,4.5850308995193405
12.496000,3.4570840009155415,4.46295872434577
12.498000,3.7451743343251698,4.194399938963913
12.500000,3.6279850461585412,4.7022201876859695
12.502000,3.4131380178530555,4.531319142442969
12.504000,3.6523994811932554,4.301823453116655
12.506000,3.9209582665751124,4.238345922026398
12.508000,3.5938048371099414,4.6143282215609975
12.510000,3.432669565880827,4.7315175097276265
12.512000,3.8330663004501413,4.716868848706798
12.514000,3.8233005264362556,4.6729228656443125
12.516000,3.740291447318227,4.521553368429084
12.518000,3.740291447318227,4.209048599984741
12.520000,3.422903791866941,4.7608148317692836
12.522000,3.579156176089113,4.336003662165255
12.524000,3.930724040588998,4.282291905088884
12.526000,3.422903791866941,4.350652323186083
12.528000,3.5400930800335697,4.453192950331884
12.530000,3.7598229953459983,4.379949645227741
12.532000,3.466849774929427,4.311589227130541
12.534000,3.8574807354848555,4.545967803463798
12.536000,3.84771496147097,4.663157091630427
12.538000,3.9844357976653697,4.707103074692912
12.540000,3.9649042496375984,4.751049057755398
12.542000,3.427786678873884,4.22369726100557
12.544000,3.6816968032349124,4.340886549172198
12.546000,3.974670023651484,4.39459830624857
12.548000,3.930724040588998,4.389715419241627
12.550000,3.7305256733043413,4.663157091630427
12.552000,3.81353475242237,4.755931944762341
12.554000,3.4863813229571985,4.267643244068055
12.556000,3.5498588540474554,4.780346379797055
12.558000,3.8574807354848555,4.550850690470741
12.560000,3.554741741054398,4.487373159380484
12.562000,3.530327306019684,4.477607385366598
12.564000,3.632867933165484,4.531319142442969
12.566000,3.7256427862973984,4.345769436179141
12.568000,3.867246509498741,4.39459830624857
12.570000,3.4522011139085986,4.238345922026398
12.572000,3.974670023651484,4.751049057755398
12.574000,3.9111924925612267,4.4043640802624555
12.576000,4.003967345693141,4.550850690470741
12.578000,3.50591287098497,4.331120775158312
12.580000,3.6279850461585412,4.682688639658198
12.582000,3.7500572213321126,4.677805752651255
12.584000,3.598687724116884,4.589913786526283
12.586000,3.867246509498741,4.61921110856794
12.588000,3.598687724116884,4.321355001144426
12.590000,3.7207598992904556,4.209048599984741
12.592000,3.6182192721446556,4.3750667582207985
12.594000,3.774471656366827,4.2871747920958265
12.596000,3.6963454642557414,4.389715419241627
12.598000,3.667048142214084,4.550850690470741
12.600000,3.8233005264362556,4.492256046387427
12.602000,3.6865796902418553,4.2871747920958265
12.604000,3.57427328908217,4.306706340123598
12.606000,3.5498588540474554,4.624093995574883
12.608000,3.877012283512627,4.682688639658198
12.610000,3.969787136644541,4.770580605783169
12.612000,3.9160753795681695,4.711985961699855
12.614000,3.6279850461585412,4.311589227130541
12.616000,3.945372701609827,4.472724498359655
12.618000,3.6182192721446556,4.648508430609598
12.620000,3.447318226901656,4.370183871213855
12.622000,3.554741741054398,4.218814373998627
12.624000,3.559624628061341,4.7608148317692836
12.626000,3.877012283512627,4.5850308995193405
12.628000,3.84771496147097,4.66803997863737
12.630000,3.896543831540398,4.658274204623484
12.632000,3.5498588540474554,4.39459830624857
12.634000,3.5107957579919127,4.321355001144426
12.636000,3.930724040588998,4.262760357061112
12.638000,3.57427328908217,4.340886549172198
12.640000,3.8867780575265125,4.3164721141374836
12.642000,3.7891203173876553,4.589913786526283
12.644000,3.496147096971084,4.326237888151369
12.646000,3.969787136644541,4.306706340123598
12.648000,3.9551384756237127,4.277409018081941
12.650000,3.906309605554284,4.6143282215609975
12.652000,3.6719310292210268,4.541084916456855
12.654000,3.4814984359502557,4.389715419241627
12.656000,3.530327306019684,4.755931944762341
12.658000,3.6963454642557414,4.7608148317692836
12.660000,3.6963454642557414,4.2871747920958265
12.662000,3.5938048371099414,4.267643244068055
12.664000,3.8086518654154267,4.389715419241627
12.666000,4.028381780727855,4.794995040817883
12.668000,3.8330663004501413,4.799877927824826
12.670000,3.5889219501029985,4.301823453116655
12.672000,3.7500572213321126,4.467841611352712
12.674000,3.6523994811932554,4.277409018081941
12.676000,3.4863813229571985,4.5264362554360265
12.678000,3.735408560311284,4.3164721141374836
12.680000,3.6426337071793697,4.707103074692912
12.682000,3.9600213626306555,4.565499351491569
12.684000,3.667048142214084,4.389715419241627
12.686000,3.7891203173876553,4.609445334554055
12.688000,3.999084458686198,4.292057679102769
12.690000,3.559624628061341,4.5850308995193405
12.692000,3.476615548943313,4.506904707408255
12.694000,3.9209582665751124,4.277409018081941
12.696000,3.872129396505684,4.4043640802624555
12.698000,3.803768978408484,4.751049057755398
12.700000,3.8916609445334553,4.248111696040284
12.702000,3.9600213626306555,4.741283283741512
12.704000,3.4912642099641413,4.594796673533226
12.706000,3.525444419012741,4.692454413672084
12.708000,3.8233005264362556,4.438544289311055
12.710000,3.8623636224917983,4.677805752651255
12.712000,3.945372701609827,4.306706340123598
12.714000,3.4814984359502557,4.350652323186083
12.716000,4.057679102769512,4.609445334554055
12.718000,3.7207598992904556,4.272526131074998
12.720000,3.9600213626306555,4.755931944762341
12.722000,3.662165255207141,4.82429236285954
12.724000,4.023498893720912,4.746166170748455
12.726000,3.794003204394598,4.46295872434577
12.728000,3.930724040588998,4.604562447547112
12.730000,3.6768139162279696,4.829175249866483
12.732000,3.530327306019684,4.467841611352712
12.734000,4.028381780727855,4.799877927824826
12.736000,4.052796215762569,4.414129854276341
12.738000,3.8330663004501413,4.707103074692912
12.740000,3.867246509498741,4.355535210193026
12.742000,3.662165255207141,4.624093995574883
12.744000,3.706111238269627,4.277409018081941
12.746000,3.842832074464027,4.799877927824826
12.748000,3.6719310292210268,4.648508430609598
12.750000,3.9111924925612267,4.648508430609598
12.752000,3.9111924925612267,4.780346379797055
12.754000,4.057679102769512,4.843823910887312
12.756000,3.81353475242237,4.355535210193026
12.758000,3.501029983978027,4.711985961699855
12.760000,3.901426718547341,4.804760814831769
12.762000,3.7500572213321126,4.272526131074998
12.764000,3.999084458686198,4.282291905088884
12.766000,3.901426718547341,4.306706340123598
12.768000,3.71099412527657,4.472724498359655
12.770000,3.6719310292210268,4.780346379797055
12.772000,3.5889219501029985,4.492256046387427
12.774000,3.8086518654154267,4.682688639658198
12.776000,3.901426718547341,4.843823910887312
12.778000,3.8867780575265125,4.755931944762341
12.780000,3.769588769359884,4.492256046387427
12.782000,3.95025558861677,4.721751735713741
12.784000,4.0820935378042265,4.4336614023041125
12.786000,3.4912642099641413,4.389715419241627
12.788000,3.7305256733043413,4.42877851529717
12.790000,3.50591287098497,4.39459830624857
12.792000,4.008850232700084,4.472724498359655
12.794000,3.999084458686198,4.506904707408255
12.796000,3.554741741054398,4.848706797894255
12.798000,3.8525978484779126,4.3750667582207985
12.800000,4.047913328755627,4.365300984206912
12.802000,3.8086518654154267,4.5557335774776835
12.804000,3.579156176089113,4.423895628290227
12.806000,3.940489814602884,4.267643244068055
12.808000,4.01861600671397,4.697337300679027
12.810000,3.5156786449988555,4.63385976958877
12.812000,3.818417639429313,4.66803997863737
12.814000,3.5938048371099414,4.755931944762341
12.816000,3.8233005264362556,4.63385976958877
12.818000,3.5498588540474554,4.82429236285954
12.820000,4.067444876783398,4.809643701838712
12.822000,3.8330663004501413,4.775463492790112
12.824000,3.603570611123827,4.506904707408255
12.826000,3.667048142214084,4.350652323186083
12.828000,4.086976424811169,4.267643244068055
12.830000,3.7305256733043413,4.42877851529717
12.832000,3.9649042496375984,4.531319142442969
12.834000,3.6768139162279696,4.687571526665141
12.836000,3.8574807354848555,4.863355458915083
12.838000,3.872129396505684,4.7022201876859695
12.840000,3.872129396505684,4.5557335774776835
12.842000,3.706111238269627,4.658274204623484
12.844000,3.9160753795681695,4.448310063324941
12.846000,3.969787136644541,4.516670481422141
12.848000,3.9844357976653697,4.746166170748455
12.850000,3.9160753795681695,4.277409018081941
12.852000,3.9551384756237127,4.682688639658198
12.854000,4.0820935378042265,4.819409475852598
12.856000,3.554741741054398,4.848706797894255
12.858000,3.662165255207141,4.819409475852598
12.860000,3.8916609445334553,4.780346379797055
12.862000,3.5449759670405125,4.575265125505455
12.864000,3.8867780575265125,4.448310063324941
12.866000,3.7793545433737696,4.414129854276341
12.868000,3.8525978484779126,4.663157091630427
12.870000,3.5889219501029985,4.384832532234684
12.872000,3.579156176089113,4.790112153810941
12.874000,4.1113908598458835,4.843823910887312
12.876000,3.57427328908217,4.85847257190814
12.878000,3.9844357976653697,4.458075837338827
12.880000,3.9600213626306555,4.370183871213855
12.882000,3.5156786449988555,4.296940566109712
12.884000,3.7305256733043413,4.3750667582207985
12.886000,4.013733119707027,4.780346379797055
12.888000,3.84771496147097,4.492256046387427
12.890000,3.5645075150682843,4.331120775158312
12.892000,3.6963454642557414,4.379949645227741
12.894000,4.0820935378042265,4.414129854276341
12.896000,3.9551384756237127,4.448310063324941
12.898000,3.8916609445334553,4.570382238498512
12.900000,3.6133363851377127,4.42877851529717
12.902000,3.8330663004501413,4.819409475852598
12.904000,3.598687724116884,4.814526588845655
12.906000,3.637750820172427,4.389715419241627
12.908000,4.121156633859769,4.448310063324941
12.910000,3.896543831540398,4.531319142442969
12.912000,4.047913328755627,4.550850690470741
12.914000,3.5645075150682843,4.4043640802624555
12.916000,3.7549401083390554,4.755931944762341
12.918000,3.5645075150682843,4.4043640802624555
12.920000,3.5889219501029985,4.472724498359655
12.922000,4.023498893720912,4.682688639658198
12.924000,3.632867933165484,4.604562447547112
12.926000,3.8916609445334553,4.843823910887312
12.928000,4.028381780727855,4.497138933394369
12.930000,3.6523994811932554,4.575265125505455
12.932000,3.8086518654154267,4.697337300679027
12.934000,3.7256427862973984,4.604562447547112
12.936000,4.0820935378042265,4.882887006942855
12.938000,4.072327763790341,4.707103074692912
12.940000,3.901426718547341,4.7315175097276265
12.942000,3.5449759670405125,4.780346379797055
12.944000,3.662165255207141,4.785229266803998
12.946000,3.930724040588998,4.5264362554360265
12.948000,3.803768978408484,4.848706797894255
12.950000,4.033264667734798,4.736400396734569
12.952000,4.003967345693141,4.863355458915083
12.954000,3.7598229953459983,4.472724498359655
12.956000,3.8623636224917983,4.521553368429084
12.958000,4.096742198825055,4.453192950331884
12.960000,3.6865796902418553,4.814526588845655
12.962000,3.774471656366827,4.85847257190814
12.964000,3.925841153582055,4.7608148317692836
12.966000,3.7549401083390554,4.829175249866483
12.968000,3.7256427862973984,4.892652780956741
12.970000,4.067444876783398,4.580148012512398
12.972000,3.6865796902418553,4.751049057755398
12.974000,4.135805294880599,4.736400396734569
12.976000,3.7500572213321126,4.804760814831769
12.978000,3.7598229953459983,4.384832532234684
12.980000,3.6768139162279696,4.804760814831769
12.982000,3.896543831540398,4.506904707408255
12.984000,3.632867933165484,4.785229266803998
12.986000,3.7549401083390554,4.492256046387427
12.988000,3.9600213626306555,4.350652323186083
12.990000,3.579156176089113,4.331120775158312
12.992000,4.023498893720912,4.648508430609598
12.994000,3.6279850461585412,4.42877851529717
12.996000,4.067444876783398,4.448310063324941
12.998000,3.979552910658427,4.868238345922026
13.000000,3.9209582665751124,4.384832532234684
13.002000,3.945372701609827,4.4043640802624555
13.004000,3.6572823682001983,4.697337300679027
13.006000,4.038147554741741,4.638742656595713
13.008000,3.7598229953459983,4.589913786526283
13.010000,3.867246509498741,4.682688639658198
13.012000,3.7891203173876553,4.7315175097276265
13.014000,3.5938048371099414,4.350652323186083
13.016000,3.740291447318227,4.809643701838712
13.018000,3.6719310292210268,4.726634622720684
13.020000,4.121156633859769,4.868238345922026
13.022000,3.798886091401541,4.448310063324941
13.024000,4.062561989776455,4.7022201876859695
13.026000,3.6719310292210268,4.497138933394369
13.028000,3.769588769359884,4.741283283741512
13.030000,4.013733119707027,4.804760814831769
13.032000,3.9942015716792554,4.350652323186083
13.034000,3.8867780575265125,4.355535210193026
13.036000,4.023498893720912,4.716868848706798
13.038000,3.598687724116884,4.804760814831769
13.040000,4.067444876783398,4.365300984206912
13.042000,3.735408560311284,4.736400396734569
13.044000,3.969787136644541,4.677805752651255
13.046000,3.735408560311284,4.384832532234684
13.048000,4.106507972838941,4.541084916456855
13.050000,3.6231021591515984,4.355535210193026
13.052000,3.9600213626306555,4.370183871213855
13.054000,3.9844357976653697,4.882887006942855
13.056000,3.7305256733043413,4.726634622720684
13.058000,3.6133363851377127,4.863355458915083
13.060000,3.764705882352941,4.751049057755398
13.062000,3.662165255207141,4.809643701838712
13.064000,3.5840390630960557,4.82429236285954
13.066000,3.9600213626306555,4.419012741283284
13.068000,3.8086518654154267,4.882887006942855
13.070000,3.9209582665751124,4.458075837338827
13.072000,3.57427328908217,4.594796673533226
13.074000,3.9111924925612267,4.834058136873426
13.076000,4.0820935378042265,4.628976882581827
13.078000,3.8916609445334553,4.834058136873426
13.080000,3.6231021591515984,4.4336614023041125
13.082000,3.60845349813077,4.751049057755398
13.084000,3.71099412527657,4.711985961699855
13.086000,4.130922407873656,4.594796673533226
13.088000,3.8916609445334553,4.7022201876859695
13.090000,3.6426337071793697,4.531319142442969
13.092000,3.6182192721446556,4.741283283741512
13.094000,4.0820935378042265,4.541084916456855
13.096000,3.8525978484779126,4.868238345922026
13.098000,4.086976424811169,4.350652323186083
13.100000,3.8525978484779126,4.6143282215609975
13.102000,3.8867780575265125,4.707103074692912
13.104000,3.8916609445334553,4.790112153810941
13.106000,3.6182192721446556,4.472724498359655
13.108000,3.9893186846723125,4.5264362554360265
13.110000,3.818417639429313,4.804760814831769
13.112000,3.9209582665751124,4.580148012512398
13.114000,4.086976424811169,4.677805752651255
13.116000,3.6231021591515984,4.692454413672084
13.118000,3.794003204394598,4.448310063324941
13.120000,3.906309605554284,4.868238345922026
13.122000,3.8086518654154267,4.677805752651255
13.124000,4.1113908598458835,4.921950102998398
13.126000,3.603570611123827,4.365300984206912
13.128000,3.872129396505684,4.414129854276341
13.130000,4.062561989776455,4.921950102998398
13.132000,3.81353475242237,4.487373159380484
13.134000,3.7500572213321126,4.365300984206912
13.136000,3.945372701609827,4.7022201876859695
13.138000,3.735408560311284,4.741283283741512
13.140000,4.184634164950027,4.838941023880369
13.142000,4.023498893720912,4.7022201876859695
13.144000,3.925841153582055,4.721751735713741
13.146000,3.5889219501029985,4.497138933394369
13.148000,3.969787136644541,4.848706797894255
13.150000,3.9160753795681695,4.794995040817883
13.152000,4.077210650797284,4.492256046387427
13.154000,4.033264667734798,4.497138933394369
13.156000,3.6475165941863126,4.838941023880369
13.158000,3.7256427862973984,4.721751735713741
13.160000,3.6426337071793697,4.814526588845655
13.162000,4.15533684290837,4.887769893949798
13.164000,3.974670023651484,4.409246967269398
13.166000,3.9209582665751124,4.721751735713741
13.168000,4.194399938963913,4.936598764019227
13.170000,3.8281834134431985,4.716868848706798
13.172000,3.979552910658427,4.799877927824826
13.174000,3.9942015716792554,4.423895628290227
13.176000,4.096742198825055,4.843823910887312
13.178000,4.116273746852826,4.360418097199969
13.180000,3.837949187457084,4.46295872434577
13.182000,3.794003204394598,4.8780041199359125
13.184000,3.8086518654154267,4.902418554970627
13.186000,4.1113908598458835,4.7608148317692836
13.188000,3.6426337071793697,4.594796673533226
13.190000,3.7207598992904556,4.365300984206912
13.192000,4.072327763790341,4.677805752651255
13.194000,3.896543831540398,4.599679560540169
13.196000,4.038147554741741,4.834058136873426
13.198000,3.7842374303807125,4.780346379797055
13.200000,4.204165712977798,4.5264362554360265
13.202000,3.9209582665751124,4.472724498359655
13.204000,3.896543831540398,4.765697718776226
13.206000,3.9844357976653697,4.560616464484626
13.208000,4.008850232700084,4.575265125505455
13.210000,3.930724040588998,4.819409475852598
13.212000,4.130922407873656,4.560616464484626
13.214000,4.101625085831998,4.638742656595713
13.216000,4.028381780727855,4.658274204623484
13.218000,3.706111238269627,4.843823910887312
13.220000,3.735408560311284,4.814526588845655
13.222000,3.6231021591515984,4.531319142442969
13.224000,4.003967345693141,4.653391317616541
13.226000,3.8818951705195697,4.804760814831769
13.228000,3.71099412527657,4.961013199053941
13.230000,4.101625085831998,4.819409475852598
13.232000,3.8623636224917983,4.560616464484626
13.234000,3.906309605554284,4.482490272373541
13.236000,3.8867780575265125,4.453192950331884
13.238000,3.8086518654154267,4.599679560540169
13.240000,4.15533684290837,4.384832532234684
13.242000,4.174868390936141,4.409246967269398
13.244000,3.9844357976653697,4.917067215991455
13.246000,3.867246509498741,4.716868848706798
13.248000,4.184634164950027,4.965896086060884
13.250000,4.135805294880599,4.502021820401312
13.252000,4.179751277943084,4.887769893949798
13.254000,3.637750820172427,4.755931944762341
13.256000,3.7793545433737696,4.438544289311055
13.258000,3.9942015716792554,4.834058136873426
13.260000,3.940489814602884,4.531319142442969
13.262000,3.9893186846723125,4.628976882581827
13.264000,3.974670023651484,4.570382238498512
13.266000,4.145571068894484,4.399481193255513
13.268000,3.9160753795681695,4.707103074692912
13.270000,4.067444876783398,4.721751735713741
13.272000,4.150453955901427,4.384832532234684
13.274000,4.047913328755627,4.472724498359655
13.276000,3.740291447318227,4.638742656595713
13.278000,4.1113908598458835,4.63385976958877
13.280000,4.047913328755627,4.882887006942855
13.282000,4.204165712977798,4.506904707408255
13.284000,4.052796215762569,4.741283283741512
13.286000,4.135805294880599,4.658274204623484
13.288000,4.0820935378042265,4.560616464484626
13.290000,3.9600213626306555,4.419012741283284
13.292000,3.872129396505684,4.4336614023041125
13.294000,3.940489814602884,4.6729228656443125
13.296000,3.872129396505684,4.921950102998398
13.298000,3.667048142214084,4.882887006942855
13.300000,3.969787136644541,4.531319142442969
13.302000,3.7158770122835127,4.599679560540169
13.304000,3.9160753795681695,4.936598764019227
13.306000,3.8281834134431985,4.931715877012284
13.308000,3.7549401083390554,4.589913786526283
13.310000,4.1992828259708554,4.6143282215609975
13.312000,3.7012283512626842,4.892652780956741
13.314000,3.774471656366827,4.794995040817883
13.316000,3.6475165941863126,4.834058136873426
13.318000,3.872129396505684,4.560616464484626
13.320000,4.091859311818112,4.609445334554055
13.322000,3.999084458686198,4.892652780956741
13.324000,3.8867780575265125,4.897535667963684
13.326000,4.013733119707027,4.926832990005341
13.328000,3.794003204394598,4.438544289311055
13.330000,3.7793545433737696,4.5850308995193405
13.332000,4.047913328755627,4.66803997863737
13.334000,3.6768139162279696,4.599679560540169
13.336000,3.71099412527657,4.848706797894255
13.338000,3.6572823682001983,4.912184328984512
13.340000,3.8233005264362556,4.9707789730678265
13.342000,3.6816968032349124,4.9707789730678265
13.344000,4.145571068894484,4.541084916456855
13.346000,3.7793545433737696,4.5264362554360265
13.348000,3.877012283512627,4.990310521095598
13.350000,4.145571068894484,4.882887006942855
13.352000,3.9209582665751124,4.4043640802624555
13.354000,4.179751277943084,4.9707789730678265
13.356000,3.769588769359884,4.892652780956741
13.358000,3.842832074464027,4.8535896849011975
13.360000,3.706111238269627,4.580148012512398
13.362000,3.84771496147097,4.941481651026169
13.364000,4.169985503929198,4.594796673533226
13.366000,3.84771496147097,4.580148012512398
13.368000,4.091859311818112,4.956130312046998
13.370000,4.140688181887541,4.5264362554360265
13.372000,3.740291447318227,4.721751735713741
13.374000,4.072327763790341,4.917067215991455
13.376000,3.71099412527657,4.809643701838712
13.378000,3.8330663004501413,4.4336614023041125
13.380000,3.872129396505684,4.961013199053941
13.382000,4.047913328755627,4.926832990005341
13.384000,3.9942015716792554,4.6143282215609975
13.386000,3.8525978484779126,4.965896086060884
13.388000,3.935606927595941,4.541084916456855
13.390000,3.8281834134431985,4.609445334554055
13.392000,3.8867780575265125,4.6436255436026554
13.394000,3.71099412527657,4.794995040817883
13.396000,3.7842374303807125,4.946364538033112
13.398000,3.7012283512626842,4.497138933394369
13.400000,4.160219729915313,4.560616464484626
13.402000,3.9649042496375984,4.892652780956741
13.404000,3.925841153582055,4.541084916456855
13.406000,4.047913328755627,4.956130312046998
13.408000,4.028381780727855,4.5264362554360265
13.410000,3.9942015716792554,4.453192950331884
13.412000,3.979552910658427,4.443427176317998
13.414000,4.023498893720912,4.692454413672084
13.416000,3.8623636224917983,4.951247425040055
13.418000,4.028381780727855,4.985427634088655
13.420000,4.213931486991684,4.502021820401312
13.422000,3.925841153582055,4.438544289311055
13.424000,3.7451743343251698,4.785229266803998
13.426000,3.6719310292210268,4.570382238498512
13.428000,4.145571068894484,4.487373159380484
13.430000,4.062561989776455,5.0000762951094835
13.432000,3.906309605554284,4.985427634088655
13.434000,4.077210650797284,4.502021820401312
13.436000,4.218814373998627,4.458075837338827
13.438000,4.267643244068055,4.477607385366598
13.440000,4.062561989776455,4.550850690470741
13.442000,4.213931486991684,4.90730144197757
13.444000,3.969787136644541,4.887769893949798
13.446000,4.086976424811169,4.8780041199359125
13.448000,3.9893186846723125,4.770580605783169
13.450000,3.794003204394598,4.931715877012284
13.452000,3.8525978484779126,4.780346379797055
13.454000,3.6816968032349124,4.687571526665141
13.456000,4.18951705195697,4.794995040817883
13.458000,3.9111924925612267,4.497138933394369
13.460000,4.130922407873656,4.941481651026169
13.462000,4.140688181887541,5.0293736171511405
13.464000,4.267643244068055,4.814526588845655
13.466000,4.096742198825055,4.663157091630427
13.468000,3.8818951705195697,4.448310063324941
13.470000,3.7451743343251698,4.775463492790112
13.472000,3.6963454642557414,4.809643701838712
13.474000,3.6963454642557414,4.721751735713741
13.476000,4.238345922026398,4.677805752651255
13.478000,3.8330663004501413,4.472724498359655
13.480000,3.95025558861677,4.873121232928969
13.482000,3.901426718547341,4.492256046387427
13.484000,3.9160753795681695,4.721751735713741
13.486000,3.9942015716792554,4.599679560540169
13.488000,4.067444876783398,4.7022201876859695
13.490000,3.872129396505684,4.589913786526283
13.492000,3.837949187457084,4.961013199053941
13.494000,3.906309605554284,4.82429236285954
13.496000,4.077210650797284,4.663157091630427
13.498000,4.106507972838941,4.663157091630427
13.500000,3.9844357976653697,5.0293736171511405
13.502000,4.072327763790341,4.838941023880369
13.504000,3.7207598992904556,4.8535896849011975
13.506000,3.9209582665751124,5.009842069123369
13.508000,3.979552910658427,4.545967803463798
13.510000,4.213931486991684,4.961013199053941
13.512000,4.262760357061112,4.502021820401312
13.514000,3.764705882352941,4.961013199053941
13.516000,3.6963454642557414,4.82429236285954
13.518000,4.135805294880599,4.692454413672084
13.520000,3.735408560311284,4.794995040817883
13.522000,4.062561989776455,4.658274204623484
13.524000,3.979552910658427,4.956130312046998
13.526000,4.091859311818112,4.707103074692912
13.528000,3.7012283512626842,4.804760814831769
13.530000,4.062561989776455,4.785229266803998
13.532000,3.8281834134431985,4.873121232928969
13.534000,4.003967345693141,4.941481651026169
13.536000,4.057679102769512,4.482490272373541
13.538000,3.8330663004501413,4.8780041199359125
13.540000,4.22369726100557,4.565499351491569
13.542000,3.95025558861677,4.912184328984512
13.544000,3.930724040588998,4.946364538033112
13.546000,3.8818951705195697,5.019607843137255
13.548000,4.292057679102769,4.921950102998398
13.550000,4.150453955901427,5.004959182116426
13.552000,3.8623636224917983,4.985427634088655
13.554000,4.267643244068055,4.912184328984512
13.556000,4.096742198825055,4.6729228656443125
13.558000,3.818417639429313,4.506904707408255
13.560000,3.818417639429313,4.541084916456855
13.562000,3.7891203173876553,4.511787594415198
13.564000,3.9209582665751124,4.980544747081712
13.566000,4.272526131074998,4.848706797894255
13.568000,3.735408560311284,4.941481651026169
13.570000,4.057679102769512,5.0293736171511405
13.572000,4.213931486991684,4.7608148317692836
13.574000,3.740291447318227,4.799877927824826
13.576000,4.106507972838941,4.7315175097276265
13.578000,4.008850232700084,4.941481651026169
13.580000,3.8281834134431985,4.790112153810941
13.582000,4.252994583047227,5.044022278171969
13.584000,4.248111696040284,4.848706797894255
13.586000,4.135805294880599,4.751049057755398
13.588000,3.740291447318227,4.995193408102541
13.590000,4.15533684290837,4.741283283741512
13.592000,4.2285801480125125,4.628976882581827
13.594000,4.179751277943084,4.90730144197757
13.596000,4.1992828259708554,4.506904707408255
13.598000,3.9649042496375984,5.039139391165026
13.600000,3.9160753795681695,4.721751735713741
13.602000,3.867246509498741,4.755931944762341
13.604000,3.81353475242237,4.487373159380484
13.606000,3.84771496147097,4.589913786526283
13.608000,3.84771496147097,5.0293736171511405
13.610000,3.764705882352941,4.794995040817883
13.612000,4.052796215762569,4.7608148317692836
13.614000,4.213931486991684,5.0293736171511405
13.616000,3.803768978408484,4.790112153810941
13.618000,3.7891203173876553,4.560616464484626
13.620000,4.277409018081941,4.965896086060884
13.622000,3.95025558861677,4.814526588845655
13.624000,3.8525978484779126,4.863355458915083
13.626000,4.194399938963913,5.048905165178912
13.628000,4.01861600671397,4.946364538033112
13.630000,4.145571068894484,4.863355458915083
13.632000,4.267643244068055,4.956130312046998
13.634000,4.22369726100557,4.956130312046998
13.636000,4.101625085831998,4.85847257190814
13.638000,4.101625085831998,4.941481651026169
13.640000,4.326237888151369,4.868238345922026
13.642000,3.8574807354848555,5.048905165178912
13.644000,4.3164721141374836,4.492256046387427
13.646000,3.9893186846723125,4.66803997863737
13.648000,4.160219729915313,4.868238345922026
13.650000,3.818417639429313,4.531319142442969
13.652000,4.106507972838941,4.755931944762341
13.654000,4.01861600671397,4.838941023880369
13.656000,4.321355001144426,4.682688639658198
13.658000,3.8623636224917983,4.990310521095598
13.660000,3.940489814602884,4.736400396734569
13.662000,4.252994583047227,4.9707789730678265
13.664000,4.179751277943084,4.6143282215609975
13.666000,4.145571068894484,4.511787594415198
13.668000,3.7793545433737696,4.516670481422141
13.670000,3.896543831540398,4.799877927824826
13.672000,4.038147554741741,4.7022201876859695
13.674000,4.238345922026398,4.755931944762341
13.676000,4.008850232700084,4.799877927824826
13.678000,4.292057679102769,4.951247425040055
13.680000,4.272526131074998,4.780346379797055
13.682000,4.072327763790341,4.6436255436026554
13.684000,4.028381780727855,4.497138933394369
13.686000,4.145571068894484,5.009842069123369
13.688000,3.9942015716792554,4.9707789730678265
13.690000,4.2871747920958265,4.5850308995193405
13.692000,3.9600213626306555,4.663157091630427
13.694000,3.8818951705195697,4.917067215991455
13.696000,3.969787136644541,4.721751735713741
13.698000,4.321355001144426,5.092851148241397
13.700000,3.9649042496375984,5.0586709391927975
13.702000,4.003967345693141,5.014724956130312
13.704000,4.204165712977798,4.638742656595713
13.706000,4.150453955901427,4.565499351491569
13.708000,4.3164721141374836,4.638742656595713
13.710000,4.204165712977798,4.580148012512398
13.712000,4.003967345693141,5.06355382619974
13.714000,4.277409018081941,4.6729228656443125
13.716000,4.277409018081941,4.843823910887312
13.718000,4.2871747920958265,5.014724956130312
13.720000,3.945372701609827,5.053788052185855
13.722000,4.028381780727855,4.682688639658198
13.724000,4.0820935378042265,4.8535896849011975
13.726000,4.008850232700084,4.941481651026169
13.728000,4.2578774700541695,4.741283283741512
13.730000,4.121156633859769,4.570382238498512
13.732000,3.999084458686198,5.024490730144198
13.734000,4.165102616922256,4.721751735713741
13.736000,3.95025558861677,5.0293736171511405
13.738000,3.896543831540398,4.921950102998398
13.740000,4.072327763790341,4.707103074692912
13.742000,4.184634164950027,4.741283283741512
13.744000,4.150453955901427,4.707103074692912
13.746000,4.033264667734798,4.785229266803998
13.748000,3.896543831540398,4.6143282215609975
13.750000,3.9551384756237127,4.6436255436026554
13.752000,3.764705882352941,4.511787594415198
13.754000,3.925841153582055,4.721751735713741
13.756000,4.331120775158312,4.775463492790112
13.758000,3.9649042496375984,4.770580605783169
13.760000,4.1992828259708554,4.975661860074769
13.762000,3.9600213626306555,4.819409475852598
13.764000,3.8330663004501413,4.697337300679027
13.766000,4.282291905088884,4.956130312046998
13.768000,3.935606927595941,4.663157091630427
13.770000,4.238345922026398,4.868238345922026
13.772000,3.896543831540398,5.048905165178912
13.774000,4.2578774700541695,4.912184328984512
13.776000,4.013733119707027,4.736400396734569
13.778000,3.999084458686198,4.941481651026169
13.780000,4.355535210193026,4.956130312046998
13.782000,4.052796215762569,4.975661860074769
13.784000,3.969787136644541,4.946364538033112
13.786000,4.086976424811169,4.541084916456855
13.788000,4.160219729915313,5.044022278171969
13.790000,3.8623636224917983,4.838941023880369
13.792000,3.8525978484779126,4.780346379797055
13.794000,4.145571068894484,5.087968261234455
13.796000,4.047913328755627,4.897535667963684
13.798000,3.8281834134431985,5.044022278171969
13.800000,3.925841153582055,4.980544747081712
13.802000,4.023498893720912,5.0293736171511405
13.804000,3.8525978484779126,5.048905165178912
13.806000,4.013733119707027,4.6729228656443125
13.808000,3.818417639429313,4.628976882581827
13.810000,4.106507972838941,4.897535667963684
13.812000,4.130922407873656,4.565499351491569
13.814000,3.8233005264362556,4.785229266803998
13.816000,4.184634164950027,4.624093995574883
13.818000,3.8867780575265125,4.965896086060884
13.820000,4.2285801480125125,5.019607843137255
13.822000,3.974670023651484,5.06355382619974
13.824000,4.209048599984741,4.951247425040055
13.826000,4.238345922026398,5.0293736171511405
13.828000,4.028381780727855,4.594796673533226
13.830000,4.252994583047227,5.0000762951094835
13.832000,4.013733119707027,4.658274204623484
13.834000,4.355535210193026,4.63385976958877
13.836000,4.013733119707027,4.638742656595713
13.838000,3.8086518654154267,4.882887006942855
13.840000,4.1113908598458835,4.697337300679027
13.842000,4.15533684290837,4.804760814831769
13.844000,4.135805294880599,5.092851148241397
13.846000,3.906309605554284,4.736400396734569
13.848000,4.360418097199969,5.048905165178912
13.850000,4.360418097199969,4.819409475852598
13.852000,4.01861600671397,4.599679560540169
13.854000,4.150453955901427,4.868238345922026
13.856000,4.169985503929198,4.721751735713741
13.858000,4.277409018081941,4.697337300679027
13.860000,3.798886091401541,5.107499809262226
13.862000,4.160219729915313,4.946364538033112
13.864000,4.008850232700084,5.0293736171511405
13.866000,3.81353475242237,5.102616922255283
13.868000,3.872129396505684,4.882887006942855
13.870000,4.174868390936141,4.711985961699855
13.872000,3.9600213626306555,4.902418554970627
13.874000,3.818417639429313,4.604562447547112
13.876000,4.086976424811169,5.112382696269169
13.878000,3.896543831540398,4.990310521095598
13.880000,4.165102616922256,4.965896086060884
13.882000,4.023498893720912,5.117265583276112
13.884000,4.2285801480125125,4.829175249866483
13.886000,3.798886091401541,4.951247425040055
13.888000,4.160219729915313,4.775463492790112
13.890000,4.160219729915313,5.122148470283054
13.892000,3.979552910658427,4.682688639658198
13.894000,4.130922407873656,5.087968261234455
13.896000,4.038147554741741,4.648508430609598
13.898000,3.842832074464027,4.6436255436026554
13.900000,4.130922407873656,5.009842069123369
13.902000,4.013733119707027,4.6143282215609975
13.904000,3.935606927595941,4.848706797894255
13.906000,3.8281834134431985,4.628976882581827
13.908000,4.321355001144426,4.956130312046998
13.910000,4.15533684290837,4.604562447547112
13.912000,4.18951705195697,4.560616464484626
13.914000,4.2578774700541695,4.873121232928969
13.916000,4.384832532234684,4.90730144197757
13.918000,4.301823453116655,4.921950102998398
13.920000,4.3164721141374836,4.843823910887312
13.922000,4.262760357061112,4.741283283741512
13.924000,4.023498893720912,5.127031357289998
13.926000,4.321355001144426,5.122148470283054
13.928000,3.940489814602884,4.741283283741512
13.930000,3.9600213626306555,4.873121232928969
13.932000,4.331120775158312,4.780346379797055
13.934000,4.18951705195697,5.141680018310827
13.936000,4.350652323186083,4.985427634088655
13.938000,4.194399938963913,5.009842069123369
13.940000,4.008850232700084,4.897535667963684
13.942000,4.01861600671397,5.122148470283054
13.944000,4.130922407873656,4.873121232928969
13.946000,3.9111924925612267,4.682688639658198
13.948000,4.028381780727855,5.151445792324712
13.950000,4.218814373998627,5.073319600213626
13.952000,3.901426718547341,4.887769893949798
13.954000,4.22369726100557,4.785229266803998
13.956000,4.003967345693141,4.580148012512398
13.958000,3.84771496147097,4.848706797894255
13.960000,3.8916609445334553,4.951247425040055
13.962000,4.140688181887541,4.780346379797055
13.964000,4.013733119707027,5.087968261234455
13.966000,3.935606927595941,5.131914244296941
13.968000,4.01861600671397,4.804760814831769
13.970000,4.18951705195697,5.078202487220569
13.972000,4.116273746852826,5.151445792324712
13.974000,4.194399938963913,4.589913786526283
13.976000,4.023498893720912,4.775463492790112
13.978000,4.101625085831998,4.951247425040055
13.980000,3.906309605554284,4.653391317616541
13.982000,4.057679102769512,4.604562447547112
13.984000,4.296940566109712,5.127031357289998
13.986000,4.15533684290837,5.068436713206683
13.988000,4.003967345693141,4.7315175097276265
13.990000,4.39459830624857,4.755931944762341
13.992000,4.370183871213855,4.589913786526283
13.994000,4.243228809033341,4.965896086060884
13.996000,3.95025558861677,4.995193408102541
13.998000,3.8574807354848555,4.726634622720684
14.000000,3.877012283512627,4.638742656595713
14.002000,4.165102616922256,5.1465629053177695
14.004000,3.842832074464027,4.6729228656443125
14.006000,4.340886549172198,4.741283283741512
14.008000,4.1992828259708554,4.589913786526283
14.010000,4.008850232700084,4.66803997863737
14.012000,4.204165712977798,4.82429236285954
14.014000,3.9209582665751124,4.5850308995193405
14.016000,4.194399938963913,4.814526588845655
14.018000,4.033264667734798,4.604562447547112
14.020000,4.126039520866713,4.819409475852598
14.022000,4.22369726100557,4.82429236285954
14.024000,4.3750667582207985,4.990310521095598
14.026000,3.9893186846723125,4.61921110856794
14.028000,4.321355001144426,4.682688639658198
14.030000,4.130922407873656,4.7608148317692836
14.032000,3.9844357976653697,5.073319600213626
14.034000,4.326237888151369,4.721751735713741
14.036000,4.209048599984741,4.775463492790112
14.038000,4.311589227130541,5.004959182116426
14.040000,4.130922407873656,4.882887006942855
14.042000,3.896543831540398,5.014724956130312
14.044000,3.9160753795681695,4.628976882581827
14.046000,4.052796215762569,5.004959182116426
14.048000,4.419012741283284,4.658274204623484
14.050000,4.311589227130541,4.609445334554055
14.052000,3.906309605554284,4.604562447547112
14.054000,4.150453955901427,5.127031357289998
14.056000,4.4336614023041125,4.741283283741512
14.058000,4.165102616922256,5.122148470283054
14.060000,4.135805294880599,4.897535667963684
14.062000,3.8916609445334553,4.946364538033112
14.064000,4.116273746852826,5.122148470283054
14.066000,4.15533684290837,4.917067215991455
14.068000,3.84771496147097,4.897535667963684
14.070000,4.106507972838941,4.90730144197757
14.072000,4.18951705195697,4.66803997863737
14.074000,3.8867780575265125,5.170977340352484
14.076000,3.8525978484779126,4.780346379797055
14.078000,4.282291905088884,4.7315175097276265
14.080000,4.296940566109712,4.990310521095598
14.082000,4.096742198825055,4.882887006942855
14.084000,4.077210650797284,5.019607843137255
14.086000,3.969787136644541,4.638742656595713
14.088000,4.184634164950027,5.078202487220569
14.090000,4.2285801480125125,4.6436255436026554
14.092000,4.213931486991684,5.107499809262226
14.094000,4.2578774700541695,5.117265583276112
14.096000,4.365300984206912,4.653391317616541
14.098000,4.209048599984741,4.829175249866483
14.100000,4.409246967269398,5.0293736171511405
14.102000,3.9111924925612267,4.663157091630427
14.104000,3.877012283512627,4.985427634088655
14.106000,3.969787136644541,4.716868848706798
14.108000,4.248111696040284,4.721751735713741
14.110000,4.013733119707027,5.131914244296941
14.112000,4.086976424811169,4.6143282215609975
14.114000,4.179751277943084,5.019607843137255
14.116000,4.209048599984741,5.122148470283054
14.118000,4.252994583047227,4.82429236285954
14.120000,4.179751277943084,5.068436713206683
14.122000,4.106507972838941,4.7608148317692836
14.124000,4.204165712977798,4.746166170748455
14.126000,4.101625085831998,5.170977340352484
14.128000,3.95025558861677,4.980544747081712
14.130000,4.296940566109712,5.1465629053177695
14.132000,3.969787136644541,5.112382696269169
14.134000,4.062561989776455,5.180743114366369
14.136000,4.213931486991684,4.741283283741512
14.138000,4.003967345693141,4.804760814831769
14.140000,4.15533684290837,5.0586709391927975
14.142000,3.999084458686198,4.663157091630427
14.144000,4.355535210193026,4.951247425040055
14.146000,4.013733119707027,5.004959182116426
14.148000,3.877012283512627,5.112382696269169
14.150000,3.9209582665751124,4.843823910887312
14.152000,4.101625085831998,4.638742656595713
14.154000,4.194399938963913,5.0293736171511405
14.156000,4.360418097199969,4.975661860074769
14.158000,4.277409018081941,5.127031357289998
14.160000,4.194399938963913,4.663157091630427
14.162000,4.116273746852826,5.161211566338598
14.164000,4.213931486991684,5.014724956130312
14.166000,3.8867780575265125,5.068436713206683
14.168000,4.135805294880599,4.873121232928969
14.170000,4.326237888151369,5.2051575494010835
14.172000,4.443427176317998,5.122148470283054
14.174000,3.974670023651484,4.8780041199359125
14.176000,4.204165712977798,4.682688639658198
14.178000,4.116273746852826,4.628976882581827
14.180000,3.8867780575265125,5.151445792324712
14.182000,3.877012283512627,5.136797131303884
14.184000,3.95025558861677,5.141680018310827
14.186000,4.160219729915313,4.809643701838712
14.188000,4.365300984206912,5.112382696269169
14.190000,3.9942015716792554,5.078202487220569
14.192000,4.360418097199969,4.887769893949798
14.194000,4.419012741283284,5.1465629053177695
14.196000,4.453192950331884,5.170977340352484
14.198000,4.057679102769512,4.82429236285954
14.200000,4.096742198825055,4.765697718776226
14.202000,3.930724040588998,4.868238345922026
14.204000,4.1992828259708554,4.804760814831769
14.206000,4.448310063324941,5.024490730144198
14.208000,4.238345922026398,5.122148470283054
14.210000,4.2871747920958265,4.663157091630427
14.212000,4.453192950331884,4.726634622720684
14.214000,3.9893186846723125,5.0586709391927975
14.216000,4.033264667734798,5.190508888380255
14.218000,4.135805294880599,5.053788052185855
14.220000,3.9160753795681695,5.004959182116426
14.222000,4.443427176317998,5.214923323414969
14.224000,4.003967345693141,4.697337300679027
14.226000,4.028381780727855,5.185626001373312
14.228000,4.01861600671397,4.736400396734569
14.230000,4.233463035019455,5.034256504158083
14.232000,4.272526131074998,4.648508430609598
14.234000,4.086976424811169,4.946364538033112
14.236000,4.336003662165255,5.122148470283054
14.238000,4.277409018081941,5.039139391165026
14.240000,4.184634164950027,4.843823910887312
14.242000,4.174868390936141,5.083085374227512
14.244000,4.01861600671397,5.073319600213626
14.246000,4.296940566109712,4.648508430609598
14.248000,4.384832532234684,4.829175249866483
14.250000,4.121156633859769,4.707103074692912
14.252000,3.925841153582055,5.053788052185855
14.254000,3.979552910658427,5.234454871442741
14.256000,4.22369726100557,5.185626001373312
14.258000,4.043030441748684,5.141680018310827
14.260000,4.052796215762569,5.224689097428855
14.262000,4.233463035019455,5.190508888380255
14.264000,3.9551384756237127,4.985427634088655
14.266000,4.130922407873656,5.170977340352484
14.268000,3.974670023651484,4.648508430609598
14.270000,4.311589227130541,4.961013199053941
14.272000,4.091859311818112,5.044022278171969
14.274000,3.9160753795681695,5.048905165178912
14.276000,4.028381780727855,4.980544747081712
14.278000,4.4043640802624555,5.229571984435798
14.280000,4.165102616922256,4.956130312046998
14.282000,3.9844357976653697,4.902418554970627
14.284000,4.140688181887541,5.0000762951094835
14.286000,4.126039520866713,4.90730144197757
14.288000,4.023498893720912,4.677805752651255
14.290000,4.218814373998627,4.6729228656443125
14.292000,3.925841153582055,5.092851148241397
14.294000,4.052796215762569,4.873121232928969
14.296000,3.9600213626306555,4.692454413672084
14.298000,4.467841611352712,5.083085374227512
14.300000,4.062561989776455,4.902418554970627
14.302000,4.350652323186083,4.917067215991455
14.304000,4.326237888151369,4.780346379797055
14.306000,4.101625085831998,4.726634622720684
14.308000,4.169985503929198,4.965896086060884
14.310000,4.0820935378042265,5.239337758449683
14.312000,4.033264667734798,4.902418554970627
14.314000,4.072327763790341,4.775463492790112
14.316000,4.311589227130541,5.131914244296941
14.318000,4.169985503929198,4.711985961699855
14.320000,3.925841153582055,4.741283283741512
14.322000,4.1992828259708554,5.039139391165026
14.324000,4.218814373998627,5.131914244296941
14.326000,4.443427176317998,4.951247425040055
14.328000,4.209048599984741,4.736400396734569
14.330000,4.169985503929198,5.210040436408026
14.332000,4.365300984206912,4.936598764019227
14.334000,4.3750667582207985,5.127031357289998
14.336000,4.370183871213855,5.141680018310827
14.338000,4.008850232700084,5.258869306477455
14.340000,4.130922407873656,4.90730144197757
14.342000,4.477607385366598,4.990310521095598
14.344000,4.389715419241627,4.8535896849011975
14.346000,3.9893186846723125,5.048905165178912
14.348000,4.204165712977798,5.083085374227512
14.350000,4.174868390936141,5.219806210421912
14.352000,4.179751277943084,4.799877927824826
14.354000,4.072327763790341,4.887769893949798
14.356000,4.336003662165255,4.882887006942855
14.358000,3.935606927595941,5.190508888380255
14.360000,4.355535210193026,5.112382696269169
14.362000,3.979552910658427,4.6729228656443125
14.364000,4.067444876783398,4.956130312046998
14.366000,3.930724040588998,4.711985961699855
14.368000,4.038147554741741,5.073319600213626
14.370000,3.9600213626306555,5.195391775387198
14.372000,4.218814373998627,5.2051575494010835
14.374000,4.506904707408255,4.902418554970627
14.376000,4.135805294880599,5.229571984435798
14.378000,4.409246967269398,5.044022278171969
14.380000,4.22369726100557,5.019607843137255
14.382000,4.365300984206912,4.687571526665141
14.384000,4.150453955901427,5.112382696269169
14.386000,4.414129854276341,5.06355382619974
14.388000,4.296940566109712,5.034256504158083
14.390000,4.22369726100557,4.85847257190814
14.392000,4.370183871213855,4.868238345922026
14.394000,4.511787594415198,4.790112153810941
14.396000,4.165102616922256,5.102616922255283
14.398000,4.5264362554360265,5.273517967498283
14.400000,4.038147554741741,4.951247425040055
14.402000,4.160219729915313,5.278400854505226
14.404000,4.174868390936141,5.024490730144198
14.406000,4.438544289311055,4.8780041199359125
14.408000,4.301823453116655,4.902418554970627
14.410000,4.0820935378042265,5.073319600213626
14.412000,4.169985503929198,5.06355382619974
14.414000,3.95025558861677,5.078202487220569
14.416000,4.1113908598458835,4.980544747081712
14.418000,4.46295872434577,5.0000762951094835
14.420000,4.145571068894484,5.009842069123369
14.422000,4.179751277943084,5.102616922255283
14.424000,4.541084916456855,5.09773403524834
14.426000,4.443427176317998,4.873121232928969
14.428000,4.477607385366598,4.868238345922026
14.430000,4.248111696040284,4.917067215991455
14.432000,4.22369726100557,4.804760814831769
14.434000,4.091859311818112,4.838941023880369
14.436000,4.345769436179141,5.26863508049134
14.438000,4.135805294880599,4.917067215991455
14.440000,4.4336614023041125,4.785229266803998
14.442000,4.023498893720912,5.249103532463569
14.444000,4.472724498359655,5.273517967498283
14.446000,4.086976424811169,4.838941023880369
14.448000,4.067444876783398,5.151445792324712
14.450000,4.516670481422141,5.127031357289998
14.452000,4.541084916456855,4.790112153810941
14.454000,4.033264667734798,4.775463492790112
14.456000,4.267643244068055,4.7315175097276265
14.458000,4.121156633859769,5.224689097428855
14.460000,4.252994583047227,4.887769893949798
14.462000,4.345769436179141,4.838941023880369
14.464000,4.145571068894484,4.90730144197757
14.466000,4.282291905088884,4.804760814831769
14.468000,4.497138933394369,4.9707789730678265
14.470000,4.209048599984741,5.117265583276112
14.472000,4.399481193255513,4.82429236285954
14.474000,4.506904707408255,4.85847257190814
14.476000,4.389715419241627,5.0586709391927975
14.478000,4.311589227130541,4.90730144197757
14.480000,4.340886549172198,4.819409475852598
14.482000,4.165102616922256,5.073319600213626
14.484000,4.360418097199969,4.8780041199359125
14.486000,4.184634164950027,5.219806210421912
14.488000,4.472724498359655,4.746166170748455
14.490000,4.370183871213855,4.736400396734569
14.492000,4.541084916456855,5.131914244296941
14.494000,4.438544289311055,5.127031357289998
14.496000,4.292057679102769,5.161211566338598
14.498000,4.550850690470741,5.293049515526055
14.500000,4.419012741283284,4.926832990005341
14.502000,4.248111696040284,5.073319600213626
14.504000,4.3750667582207985,5.229571984435798
14.506000,4.497138933394369,4.809643701838712
14.508000,4.379949645227741,4.961013199053941
14.510000,4.331120775158312,5.127031357289998
14.512000,4.370183871213855,5.214923323414969
14.514000,4.038147554741741,4.848706797894255
14.516000,4.296940566109712,5.141680018310827
14.518000,4.008850232700084,4.868238345922026
14.520000,4.008850232700084,5.161211566338598
14.522000,4.067444876783398,5.107499809262226
14.524000,4.01861600671397,4.931715877012284
14.526000,4.3164721141374836,4.775463492790112
14.528000,4.252994583047227,5.136797131303884
14.530000,3.974670023651484,5.024490730144198
14.532000,4.516670481422141,5.263752193484398
14.534000,4.003967345693141,5.0586709391927975
14.536000,4.267643244068055,5.239337758449683
14.538000,4.008850232700084,5.185626001373312
14.540000,4.336003662165255,4.873121232928969
14.542000,4.01861600671397,4.829175249866483
14.544000,4.506904707408255,4.82429236285954
14.546000,4.057679102769512,4.873121232928969
14.548000,4.472724498359655,4.785229266803998
14.550000,4.248111696040284,5.249103532463569
14.552000,4.42877851529717,5.048905165178912
14.554000,4.3750667582207985,4.814526588845655
14.556000,4.384832532234684,4.736400396734569
14.558000,4.536202029449912,5.249103532463569
14.560000,4.545967803463798,5.224689097428855
14.562000,4.502021820401312,4.902418554970627
14.564000,4.013733119707027,4.85847257190814
14.566000,4.008850232700084,4.8535896849011975
14.568000,4.301823453116655,4.941481651026169
14.570000,4.126039520866713,5.263752193484398
14.572000,4.15533684290837,5.239337758449683
14.574000,4.013733119707027,5.239337758449683
14.576000,4.2285801480125125,4.765697718776226
14.578000,4.003967345693141,4.746166170748455
14.580000,4.419012741283284,4.751049057755398
14.582000,4.003967345693141,4.985427634088655
14.584000,4.01861600671397,4.912184328984512
14.586000,4.511787594415198,5.1465629053177695
14.588000,4.350652323186083,4.965896086060884
14.590000,4.023498893720912,5.127031357289998
14.592000,4.209048599984741,4.873121232928969
14.594000,4.340886549172198,5.0293736171511405
14.596000,4.560616464484626,4.926832990005341
14.598000,4.350652323186083,4.926832990005341
14.600000,4.409246967269398,5.263752193484398
14.602000,4.01861600671397,5.322346837567712
14.604000,4.365300984206912,5.234454871442741
14.606000,4.531319142442969,5.26863508049134
14.608000,4.531319142442969,5.210040436408026
14.610000,4.126039520866713,5.068436713206683
14.612000,4.2871747920958265,5.332112611581597
14.614000,4.355535210193026,5.200274662394141
14.616000,4.370183871213855,4.902418554970627
14.618000,4.174868390936141,4.765697718776226
14.620000,4.448310063324941,4.770580605783169
14.622000,4.277409018081941,4.8780041199359125
14.624000,4.39459830624857,4.9707789730678265
14.626000,4.580148012512398,5.307698176546883
14.628000,4.209048599984741,4.838941023880369
14.630000,4.091859311818112,5.244220645456626
14.632000,4.252994583047227,4.985427634088655
14.634000,4.502021820401312,4.834058136873426
14.636000,4.301823453116655,5.180743114366369
14.638000,4.145571068894484,5.136797131303884
14.640000,4.331120775158312,4.7608148317692836
14.642000,4.536202029449912,5.0293736171511405
14.644000,4.252994583047227,4.961013199053941
14.646000,4.160219729915313,5.2979324025329975
14.648000,4.414129854276341,4.819409475852598
14.650000,4.121156633859769,5.1465629053177695
14.652000,4.033264667734798,5.039139391165026
14.654000,4.5557335774776835,5.053788052185855
14.656000,4.179751277943084,4.8535896849011975
14.658000,4.379949645227741,4.819409475852598
14.660000,4.047913328755627,5.092851148241397
14.662000,4.267643244068055,5.263752193484398
14.664000,4.409246967269398,4.921950102998398
14.666000,4.482490272373541,4.85847257190814
14.668000,4.536202029449912,5.346761272602426
14.670000,4.609445334554055,5.1465629053177695
14.672000,4.057679102769512,5.278400854505226
14.674000,4.038147554741741,4.82429236285954
14.676000,4.502021820401312,5.019607843137255
14.678000,4.218814373998627,4.790112153810941
14.680000,4.575265125505455,5.30281528953994
14.682000,4.379949645227741,5.1465629053177695
14.684000,4.272526131074998,4.814526588845655
14.686000,4.292057679102769,5.107499809262226
14.688000,4.145571068894484,5.293049515526055
14.690000,4.5557335774776835,4.848706797894255
14.692000,4.575265125505455,4.946364538033112
14.694000,4.272526131074998,5.136797131303884
14.696000,4.575265125505455,4.936598764019227
14.698000,4.516670481422141,5.053788052185855
14.700000,4.443427176317998,5.341878385595483
14.702000,4.233463035019455,5.09773403524834
14.704000,4.458075837338827,5.253986419470512
14.706000,4.272526131074998,5.024490730144198
14.708000,4.047913328755627,5.024490730144198
14.710000,4.321355001144426,5.06355382619974
14.712000,4.409246967269398,4.838941023880369
14.714000,4.2578774700541695,5.214923323414969
14.716000,4.560616464484626,4.882887006942855
14.718000,4.2871747920958265,5.190508888380255
14.720000,4.609445334554055,4.90730144197757
14.722000,4.594796673533226,5.278400854505226
14.724000,4.506904707408255,4.790112153810941
14.726000,4.277409018081941,5.102616922255283
14.728000,4.165102616922256,5.131914244296941
14.730000,4.438544289311055,4.873121232928969
14.732000,4.61921110856794,5.322346837567712
14.734000,4.506904707408255,4.882887006942855
14.736000,4.204165712977798,5.234454871442741
14.738000,4.3750667582207985,4.809643701838712
14.740000,4.3164721141374836,5.048905165178912
14.742000,4.423895628290227,5.219806210421912
14.744000,4.399481193255513,5.1465629053177695
14.746000,4.116273746852826,5.0000762951094835
14.748000,4.296940566109712,5.366292820630197
14.750000,4.3164721141374836,4.941481651026169
14.752000,4.399481193255513,4.961013199053941
14.754000,4.467841611352712,5.1758602273594265
14.756000,4.384832532234684,4.956130312046998
14.758000,4.6143282215609975,4.90730144197757
14.760000,4.1113908598458835,5.263752193484398
14.762000,4.550850690470741,5.3565270466163115
14.764000,4.487373159380484,4.790112153810941
14.766000,4.0820935378042265,5.092851148241397
14.768000,4.086976424811169,4.804760814831769
14.770000,4.531319142442969,4.946364538033112
14.772000,4.355535210193026,5.09773403524834
14.774000,4.043030441748684,5.044022278171969
14.776000,4.130922407873656,5.2051575494010835
14.778000,4.18951705195697,5.151445792324712
14.780000,4.1113908598458835,5.136797131303884
14.782000,4.311589227130541,5.293049515526055
14.784000,4.46295872434577,5.166094453345541
14.786000,4.594796673533226,5.200274662394141
14.788000,4.165102616922256,5.136797131303884
14.790000,4.599679560540169,4.980544747081712
14.792000,4.467841611352712,5.312581063553826
14.794000,4.42877851529717,4.941481651026169
14.796000,4.072327763790341,4.985427634088655
14.798000,4.18951705195697,5.2051575494010835
14.800000,4.609445334554055,4.995193408102541
14.802000,4.213931486991684,4.790112153810941
14.804000,4.42877851529717,5.122148470283054
14.806000,4.072327763790341,5.009842069123369
14.808000,4.116273746852826,4.82429236285954
14.810000,4.589913786526283,4.892652780956741
14.812000,4.047913328755627,4.809643701838712
14.814000,4.379949645227741,4.873121232928969
14.816000,4.262760357061112,4.868238345922026
14.818000,4.077210650797284,5.219806210421912
14.820000,4.419012741283284,4.946364538033112
14.822000,4.296940566109712,5.244220645456626
14.824000,4.409246967269398,4.931715877012284
14.826000,4.106507972838941,4.863355458915083
14.828000,4.6436255436026554,5.288166628519112
14.830000,4.409246967269398,4.799877927824826
14.832000,4.1992828259708554,5.26863508049134
14.834000,4.545967803463798,5.307698176546883
14.836000,4.22369726100557,5.024490730144198
14.838000,4.365300984206912,5.092851148241397
14.840000,4.589913786526283,5.26863508049134
14.842000,4.086976424811169,5.0586709391927975
14.844000,4.174868390936141,4.941481651026169
14.846000,4.204165712977798,4.804760814831769
14.848000,4.18951705195697,4.863355458915083
14.850000,4.272526131074998,4.8780041199359125
14.852000,4.541084916456855,5.161211566338598
14.854000,4.5557335774776835,5.127031357289998
14.856000,4.6143282215609975,5.185626001373312
14.858000,4.091859311818112,4.941481651026169
14.860000,4.46295872434577,5.039139391165026
14.862000,4.506904707408255,5.33699549858854
14.864000,4.599679560540169,5.3565270466163115
14.866000,4.135805294880599,4.834058136873426
14.868000,4.6436255436026554,5.244220645456626
14.870000,4.355535210193026,5.361409933623254
14.872000,4.301823453116655,5.034256504158083
14.874000,4.321355001144426,5.073319600213626
14.876000,4.570382238498512,4.838941023880369
14.878000,4.2285801480125125,5.107499809262226
14.880000,4.340886549172198,4.990310521095598
14.882000,4.628976882581827,4.82429236285954
14.884000,4.545967803463798,5.293049515526055
14.886000,4.589913786526283,5.33699549858854
14.888000,4.301823453116655,5.014724956130312
14.890000,4.165102616922256,5.405355916685741
14.892000,4.22369726100557,5.30281528953994
14.894000,4.414129854276341,5.385824368657969
14.896000,4.272526131074998,5.210040436408026
14.898000,4.443427176317998,5.122148470283054
14.900000,4.204165712977798,4.961013199053941
14.902000,4.233463035019455,5.380941481651027
14.904000,4.1113908598458835,5.273517967498283
14.906000,4.4043640802624555,5.346761272602426
14.908000,4.140688181887541,4.936598764019227
14.910000,4.458075837338827,5.278400854505226
14.912000,4.550850690470741,5.332112611581597
14.914000,4.443427176317998,4.902418554970627
14.916000,4.467841611352712,5.395590142671855
14.918000,4.3750667582207985,4.882887006942855
14.920000,4.1992828259708554,5.37117570763714
14.922000,4.570382238498512,5.0586709391927975
14.924000,4.6436255436026554,5.2979324025329975
14.926000,4.2285801480125125,5.400473029678798
14.928000,4.409246967269398,5.034256504158083
14.930000,4.414129854276341,5.307698176546883
14.932000,4.453192950331884,5.107499809262226
14.934000,4.3750667582207985,5.395590142671855
14.936000,4.609445334554055,4.9707789730678265
14.938000,4.516670481422141,4.897535667963684
14.940000,4.204165712977798,5.034256504158083
14.942000,4.482490272373541,4.931715877012284
14.944000,4.345769436179141,5.009842069123369
14.946000,4.682688639658198,5.33699549858854
14.948000,4.345769436179141,4.868238345922026
14.950000,4.658274204623484,5.26863508049134
14.952000,4.145571068894484,5.078202487220569
14.954000,4.218814373998627,4.912184328984512
14.956000,4.6436255436026554,5.390707255664912
14.958000,4.213931486991684,5.3272297245746545
14.960000,4.096742198825055,5.273517967498283
14.962000,4.653391317616541,4.917067215991455
14.964000,4.545967803463798,5.3565270466163115
14.966000,4.101625085831998,5.161211566338598
14.968000,4.306706340123598,5.161211566338598
14.970000,4.1113908598458835,4.921950102998398
14.972000,4.296940566109712,4.863355458915083
14.974000,4.648508430609598,4.961013199053941
14.976000,4.194399938963913,5.2051575494010835
14.978000,4.39459830624857,4.965896086060884
14.980000,4.2578774700541695,4.85847257190814
14.982000,4.565499351491569,5.087968261234455
14.984000,4.306706340123598,4.990310521095598
14.986000,4.296940566109712,5.166094453345541
14.988000,4.379949645227741,5.283283741512169
14.990000,4.209048599984741,5.214923323414969
14.992000,4.565499351491569,5.429770351720455
14.994000,4.4336614023041125,5.078202487220569
14.996000,4.262760357061112,5.322346837567712
14.998000,4.121156633859769,5.112382696269169
15.000000,4.423895628290227,5.3272297245746545
15.002000,4.306706340123598,5.214923323414969
15.004000,4.575265125505455,5.293049515526055
15.006000,4.282291905088884,5.156328679331655
15.008000,4.277409018081941,4.917067215991455
15.010000,4.292057679102769,5.400473029678798
15.012000,4.292057679102769,5.249103532463569
15.014000,4.5850308995193405,5.424887464713512
15.016000,4.570382238498512,5.0000762951094835
15.018000,4.658274204623484,5.214923323414969
15.020000,4.6143282215609975,5.219806210421912
15.022000,4.213931486991684,5.200274662394141
15.024000,4.345769436179141,5.229571984435798
15.026000,4.697337300679027,4.902418554970627
15.028000,4.599679560540169,5.166094453345541
15.030000,4.106507972838941,5.195391775387198
15.032000,4.697337300679027,5.180743114366369
15.034000,4.277409018081941,5.376058594644084
15.036000,4.624093995574883,5.351644159609369
15.038000,4.66803997863737,5.400473029678798
15.040000,4.487373159380484,5.210040436408026
15.042000,4.340886549172198,5.0586709391927975
15.044000,4.545967803463798,5.278400854505226
15.046000,4.160219729915313,5.068436713206683
15.048000,4.541084916456855,5.253986419470512
15.050000,4.423895628290227,4.848706797894255
15.052000,4.336003662165255,5.400473029678798
15.054000,4.4043640802624555,4.90730144197757
15.056000,4.7022201876859695,5.253986419470512
15.058000,4.46295872434577,5.107499809262226
15.060000,4.169985503929198,4.985427634088655
15.062000,4.497138933394369,5.429770351720455
15.064000,4.599679560540169,5.2979324025329975
15.066000,4.292057679102769,5.390707255664912
15.068000,4.63385976958877,5.195391775387198
15.070000,4.262760357061112,5.068436713206683
15.072000,4.443427176317998,4.985427634088655
15.074000,4.4043640802624555,5.1465629053177695
15.076000,4.5557335774776835,5.317463950560769
15.078000,4.130922407873656,5.288166628519112
15.080000,4.130922407873656,4.946364538033112
15.082000,4.379949645227741,5.4444190127412835
15.084000,4.345769436179141,5.3565270466163115
15.086000,4.521553368429084,5.26863508049134
15.088000,4.204165712977798,5.127031357289998
15.090000,4.409246967269398,4.995193408102541
15.092000,4.6143282215609975,5.434653238727398
15.094000,4.7022201876859695,5.346761272602426
15.096000,4.502021820401312,5.278400854505226
15.098000,4.46295872434577,5.0293736171511405
15.100000,4.218814373998627,4.941481651026169
15.102000,4.692454413672084,5.439536125734341
15.104000,4.677805752651255,5.185626001373312
15.106000,4.184634164950027,4.873121232928969
15.108000,4.458075837338827,5.083085374227512
15.110000,4.277409018081941,5.06355382619974
15.112000,4.184634164950027,5.293049515526055
15.114000,4.5850308995193405,5.180743114366369
15.116000,4.272526131074998,5.166094453345541
15.118000,4.477607385366598,4.902418554970627
15.120000,4.150453955901427,5.317463950560769
15.122000,4.482490272373541,4.868238345922026
15.124000,4.575265125505455,5.2979324025329975
15.126000,4.296940566109712,5.156328679331655
15.128000,4.511787594415198,4.980544747081712
15.130000,4.194399938963913,5.068436713206683
15.132000,4.209048599984741,5.239337758449683
15.134000,4.15533684290837,4.873121232928969
15.136000,4.248111696040284,5.200274662394141
15.138000,4.472724498359655,5.0293736171511405
15.140000,4.414129854276341,5.4444190127412835
15.142000,4.570382238498512,5.249103532463569
15.144000,4.663157091630427,5.380941481651027
15.146000,4.365300984206912,5.0293736171511405
15.148000,4.355535210193026,5.459067673762112
15.150000,4.350652323186083,4.917067215991455
15.152000,4.350652323186083,5.3272297245746545
15.154000,4.511787594415198,5.4151216906996265
15.156000,4.536202029449912,5.112382696269169
15.158000,4.233463035019455,5.170977340352484
15.160000,4.443427176317998,5.09773403524834
15.162000,4.536202029449912,5.4737163347829405
15.164000,4.2578774700541695,4.882887006942855
15.166000,4.609445334554055,5.429770351720455
15.168000,4.326237888151369,5.263752193484398
15.170000,4.721751735713741,5.0000762951094835
15.172000,4.609445334554055,5.400473029678798
15.174000,4.536202029449912,5.009842069123369
15.176000,4.6436255436026554,5.127031357289998
15.178000,4.716868848706798,5.1465629053177695
15.180000,4.252994583047227,4.995193408102541
15.182000,4.384832532234684,5.317463950560769
15.184000,4.340886549172198,4.917067215991455
15.186000,4.174868390936141,5.3272297245746545
15.188000,4.3750667582207985,5.361409933623254
15.190000,4.419012741283284,5.200274662394141
15.192000,4.42877851529717,5.366292820630197
15.194000,4.628976882581827,5.405355916685741
15.196000,4.638742656595713,5.004959182116426
15.198000,4.594796673533226,5.06355382619974
15.200000,4.599679560540169,5.244220645456626
15.202000,4.252994583047227,5.180743114366369
15.204000,4.638742656595713,5.107499809262226
15.206000,4.477607385366598,5.395590142671855
15.208000,4.716868848706798,5.283283741512169
15.210000,4.707103074692912,4.892652780956741
15.212000,4.248111696040284,4.892652780956741
15.214000,4.4043640802624555,5.009842069123369
15.216000,4.565499351491569,5.288166628519112
15.218000,4.233463035019455,5.478599221789883
15.220000,4.6143282215609975,5.258869306477455
15.222000,4.340886549172198,5.136797131303884
15.224000,4.331120775158312,5.180743114366369
15.226000,4.663157091630427,5.014724956130312
15.228000,4.438544289311055,4.902418554970627
15.230000,4.604562447547112,5.424887464713512
15.232000,4.487373159380484,5.26863508049134
15.234000,4.658274204623484,5.136797131303884
15.236000,4.726634622720684,5.253986419470512
15.238000,4.2578774700541695,5.1465629053177695
15.240000,4.599679560540169,5.068436713206683
15.242000,4.46295872434577,5.219806210421912
15.244000,4.638742656595713,5.004959182116426
15.246000,4.389715419241627,5.380941481651027
15.248000,4.599679560540169,5.4737163347829405
15.250000,4.711985961699855,5.346761272602426
15.252000,4.575265125505455,5.1758602273594265
15.254000,4.2578774700541695,4.975661860074769
15.256000,4.3164721141374836,5.3565270466163115
15.258000,4.707103074692912,5.454184786755169
15.260000,4.560616464484626,4.990310521095598
15.262000,4.716868848706798,5.244220645456626
15.264000,4.306706340123598,5.102616922255283
15.266000,4.399481193255513,5.4444190127412835
15.268000,4.511787594415198,5.278400854505226
15.270000,4.521553368429084,5.5030136568245975
15.272000,4.326237888151369,5.122148470283054
15.274000,4.594796673533226,5.068436713206683
15.276000,4.541084916456855,5.122148470283054
15.278000,4.497138933394369,4.921950102998398
15.280000,4.331120775158312,5.361409933623254
15.282000,4.306706340123598,5.400473029678798
15.284000,4.204165712977798,5.420004577706569
15.286000,4.580148012512398,5.395590142671855
15.288000,4.2871747920958265,5.170977340352484
15.290000,4.7022201876859695,5.263752193484398
15.292000,4.741283283741512,5.039139391165026
15.294000,4.560616464484626,5.161211566338598
15.296000,4.711985961699855,5.341878385595483
15.298000,4.1992828259708554,5.26863508049134
15.300000,4.243228809033341,5.166094453345541
15.302000,4.267643244068055,5.400473029678798
15.304000,4.252994583047227,5.141680018310827
15.306000,4.370183871213855,4.980544747081712
15.308000,4.292057679102769,5.0000762951094835
15.310000,4.448310063324941,5.214923323414969
15.312000,4.565499351491569,5.083085374227512
15.314000,4.575265125505455,5.2979324025329975
15.316000,4.66803997863737,5.044022278171969
15.318000,4.707103074692912,5.385824368657969
15.320000,4.448310063324941,5.341878385595483
15.322000,4.453192950331884,5.1758602273594265
15.324000,4.711985961699855,5.37117570763714
15.326000,4.550850690470741,5.307698176546883
15.328000,4.267643244068055,5.048905165178912
15.330000,4.658274204623484,5.366292820630197
15.332000,4.1992828259708554,5.439536125734341
15.334000,4.477607385366598,5.06355382619974
15.336000,4.443427176317998,5.0586709391927975
15.338000,4.721751735713741,5.288166628519112
15.340000,4.248111696040284,5.512779430838483
15.342000,4.7315175097276265,4.931715877012284
15.344000,4.628976882581827,5.009842069123369
15.346000,4.5557335774776835,5.092851148241397
15.348000,4.755931944762341,5.449301899748226
15.350000,4.790112153810941,5.214923323414969
15.352000,4.7315175097276265,5.019607843137255
15.354000,4.2285801480125125,5.122148470283054
15.356000,4.252994583047227,5.039139391165026
15.358000,4.663157091630427,5.2979324025329975
15.360000,4.2578774700541695,5.317463950560769
15.362000,4.443427176317998,5.092851148241397
15.364000,4.6729228656443125,5.37117570763714
15.366000,4.487373159380484,5.410238803692684
15.368000,4.692454413672084,5.06355382619974
15.370000,4.66803997863737,5.512779430838483
15.372000,4.775463492790112,5.09773403524834
15.374000,4.213931486991684,5.239337758449683
15.376000,4.7608148317692836,5.161211566338598
15.378000,4.340886549172198,5.244220645456626
15.380000,4.46295872434577,4.9707789730678265
15.382000,4.565499351491569,5.253986419470512
15.384000,4.785229266803998,5.4151216906996265
15.386000,4.770580605783169,5.420004577706569
15.388000,4.336003662165255,5.449301899748226
15.390000,4.438544289311055,5.454184786755169
15.392000,4.492256046387427,5.078202487220569
15.394000,4.487373159380484,5.385824368657969
15.396000,4.780346379797055,5.366292820630197
15.398000,4.409246967269398,5.0586709391927975
15.400000,4.511787594415198,4.9707789730678265
15.402000,4.277409018081941,4.980544747081712
15.404000,4.472724498359655,5.127031357289998
15.406000,4.321355001144426,5.0000762951094835
15.408000,4.336003662165255,5.195391775387198
15.410000,4.506904707408255,5.385824368657969
15.412000,4.409246967269398,5.493247882810712
15.414000,4.5264362554360265,5.3565270466163115
15.416000,4.580148012512398,4.9707789730678265
15.418000,4.296940566109712,4.990310521095598
15.420000,4.7608148317692836,5.537193865873197
15.422000,4.790112153810941,4.975661860074769
15.424000,4.487373159380484,5.317463950560769
15.426000,4.39459830624857,5.195391775387198
15.428000,4.248111696040284,5.185626001373312
15.430000,4.531319142442969,5.117265583276112
15.432000,4.3164721141374836,5.459067673762112
15.434000,4.7022201876859695,5.195391775387198
15.436000,4.350652323186083,5.117265583276112
15.438000,4.2578774700541695,4.975661860074769
15.440000,4.2285801480125125,5.009842069123369
15.442000,4.2871747920958265,4.951247425040055
15.444000,4.648508430609598,5.249103532463569
15.446000,4.7315175097276265,5.478599221789883
15.448000,4.4043640802624555,5.376058594644084
15.450000,4.487373159380484,5.54207675288014
15.452000,4.755931944762341,5.405355916685741
15.454000,4.4043640802624555,4.980544747081712
15.456000,4.687571526665141,5.463950560769055
15.458000,4.238345922026398,5.044022278171969
15.460000,4.624093995574883,5.131914244296941
15.462000,4.697337300679027,4.980544747081712
15.464000,4.267643244068055,5.0293736171511405
15.466000,4.550850690470741,5.068436713206683
15.468000,4.238345922026398,5.127031357289998
15.470000,4.580148012512398,5.4151216906996265
15.472000,4.438544289311055,5.361409933623254
15.474000,4.594796673533226,4.980544747081712
15.476000,4.624093995574883,5.405355916685741
15.478000,4.82429236285954,5.068436713206683
15.480000,4.2578774700541695,4.965896086060884
15.482000,4.482490272373541,4.975661860074769
15.484000,4.7608148317692836,5.073319600213626
15.486000,4.531319142442969,5.449301899748226
15.488000,4.648508430609598,5.180743114366369
15.490000,4.560616464484626,5.26863508049134
15.492000,4.487373159380484,5.4444190127412835
15.494000,4.326237888151369,5.351644159609369
15.496000,4.819409475852598,5.4444190127412835
15.498000,4.711985961699855,5.102616922255283
15.500000,4.580148012512398,5.166094453345541
15.502000,4.82429236285954,5.454184786755169
15.504000,4.687571526665141,5.439536125734341
15.506000,4.39459830624857,5.092851148241397
15.508000,4.42877851529717,5.283283741512169
15.510000,4.599679560540169,5.4737163347829405
15.512000,4.46295872434577,5.312581063553826
15.514000,4.506904707408255,5.195391775387198
15.516000,4.624093995574883,5.127031357289998
15.518000,4.790112153810941,5.283283741512169
15.520000,4.2578774700541695,4.990310521095598
15.522000,4.565499351491569,5.385824368657969
15.524000,4.814526588845655,5.112382696269169
15.526000,4.804760814831769,5.214923323414969
15.528000,4.355535210193026,5.09773403524834
15.530000,4.7315175097276265,4.990310521095598
15.532000,4.648508430609598,5.1758602273594265
15.534000,4.707103074692912,5.537193865873197
15.536000,4.409246967269398,5.278400854505226
15.538000,4.336003662165255,5.307698176546883
15.540000,4.746166170748455,5.341878385595483
15.542000,4.638742656595713,5.127031357289998
15.544000,4.472724498359655,5.249103532463569
15.546000,4.6436255436026554,5.483482108796826
15.548000,4.82429236285954,5.483482108796826
15.550000,4.370183871213855,5.263752193484398
15.552000,4.301823453116655,5.044022278171969
15.554000,4.536202029449912,5.312581063553826
15.556000,4.819409475852598,5.468833447775998
15.558000,4.692454413672084,5.449301899748226
15.560000,4.5850308995193405,5.039139391165026
15.562000,4.638742656595713,5.4151216906996265
15.564000,4.326237888151369,5.0586709391927975
15.566000,4.687571526665141,4.995193408102541
15.568000,4.570382238498512,5.156328679331655
15.570000,4.336003662165255,5.429770351720455
15.572000,4.502021820401312,5.380941481651027
15.574000,4.467841611352712,5.556725413900969
15.576000,4.638742656595713,5.0293736171511405
15.578000,4.848706797894255,5.532310978866255
15.580000,4.663157091630427,5.410238803692684
15.582000,4.42877851529717,5.06355382619974
15.584000,4.707103074692912,5.141680018310827
15.586000,4.61921110856794,5.351644159609369
15.588000,4.321355001144426,5.390707255664912
15.590000,4.511787594415198,5.239337758449683
15.592000,4.5264362554360265,5.351644159609369
15.594000,4.3164721141374836,5.068436713206683
15.596000,4.716868848706798,5.239337758449683
15.598000,4.814526588845655,5.048905165178912
15.600000,4.638742656595713,5.0000762951094835
15.602000,4.765697718776226,5.073319600213626
15.604000,4.42877851529717,5.1465629053177695
15.606000,4.409246967269398,5.380941481651027
15.608000,4.448310063324941,5.166094453345541
15.610000,4.350652323186083,5.4151216906996265
15.612000,4.653391317616541,5.307698176546883
15.614000,4.487373159380484,5.06355382619974
15.616000,4.502021820401312,5.3272297245746545
15.618000,4.829175249866483,5.009842069123369
15.620000,4.370183871213855,5.488364995803769
15.622000,4.355535210193026,5.048905165178912
15.624000,4.716868848706798,5.166094453345541
15.626000,4.721751735713741,5.4151216906996265
15.628000,4.545967803463798,5.50789654383154
15.630000,4.697337300679027,5.219806210421912
15.632000,4.414129854276341,5.571374074921797
15.634000,4.687571526665141,5.434653238727398
15.636000,4.6729228656443125,5.532310978866255
15.638000,4.331120775158312,5.127031357289998
15.640000,4.296940566109712,5.214923323414969
15.642000,4.628976882581827,5.009842069123369
15.644000,4.721751735713741,5.537193865873197
15.646000,4.848706797894255,5.117265583276112
15.648000,4.843823910887312,5.2979324025329975
15.650000,4.453192950331884,5.380941481651027
15.652000,4.819409475852598,5.131914244296941
15.654000,4.482490272373541,5.439536125734341
15.656000,4.814526588845655,5.0586709391927975
15.658000,4.282291905088884,5.332112611581597
15.660000,4.355535210193026,5.581139848935683
15.662000,4.711985961699855,5.117265583276112
15.664000,4.604562447547112,5.478599221789883
15.666000,4.814526588845655,5.102616922255283
15.668000,4.814526588845655,5.571374074921797
15.670000,4.2871747920958265,5.400473029678798
15.672000,4.306706340123598,5.566491187914854
15.674000,4.658274204623484,5.180743114366369
15.676000,4.829175249866483,5.185626001373312
15.678000,4.770580605783169,5.195391775387198
15.680000,4.804760814831769,5.57625696192874
15.682000,4.438544289311055,5.551842526894026
15.684000,4.355535210193026,5.429770351720455
15.686000,4.7315175097276265,5.278400854505226
15.688000,4.799877927824826,5.244220645456626
15.690000,4.301823453116655,5.283283741512169
15.692000,4.707103074692912,5.131914244296941
15.694000,4.809643701838712,5.048905165178912
15.696000,4.443427176317998,5.385824368657969
15.698000,4.531319142442969,5.463950560769055
15.700000,4.438544289311055,5.449301899748226
15.702000,4.487373159380484,5.102616922255283
15.704000,4.306706340123598,5.06355382619974
15.706000,4.467841611352712,5.385824368657969
15.708000,4.336003662165255,5.102616922255283
15.710000,4.887769893949798,5.346761272602426
15.712000,4.3750667582207985,5.141680018310827
15.714000,4.414129854276341,5.615320057984283
15.716000,4.682688639658198,5.024490730144198
15.718000,4.492256046387427,5.312581063553826
15.720000,4.370183871213855,5.586022735942626
15.722000,4.7315175097276265,5.517662317845426
15.724000,4.379949645227741,5.566491187914854
15.726000,4.511787594415198,5.4151216906996265
15.728000,4.687571526665141,5.581139848935683
15.730000,4.301823453116655,5.30281528953994
15.732000,4.355535210193026,5.273517967498283
15.734000,4.716868848706798,5.039139391165026
15.736000,4.458075837338827,5.190508888380255
15.738000,4.545967803463798,5.478599221789883
15.740000,4.4336614023041125,5.459067673762112
15.742000,4.804760814831769,5.117265583276112
15.744000,4.467841611352712,5.615320057984283
15.746000,4.472724498359655,5.439536125734341
15.748000,4.511787594415198,5.512779430838483
15.750000,4.541084916456855,5.180743114366369
15.752000,4.736400396734569,5.590905622949569
15.754000,4.814526588845655,5.493247882810712
15.756000,4.570382238498512,5.239337758449683
15.758000,4.692454413672084,5.512779430838483
15.760000,4.594796673533226,5.410238803692684
15.762000,4.448310063324941,5.5957885099565114
15.764000,4.794995040817883,5.122148470283054
15.766000,4.331120775158312,5.493247882810712
15.768000,4.63385976958877,5.278400854505226
15.770000,4.66803997863737,5.107499809262226
15.772000,4.536202029449912,5.185626001373312
15.774000,4.882887006942855,5.346761272602426
15.776000,4.506904707408255,5.258869306477455
15.778000,4.565499351491569,5.2979324025329975
15.780000,4.384832532234684,5.434653238727398
15.782000,4.6143282215609975,5.234454871442741
15.784000,4.4336614023041125,5.605554283970397
15.786000,4.848706797894255,5.048905165178912
15.788000,4.7022201876859695,5.454184786755169
15.790000,4.6143282215609975,5.322346837567712
15.792000,4.365300984206912,5.0586709391927975
15.794000,4.560616464484626,5.30281528953994
15.796000,4.799877927824826,5.600671396963454
15.798000,4.648508430609598,5.0586709391927975
15.800000,4.42877851529717,5.488364995803769
15.802000,4.472724498359655,5.512779430838483
15.804000,4.663157091630427,5.556725413900969
15.806000,4.467841611352712,5.170977340352484
15.808000,4.838941023880369,5.581139848935683
15.810000,4.531319142442969,5.253986419470512
15.812000,4.85847257190814,5.068436713206683
15.814000,4.6143282215609975,5.293049515526055
15.816000,4.711985961699855,5.629968719005112
15.818000,4.409246967269398,5.6250858319981685
15.820000,4.799877927824826,5.048905165178912
15.822000,4.902418554970627,5.527428091859312
15.824000,4.497138933394369,5.551842526894026
15.826000,4.707103074692912,5.586022735942626
15.828000,4.6436255436026554,5.459067673762112
15.830000,4.7608148317692836,5.405355916685741
15.832000,4.350652323186083,5.639734493018998
15.834000,4.658274204623484,5.332112611581597
15.836000,4.863355458915083,5.385824368657969
15.838000,4.863355458915083,5.615320057984283
15.840000,4.340886549172198,5.3272297245746545
15.842000,4.653391317616541,5.170977340352484
15.844000,4.7022201876859695,5.244220645456626
15.846000,4.6143282215609975,5.288166628519112
15.848000,4.746166170748455,5.293049515526055
15.850000,4.726634622720684,5.454184786755169
15.852000,4.926832990005341,5.210040436408026
15.854000,4.541084916456855,5.102616922255283
15.856000,4.61921110856794,5.166094453345541
15.858000,4.819409475852598,5.61043717097734
15.860000,4.604562447547112,5.200274662394141
15.862000,4.5264362554360265,5.317463950560769
15.864000,4.628976882581827,5.195391775387198
15.866000,4.599679560540169,5.390707255664912
15.868000,4.599679560540169,5.224689097428855
15.870000,4.545967803463798,5.405355916685741
15.872000,4.5850308995193405,5.2979324025329975
15.874000,4.511787594415198,5.2979324025329975
15.876000,4.516670481422141,5.522545204852369
15.878000,4.863355458915083,5.244220645456626
15.880000,4.624093995574883,5.078202487220569
15.882000,4.516670481422141,5.561608300907912
15.884000,4.5557335774776835,5.26863508049134
15.886000,4.492256046387427,5.522545204852369
15.888000,4.677805752651255,5.4151216906996265
15.890000,4.692454413672084,5.512779430838483
15.892000,4.389715419241627,5.263752193484398
15.894000,4.570382238498512,5.459067673762112
15.896000,4.61921110856794,5.654383154039826
15.898000,4.741283283741512,5.112382696269169
15.900000,4.550850690470741,5.586022735942626
15.902000,4.565499351491569,5.151445792324712
15.904000,4.482490272373541,5.332112611581597
15.906000,4.736400396734569,5.078202487220569
15.908000,4.912184328984512,5.424887464713512
15.910000,4.565499351491569,5.26863508049134
15.912000,4.755931944762341,5.112382696269169
15.914000,4.751049057755398,5.566491187914854
15.916000,4.3750667582207985,5.09773403524834
15.918000,4.687571526665141,5.33699549858854
15.920000,4.931715877012284,5.664148928053712
15.922000,4.604562447547112,5.244220645456626
15.924000,4.912184328984512,5.429770351720455
15.926000,4.492256046387427,5.385824368657969
15.928000,4.5850308995193405,5.166094453345541
15.930000,4.799877927824826,5.512779430838483
15.932000,4.829175249866483,5.102616922255283
15.934000,4.926832990005341,5.566491187914854
15.936000,4.458075837338827,5.512779430838483
15.938000,4.628976882581827,5.556725413900969
15.940000,4.716868848706798,5.600671396963454
15.942000,4.912184328984512,5.571374074921797
15.944000,4.663157091630427,5.156328679331655
15.946000,4.482490272373541,5.483482108796826
15.948000,4.497138933394369,5.117265583276112
15.950000,4.628976882581827,5.61043717097734
15.952000,4.770580605783169,5.517662317845426
15.954000,4.682688639658198,5.136797131303884
15.956000,4.721751735713741,5.429770351720455
15.958000,4.658274204623484,5.351644159609369
15.960000,4.516670481422141,5.117265583276112
15.962000,4.941481651026169,5.605554283970397
15.964000,4.941481651026169,5.37117570763714
15.966000,4.61921110856794,5.6495002670328835
15.968000,4.6436255436026554,5.556725413900969
15.970000,4.560616464484626,5.161211566338598
15.972000,4.5850308995193405,5.454184786755169
15.974000,4.843823910887312,5.253986419470512
15.976000,4.799877927824826,5.229571984435798
15.978000,4.419012741283284,5.112382696269169
15.980000,4.453192950331884,5.683680476081483
15.982000,4.575265125505455,5.092851148241397
15.984000,4.487373159380484,5.4151216906996265
15.986000,4.941481651026169,5.322346837567712
15.988000,4.775463492790112,5.537193865873197
15.990000,4.4043640802624555,5.112382696269169
15.992000,4.711985961699855,5.33699549858854
15.994000,4.628976882581827,5.390707255664912
15.996000,4.438544289311055,5.527428091859312
15.998000,4.589913786526283,5.102616922255283
16.000000,4.90730144197757,5.4444190127412835
16.002000,4.770580605783169,5.117265583276112
16.004000,4.580148012512398,5.532310978866255
16.006000,4.682688639658198,5.312581063553826
16.008000,4.726634622720684,5.586022735942626
16.010000,4.545967803463798,5.263752193484398
16.012000,4.39459830624857,5.307698176546883
16.014000,4.965896086060884,5.6250858319981685
16.016000,4.707103074692912,5.454184786755169
16.018000,4.648508430609598,5.122148470283054
16.020000,4.848706797894255,5.366292820630197
16.022000,4.423895628290227,5.102616922255283
16.024000,4.599679560540169,5.312581063553826
16.026000,4.975661860074769,5.26863508049134
16.028000,4.6729228656443125,5.239337758449683
16.030000,4.765697718776226,5.512779430838483
16.032000,4.829175249866483,5.380941481651027
16.034000,4.780346379797055,5.253986419470512
16.036000,4.794995040817883,5.112382696269169
16.038000,4.917067215991455,5.634851606012055
16.040000,4.931715877012284,5.522545204852369
16.042000,4.716868848706798,5.3272297245746545
16.044000,4.477607385366598,5.429770351720455
16.046000,4.604562447547112,5.546959639887083
16.048000,4.560616464484626,5.366292820630197
16.050000,4.755931944762341,5.459067673762112
16.052000,4.741283283741512,5.673914702067598
16.054000,4.39459830624857,5.263752193484398
16.056000,4.5264362554360265,5.361409933623254
16.058000,4.560616464484626,5.424887464713512
16.060000,4.61921110856794,5.332112611581597
16.062000,4.624093995574883,5.561608300907912
16.064000,4.897535667963684,5.229571984435798
16.066000,4.5557335774776835,5.180743114366369
16.068000,4.7315175097276265,5.234454871442741
16.070000,4.399481193255513,5.605554283970397
16.072000,4.409246967269398,5.185626001373312
16.074000,4.648508430609598,5.683680476081483
16.076000,4.897535667963684,5.6495002670328835
16.078000,4.863355458915083,5.688563363088426
16.080000,4.711985961699855,5.136797131303884
16.082000,4.873121232928969,5.239337758449683
16.084000,4.868238345922026,5.366292820630197
16.086000,4.755931944762341,5.620202944991226
16.088000,4.550850690470741,5.449301899748226
16.090000,4.848706797894255,5.249103532463569
16.092000,4.477607385366598,5.37117570763714
16.094000,4.4336614023041125,5.234454871442741
16.096000,4.736400396734569,5.688563363088426
16.098000,4.545967803463798,5.50789654383154
16.100000,4.516670481422141,5.673914702067598
16.102000,4.5557335774776835,5.293049515526055
16.104000,4.882887006942855,5.561608300907912
16.106000,4.536202029449912,5.3272297245746545
16.108000,4.658274204623484,5.498130769817655
16.110000,4.887769893949798,5.170977340352484
16.112000,4.936598764019227,5.586022735942626
16.114000,4.487373159380484,5.57625696192874
16.116000,4.46295872434577,5.688563363088426
16.118000,4.917067215991455,5.698329137102312
16.120000,4.448310063324941,5.180743114366369
16.122000,4.7608148317692836,5.71297779812314
16.124000,4.458075837338827,5.463950560769055
16.126000,4.609445334554055,5.195391775387198
16.128000,4.882887006942855,5.30281528953994
16.130000,4.472724498359655,5.434653238727398
16.132000,4.897535667963684,5.54207675288014
16.134000,4.580148012512398,5.478599221789883
16.136000,4.794995040817883,5.478599221789883
16.138000,4.42877851529717,5.429770351720455
16.140000,4.580148012512398,5.659266041046769
16.142000,4.5850308995193405,5.615320057984283
16.144000,4.726634622720684,5.376058594644084
16.146000,4.736400396734569,5.556725413900969
16.148000,4.580148012512398,5.434653238727398
16.150000,4.458075837338827,5.717860685130083
16.152000,4.926832990005341,5.61043717097734
16.154000,4.882887006942855,5.200274662394141
16.156000,4.794995040817883,5.664148928053712
16.158000,4.5557335774776835,5.615320057984283
16.160000,4.985427634088655,5.263752193484398
16.162000,4.516670481422141,5.161211566338598
16.164000,4.829175249866483,5.71297779812314
16.166000,4.4336614023041125,5.219806210421912
16.168000,4.7022201876859695,5.210040436408026
16.170000,4.863355458915083,5.156328679331655
16.172000,4.90730144197757,5.551842526894026
16.174000,4.63385976958877,5.136797131303884
16.176000,4.497138933394369,5.224689097428855
16.178000,4.848706797894255,5.283283741512169
16.180000,4.487373159380484,5.136797131303884
16.182000,4.921950102998398,5.380941481651027
16.184000,4.599679560540169,5.634851606012055
16.186000,4.487373159380484,5.4737163347829405
16.188000,4.541084916456855,5.361409933623254
16.190000,4.4336614023041125,5.551842526894026
16.192000,5.014724956130312,5.195391775387198
16.194000,4.7315175097276265,5.273517967498283
16.196000,4.497138933394369,5.180743114366369
16.198000,4.848706797894255,5.468833447775998
16.200000,4.887769893949798,5.278400854505226
16.202000,4.42877851529717,5.26863508049134
16.204000,4.697337300679027,5.1465629053177695
16.206000,4.682688639658198,5.537193865873197
16.208000,4.975661860074769,5.478599221789883
16.210000,4.511787594415198,5.239337758449683
16.212000,4.677805752651255,5.273517967498283
16.214000,5.024490730144198,5.698329137102312
16.216000,4.804760814831769,5.5957885099565114
16.218000,4.497138933394369,5.683680476081483
16.220000,4.560616464484626,5.693446250095369
16.222000,4.570382238498512,5.3565270466163115
16.224000,4.66803997863737,5.581139848935683
16.226000,4.443427176317998,5.551842526894026
16.228000,4.7022201876859695,5.30281528953994
16.230000,4.921950102998398,5.488364995803769
16.232000,4.736400396734569,5.239337758449683
16.234000,4.594796673533226,5.732509346150912
16.236000,4.834058136873426,5.556725413900969
16.238000,4.550850690470741,5.717860685130083
16.240000,4.814526588845655,5.537193865873197
16.242000,4.477607385366598,5.703212024109255
16.244000,4.46295872434577,5.669031815060655
16.246000,4.848706797894255,5.366292820630197
16.248000,4.794995040817883,5.478599221789883
16.250000,4.506904707408255,5.395590142671855
16.252000,4.550850690470741,5.3565270466163115
16.254000,4.8780041199359125,5.4737163347829405
16.256000,4.550850690470741,5.341878385595483
16.258000,4.63385976958877,5.581139848935683
16.260000,4.46295872434577,5.571374074921797
16.262000,4.5264362554360265,5.219806210421912
16.264000,4.570382238498512,5.50789654383154
16.266000,4.887769893949798,5.693446250095369
16.268000,5.014724956130312,5.434653238727398
16.270000,4.819409475852598,5.273517967498283
16.272000,4.790112153810941,5.644617380025941
16.274000,4.775463492790112,5.551842526894026
16.276000,4.9707789730678265,5.483482108796826
16.278000,4.648508430609598,5.581139848935683
16.280000,4.746166170748455,5.5030136568245975
16.282000,4.594796673533226,5.752040894178683
16.284000,4.814526588845655,5.361409933623254
16.286000,4.814526588845655,5.249103532463569
16.288000,4.995193408102541,5.434653238727398
16.290000,4.975661860074769,5.332112611581597
16.292000,4.6143282215609975,5.424887464713512
16.294000,4.892652780956741,5.2979324025329975
16.296000,5.024490730144198,5.522545204852369
16.298000,4.711985961699855,5.293049515526055
16.300000,4.956130312046998,5.180743114366369
16.302000,5.044022278171969,5.693446250095369
16.304000,4.780346379797055,5.688563363088426
16.306000,4.697337300679027,5.253986419470512
16.308000,4.946364538033112,5.634851606012055
16.310000,4.848706797894255,5.219806210421912
16.312000,4.550850690470741,5.546959639887083
16.314000,4.692454413672084,5.293049515526055
16.316000,4.477607385366598,5.488364995803769
16.318000,4.624093995574883,5.317463950560769
16.320000,4.848706797894255,5.26863508049134
16.322000,4.985427634088655,5.761806668192569
16.324000,4.814526588845655,5.4444190127412835
16.326000,5.0293736171511405,5.258869306477455
16.328000,4.648508430609598,5.586022735942626
16.330000,4.541084916456855,5.669031815060655
16.332000,4.995193408102541,5.727626459143969
16.334000,4.951247425040055,5.551842526894026
16.336000,5.0000762951094835,5.190508888380255
16.338000,4.609445334554055,5.664148928053712
16.340000,4.951247425040055,5.766689555199512
16.342000,4.834058136873426,5.669031815060655
16.344000,5.019607843137255,5.727626459143969
16.346000,4.604562447547112,5.3565270466163115
16.348000,4.492256046387427,5.449301899748226
16.350000,4.711985961699855,5.200274662394141
16.352000,4.477607385366598,5.698329137102312
16.354000,4.66803997863737,5.234454871442741
16.356000,4.736400396734569,5.556725413900969
16.358000,4.711985961699855,5.3272297245746545
16.360000,4.711985961699855,5.629968719005112
16.362000,4.716868848706798,5.361409933623254
16.364000,4.882887006942855,5.57625696192874
16.366000,5.0293736171511405,5.322346837567712
16.368000,4.770580605783169,5.732509346150912
16.370000,4.741283283741512,5.644617380025941
16.372000,4.975661860074769,5.483482108796826
16.374000,4.765697718776226,5.400473029678798
16.376000,4.887769893949798,5.195391775387198
16.378000,4.599679560540169,5.26863508049134
16.380000,4.6143282215609975,5.5030136568245975
16.382000,5.0586709391927975,5.722743572137026
16.384000,4.565499351491569,5.4151216906996265
16.386000,4.482490272373541,5.498130769817655
16.388000,4.677805752651255,5.6250858319981685
16.390000,4.487373159380484,5.224689097428855
16.392000,5.004959182116426,5.234454871442741
16.394000,4.838941023880369,5.688563363088426
16.396000,4.995193408102541,5.546959639887083
16.398000,4.741283283741512,5.586022735942626
16.400000,4.936598764019227,5.522545204852369
16.402000,4.589913786526283,5.644617380025941
16.404000,5.024490730144198,5.522545204852369
16.406000,4.9707789730678265,5.376058594644084
16.408000,4.995193408102541,5.756923781185626
16.410000,4.829175249866483,5.351644159609369
16.412000,4.628976882581827,5.249103532463569
16.414000,4.604562447547112,5.395590142671855
16.416000,4.917067215991455,5.756923781185626
16.418000,4.770580605783169,5.698329137102312
16.420000,4.946364538033112,5.468833447775998
16.422000,5.0586709391927975,5.361409933623254
16.424000,5.039139391165026,5.424887464713512
16.426000,4.990310521095598,5.37117570763714
16.428000,4.5264362554360265,5.214923323414969
16.430000,4.912184328984512,5.791103990234226
16.432000,4.868238345922026,5.424887464713512
16.434000,4.7315175097276265,5.30281528953994
16.436000,4.511787594415198,5.37117570763714
16.438000,4.746166170748455,5.463950560769055
16.440000,4.721751735713741,5.258869306477455
16.442000,4.7022201876859695,5.722743572137026
16.444000,4.936598764019227,5.429770351720455
16.446000,4.863355458915083,5.239337758449683
16.448000,5.053788052185855,5.307698176546883
16.450000,4.531319142442969,5.380941481651027
16.452000,4.677805752651255,5.439536125734341
16.454000,4.917067215991455,5.6495002670328835
16.456000,4.638742656595713,5.673914702067598
16.458000,4.511787594415198,5.322346837567712
16.460000,5.083085374227512,5.30281528953994
16.462000,4.746166170748455,5.5030136568245975
16.464000,4.834058136873426,5.346761272602426
16.466000,4.995193408102541,5.253986419470512
16.468000,4.682688639658198,5.654383154039826
16.470000,4.755931944762341,5.615320057984283
16.472000,4.946364538033112,5.390707255664912
16.474000,4.692454413672084,5.693446250095369
16.476000,4.7608148317692836,5.54207675288014
16.478000,4.521553368429084,5.74715800717174
16.480000,4.819409475852598,5.293049515526055
16.482000,5.039139391165026,5.678797589074541
16.484000,4.819409475852598,5.239337758449683
16.486000,4.502021820401312,5.488364995803769
16.488000,4.550850690470741,5.688563363088426
16.490000,5.024490730144198,5.6495002670328835
16.492000,4.697337300679027,5.263752193484398
16.494000,4.804760814831769,5.571374074921797
16.496000,4.848706797894255,5.429770351720455
16.498000,5.092851148241397,5.332112611581597
16.500000,4.995193408102541,5.74715800717174
16.502000,4.63385976958877,5.278400854505226
16.504000,5.078202487220569,5.683680476081483
16.506000,4.5557335774776835,5.566491187914854
16.508000,4.541084916456855,5.615320057984283
16.510000,4.829175249866483,5.717860685130083
16.512000,4.9707789730678265,5.385824368657969
16.514000,5.039139391165026,5.708094911116198
16.516000,4.536202029449912,5.71297779812314
16.518000,5.039139391165026,5.57625696192874
16.520000,4.638742656595713,5.420004577706569
16.522000,5.004959182116426,5.654383154039826
16.524000,5.019607843137255,5.703212024109255
16.526000,4.624093995574883,5.732509346150912
16.528000,4.624093995574883,5.463950560769055
16.530000,4.599679560540169,5.761806668192569
16.532000,4.931715877012284,5.561608300907912
16.534000,4.790112153810941,5.795986877241169
16.536000,4.834058136873426,5.322346837567712
16.538000,5.107499809262226,5.434653238727398
16.540000,4.7315175097276265,5.629968719005112
16.542000,4.804760814831769,5.239337758449683
16.544000,4.790112153810941,5.493247882810712
16.546000,4.931715877012284,5.600671396963454
16.548000,4.82429236285954,5.249103532463569
16.550000,4.912184328984512,5.493247882810712
16.552000,5.092851148241397,5.678797589074541
16.554000,4.609445334554055,5.6250858319981685
16.556000,4.711985961699855,5.376058594644084
16.558000,5.112382696269169,5.825284199282826
16.560000,4.799877927824826,5.493247882810712
16.562000,4.7608148317692836,5.361409933623254
16.564000,4.5850308995193405,5.561608300907912
16.566000,4.5850308995193405,5.600671396963454
16.568000,4.868238345922026,5.522545204852369
16.570000,4.63385976958877,5.795986877241169
16.572000,4.609445334554055,5.498130769817655
16.574000,4.834058136873426,5.703212024109255
16.576000,5.073319600213626,5.776455329213397
16.578000,5.0000762951094835,5.26863508049134
16.580000,4.882887006942855,5.776455329213397
16.582000,5.078202487220569,5.532310978866255
16.584000,4.604562447547112,5.698329137102312
16.586000,5.0586709391927975,5.659266041046769
16.588000,4.863355458915083,5.37117570763714
16.590000,4.936598764019227,5.786221103227283
16.592000,4.531319142442969,5.791103990234226
16.594000,4.887769893949798,5.737392233157855
16.596000,4.66803997863737,5.54207675288014
16.598000,4.765697718776226,5.629968719005112
16.600000,4.931715877012284,5.351644159609369
16.602000,4.892652780956741,5.732509346150912
16.604000,4.6729228656443125,5.688563363088426
16.606000,4.8780041199359125,5.581139848935683
16.608000,4.536202029449912,5.429770351720455
16.610000,4.790112153810941,5.620202944991226
16.612000,4.541084916456855,5.566491187914854
16.614000,4.863355458915083,5.463950560769055
16.616000,4.604562447547112,5.571374074921797
16.618000,5.039139391165026,5.629968719005112
16.620000,4.775463492790112,5.522545204852369
16.622000,4.746166170748455,5.639734493018998
16.624000,5.092851148241397,5.683680476081483
16.626000,4.7608148317692836,5.2979324025329975
16.628000,4.721751735713741,5.263752193484398
16.630000,5.034256504158083,5.693446250095369
16.632000,5.112382696269169,5.312581063553826
16.634000,5.09773403524834,5.322346837567712
16.636000,4.834058136873426,5.410238803692684
16.638000,5.0586709391927975,5.844815747310597
16.640000,4.6143282215609975,5.708094911116198
16.642000,4.917067215991455,5.556725413900969
16.644000,4.838941023880369,5.844815747310597
16.646000,4.956130312046998,5.756923781185626
16.648000,5.0293736171511405,5.629968719005112
16.650000,4.912184328984512,5.820401312275883
16.652000,4.980544747081712,5.615320057984283
16.654000,4.741283283741512,5.498130769817655
16.656000,5.087968261234455,5.332112611581597
16.658000,4.628976882581827,5.844815747310597
16.660000,4.892652780956741,5.605554283970397
16.662000,4.677805752651255,5.717860685130083
16.664000,4.604562447547112,5.566491187914854
16.666000,4.956130312046998,5.639734493018998
16.668000,5.024490730144198,5.615320057984283
16.670000,5.078202487220569,5.766689555199512
16.672000,4.663157091630427,5.698329137102312
16.674000,4.6729228656443125,5.571374074921797
16.676000,5.039139391165026,5.376058594644084
16.678000,5.019607843137255,5.776455329213397
16.680000,4.931715877012284,5.839932860303654
16.682000,4.902418554970627,5.693446250095369
16.684000,4.809643701838712,5.366292820630197
16.686000,4.711985961699855,5.57625696192874
16.688000,4.61921110856794,5.752040894178683
16.690000,4.6143282215609975,5.366292820630197
16.692000,4.7608148317692836,5.605554283970397
16.694000,4.936598764019227,5.717860685130083
16.696000,4.726634622720684,5.30281528953994
16.698000,4.6143282215609975,5.74715800717174
16.700000,4.594796673533226,5.395590142671855
16.702000,4.794995040817883,5.2979324025329975
16.704000,4.951247425040055,5.322346837567712
16.706000,5.0000762951094835,5.361409933623254
16.708000,5.0293736171511405,5.854581521324483
16.710000,4.892652780956741,5.586022735942626
16.712000,4.897535667963684,5.825284199282826
16.714000,5.107499809262226,5.71297779812314
16.716000,4.829175249866483,5.6495002670328835
16.718000,4.599679560540169,5.586022735942626
16.720000,4.726634622720684,5.795986877241169
16.722000,4.707103074692912,5.854581521324483
16.724000,5.107499809262226,5.4444190127412835
16.726000,4.829175249866483,5.786221103227283
16.728000,4.721751735713741,5.766689555199512
16.730000,4.716868848706798,5.708094911116198
16.732000,4.716868848706798,5.590905622949569
16.734000,4.843823910887312,5.693446250095369
16.736000,4.8780041199359125,5.366292820630197
16.738000,4.931715877012284,5.600671396963454
16.740000,4.7022201876859695,5.346761272602426
16.742000,5.161211566338598,5.3272297245746545
16.744000,4.61921110856794,5.449301899748226
16.746000,4.887769893949798,5.537193865873197
16.748000,5.014724956130312,5.4737163347829405
16.750000,5.122148470283054,5.317463950560769
16.752000,4.956130312046998,5.756923781185626
16.754000,4.7608148317692836,5.478599221789883
16.756000,4.946364538033112,5.844815747310597
16.758000,4.736400396734569,5.527428091859312
16.760000,4.736400396734569,5.434653238727398
16.762000,5.151445792324712,5.376058594644084
16.764000,4.785229266803998,5.791103990234226
16.766000,4.82429236285954,5.2979324025329975
16.768000,4.741283283741512,5.6495002670328835
16.770000,5.151445792324712,5.571374074921797
16.772000,4.580148012512398,5.429770351720455
16.774000,4.804760814831769,5.854581521324483
16.776000,4.711985961699855,5.410238803692684
16.778000,4.682688639658198,5.820401312275883
16.780000,4.775463492790112,5.586022735942626
16.782000,4.765697718776226,5.869230182345311
16.784000,4.580148012512398,5.586022735942626
16.786000,5.09773403524834,5.825284199282826
16.788000,5.107499809262226,5.664148928053712
16.790000,4.609445334554055,5.8301670862897685
16.792000,4.648508430609598,5.4444190127412835
16.794000,5.087968261234455,5.5957885099565114
16.796000,4.799877927824826,5.512779430838483
16.798000,5.107499809262226,5.556725413900969
16.800000,4.580148012512398,5.629968719005112
16.802000,5.019607843137255,5.546959639887083
16.804000,4.594796673533226,5.854581521324483
16.806000,4.755931944762341,5.698329137102312
16.808000,4.90730144197757,5.468833447775998
16.810000,4.785229266803998,5.8008697642481115
16.812000,4.716868848706798,5.498130769817655
16.814000,5.180743114366369,5.429770351720455
16.816000,4.985427634088655,5.459067673762112
16.818000,4.716868848706798,5.854581521324483
16.820000,4.63385976958877,5.522545204852369
16.822000,5.1758602273594265,5.8887617303730835
16.824000,4.653391317616541,5.3565270466163115
16.826000,4.765697718776226,5.810635538261997
16.828000,4.790112153810941,5.434653238727398
16.830000,5.0293736171511405,5.600671396963454
16.832000,4.741283283741512,5.620202944991226
16.834000,4.965896086060884,5.586022735942626
16.836000,4.711985961699855,5.698329137102312
16.838000,4.921950102998398,5.898527504386969
16.840000,4.658274204623484,5.605554283970397
16.842000,4.775463492790112,5.717860685130083
16.844000,4.8780041199359125,5.844815747310597
16.846000,4.599679560540169,5.878995956359198
16.848000,4.8780041199359125,5.810635538261997
16.850000,4.882887006942855,5.532310978866255
16.852000,4.995193408102541,5.366292820630197
16.854000,4.921950102998398,5.571374074921797
16.856000,4.658274204623484,5.5957885099565114
16.858000,4.887769893949798,5.854581521324483
16.860000,4.799877927824826,5.566491187914854
16.862000,4.7022201876859695,5.859464408331426
16.864000,4.687571526665141,5.561608300907912
16.866000,4.687571526665141,5.546959639887083
16.868000,4.897535667963684,5.78133821622034
16.870000,4.775463492790112,5.776455329213397
16.872000,4.941481651026169,5.468833447775998
16.874000,4.687571526665141,5.61043717097734
16.876000,4.711985961699855,5.4151216906996265
16.878000,5.004959182116426,5.590905622949569
16.880000,5.083085374227512,5.512779430838483
16.882000,4.917067215991455,5.810635538261997
16.884000,4.6729228656443125,5.698329137102312
16.886000,4.90730144197757,5.459067673762112
16.888000,4.897535667963684,5.615320057984283
16.890000,4.829175249866483,5.3565270466163115
16.892000,4.892652780956741,5.864347295338368
16.894000,4.995193408102541,5.654383154039826
16.896000,4.799877927824826,5.664148928053712
16.898000,4.956130312046998,5.688563363088426
16.900000,5.151445792324712,5.678797589074541
16.902000,5.161211566338598,5.351644159609369
16.904000,4.638742656595713,5.532310978866255
16.906000,5.0293736171511405,5.893644617380026
16.908000,4.902418554970627,5.332112611581597
16.910000,4.961013199053941,5.429770351720455
16.912000,4.951247425040055,5.478599221789883
16.914000,4.628976882581827,5.639734493018998
16.916000,5.166094453345541,5.752040894178683
16.918000,5.161211566338598,5.615320057984283
16.920000,4.721751735713741,5.71297779812314
16.922000,5.034256504158083,5.537193865873197
16.924000,5.156328679331655,5.634851606012055
16.926000,5.161211566338598,5.5957885099565114
16.928000,5.195391775387198,5.752040894178683
16.930000,5.195391775387198,5.454184786755169
16.932000,4.887769893949798,5.498130769817655
16.934000,4.692454413672084,5.341878385595483
16.936000,4.7608148317692836,5.922941939421683
16.938000,4.980544747081712,5.590905622949569
16.940000,4.926832990005341,5.478599221789883
16.942000,4.995193408102541,5.766689555199512
16.944000,4.736400396734569,5.673914702067598
16.946000,4.887769893949798,5.556725413900969
16.948000,5.004959182116426,5.9180590524147405
16.950000,4.677805752651255,5.600671396963454
16.952000,4.990310521095598,5.844815747310597
16.954000,5.2051575494010835,5.615320057984283
16.956000,5.087968261234455,5.922941939421683
16.958000,5.2051575494010835,5.8008697642481115
16.960000,5.083085374227512,5.913176165407798
16.962000,4.716868848706798,5.878995956359198
16.964000,4.726634622720684,5.903410391393912
16.966000,5.1465629053177695,5.351644159609369
16.968000,4.838941023880369,5.805752651255054
16.970000,4.790112153810941,5.913176165407798
16.972000,4.90730144197757,5.669031815060655
16.974000,5.210040436408026,5.854581521324483
16.976000,5.024490730144198,5.698329137102312
16.978000,5.224689097428855,5.908293278400855
16.980000,5.127031357289998,5.922941939421683
16.982000,5.019607843137255,5.673914702067598
16.984000,5.09773403524834,5.600671396963454
16.986000,4.936598764019227,5.8008697642481115
16.988000,4.809643701838712,5.9180590524147405
16.990000,4.716868848706798,5.869230182345311
16.992000,5.210040436408026,5.878995956359198
16.994000,5.087968261234455,5.400473029678798
16.996000,4.7315175097276265,5.688563363088426
16.998000,4.873121232928969,5.683680476081483
17.000000,4.716868848706798,5.795986877241169
17.002000,5.161211566338598,5.4737163347829405
17.004000,4.965896086060884,5.659266041046769
17.006000,4.66803997863737,5.639734493018998
17.008000,4.921950102998398,5.405355916685741
17.010000,5.053788052185855,5.620202944991226
17.012000,4.692454413672084,5.434653238727398
17.014000,4.926832990005341,5.581139848935683
17.016000,4.746166170748455,5.405355916685741
17.018000,4.863355458915083,5.498130769817655
17.020000,5.0586709391927975,5.346761272602426
17.022000,4.6436255436026554,5.493247882810712
17.024000,4.838941023880369,5.61043717097734
17.026000,4.751049057755398,5.844815747310597
17.028000,4.961013199053941,5.395590142671855
17.030000,4.794995040817883,5.532310978866255
17.032000,5.156328679331655,5.546959639887083
17.034000,4.887769893949798,5.669031815060655
17.036000,4.658274204623484,5.761806668192569
17.038000,5.004959182116426,5.766689555199512
17.040000,5.039139391165026,5.478599221789883
17.042000,4.843823910887312,5.81551842526894
17.044000,4.6729228656443125,5.874113069352254
17.046000,5.09773403524834,5.756923781185626
17.048000,5.161211566338598,5.942473487449455
17.050000,4.90730144197757,5.703212024109255
17.052000,4.794995040817883,5.693446250095369
17.054000,4.90730144197757,5.669031815060655
17.056000,4.746166170748455,5.922941939421683
17.058000,5.019607843137255,5.8301670862897685
17.060000,4.90730144197757,5.517662317845426
17.062000,4.794995040817883,5.385824368657969
17.064000,4.843823910887312,5.561608300907912
17.066000,5.014724956130312,5.893644617380026
17.068000,4.741283283741512,5.620202944991226
17.070000,5.0293736171511405,5.776455329213397
17.072000,5.117265583276112,5.659266041046769
17.074000,4.946364538033112,5.61043717097734
17.076000,4.873121232928969,5.600671396963454
17.078000,5.2051575494010835,5.546959639887083
17.080000,4.887769893949798,5.727626459143969
17.082000,4.863355458915083,5.405355916685741
17.084000,4.790112153810941,5.376058594644084
17.086000,4.990310521095598,5.683680476081483
17.088000,4.829175249866483,5.4737163347829405
17.090000,4.66803997863737,5.57625696192874
17.092000,4.677805752651255,5.883878843366141
17.094000,4.931715877012284,5.8301670862897685
17.096000,5.180743114366369,5.380941481651027
17.098000,4.66803997863737,5.932707713435569
17.100000,4.814526588845655,5.424887464713512
17.102000,4.90730144197757,5.893644617380026
17.104000,5.219806210421912,5.922941939421683
17.106000,4.965896086060884,5.722743572137026
17.108000,5.102616922255283,5.913176165407798
17.110000,5.087968261234455,5.57625696192874
17.112000,5.180743114366369,5.937590600442512
17.114000,4.975661860074769,5.791103990234226
17.116000,5.249103532463569,5.756923781185626
17.118000,5.161211566338598,5.5030136568245975
17.120000,4.7022201876859695,5.566491187914854
17.122000,4.746166170748455,5.688563363088426
17.124000,4.990310521095598,5.673914702067598
17.126000,4.829175249866483,5.737392233157855
17.128000,4.892652780956741,5.390707255664912
17.130000,5.229571984435798,5.971770809491112
17.132000,5.068436713206683,5.9180590524147405
17.134000,4.985427634088655,5.84969863431754
17.136000,5.112382696269169,5.893644617380026
17.138000,4.990310521095598,5.449301899748226
17.140000,5.200274662394141,5.664148928053712
17.142000,4.755931944762341,5.966887922484169
17.144000,5.229571984435798,5.566491187914854
17.146000,4.770580605783169,5.439536125734341
17.148000,5.1758602273594265,5.7422751201647975
17.150000,5.239337758449683,5.810635538261997
17.152000,4.902418554970627,5.9473563744563975
17.154000,4.965896086060884,5.971770809491112
17.156000,4.799877927824826,5.795986877241169
17.158000,4.8780041199359125,5.883878843366141
17.160000,4.809643701838712,5.620202944991226
17.162000,4.965896086060884,5.385824368657969
17.164000,5.136797131303884,5.981536583504997
17.166000,5.170977340352484,5.459067673762112
17.168000,4.897535667963684,5.439536125734341
17.170000,4.965896086060884,5.693446250095369
17.172000,5.019607843137255,5.4444190127412835
17.174000,4.990310521095598,5.7422751201647975
17.176000,5.122148470283054,5.678797589074541
17.178000,4.838941023880369,5.722743572137026
17.180000,4.804760814831769,5.390707255664912
17.182000,5.219806210421912,5.566491187914854
17.184000,5.083085374227512,5.400473029678798
17.186000,4.917067215991455,5.4151216906996265
17.188000,4.85847257190814,5.922941939421683
17.190000,5.044022278171969,5.922941939421683
17.192000,4.897535667963684,5.74715800717174
17.194000,5.004959182116426,5.7422751201647975
17.196000,5.258869306477455,5.6250858319981685
17.198000,4.946364538033112,5.839932860303654
17.200000,4.985427634088655,5.869230182345311
17.202000,4.716868848706798,5.9473563744563975
17.204000,5.0293736171511405,5.78133821622034
17.206000,4.931715877012284,5.805752651255054
17.208000,4.687571526665141,5.766689555199512
17.210000,5.048905165178912,5.405355916685741
17.212000,4.995193408102541,5.893644617380026
17.214000,5.263752193484398,5.629968719005112
17.216000,5.219806210421912,5.957122148470283
17.218000,5.249103532463569,5.81551842526894
17.220000,4.751049057755398,5.654383154039826
17.222000,4.85847257190814,5.620202944991226
17.224000,4.834058136873426,5.688563363088426
17.226000,5.131914244296941,5.405355916685741
17.228000,5.092851148241397,5.429770351720455
17.230000,5.161211566338598,5.786221103227283
17.232000,4.902418554970627,5.737392233157855
17.234000,5.122148470283054,5.5030136568245975
17.236000,5.117265583276112,5.957122148470283
17.238000,5.102616922255283,5.962005035477226
17.240000,5.258869306477455,5.566491187914854
17.242000,5.127031357289998,5.449301899748226
17.244000,4.809643701838712,5.991302357518883
17.246000,5.107499809262226,5.752040894178683
17.248000,5.0000762951094835,5.698329137102312
17.250000,5.283283741512169,5.752040894178683
17.252000,5.278400854505226,5.74715800717174
17.254000,5.214923323414969,5.429770351720455
17.256000,5.214923323414969,5.605554283970397
17.258000,5.019607843137255,5.532310978866255
17.260000,4.921950102998398,5.903410391393912
17.262000,5.024490730144198,5.410238803692684
17.264000,5.112382696269169,5.639734493018998
17.266000,5.151445792324712,5.8301670862897685
17.268000,5.200274662394141,5.795986877241169
17.270000,4.975661860074769,5.512779430838483
17.272000,4.887769893949798,5.664148928053712
17.274000,5.26863508049134,5.410238803692684
17.276000,5.136797131303884,5.566491187914854
17.278000,5.253986419470512,5.78133821622034
17.280000,5.039139391165026,5.937590600442512
17.282000,4.814526588845655,6.001068131532769
17.284000,4.85847257190814,5.688563363088426
17.286000,4.785229266803998,5.883878843366141
17.288000,5.151445792324712,5.908293278400855
17.290000,4.799877927824826,5.874113069352254
17.292000,5.044022278171969,5.698329137102312
17.294000,5.131914244296941,5.498130769817655
17.296000,5.170977340352484,5.820401312275883
17.298000,4.814526588845655,5.810635538261997
17.300000,5.2051575494010835,5.664148928053712
17.302000,4.814526588845655,5.6495002670328835
17.304000,4.951247425040055,5.693446250095369
17.306000,4.946364538033112,5.8301670862897685
17.308000,5.087968261234455,5.639734493018998
17.310000,5.166094453345541,5.659266041046769
17.312000,5.0586709391927975,5.844815747310597
17.314000,5.30281528953994,5.937590600442512
17.316000,4.931715877012284,5.517662317845426
17.318000,4.809643701838712,5.835049973296711
17.320000,5.278400854505226,5.439536125734341
17.322000,5.068436713206683,5.976653696498055
17.324000,5.170977340352484,5.81551842526894
17.326000,5.0293736171511405,5.737392233157855
17.328000,4.975661860074769,5.566491187914854
17.330000,5.219806210421912,5.908293278400855
17.332000,5.073319600213626,5.864347295338368
17.334000,5.039139391165026,5.859464408331426
17.336000,4.741283283741512,5.512779430838483
17.338000,5.293049515526055,5.859464408331426
17.340000,4.990310521095598,5.991302357518883
17.342000,5.092851148241397,6.02059967956054
17.344000,5.107499809262226,6.02059967956054
17.346000,5.073319600213626,5.922941939421683
17.348000,5.151445792324712,5.820401312275883
17.350000,4.887769893949798,6.005951018539712
17.352000,4.746166170748455,5.693446250095369
17.354000,5.107499809262226,5.7715724422064545
17.356000,5.044022278171969,5.991302357518883
17.358000,5.039139391165026,5.913176165407798
17.360000,4.726634622720684,5.600671396963454
17.362000,4.921950102998398,5.78133821622034
17.364000,4.770580605783169,5.459067673762112
17.366000,5.0293736171511405,5.717860685130083
17.368000,5.073319600213626,5.84969863431754
17.370000,4.917067215991455,5.620202944991226
17.372000,5.190508888380255,5.732509346150912
17.374000,4.829175249866483,5.795986877241169
17.376000,4.961013199053941,5.522545204852369
17.378000,5.3272297245746545,5.517662317845426
17.380000,5.190508888380255,5.9180590524147405
17.382000,4.799877927824826,6.030365453574426
17.384000,4.834058136873426,6.010833905546654
17.386000,5.244220645456626,5.5957885099565114
17.388000,5.019607843137255,5.9180590524147405
17.390000,5.06355382619974,5.898527504386969
17.392000,4.956130312046998,5.703212024109255
17.394000,4.751049057755398,5.498130769817655
17.396000,4.887769893949798,5.839932860303654
17.398000,4.956130312046998,5.498130769817655
17.400000,5.26863508049134,5.854581521324483
17.402000,5.288166628519112,5.6495002670328835
17.404000,4.843823910887312,5.717860685130083
17.406000,4.961013199053941,5.795986877241169
17.408000,5.293049515526055,6.0401312275883114
17.410000,5.3272297245746545,5.874113069352254
17.412000,4.746166170748455,5.678797589074541
17.414000,5.083085374227512,5.6250858319981685
17.416000,5.322346837567712,5.966887922484169
17.418000,5.09773403524834,5.571374074921797
17.420000,4.868238345922026,5.825284199282826
17.422000,5.151445792324712,5.659266041046769
17.424000,5.307698176546883,5.883878843366141
17.426000,4.814526588845655,5.493247882810712
17.428000,4.82429236285954,5.9473563744563975
17.430000,5.141680018310827,5.571374074921797
17.432000,4.990310521095598,5.532310978866255
17.434000,4.751049057755398,5.669031815060655
17.436000,4.941481651026169,5.551842526894026
17.438000,5.0293736171511405,5.74715800717174
17.440000,5.312581063553826,5.913176165407798
17.442000,4.804760814831769,5.537193865873197
17.444000,5.3272297245746545,5.517662317845426
17.446000,5.258869306477455,5.805752651255054
17.448000,5.122148470283054,5.996185244525826
17.450000,5.33699549858854,5.6250858319981685
17.452000,4.975661860074769,5.8887617303730835
17.454000,4.936598764019227,5.864347295338368
17.456000,5.141680018310827,5.810635538261997
17.458000,5.078202487220569,6.015716792553597
17.460000,5.200274662394141,5.869230182345311
17.462000,4.887769893949798,5.795986877241169
17.464000,4.794995040817883,5.732509346150912
17.466000,5.117265583276112,5.791103990234226
17.468000,5.283283741512169,5.981536583504997
17.470000,5.346761272602426,6.049897001602197
17.472000,5.141680018310827,5.527428091859312
17.474000,5.170977340352484,5.844815747310597
17.476000,4.868238345922026,5.791103990234226
17.478000,5.0000762951094835,5.874113069352254
17.480000,5.263752193484398,5.551842526894026
17.482000,5.312581063553826,5.459067673762112
17.484000,5.166094453345541,5.615320057984283
17.486000,4.819409475852598,6.059662775616083
17.488000,5.33699549858854,5.976653696498055
17.490000,4.775463492790112,5.903410391393912
17.492000,4.85847257190814,5.629968719005112
17.494000,4.848706797894255,5.522545204852369
17.496000,4.9707789730678265,5.7422751201647975
17.498000,5.068436713206683,5.932707713435569
17.500000,5.087968261234455,5.8887617303730835
17.502000,5.200274662394141,6.015716792553597
17.504000,5.219806210421912,5.5030136568245975
17.506000,5.293049515526055,5.527428091859312
17.508000,4.921950102998398,5.5957885099565114
17.510000,5.3565270466163115,5.835049973296711
17.512000,5.293049515526055,5.556725413900969
17.514000,4.834058136873426,5.791103990234226
17.516000,5.258869306477455,5.678797589074541
17.518000,5.366292820630197,5.903410391393912
17.520000,5.30281528953994,5.942473487449455
17.522000,4.819409475852598,5.581139848935683
17.524000,5.053788052185855,5.805752651255054
17.526000,5.26863508049134,6.005951018539712
17.528000,4.926832990005341,5.693446250095369
17.530000,4.946364538033112,5.791103990234226
17.532000,4.794995040817883,5.9180590524147405
17.534000,5.234454871442741,5.634851606012055
17.536000,5.112382696269169,5.512779430838483
17.538000,5.117265583276112,5.522545204852369
17.540000,5.249103532463569,5.776455329213397
17.542000,5.151445792324712,5.786221103227283
17.544000,5.068436713206683,5.966887922484169
17.546000,4.790112153810941,5.913176165407798
17.548000,5.107499809262226,6.074311436636911
17.550000,4.90730144197757,5.737392233157855
17.552000,5.351644159609369,5.488364995803769
17.554000,4.785229266803998,5.878995956359198
17.556000,5.273517967498283,5.708094911116198
17.558000,5.346761272602426,5.586022735942626
17.560000,4.985427634088655,5.966887922484169
17.562000,4.975661860074769,6.064545662623026
17.564000,4.863355458915083,6.035248340581369
17.566000,5.073319600213626,5.600671396963454
17.568000,5.293049515526055,6.0694285496299685
17.570000,5.048905165178912,5.942473487449455
17.572000,5.044022278171969,5.927824826428626
17.574000,5.166094453345541,5.9180590524147405
17.576000,4.785229266803998,5.7715724422064545
17.578000,5.3272297245746545,5.522545204852369
17.580000,5.1758602273594265,5.556725413900969
17.582000,4.951247425040055,5.996185244525826
17.584000,4.926832990005341,5.859464408331426
17.586000,5.312581063553826,5.61043717097734
17.588000,5.004959182116426,5.795986877241169
17.590000,5.053788052185855,5.693446250095369
17.592000,5.190508888380255,5.98641947051194
17.594000,5.239337758449683,6.045014114595254
17.596000,5.166094453345541,5.566491187914854
17.598000,5.102616922255283,5.498130769817655
17.600000,5.361409933623254,5.532310978866255
17.602000,5.361409933623254,5.5030136568245975
17.604000,5.307698176546883,5.571374074921797
17.606000,5.161211566338598,5.903410391393912
17.608000,4.931715877012284,6.025482566567483
17.610000,5.26863508049134,5.908293278400855
17.612000,5.351644159609369,5.81551842526894
17.614000,5.37117570763714,6.010833905546654
17.616000,4.980544747081712,5.527428091859312
17.618000,5.117265583276112,5.791103990234226
17.620000,4.9707789730678265,5.878995956359198
17.622000,5.127031357289998,6.064545662623026
17.624000,5.30281528953994,6.005951018539712
17.626000,5.09773403524834,6.015716792553597
17.628000,5.004959182116426,5.571374074921797
17.630000,5.283283741512169,5.600671396963454
17.632000,5.234454871442741,5.498130769817655
17.634000,5.009842069123369,5.71297779812314
17.636000,5.26863508049134,5.98641947051194
17.638000,5.0586709391927975,5.527428091859312
17.640000,5.141680018310827,5.61043717097734
17.642000,5.107499809262226,5.752040894178683
17.644000,4.936598764019227,6.08896009765774
17.646000,5.009842069123369,5.805752651255054
17.648000,4.990310521095598,5.615320057984283
17.650000,5.180743114366369,6.025482566567483
17.652000,5.30281528953994,5.698329137102312
17.654000,5.283283741512169,5.922941939421683
17.656000,5.400473029678798,5.9473563744563975
17.658000,4.965896086060884,6.064545662623026
17.660000,4.882887006942855,5.864347295338368
17.662000,5.141680018310827,5.688563363088426
17.664000,5.141680018310827,6.015716792553597
17.666000,5.210040436408026,6.079194323643854
17.668000,5.37117570763714,5.996185244525826
17.670000,4.951247425040055,5.854581521324483
17.672000,5.346761272602426,6.05477988860914
17.674000,5.195391775387198,5.927824826428626
17.676000,5.0586709391927975,5.551842526894026
17.678000,5.273517967498283,6.103608758678568
17.680000,5.3565270466163115,5.693446250095369
17.682000,5.1465629053177695,5.703212024109255
17.684000,4.951247425040055,5.546959639887083
17.686000,5.395590142671855,5.776455329213397
17.688000,5.288166628519112,5.95223926146334
17.690000,5.141680018310827,6.049897001602197
17.692000,5.346761272602426,5.5957885099565114
17.694000,4.9707789730678265,5.615320057984283
17.696000,5.048905165178912,5.571374074921797
17.698000,5.244220645456626,5.8887617303730835
17.700000,4.8780041199359125,5.556725413900969
17.702000,5.107499809262226,5.654383154039826
17.704000,5.2051575494010835,5.532310978866255
17.706000,5.161211566338598,5.908293278400855
17.708000,5.0586709391927975,5.732509346150912
17.710000,5.341878385595483,5.9180590524147405
17.712000,4.980544747081712,5.571374074921797
17.714000,5.1465629053177695,5.8301670862897685
17.716000,5.293049515526055,5.659266041046769
17.718000,4.90730144197757,5.644617380025941
17.720000,5.083085374227512,5.825284199282826
17.722000,5.185626001373312,5.6495002670328835
17.724000,5.136797131303884,5.659266041046769
17.726000,5.229571984435798,5.9473563744563975
17.728000,5.219806210421912,5.898527504386969
17.730000,4.868238345922026,6.0401312275883114
17.732000,4.863355458915083,5.776455329213397
17.734000,5.346761272602426,5.581139848935683
17.736000,5.2979324025329975,6.0694285496299685
17.738000,5.102616922255283,5.551842526894026
17.740000,4.897535667963684,5.698329137102312
17.742000,5.170977340352484,5.546959639887083
17.744000,4.902418554970627,5.903410391393912
17.746000,5.161211566338598,5.98641947051194
17.748000,5.317463950560769,5.615320057984283
17.750000,5.239337758449683,5.629968719005112
17.752000,5.214923323414969,5.600671396963454
17.754000,5.127031357289998,6.113374532692454
17.756000,5.429770351720455,5.688563363088426
17.758000,5.361409933623254,5.537193865873197
17.760000,5.044022278171969,5.971770809491112
17.762000,4.897535667963684,6.005951018539712
17.764000,5.234454871442741,5.908293278400855
17.766000,5.078202487220569,5.786221103227283
17.768000,5.322346837567712,5.722743572137026
17.770000,4.985427634088655,5.717860685130083
17.772000,5.151445792324712,5.659266041046769
17.774000,4.863355458915083,5.996185244525826
17.776000,5.273517967498283,5.786221103227283
17.778000,5.044022278171969,5.551842526894026
17.780000,5.229571984435798,6.132906080720226
17.782000,4.975661860074769,5.932707713435569
17.784000,5.244220645456626,5.566491187914854
17.786000,4.868238345922026,6.103608758678568
17.788000,5.009842069123369,5.878995956359198
17.790000,4.956130312046998,5.732509346150912
17.792000,5.434653238727398,5.61043717097734
17.794000,5.429770351720455,5.673914702067598
17.796000,5.307698176546883,5.7422751201647975
17.798000,5.06355382619974,5.913176165407798
17.800000,5.293049515526055,5.795986877241169
17.802000,5.234454871442741,5.859464408331426
17.804000,5.224689097428855,5.766689555199512
17.806000,5.317463950560769,5.957122148470283
17.808000,5.361409933623254,5.756923781185626
17.810000,5.127031357289998,6.103608758678568
17.812000,5.258869306477455,6.079194323643854
17.814000,5.263752193484398,5.634851606012055
17.816000,5.044022278171969,5.6495002670328835
17.818000,5.37117570763714,5.864347295338368
17.820000,5.087968261234455,5.74715800717174
17.822000,4.995193408102541,5.566491187914854
17.824000,5.224689097428855,6.074311436636911
17.826000,5.224689097428855,5.913176165407798
17.828000,5.019607843137255,5.620202944991226
17.830000,5.044022278171969,5.708094911116198
17.832000,4.936598764019227,6.0401312275883114
17.834000,4.961013199053941,5.81551842526894
17.836000,5.127031357289998,6.12314030670634
17.838000,5.180743114366369,6.015716792553597
17.840000,5.351644159609369,6.010833905546654
17.842000,5.0000762951094835,6.005951018539712
17.844000,5.053788052185855,6.064545662623026
17.846000,5.0293736171511405,5.732509346150912
17.848000,5.410238803692684,6.015716792553597
17.850000,5.078202487220569,6.0401312275883114
17.852000,5.087968261234455,5.966887922484169
17.854000,5.405355916685741,5.981536583504997
17.856000,5.3565270466163115,5.883878843366141
17.858000,5.307698176546883,5.586022735942626
17.860000,4.926832990005341,5.81551842526894
17.862000,4.926832990005341,5.590905622949569
17.864000,4.912184328984512,5.844815747310597
17.866000,4.936598764019227,5.825284199282826
17.868000,4.902418554970627,5.571374074921797
17.870000,5.078202487220569,5.659266041046769
17.872000,5.151445792324712,5.766689555199512
17.874000,5.332112611581597,5.820401312275883
17.876000,4.882887006942855,6.045014114595254
17.878000,5.156328679331655,6.103608758678568
17.880000,5.053788052185855,5.8887617303730835
17.882000,5.288166628519112,5.859464408331426
17.884000,5.06355382619974,5.95223926146334
17.886000,5.09773403524834,5.605554283970397
17.888000,5.2979324025329975,5.57625696192874
17.890000,5.376058594644084,5.74715800717174
17.892000,5.009842069123369,5.962005035477226
17.894000,5.385824368657969,6.0987258716716255
17.896000,4.990310521095598,6.05477988860914
17.898000,5.190508888380255,5.922941939421683
17.900000,5.200274662394141,5.898527504386969
17.902000,5.2051575494010835,5.654383154039826
17.904000,4.990310521095598,5.708094911116198
17.906000,5.4444190127412835,5.908293278400855
17.908000,5.024490730144198,5.913176165407798
17.910000,4.912184328984512,6.113374532692454
17.912000,5.400473029678798,5.9180590524147405
17.914000,5.376058594644084,6.152437628747998
17.916000,5.06355382619974,5.659266041046769
17.918000,4.956130312046998,6.152437628747998
17.920000,5.434653238727398,5.9473563744563975
17.922000,5.0000762951094835,6.05477988860914
17.924000,5.253986419470512,5.6250858319981685
17.926000,5.459067673762112,6.049897001602197
17.928000,5.258869306477455,5.9473563744563975
17.930000,5.034256504158083,5.932707713435569
17.932000,4.892652780956741,5.8301670862897685
17.934000,5.312581063553826,5.673914702067598
17.936000,5.4151216906996265,6.142671854734112
17.938000,5.1465629053177695,5.810635538261997
17.940000,5.185626001373312,6.113374532692454
17.942000,4.921950102998398,5.839932860303654
17.944000,5.200274662394141,5.810635538261997
17.946000,5.185626001373312,5.74715800717174
17.948000,5.185626001373312,5.5957885099565114
17.950000,5.4151216906996265,5.844815747310597
17.952000,5.26863508049134,5.644617380025941
17.954000,5.405355916685741,5.9473563744563975
17.956000,5.073319600213626,6.118257419699397
17.958000,4.961013199053941,6.152437628747998
17.960000,4.921950102998398,5.644617380025941
17.962000,5.454184786755169,6.074311436636911
17.964000,5.278400854505226,5.839932860303654
17.966000,5.33699549858854,6.074311436636911
17.968000,5.478599221789883,5.8301670862897685
17.970000,5.2979324025329975,6.0694285496299685
17.972000,5.087968261234455,5.825284199282826
17.974000,5.376058594644084,6.0401312275883114
17.976000,5.3272297245746545,6.118257419699397
17.978000,5.034256504158083,5.6495002670328835
17.980000,4.921950102998398,5.600671396963454
17.982000,5.293049515526055,5.991302357518883
17.984000,5.229571984435798,5.942473487449455
17.986000,5.307698176546883,5.874113069352254
17.988000,5.102616922255283,5.698329137102312
17.990000,5.078202487220569,6.02059967956054
17.992000,5.317463950560769,6.113374532692454
17.994000,5.483482108796826,5.756923781185626
17.996000,5.263752193484398,5.74715800717174
17.998000,5.376058594644084,6.12314030670634
18.000000,5.1758602273594265,6.181734950789655
18.002000,5.449301899748226,5.8301670862897685
18.004000,5.068436713206683,5.981536583504997
18.006000,5.449301899748226,5.761806668192569
18.008000,5.161211566338598,5.820401312275883
18.010000,5.087968261234455,6.079194323643854
18.012000,5.0000762951094835,6.064545662623026
18.014000,5.37117570763714,5.590905622949569
18.016000,5.4444190127412835,5.971770809491112
18.018000,5.068436713206683,6.064545662623026
18.020000,5.390707255664912,6.162203402761883
18.022000,5.351644159609369,5.95223926146334
18.024000,5.083085374227512,6.171969176775769
18.026000,5.244220645456626,5.996185244525826
18.028000,4.975661860074769,5.9180590524147405
18.030000,5.09773403524834,5.761806668192569
18.032000,5.395590142671855,5.839932860303654
18.034000,4.995193408102541,5.81551842526894
18.036000,5.493247882810712,5.654383154039826
18.038000,5.068436713206683,5.962005035477226
18.040000,5.014724956130312,5.957122148470283
18.042000,5.410238803692684,5.839932860303654
18.044000,4.951247425040055,6.12314030670634
18.046000,5.400473029678798,6.142671854734112
18.048000,5.185626001373312,5.698329137102312
18.050000,4.931715877012284,5.942473487449455
18.052000,5.405355916685741,5.659266041046769
18.054000,5.5030136568245975,5.7422751201647975
18.056000,4.985427634088655,6.0694285496299685
18.058000,5.312581063553826,5.786221103227283
18.060000,5.170977340352484,6.049897001602197
18.062000,4.931715877012284,5.634851606012055
18.064000,4.965896086060884,6.103608758678568
18.066000,5.019607843137255,5.957122148470283
18.068000,4.931715877012284,5.654383154039826
18.070000,4.941481651026169,5.878995956359198
18.072000,5.5030136568245975,6.005951018539712
18.074000,5.307698176546883,5.9180590524147405
18.076000,4.936598764019227,6.05477988860914
18.078000,5.30281528953994,5.634851606012055
18.080000,5.229571984435798,5.937590600442512
18.082000,5.009842069123369,5.932707713435569
18.084000,5.234454871442741,5.869230182345311
18.086000,5.424887464713512,5.878995956359198
18.088000,5.512779430838483,5.71297779812314
18.090000,4.951247425040055,5.717860685130083
18.092000,5.405355916685741,5.791103990234226
18.094000,5.488364995803769,5.883878843366141
18.096000,5.420004577706569,6.093842984664683
18.098000,5.263752193484398,5.962005035477226
18.100000,4.990310521095598,6.147554741741055
18.102000,5.332112611581597,6.045014114595254
18.104000,5.1758602273594265,5.683680476081483
18.106000,5.1758602273594265,5.9180590524147405
18.108000,5.136797131303884,6.0694285496299685
18.110000,5.166094453345541,5.752040894178683
18.112000,5.4737163347829405,5.9473563744563975
18.114000,5.283283741512169,5.644617380025941
18.116000,4.980544747081712,6.030365453574426
18.118000,5.161211566338598,5.74715800717174
18.120000,5.0586709391927975,5.835049973296711
18.122000,5.073319600213626,6.1866178377965975
18.124000,5.273517967498283,5.937590600442512
18.126000,5.136797131303884,6.132906080720226
18.128000,5.019607843137255,5.805752651255054
18.130000,5.33699549858854,5.9473563744563975
18.132000,5.4737163347829405,6.035248340581369
18.134000,5.488364995803769,5.898527504386969
18.136000,5.293049515526055,6.162203402761883
18.138000,5.263752193484398,5.81551842526894
18.140000,5.141680018310827,5.7422751201647975
18.142000,5.249103532463569,5.878995956359198
18.144000,4.931715877012284,5.825284199282826
18.146000,4.995193408102541,5.693446250095369
18.148000,5.376058594644084,5.913176165407798
18.150000,4.951247425040055,6.025482566567483
18.152000,5.351644159609369,5.629968719005112
18.154000,5.26863508049134,6.171969176775769
18.156000,4.980544747081712,6.025482566567483
18.158000,5.4151216906996265,6.108491645685511
18.160000,5.332112611581597,6.049897001602197
18.162000,5.322346837567712,5.820401312275883
18.164000,5.024490730144198,5.962005035477226
18.166000,5.4151216906996265,6.152437628747998
18.168000,5.034256504158083,5.844815747310597
18.170000,5.092851148241397,5.996185244525826
18.172000,5.166094453345541,5.776455329213397
18.174000,5.37117570763714,6.074311436636911
18.176000,5.341878385595483,5.9180590524147405
18.178000,5.0586709391927975,5.878995956359198
18.180000,5.361409933623254,5.844815747310597
18.182000,5.1758602273594265,5.678797589074541
18.184000,5.429770351720455,5.727626459143969
18.186000,4.995193408102541,5.6495002670328835
18.188000,5.341878385595483,6.132906080720226
18.190000,5.044022278171969,5.634851606012055
18.192000,5.258869306477455,6.0987258716716255
18.194000,5.1758602273594265,5.878995956359198
18.196000,5.2979324025329975,5.9180590524147405
18.198000,5.293049515526055,5.8301670862897685
18.200000,5.102616922255283,5.786221103227283
18.202000,5.258869306477455,6.025482566567483
18.204000,5.439536125734341,6.22568093385214
18.206000,5.537193865873197,5.9180590524147405
18.208000,5.151445792324712,6.211032272831312
18.210000,5.06355382619974,5.791103990234226
18.212000,5.09773403524834,6.079194323643854
18.214000,5.200274662394141,6.171969176775769
18.216000,5.249103532463569,5.8008697642481115
18.218000,5.380941481651027,6.19150072480354
18.220000,5.410238803692684,5.683680476081483
18.222000,5.2979324025329975,5.81551842526894
18.224000,5.214923323414969,6.064545662623026
18.226000,5.307698176546883,6.211032272831312
18.228000,4.956130312046998,5.839932860303654
18.230000,5.463950560769055,5.844815747310597
18.232000,5.307698176546883,6.084077210650797
18.234000,5.0293736171511405,5.874113069352254
18.236000,5.024490730144198,5.883878843366141
18.238000,5.30281528953994,5.654383154039826
18.240000,5.54207675288014,5.7422751201647975
18.242000,5.06355382619974,6.030365453574426
18.244000,5.366292820630197,6.22568093385214
18.246000,5.161211566338598,6.064545662623026
18.248000,5.092851148241397,5.766689555199512
18.250000,5.024490730144198,6.152437628747998
18.252000,5.439536125734341,5.844815747310597
18.254000,5.224689097428855,6.064545662623026
18.256000,5.3272297245746545,5.693446250095369
18.258000,5.4151216906996265,6.108491645685511
18.260000,5.09773403524834,6.211032272831312
18.262000,5.249103532463569,5.991302357518883
18.264000,5.190508888380255,5.874113069352254
18.266000,5.322346837567712,5.903410391393912
18.268000,5.380941481651027,5.893644617380026
18.270000,5.004959182116426,6.250095368886854
18.272000,5.004959182116426,6.1866178377965975
18.274000,4.975661860074769,5.7715724422064545
18.276000,5.166094453345541,5.8301670862897685
18.278000,5.351644159609369,5.805752651255054
18.280000,5.546959639887083,5.786221103227283
18.282000,5.385824368657969,6.093842984664683
18.284000,5.107499809262226,5.932707713435569
18.286000,5.234454871442741,5.878995956359198
18.288000,5.449301899748226,6.19150072480354
18.290000,5.048905165178912,5.84969863431754
18.292000,5.024490730144198,6.2452124818799115
18.294000,5.3272297245746545,6.176852063782712
18.296000,5.210040436408026,5.7422751201647975
18.298000,5.1465629053177695,5.659266041046769
18.300000,5.0000762951094835,6.132906080720226
18.302000,5.141680018310827,5.7422751201647975
18.304000,5.341878385595483,5.859464408331426
18.306000,5.195391775387198,5.791103990234226
18.308000,5.317463950560769,6.196383611810483
18.310000,5.044022278171969,5.942473487449455
18.312000,5.131914244296941,5.673914702067598
18.314000,5.400473029678798,5.766689555199512
18.316000,5.317463950560769,5.791103990234226
18.318000,5.3272297245746545,6.049897001602197
18.320000,5.1465629053177695,5.996185244525826
18.322000,5.434653238727398,6.108491645685511
18.324000,5.273517967498283,5.708094911116198
18.326000,5.351644159609369,5.786221103227283
18.328000,5.537193865873197,5.913176165407798
18.330000,5.161211566338598,5.698329137102312
18.332000,5.390707255664912,5.8301670862897685
18.334000,5.180743114366369,5.874113069352254
18.336000,5.083085374227512,5.727626459143969
18.338000,5.385824368657969,6.0694285496299685
18.340000,5.459067673762112,6.152437628747998
18.342000,5.468833447775998,5.913176165407798
18.344000,5.083085374227512,6.064545662623026
18.346000,5.068436713206683,5.9180590524147405
18.348000,5.185626001373312,5.8301670862897685
18.350000,5.044022278171969,6.264744029907683
18.352000,5.512779430838483,6.19150072480354
18.354000,5.26863508049134,6.15732051575494
18.356000,5.185626001373312,6.118257419699397
18.358000,5.1465629053177695,6.113374532692454
18.360000,5.463950560769055,6.264744029907683
18.362000,5.312581063553826,5.756923781185626
18.364000,5.078202487220569,5.95223926146334
18.366000,5.37117570763714,6.084077210650797
18.368000,5.483482108796826,5.795986877241169
18.370000,5.06355382619974,5.761806668192569
18.372000,5.249103532463569,5.688563363088426
18.374000,5.039139391165026,5.84969863431754
18.376000,5.151445792324712,6.064545662623026
18.378000,5.459067673762112,5.878995956359198
18.380000,5.044022278171969,5.786221103227283
18.382000,5.312581063553826,5.708094911116198
18.384000,5.551842526894026,5.708094911116198
18.386000,5.50789654383154,6.2452124818799115
18.388000,5.3272297245746545,5.9180590524147405
18.390000,5.2979324025329975,6.128023193713283
18.392000,5.2051575494010835,5.708094911116198
18.394000,5.395590142671855,5.966887922484169
18.396000,5.014724956130312,6.220798046845197
18.398000,5.50789654383154,5.893644617380026
18.400000,5.107499809262226,5.722743572137026
18.402000,5.439536125734341,6.230563820859083
18.404000,5.551842526894026,5.922941939421683
18.406000,5.332112611581597,5.976653696498055
18.408000,5.410238803692684,6.206149385824369
18.410000,5.117265583276112,5.98641947051194
18.412000,5.253986419470512,5.9473563744563975
18.414000,5.424887464713512,6.049897001602197
18.416000,5.185626001373312,6.12314030670634
18.418000,5.190508888380255,5.839932860303654
18.420000,5.083085374227512,5.913176165407798
18.422000,5.37117570763714,6.113374532692454
18.424000,5.283283741512169,5.8008697642481115
18.426000,5.092851148241397,6.264744029907683
18.428000,5.551842526894026,5.693446250095369
18.430000,5.571374074921797,6.12314030670634
18.432000,5.234454871442741,5.991302357518883
18.434000,5.170977340352484,6.22568093385214
18.436000,5.4737163347829405,6.12314030670634
18.438000,5.078202487220569,6.02059967956054
18.440000,5.044022278171969,6.064545662623026
18.442000,5.449301899748226,5.766689555199512
18.444000,5.586022735942626,5.937590600442512
18.446000,5.4444190127412835,6.064545662623026
18.448000,5.26863508049134,6.2452124818799115
18.450000,5.019607843137255,5.98641947051194
18.452000,5.0586709391927975,6.240329594872969
18.454000,5.087968261234455,5.8301670862897685
18.456000,5.361409933623254,5.95223926146334
18.458000,5.136797131303884,5.766689555199512
18.460000,5.283283741512169,5.766689555199512
18.462000,5.112382696269169,5.898527504386969
18.464000,5.073319600213626,6.147554741741055
18.466000,5.195391775387198,6.093842984664683
18.468000,5.322346837567712,6.108491645685511
18.470000,5.600671396963454,5.786221103227283
18.472000,5.361409933623254,6.074311436636911
18.474000,5.3272297245746545,5.737392233157855
18.476000,5.229571984435798,5.937590600442512
18.478000,5.5957885099565114,5.810635538261997
18.480000,5.156328679331655,5.7422751201647975
18.482000,5.551842526894026,5.727626459143969
18.484000,5.273517967498283,5.786221103227283
18.486000,5.546959639887083,5.737392233157855
18.488000,5.395590142671855,5.795986877241169
18.490000,5.551842526894026,5.795986877241169
18.492000,5.2051575494010835,5.98641947051194
18.494000,5.039139391165026,6.2159151598382545
18.496000,5.341878385595483,5.966887922484169
18.498000,5.112382696269169,5.976653696498055
18.500000,5.424887464713512,6.230563820859083
18.502000,5.376058594644084,5.786221103227283
18.504000,5.5957885099565114,6.29404135194934
18.506000,5.30281528953994,6.206149385824369
18.508000,5.195391775387198,6.064545662623026
18.510000,5.078202487220569,6.045014114595254
18.512000,5.131914244296941,5.71297779812314
18.514000,5.439536125734341,6.298924238956283
18.516000,5.166094453345541,5.7715724422064545
18.518000,5.615320057984283,5.795986877241169
18.520000,5.073319600213626,5.8301670862897685
18.522000,5.605554283970397,6.250095368886854
18.524000,5.141680018310827,5.844815747310597
18.526000,5.234454871442741,5.791103990234226
18.528000,5.288166628519112,6.084077210650797
18.530000,5.600671396963454,5.8008697642481115
18.532000,5.537193865873197,6.19150072480354
18.534000,5.454184786755169,6.025482566567483
18.536000,5.288166628519112,5.839932860303654
18.538000,5.185626001373312,6.08896009765774
18.540000,5.317463950560769,5.776455329213397
18.542000,5.0586709391927975,5.81551842526894
18.544000,5.200274662394141,6.303807125963226
18.546000,5.57625696192874,5.727626459143969
18.548000,5.400473029678798,6.181734950789655
18.550000,5.522545204852369,6.045014114595254
18.552000,5.61043717097734,6.19150072480354
18.554000,5.053788052185855,6.2452124818799115
18.556000,5.527428091859312,5.971770809491112
18.558000,5.1465629053177695,5.810635538261997
18.560000,5.068436713206683,6.167086289768826
18.562000,5.400473029678798,5.903410391393912
18.564000,5.424887464713512,6.235446707866026
18.566000,5.253986419470512,5.991302357518883
18.568000,5.5030136568245975,5.869230182345311
18.570000,5.263752193484398,5.883878843366141
18.572000,5.4444190127412835,6.279392690928511
18.574000,5.073319600213626,6.0694285496299685
18.576000,5.078202487220569,6.113374532692454
18.578000,5.546959639887083,6.045014114595254
18.580000,5.449301899748226,6.318455786984054
18.582000,5.078202487220569,6.0401312275883114
18.584000,5.517662317845426,6.049897001602197
18.586000,5.307698176546883,5.874113069352254
18.588000,5.620202944991226,5.74715800717174
18.590000,5.600671396963454,5.766689555199512
18.592000,5.161211566338598,6.12314030670634
18.594000,5.517662317845426,5.8008697642481115
18.596000,5.4737163347829405,5.9473563744563975
18.598000,5.566491187914854,5.878995956359198
18.600000,5.229571984435798,5.976653696498055
18.602000,5.083085374227512,5.878995956359198
18.604000,5.439536125734341,6.318455786984054
18.606000,5.429770351720455,6.0401312275883114
18.608000,5.400473029678798,5.7715724422064545
18.610000,5.390707255664912,6.059662775616083
18.612000,5.4151216906996265,6.049897001602197
18.614000,5.4444190127412835,6.001068131532769
18.616000,5.4444190127412835,6.035248340581369
18.618000,5.263752193484398,6.22568093385214
18.620000,5.2979324025329975,6.289158464942397
18.622000,5.185626001373312,5.844815747310597
18.624000,5.166094453345541,6.113374532692454
18.626000,5.629968719005112,6.005951018539712
18.628000,5.498130769817655,6.064545662623026
18.630000,5.537193865873197,5.966887922484169
18.632000,5.566491187914854,6.010833905546654
18.634000,5.273517967498283,6.171969176775769
18.636000,5.185626001373312,5.791103990234226
18.638000,5.390707255664912,6.25986114290074
18.640000,5.3272297245746545,6.15732051575494
18.642000,5.6250858319981685,6.19150072480354
18.644000,5.410238803692684,5.78133821622034
18.646000,5.566491187914854,6.269626916914626
18.648000,5.156328679331655,5.8008697642481115
18.650000,5.468833447775998,5.786221103227283
18.652000,5.659266041046769,6.264744029907683
18.654000,5.6495002670328835,6.32822156099794
18.656000,5.5957885099565114,5.942473487449455
18.658000,5.288166628519112,6.22568093385214
18.660000,5.312581063553826,6.05477988860914
18.662000,5.102616922255283,6.030365453574426
18.664000,5.532310978866255,6.05477988860914
18.666000,5.112382696269169,6.035248340581369
18.668000,5.195391775387198,6.333104448004883
18.670000,5.61043717097734,6.152437628747998
18.672000,5.532310978866255,5.996185244525826
18.674000,5.424887464713512,6.045014114595254
18.676000,5.571374074921797,5.84969863431754
18.678000,5.156328679331655,6.064545662623026
18.680000,5.3272297245746545,5.864347295338368
18.682000,5.1465629053177695,5.835049973296711
18.684000,5.410238803692684,6.079194323643854
18.686000,5.332112611581597,5.776455329213397
18.688000,5.493247882810712,6.2452124818799115
18.690000,5.107499809262226,5.971770809491112
18.692000,5.366292820630197,5.937590600442512
18.694000,5.546959639887083,5.9473563744563975
18.696000,5.669031815060655,5.839932860303654
18.698000,5.566491187914854,6.352635996032654
18.700000,5.390707255664912,5.922941939421683
18.702000,5.087968261234455,5.839932860303654
18.704000,5.214923323414969,6.05477988860914
18.706000,5.644617380025941,6.211032272831312
18.708000,5.449301899748226,5.957122148470283
18.710000,5.283283741512169,5.903410391393912
18.712000,5.156328679331655,5.776455329213397
18.714000,5.195391775387198,6.2452124818799115
18.716000,5.092851148241397,6.084077210650797
18.718000,5.117265583276112,5.869230182345311
18.720000,5.400473029678798,6.12314030670634
18.722000,5.571374074921797,6.32822156099794
18.724000,5.522545204852369,6.284275577935454
18.726000,5.33699549858854,6.2745098039215685
18.728000,5.634851606012055,5.942473487449455
18.730000,5.659266041046769,5.98641947051194
18.732000,5.112382696269169,6.079194323643854
18.734000,5.410238803692684,6.132906080720226
18.736000,5.083085374227512,6.142671854734112
18.738000,5.2051575494010835,5.893644617380026
18.740000,5.214923323414969,6.32822156099794
18.742000,5.400473029678798,5.795986877241169
18.744000,5.366292820630197,5.932707713435569
18.746000,5.170977340352484,6.084077210650797
18.748000,5.253986419470512,5.976653696498055
18.750000,5.4737163347829405,5.95223926146334
18.752000,5.600671396963454,6.093842984664683
18.754000,5.234454871442741,5.786221103227283
18.756000,5.659266041046769,5.791103990234226
18.758000,5.498130769817655,5.869230182345311
18.760000,5.405355916685741,5.976653696498055
18.762000,5.493247882810712,6.001068131532769
18.764000,5.517662317845426,5.878995956359198
18.766000,5.322346837567712,6.137788967727169
18.768000,5.571374074921797,6.308690012970168
18.770000,5.288166628519112,5.869230182345311
18.772000,5.659266041046769,5.9473563744563975
18.774000,5.127031357289998,5.844815747310597
18.776000,5.190508888380255,5.776455329213397
18.778000,5.107499809262226,6.005951018539712
18.780000,5.258869306477455,5.996185244525826
18.782000,5.234454871442741,6.08896009765774
18.784000,5.478599221789883,6.347753109025711
18.786000,5.517662317845426,6.235446707866026
18.788000,5.678797589074541,6.118257419699397
18.790000,5.439536125734341,6.084077210650797
18.792000,5.283283741512169,5.805752651255054
18.794000,5.620202944991226,6.059662775616083
18.796000,5.385824368657969,6.12314030670634
18.798000,5.54207675288014,6.250095368886854
18.800000,5.629968719005112,6.25986114290074
18.802000,5.156328679331655,6.12314030670634
18.804000,5.195391775387198,6.137788967727169
18.806000,5.434653238727398,6.250095368886854
18.808000,5.385824368657969,6.1866178377965975
18.810000,5.5030136568245975,5.874113069352254
18.812000,5.107499809262226,6.323338673990997
18.814000,5.200274662394141,5.81551842526894
18.816000,5.346761272602426,6.093842984664683
18.818000,5.312581063553826,6.352635996032654
18.820000,5.498130769817655,5.84969863431754
18.822000,5.317463950560769,5.966887922484169
18.824000,5.278400854505226,6.137788967727169
18.826000,5.283283741512169,6.206149385824369
18.828000,5.322346837567712,6.377050431067369
18.830000,5.156328679331655,6.372167544060425
18.832000,5.131914244296941,5.932707713435569
18.834000,5.131914244296941,5.8301670862897685
18.836000,5.244220645456626,6.357518883039597
18.838000,5.683680476081483,6.103608758678568
18.840000,5.224689097428855,5.8887617303730835
18.842000,5.522545204852369,5.922941939421683
18.844000,5.400473029678798,5.883878843366141
18.846000,5.136797131303884,5.981536583504997
18.848000,5.239337758449683,5.996185244525826
18.850000,5.180743114366369,5.805752651255054
18.852000,5.654383154039826,5.927824826428626
18.854000,5.483482108796826,5.854581521324483
18.856000,5.122148470283054,6.12314030670634
18.858000,5.380941481651027,6.284275577935454
18.860000,5.341878385595483,6.132906080720226
18.862000,5.214923323414969,5.878995956359198
18.864000,5.459067673762112,6.113374532692454
18.866000,5.4151216906996265,6.352635996032654
18.868000,5.459067673762112,6.025482566567483
18.870000,5.395590142671855,5.795986877241169
18.872000,5.498130769817655,6.25986114290074
18.874000,5.400473029678798,6.206149385824369
18.876000,5.566491187914854,5.957122148470283
18.878000,5.586022735942626,6.318455786984054
18.880000,5.493247882810712,6.372167544060425
18.882000,5.551842526894026,5.854581521324483
18.884000,5.50789654383154,6.030365453574426
18.886000,5.229571984435798,6.176852063782712
18.888000,5.468833447775998,6.347753109025711
18.890000,5.483482108796826,5.937590600442512
18.892000,5.478599221789883,6.030365453574426
18.894000,5.141680018310827,6.064545662623026
18.896000,5.322346837567712,6.025482566567483
18.898000,5.454184786755169,5.859464408331426
18.900000,5.50789654383154,6.289158464942397
18.902000,5.459067673762112,6.39658197909514
18.904000,5.522545204852369,5.9180590524147405
18.906000,5.249103532463569,5.9473563744563975
18.908000,5.644617380025941,5.942473487449455
18.910000,5.454184786755169,6.05477988860914
18.912000,5.581139848935683,5.962005035477226
18.914000,5.512779430838483,6.3672846570534825
18.916000,5.6250858319981685,6.386816205081255
18.918000,5.239337758449683,6.264744029907683
18.920000,5.493247882810712,5.854581521324483
18.922000,5.629968719005112,6.3916990920881975
18.924000,5.185626001373312,6.064545662623026
18.926000,5.136797131303884,5.893644617380026
18.928000,5.54207675288014,6.352635996032654
18.930000,5.195391775387198,5.903410391393912
18.932000,5.664148928053712,5.844815747310597
18.934000,5.136797131303884,6.08896009765774
18.936000,5.527428091859312,6.108491645685511
18.938000,5.634851606012055,5.98641947051194
18.940000,5.708094911116198,5.810635538261997
18.942000,5.620202944991226,6.308690012970168
18.944000,5.288166628519112,6.162203402761883
18.946000,5.244220645456626,6.386816205081255
18.948000,5.410238803692684,5.966887922484169
18.950000,5.151445792324712,6.137788967727169
18.952000,5.278400854505226,6.323338673990997
18.954000,5.732509346150912,6.279392690928511
18.956000,5.136797131303884,6.15732051575494
18.958000,5.546959639887083,6.240329594872969
18.960000,5.4737163347829405,6.201266498817426
18.962000,5.634851606012055,6.025482566567483
18.964000,5.639734493018998,6.337987335011825
18.966000,5.6495002670328835,6.132906080720226
18.968000,5.463950560769055,5.9473563744563975
18.970000,5.2051575494010835,6.337987335011825
18.972000,5.239337758449683,6.059662775616083
18.974000,5.3272297245746545,5.898527504386969
18.976000,5.317463950560769,6.2159151598382545
18.978000,5.37117570763714,5.966887922484169
18.980000,5.4737163347829405,6.084077210650797
18.982000,5.376058594644084,5.908293278400855
18.984000,5.239337758449683,6.079194323643854
18.986000,5.561608300907912,6.411230640115969
18.988000,5.429770351720455,6.181734950789655
18.990000,5.71297779812314,6.264744029907683
18.992000,5.37117570763714,6.137788967727169
18.994000,5.239337758449683,6.181734950789655
18.996000,5.156328679331655,6.347753109025711
18.998000,5.400473029678798,6.08896009765774
19.000000,5.5957885099565114,5.971770809491112
19.002000,5.468833447775998,6.220798046845197
19.004000,5.532310978866255,5.932707713435569
19.006000,5.185626001373312,6.132906080720226
19.008000,5.488364995803769,6.201266498817426
19.010000,5.200274662394141,6.142671854734112
19.012000,5.239337758449683,6.1866178377965975
19.014000,5.30281528953994,6.377050431067369
19.016000,5.498130769817655,6.08896009765774
19.018000,5.366292820630197,6.211032272831312
19.020000,5.566491187914854,5.962005035477226
19.022000,5.727626459143969,6.420996414129855
19.024000,5.214923323414969,6.3672846570534825
19.026000,5.346761272602426,6.0987258716716255
19.028000,5.74715800717174,6.211032272831312
19.030000,5.351644159609369,6.2159151598382545
19.032000,5.307698176546883,6.377050431067369
19.034000,5.410238803692684,5.844815747310597
19.036000,5.512779430838483,6.420996414129855
19.038000,5.385824368657969,6.015716792553597
19.040000,5.346761272602426,5.844815747310597
19.042000,5.698329137102312,5.9473563744563975
19.044000,5.361409933623254,6.279392690928511
19.046000,5.673914702067598,6.059662775616083
19.048000,5.307698176546883,6.36240177004654
19.050000,5.263752193484398,6.074311436636911
19.052000,5.683680476081483,5.854581521324483
19.054000,5.258869306477455,6.064545662623026
19.056000,5.317463950560769,6.132906080720226
19.058000,5.366292820630197,5.913176165407798
19.060000,5.380941481651027,6.1866178377965975
19.062000,5.434653238727398,6.25986114290074
19.064000,5.50789654383154,6.39658197909514
19.066000,5.673914702067598,6.411230640115969
19.068000,5.317463950560769,6.059662775616083
19.070000,5.669031815060655,6.440527962157626
19.072000,5.351644159609369,6.313572899977111
19.074000,5.317463950560769,6.010833905546654
19.076000,5.307698176546883,6.308690012970168
19.078000,5.605554283970397,5.942473487449455
19.080000,5.424887464713512,5.957122148470283
19.082000,5.234454871442741,6.211032272831312
19.084000,5.332112611581597,6.167086289768826
19.086000,5.341878385595483,6.43076218814374
19.088000,5.683680476081483,6.128023193713283
19.090000,5.7715724422064545,6.142671854734112
19.092000,5.629968719005112,5.903410391393912
19.094000,5.752040894178683,6.064545662623026
19.096000,5.6250858319981685,6.108491645685511
19.098000,5.57625696192874,5.922941939421683
19.100000,5.708094911116198,6.318455786984054
19.102000,5.361409933623254,6.001068131532769
19.104000,5.683680476081483,6.030365453574426
19.106000,5.3565270466163115,6.152437628747998
19.108000,5.7715724422064545,6.162203402761883
19.110000,5.5957885099565114,5.913176165407798
19.112000,5.737392233157855,5.971770809491112
19.114000,5.727626459143969,6.005951018539712
19.116000,5.26863508049134,5.942473487449455
19.118000,5.376058594644084,5.864347295338368
19.120000,5.463950560769055,6.084077210650797
19.122000,5.703212024109255,5.908293278400855
19.124000,5.693446250095369,6.113374532692454
19.126000,5.380941481651027,6.162203402761883
19.128000,5.395590142671855,6.425879301136797
19.130000,5.5030136568245975,6.3672846570534825
19.132000,5.654383154039826,6.22568093385214
19.134000,5.752040894178683,6.377050431067369
19.136000,5.639734493018998,6.0401312275883114
19.138000,5.200274662394141,5.98641947051194
19.140000,5.6495002670328835,6.269626916914626
19.142000,5.688563363088426,5.957122148470283
19.144000,5.244220645456626,5.95223926146334
19.146000,5.26863508049134,6.455176623178454
19.148000,5.688563363088426,5.981536583504997
19.150000,5.546959639887083,6.39658197909514
19.152000,5.307698176546883,5.98641947051194
19.154000,5.380941481651027,5.922941939421683
19.156000,5.380941481651027,6.318455786984054
19.158000,5.361409933623254,5.98641947051194
19.160000,5.488364995803769,6.128023193713283
19.162000,5.71297779812314,5.927824826428626
19.164000,5.3565270466163115,5.937590600442512
19.166000,5.293049515526055,6.352635996032654
19.168000,5.429770351720455,6.450293736171512
19.170000,5.293049515526055,6.118257419699397
19.172000,5.673914702067598,6.401464866102083
19.174000,5.512779430838483,6.152437628747998
19.176000,5.673914702067598,6.284275577935454
19.178000,5.244220645456626,5.937590600442512
19.180000,5.590905622949569,6.411230640115969
19.182000,5.581139848935683,5.942473487449455
19.184000,5.5957885099565114,6.059662775616083
19.186000,5.483482108796826,6.08896009765774
19.188000,5.737392233157855,5.971770809491112
19.190000,5.698329137102312,6.254978255893797
19.192000,5.673914702067598,6.010833905546654
19.194000,5.732509346150912,6.1866178377965975
19.196000,5.6250858319981685,6.167086289768826
19.198000,5.615320057984283,5.996185244525826
19.200000,5.5957885099565114,6.411230640115969
19.202000,5.3565270466163115,6.352635996032654
19.204000,5.385824368657969,6.284275577935454
19.206000,5.463950560769055,6.064545662623026
19.208000,5.454184786755169,6.39658197909514
19.210000,5.71297779812314,6.22568093385214
19.212000,5.8008697642481115,6.118257419699397
19.214000,5.400473029678798,6.132906080720226
19.216000,5.214923323414969,6.162203402761883
19.218000,5.361409933623254,6.108491645685511
19.220000,5.410238803692684,6.25986114290074
19.222000,5.366292820630197,5.991302357518883
19.224000,5.459067673762112,5.927824826428626
19.226000,5.546959639887083,6.113374532692454
19.228000,5.498130769817655,6.3672846570534825
19.230000,5.512779430838483,6.0694285496299685
19.232000,5.791103990234226,5.898527504386969
19.234000,5.566491187914854,6.289158464942397
19.236000,5.546959639887083,6.176852063782712
19.238000,5.5030136568245975,5.962005035477226
19.240000,5.756923781185626,5.962005035477226
19.242000,5.400473029678798,5.893644617380026
19.244000,5.361409933623254,6.323338673990997
19.246000,5.678797589074541,6.269626916914626
19.248000,5.786221103227283,6.406347753109026
19.250000,5.429770351720455,6.0694285496299685
19.252000,5.468833447775998,5.922941939421683
19.254000,5.317463950560769,6.0987258716716255
19.256000,5.253986419470512,5.98641947051194
19.258000,5.620202944991226,6.279392690928511
19.260000,5.224689097428855,5.932707713435569
19.262000,5.74715800717174,6.235446707866026
19.264000,5.385824368657969,6.352635996032654
19.266000,5.380941481651027,5.913176165407798
19.268000,5.7422751201647975,6.284275577935454
19.270000,5.761806668192569,6.196383611810483
19.272000,5.6495002670328835,6.103608758678568
19.274000,5.307698176546883,6.303807125963226
19.276000,5.727626459143969,6.3916990920881975
19.278000,5.468833447775998,6.3672846570534825
19.280000,5.639734493018998,5.95223926146334
19.282000,5.380941481651027,6.46494239719234
19.284000,5.805752651255054,6.030365453574426
19.286000,5.468833447775998,6.386816205081255
19.288000,5.805752651255054,5.913176165407798
19.290000,5.683680476081483,6.435645075150683
19.292000,5.673914702067598,6.001068131532769
19.294000,5.454184786755169,6.250095368886854
19.296000,5.273517967498283,6.450293736171512
19.298000,5.322346837567712,6.211032272831312
19.300000,5.566491187914854,6.162203402761883
19.302000,5.33699549858854,6.025482566567483
19.304000,5.732509346150912,6.381933318074312
19.306000,5.688563363088426,6.211032272831312
19.308000,5.390707255664912,6.240329594872969
19.310000,5.78133821622034,5.922941939421683
19.312000,5.224689097428855,5.991302357518883
19.314000,5.376058594644084,6.3672846570534825
19.316000,5.732509346150912,6.411230640115969
19.318000,5.2979324025329975,6.152437628747998
19.320000,5.761806668192569,6.303807125963226
19.322000,5.33699549858854,6.142671854734112
19.324000,5.332112611581597,6.455176623178454
19.326000,5.732509346150912,5.957122148470283
19.328000,5.459067673762112,6.303807125963226
19.330000,5.78133821622034,6.15732051575494
19.332000,5.239337758449683,6.49912260624094
19.334000,5.293049515526055,5.991302357518883
19.336000,5.722743572137026,5.996185244525826
19.338000,5.488364995803769,5.966887922484169
19.340000,5.239337758449683,6.318455786984054
19.342000,5.405355916685741,6.323338673990997
19.344000,5.312581063553826,6.167086289768826
19.346000,5.429770351720455,6.460059510185397
19.348000,5.776455329213397,6.22568093385214
19.350000,5.659266041046769,5.991302357518883
19.352000,5.30281528953994,6.176852063782712
19.354000,5.244220645456626,5.9473563744563975
19.356000,5.71297779812314,5.9180590524147405
19.358000,5.454184786755169,6.489356832227054
19.360000,5.678797589074541,6.289158464942397
19.362000,5.81551842526894,6.318455786984054
19.364000,5.600671396963454,6.132906080720226
19.366000,5.678797589074541,6.128023193713283
19.368000,5.6495002670328835,6.206149385824369
19.370000,5.30281528953994,6.318455786984054
19.372000,5.5957885099565114,6.425879301136797
19.374000,5.693446250095369,6.0694285496299685
19.376000,5.791103990234226,6.3672846570534825
19.378000,5.439536125734341,6.001068131532769
19.380000,5.283283741512169,6.386816205081255
19.382000,5.776455329213397,5.981536583504997
19.384000,5.517662317845426,6.005951018539712
19.386000,5.341878385595483,6.1866178377965975
19.388000,5.341878385595483,5.971770809491112
19.390000,5.454184786755169,6.093842984664683
19.392000,5.380941481651027,6.39658197909514
19.394000,5.556725413900969,6.469825284199283
19.396000,5.703212024109255,6.250095368886854
19.398000,5.493247882810712,5.981536583504997
19.400000,5.263752193484398,6.0987258716716255
19.402000,5.600671396963454,5.996185244525826
19.404000,5.5957885099565114,6.308690012970168
19.406000,5.7715724422064545,6.128023193713283
19.408000,5.664148928053712,6.118257419699397
19.410000,5.7715724422064545,6.460059510185397
19.412000,5.420004577706569,5.9473563744563975
19.414000,5.639734493018998,6.308690012970168
19.416000,5.4151216906996265,6.504005493247883
19.418000,5.439536125734341,6.401464866102083
19.420000,5.761806668192569,6.318455786984054
19.422000,5.54207675288014,6.093842984664683
19.424000,5.522545204852369,6.29404135194934
19.426000,5.605554283970397,6.15732051575494
19.428000,5.8301670862897685,6.167086289768826
19.430000,5.708094911116198,6.36240177004654
19.432000,5.839932860303654,6.211032272831312
19.434000,5.527428091859312,5.937590600442512
19.436000,5.586022735942626,6.250095368886854
19.438000,5.527428091859312,6.381933318074312
19.440000,5.459067673762112,6.3916990920881975
19.442000,5.459067673762112,6.084077210650797
19.444000,5.566491187914854,6.308690012970168
19.446000,5.405355916685741,6.0401312275883114
19.448000,5.532310978866255,6.240329594872969
19.450000,5.810635538261997,6.5137712672617685
19.452000,5.537193865873197,6.02059967956054
19.454000,5.693446250095369,6.108491645685511
19.456000,5.5957885099565114,6.46494239719234
19.458000,5.81551842526894,5.9473563744563975
19.460000,5.664148928053712,6.36240177004654
19.462000,5.669031815060655,6.401464866102083
19.464000,5.37117570763714,6.12314030670634
19.466000,5.288166628519112,6.269626916914626
19.468000,5.351644159609369,6.479591058213169
19.470000,5.620202944991226,6.196383611810483
19.472000,5.424887464713512,6.005951018539712
19.474000,5.795986877241169,6.528419928282597
19.476000,5.732509346150912,6.401464866102083
19.478000,5.405355916685741,6.152437628747998
19.480000,5.512779430838483,6.401464866102083
19.482000,5.390707255664912,6.254978255893797
19.484000,5.6495002670328835,6.4844739452201114
19.486000,5.454184786755169,6.450293736171512
19.488000,5.400473029678798,6.450293736171512
19.490000,5.332112611581597,6.171969176775769
19.492000,5.527428091859312,6.0401312275883114
19.494000,5.488364995803769,6.508888380254826
19.496000,5.756923781185626,6.264744029907683
19.498000,5.556725413900969,6.303807125963226
19.500000,5.278400854505226,5.971770809491112
19.502000,5.688563363088426,6.235446707866026
19.504000,5.517662317845426,6.425879301136797
19.506000,5.556725413900969,6.235446707866026
19.508000,5.332112611581597,6.318455786984054
19.510000,5.532310978866255,6.494239719233997
19.512000,5.3272297245746545,6.045014114595254
19.514000,5.395590142671855,6.32822156099794
19.516000,5.30281528953994,6.045014114595254
19.518000,5.737392233157855,6.337987335011825
19.520000,5.664148928053712,6.035248340581369
19.522000,5.556725413900969,6.377050431067369
19.524000,5.7422751201647975,6.167086289768826
19.526000,5.449301899748226,5.991302357518883
19.528000,5.629968719005112,6.0987258716716255
19.530000,5.678797589074541,6.36240177004654
19.532000,5.776455329213397,6.045014114595254
19.534000,5.522545204852369,6.05477988860914
19.536000,5.420004577706569,6.342870222018768
19.538000,5.776455329213397,6.435645075150683
19.540000,5.615320057984283,6.084077210650797
19.542000,5.84969863431754,6.43076218814374
19.544000,5.859464408331426,6.25986114290074
19.546000,5.708094911116198,6.059662775616083
19.548000,5.517662317845426,6.001068131532769
19.550000,5.825284199282826,6.264744029907683
19.552000,5.6250858319981685,6.440527962157626
19.554000,5.361409933623254,6.49912260624094
19.556000,5.463950560769055,6.43076218814374
19.558000,5.400473029678798,6.05477988860914
19.560000,5.737392233157855,6.538185702296483
19.562000,5.478599221789883,6.547951476310368
19.564000,5.478599221789883,6.152437628747998
19.566000,5.688563363088426,6.504005493247883
19.568000,5.7422751201647975,6.518654154268711
19.570000,5.561608300907912,6.3672846570534825
19.572000,5.429770351720455,6.2745098039215685
19.574000,5.400473029678798,6.001068131532769
19.576000,5.322346837567712,5.976653696498055
19.578000,5.468833447775998,6.337987335011825
19.580000,5.527428091859312,6.381933318074312
19.582000,5.766689555199512,6.235446707866026
19.584000,5.4444190127412835,6.142671854734112
19.586000,5.883878843366141,6.25986114290074
19.588000,5.659266041046769,6.4844739452201114
19.590000,5.3565270466163115,6.1866178377965975
19.592000,5.346761272602426,6.337987335011825
19.594000,5.825284199282826,6.162203402761883
19.596000,5.429770351720455,6.308690012970168
19.598000,5.722743572137026,6.128023193713283
19.600000,5.590905622949569,6.137788967727169
19.602000,5.683680476081483,6.254978255893797
19.604000,5.463950560769055,6.201266498817426
19.606000,5.776455329213397,6.557717250324254
19.608000,5.8301670862897685,6.171969176775769
19.610000,5.50789654383154,6.0694285496299685
19.612000,5.8008697642481115,6.56748302433814
19.614000,5.786221103227283,6.333104448004883
19.616000,5.600671396963454,6.250095368886854
19.618000,5.737392233157855,6.381933318074312
19.620000,5.517662317845426,6.5137712672617685
19.622000,5.50789654383154,5.981536583504997
19.624000,5.8301670862897685,6.298924238956283
19.626000,5.678797589074541,6.093842984664683
19.628000,5.498130769817655,6.460059510185397
19.630000,5.33699549858854,6.562600137331197
19.632000,5.615320057984283,6.435645075150683
19.634000,5.5957885099565114,6.103608758678568
19.636000,5.810635538261997,6.32822156099794
19.638000,5.752040894178683,6.523537041275654
19.640000,5.629968719005112,6.269626916914626
19.642000,5.898527504386969,6.342870222018768
19.644000,5.605554283970397,6.469825284199283
19.646000,5.669031815060655,6.147554741741055
19.648000,5.688563363088426,6.323338673990997
19.650000,5.795986877241169,6.181734950789655
19.652000,5.4444190127412835,6.045014114595254
19.654000,5.61043717097734,6.318455786984054
19.656000,5.903410391393912,6.25986114290074
19.658000,5.659266041046769,6.440527962157626
19.660000,5.571374074921797,6.49912260624094
19.662000,5.5957885099565114,6.538185702296483
19.664000,5.561608300907912,6.494239719233997
19.666000,5.805752651255054,6.337987335011825
19.668000,5.390707255664912,6.450293736171512
19.670000,5.4737163347829405,6.240329594872969
19.672000,5.688563363088426,6.53330281528954
19.674000,5.400473029678798,6.240329594872969
19.676000,5.434653238727398,6.562600137331197
19.678000,5.376058594644084,6.552834363317311
19.680000,5.629968719005112,6.15732051575494
19.682000,5.615320057984283,6.562600137331197
19.684000,5.864347295338368,6.36240177004654
19.686000,5.590905622949569,6.377050431067369
19.688000,5.776455329213397,6.313572899977111
19.690000,5.659266041046769,6.474708171206226
19.692000,5.556725413900969,6.25986114290074
19.694000,5.341878385595483,6.079194323643854
19.696000,5.517662317845426,6.230563820859083
19.698000,5.498130769817655,6.557717250324254
19.700000,5.527428091859312,6.323338673990997
19.702000,5.844815747310597,6.12314030670634
19.704000,5.478599221789883,6.2745098039215685
19.706000,5.644617380025941,6.445410849164569
19.708000,5.810635538261997,6.049897001602197
19.710000,5.629968719005112,6.12314030670634
19.712000,5.654383154039826,6.401464866102083
19.714000,5.805752651255054,6.435645075150683
19.716000,5.420004577706569,6.2745098039215685
19.718000,5.532310978866255,6.030365453574426
19.720000,5.395590142671855,6.19150072480354
19.722000,5.429770351720455,6.479591058213169
19.724000,5.37117570763714,6.118257419699397
19.726000,5.385824368657969,6.504005493247883
19.728000,5.864347295338368,6.416113527122912
19.730000,5.517662317845426,6.167086289768826
19.732000,5.78133821622034,6.235446707866026
19.734000,5.54207675288014,6.093842984664683
19.736000,5.400473029678798,6.240329594872969
19.738000,5.71297779812314,6.22568093385214
19.740000,5.463950560769055,6.479591058213169
19.742000,5.522545204852369,6.523537041275654
19.744000,5.722743572137026,6.147554741741055
19.746000,5.6495002670328835,6.284275577935454
19.748000,5.776455329213397,6.352635996032654
19.750000,5.708094911116198,6.43076218814374
19.752000,5.615320057984283,6.460059510185397
19.754000,5.8008697642481115,6.518654154268711
19.756000,5.556725413900969,6.406347753109026
19.758000,5.50789654383154,6.230563820859083
19.760000,5.527428091859312,6.25986114290074
19.762000,5.390707255664912,6.147554741741055
19.764000,5.722743572137026,6.416113527122912
19.766000,5.81551842526894,6.15732051575494
19.768000,5.581139848935683,6.230563820859083
19.770000,5.7715724422064545,6.455176623178454
19.772000,5.54207675288014,6.352635996032654
19.774000,5.527428091859312,6.508888380254826
19.776000,5.498130769817655,6.518654154268711
19.778000,5.5030136568245975,6.411230640115969
19.780000,5.615320057984283,6.49912260624094
19.782000,5.346761272602426,6.445410849164569
19.784000,5.820401312275883,6.147554741741055
19.786000,5.669031815060655,6.460059510185397
19.788000,5.483482108796826,6.1866178377965975
19.790000,5.659266041046769,6.15732051575494
19.792000,5.532310978866255,6.420996414129855
19.794000,5.693446250095369,6.0987258716716255
19.796000,5.54207675288014,6.455176623178454
19.798000,5.678797589074541,6.420996414129855
19.800000,5.844815747310597,6.289158464942397
19.802000,5.84969863431754,6.582131685358968
19.804000,5.4151216906996265,6.504005493247883
19.806000,5.669031815060655,6.137788967727169
19.808000,5.581139848935683,6.49912260624094
19.810000,5.590905622949569,6.289158464942397
19.812000,5.429770351720455,6.56748302433814
19.814000,5.644617380025941,6.22568093385214
19.816000,5.698329137102312,6.308690012970168
19.818000,5.5957885099565114,6.557717250324254
19.820000,5.717860685130083,6.2745098039215685
19.822000,5.351644159609369,6.084077210650797
19.824000,5.429770351720455,6.587014572365911
19.826000,5.698329137102312,6.587014572365911
19.828000,5.4444190127412835,6.460059510185397
19.830000,5.512779430838483,6.4844739452201114
19.832000,5.752040894178683,6.08896009765774
19.834000,5.84969863431754,6.474708171206226
19.836000,5.678797589074541,6.523537041275654
19.838000,5.546959639887083,6.15732051575494
19.840000,5.678797589074541,6.49912260624094
19.842000,5.400473029678798,6.401464866102083
19.844000,5.74715800717174,6.347753109025711
19.846000,5.571374074921797,6.611429007400625
19.848000,5.869230182345311,6.445410849164569
19.850000,5.4151216906996265,6.25986114290074
19.852000,5.669031815060655,6.2159151598382545
19.854000,5.4737163347829405,6.5137712672617685
19.856000,5.693446250095369,6.108491645685511
19.858000,5.717860685130083,6.201266498817426
19.860000,5.669031815060655,6.508888380254826
19.862000,5.878995956359198,6.0401312275883114
19.864000,5.776455329213397,6.171969176775769
19.866000,5.532310978866255,6.3672846570534825
19.868000,5.737392233157855,6.53330281528954
19.870000,5.537193865873197,6.201266498817426
19.872000,5.81551842526894,6.596780346379797
19.874000,5.488364995803769,6.416113527122912
19.876000,5.898527504386969,6.176852063782712
19.878000,5.463950560769055,6.142671854734112
19.880000,5.463950560769055,6.318455786984054
19.882000,5.434653238727398,6.616311894407568
19.884000,5.95223926146334,6.118257419699397
19.886000,5.878995956359198,6.220798046845197
19.888000,5.908293278400855,6.36240177004654
19.890000,5.95223926146334,6.298924238956283
19.892000,5.854581521324483,6.6016632333867395
19.894000,5.688563363088426,6.0694285496299685
19.896000,5.517662317845426,6.093842984664683
19.898000,5.7422751201647975,6.303807125963226
19.900000,5.615320057984283,6.6016632333867395
19.902000,5.57625696192874,6.611429007400625
19.904000,5.7422751201647975,6.4844739452201114
19.906000,5.693446250095369,6.39658197909514
19.908000,5.844815747310597,6.337987335011825
19.910000,5.825284199282826,6.455176623178454
19.912000,5.732509346150912,6.5137712672617685
19.914000,5.820401312275883,6.059662775616083
19.916000,5.400473029678798,6.621194781414511
19.918000,5.390707255664912,6.49912260624094
19.920000,5.380941481651027,6.587014572365911
19.922000,5.859464408331426,6.2452124818799115
19.924000,5.664148928053712,6.103608758678568
19.926000,5.835049973296711,6.460059510185397
19.928000,5.478599221789883,6.279392690928511
19.930000,5.971770809491112,6.12314030670634
19.932000,5.957122148470283,6.142671854734112
19.934000,5.7715724422064545,6.606546120393682
19.936000,5.527428091859312,6.118257419699397
19.938000,5.703212024109255,6.206149385824369
19.940000,5.556725413900969,6.460059510185397
19.942000,5.537193865873197,6.269626916914626
19.944000,5.854581521324483,6.0694285496299685
19.946000,5.410238803692684,6.425879301136797
19.948000,5.869230182345311,6.508888380254826
19.950000,5.400473029678798,6.313572899977111
19.952000,5.537193865873197,6.2452124818799115
19.954000,5.976653696498055,6.3916990920881975
19.956000,5.390707255664912,6.0987258716716255
19.958000,5.581139848935683,6.5723659113450825
19.960000,5.8887617303730835,6.1866178377965975
19.962000,5.61043717097734,6.05477988860914
19.964000,5.629968719005112,6.318455786984054
19.966000,5.795986877241169,6.118257419699397
19.968000,5.556725413900969,6.298924238956283
19.970000,5.688563363088426,6.093842984664683
19.972000,5.634851606012055,6.103608758678568
19.974000,5.434653238727398,6.2159151598382545
19.976000,5.908293278400855,6.064545662623026
19.978000,5.913176165407798,6.337987335011825
19.980000,5.629968719005112,6.313572899977111
19.982000,5.664148928053712,6.53330281528954
19.984000,5.722743572137026,6.264744029907683
19.986000,5.5030136568245975,6.29404135194934
19.988000,5.932707713435569,6.43076218814374
19.990000,5.551842526894026,6.4844739452201114
19.992000,5.5030136568245975,6.118257419699397
19.994000,5.688563363088426,6.113374532692454
19.996000,5.913176165407798,6.43076218814374
19.998000,5.498130769817655,6.357518883039597
20.000000,5.927824826428626,6.254978255893797
20.002000,5.683680476081483,6.108491645685511
20.004000,5.483482108796826,6.587014572365911
20.006000,5.937590600442512,6.39658197909514
20.008000,5.71297779812314,6.626077668421455
20.010000,5.908293278400855,6.611429007400625
20.012000,5.976653696498055,6.504005493247883
20.014000,5.522545204852369,6.32822156099794
20.016000,5.600671396963454,6.596780346379797
20.018000,5.903410391393912,6.489356832227054
20.020000,5.805752651255054,6.29404135194934
20.022000,5.942473487449455,6.357518883039597
20.024000,5.791103990234226,6.616311894407568
20.026000,5.922941939421683,6.12314030670634
20.028000,5.717860685130083,6.323338673990997
20.030000,5.488364995803769,6.230563820859083
20.032000,5.869230182345311,6.079194323643854
20.034000,5.590905622949569,6.084077210650797
20.036000,5.732509346150912,6.167086289768826
20.038000,5.825284199282826,6.43076218814374
20.040000,5.991302357518883,6.323338673990997
20.042000,5.639734493018998,6.0694285496299685
20.044000,5.820401312275883,6.303807125963226
20.046000,5.659266041046769,6.147554741741055
20.048000,5.752040894178683,6.250095368886854
20.050000,5.522545204852369,6.113374532692454
20.052000,5.962005035477226,6.606546120393682
20.054000,5.922941939421683,6.435645075150683
20.056000,5.532310978866255,6.074311436636911
20.058000,5.893644617380026,6.29404135194934
20.060000,5.752040894178683,6.381933318074312
20.062000,5.957122148470283,6.5430685893034255
20.064000,5.517662317845426,6.08896009765774
20.066000,5.786221103227283,6.254978255893797
20.068000,5.844815747310597,6.640726329442283
20.070000,5.839932860303654,6.606546120393682
20.072000,5.98641947051194,6.36240177004654
20.074000,5.825284199282826,6.313572899977111
20.076000,5.893644617380026,6.674906538490883
20.078000,5.752040894178683,6.5430685893034255
20.080000,5.874113069352254,6.269626916914626
20.082000,5.561608300907912,6.504005493247883
20.084000,5.556725413900969,6.440527962157626
20.086000,5.420004577706569,6.474708171206226
20.088000,5.634851606012055,6.12314030670634
20.090000,5.6495002670328835,6.621194781414511
20.092000,5.556725413900969,6.347753109025711
20.094000,5.4444190127412835,6.3916990920881975
20.096000,5.937590600442512,6.254978255893797
20.098000,5.903410391393912,6.650492103456169
20.100000,5.874113069352254,6.15732051575494
20.102000,5.708094911116198,6.132906080720226
20.104000,5.864347295338368,6.406347753109026
20.106000,5.839932860303654,6.342870222018768
20.108000,5.7422751201647975,6.113374532692454
20.110000,5.629968719005112,6.357518883039597
20.112000,5.996185244525826,6.147554741741055
20.114000,5.898527504386969,6.377050431067369
20.116000,5.561608300907912,6.616311894407568
20.118000,5.737392233157855,6.313572899977111
20.120000,5.527428091859312,6.2452124818799115
20.122000,5.703212024109255,6.308690012970168
20.124000,5.898527504386969,6.489356832227054
20.126000,5.678797589074541,6.167086289768826
20.128000,5.50789654383154,6.19150072480354
20.130000,5.454184786755169,6.494239719233997
20.132000,5.9180590524147405,6.39658197909514
20.134000,5.913176165407798,6.684672312504769
20.136000,5.517662317845426,6.347753109025711
20.138000,5.54207675288014,6.152437628747998
20.140000,5.532310978866255,6.674906538490883
20.142000,5.903410391393912,6.32822156099794
20.144000,5.84969863431754,6.22568093385214
20.146000,5.673914702067598,6.650492103456169
20.148000,5.78133821622034,6.093842984664683
20.150000,5.95223926146334,6.494239719233997
20.152000,5.546959639887083,6.15732051575494
20.154000,5.844815747310597,6.147554741741055
20.156000,5.74715800717174,6.43076218814374
20.158000,5.54207675288014,6.352635996032654
20.160000,5.9180590524147405,6.357518883039597
20.162000,5.620202944991226,6.596780346379797
20.164000,5.478599221789883,6.596780346379797
20.166000,5.908293278400855,6.455176623178454
20.168000,5.732509346150912,6.333104448004883
20.170000,5.854581521324483,6.128023193713283
20.172000,5.449301899748226,6.152437628747998
20.174000,5.537193865873197,6.684672312504769
20.176000,5.493247882810712,6.469825284199283
20.178000,5.703212024109255,6.2452124818799115
20.180000,6.025482566567483,6.171969176775769
20.182000,5.903410391393912,6.435645075150683
20.184000,5.756923781185626,6.425879301136797
20.186000,5.732509346150912,6.12314030670634
20.188000,5.898527504386969,6.337987335011825
20.190000,5.898527504386969,6.32822156099794
20.192000,5.5957885099565114,6.254978255893797
20.194000,5.6495002670328835,6.36240177004654
20.196000,5.883878843366141,6.53330281528954
20.198000,5.922941939421683,6.118257419699397
20.200000,5.844815747310597,6.147554741741055
20.202000,5.756923781185626,6.455176623178454
20.204000,5.698329137102312,6.474708171206226
20.206000,5.478599221789883,6.557717250324254
20.208000,5.898527504386969,6.5137712672617685
20.210000,5.468833447775998,6.254978255893797
20.212000,5.537193865873197,6.303807125963226
20.214000,5.5957885099565114,6.269626916914626
20.216000,5.942473487449455,6.6602578774700545
20.218000,5.483482108796826,6.611429007400625
20.220000,5.962005035477226,6.313572899977111
20.222000,5.966887922484169,6.167086289768826
20.224000,5.669031815060655,6.22568093385214
20.226000,5.854581521324483,6.206149385824369
20.228000,5.4737163347829405,6.518654154268711
20.230000,5.752040894178683,6.440527962157626
20.232000,5.488364995803769,6.425879301136797
20.234000,5.9180590524147405,6.508888380254826
20.236000,5.903410391393912,6.53330281528954
20.238000,5.639734493018998,6.357518883039597
20.240000,5.966887922484169,6.220798046845197
20.242000,5.522545204852369,6.381933318074312
20.244000,5.957122148470283,6.474708171206226
20.246000,5.810635538261997,6.211032272831312
20.248000,5.5957885099565114,6.709086747539483
20.250000,5.693446250095369,6.587014572365911
20.252000,5.581139848935683,6.416113527122912
20.254000,5.74715800717174,6.626077668421455
20.256000,5.795986877241169,6.25986114290074
20.258000,5.820401312275883,6.308690012970168
20.260000,5.61043717097734,6.2159151598382545
20.262000,5.95223926146334,6.489356832227054
20.264000,5.81551842526894,6.240329594872969
20.266000,5.659266041046769,6.6602578774700545
20.268000,5.708094911116198,6.337987335011825
20.270000,5.498130769817655,6.606546120393682
20.272000,5.5030136568245975,6.303807125963226
20.274000,5.678797589074541,6.12314030670634
20.276000,5.966887922484169,6.621194781414511
20.278000,5.693446250095369,6.56748302433814
20.280000,5.732509346150912,6.674906538490883
20.282000,5.6250858319981685,6.616311894407568
20.284000,5.600671396963454,6.63584344243534
20.286000,6.005951018539712,6.171969176775769
20.288000,5.942473487449455,6.587014572365911
20.290000,5.600671396963454,6.67002365148394
20.292000,5.878995956359198,6.440527962157626
20.294000,6.05477988860914,6.616311894407568
20.296000,5.9180590524147405,6.70420386053254
20.298000,5.976653696498055,6.469825284199283
20.300000,5.971770809491112,6.469825284199283
20.302000,5.898527504386969,6.699320973525597
20.304000,5.84969863431754,6.508888380254826
20.306000,5.629968719005112,6.562600137331197
20.308000,6.05477988860914,6.616311894407568
20.310000,5.756923781185626,6.547951476310368
20.312000,5.903410391393912,6.29404135194934
20.314000,5.61043717097734,6.455176623178454
20.316000,5.693446250095369,6.313572899977111
20.318000,5.869230182345311,6.352635996032654
20.320000,5.810635538261997,6.489356832227054
20.322000,5.717860685130083,6.469825284199283
20.324000,5.874113069352254,6.132906080720226
20.326000,5.761806668192569,6.684672312504769
20.328000,5.776455329213397,6.1866178377965975
20.330000,5.937590600442512,6.489356832227054
20.332000,5.7715724422064545,6.230563820859083
20.334000,6.059662775616083,6.142671854734112
20.336000,5.6495002670328835,6.2452124818799115
20.338000,5.527428091859312,6.181734950789655
20.340000,5.532310978866255,6.29404135194934
20.342000,5.488364995803769,6.645609216449226
20.344000,5.9473563744563975,6.152437628747998
20.346000,5.839932860303654,6.25986114290074
20.348000,5.54207675288014,6.53330281528954
20.350000,5.835049973296711,6.420996414129855
20.352000,6.001068131532769,6.674906538490883
20.354000,5.966887922484169,6.489356832227054
20.356000,5.820401312275883,6.591897459372854
20.358000,5.54207675288014,6.626077668421455
20.360000,5.717860685130083,6.284275577935454
20.362000,5.669031815060655,6.479591058213169
20.364000,6.015716792553597,6.674906538490883
20.366000,5.966887922484169,6.333104448004883
20.368000,5.673914702067598,6.342870222018768
20.370000,6.001068131532769,6.254978255893797
20.372000,5.517662317845426,6.606546120393682
20.374000,5.737392233157855,6.254978255893797
20.376000,6.049897001602197,6.474708171206226
20.378000,5.791103990234226,6.577248798352025
20.380000,6.064545662623026,6.518654154268711
20.382000,5.98641947051194,6.308690012970168
20.384000,5.644617380025941,6.318455786984054
20.386000,6.001068131532769,6.6895551995117115
20.388000,5.95223926146334,6.655374990463112
20.390000,6.030365453574426,6.489356832227054
20.392000,5.766689555199512,6.460059510185397
20.394000,5.776455329213397,6.577248798352025
20.396000,5.805752651255054,6.406347753109026
20.398000,5.776455329213397,6.347753109025711
20.400000,5.810635538261997,6.694438086518654
20.402000,5.7422751201647975,6.640726329442283
20.404000,5.971770809491112,6.674906538490883
20.406000,5.727626459143969,6.665140764476997
20.408000,5.498130769817655,6.53330281528954
20.410000,5.991302357518883,6.552834363317311
20.412000,5.776455329213397,6.640726329442283
20.414000,5.9473563744563975,6.6602578774700545
20.416000,5.991302357518883,6.626077668421455
20.418000,5.95223926146334,6.2452124818799115
20.420000,5.922941939421683,6.303807125963226
20.422000,5.634851606012055,6.401464866102083
20.424000,5.678797589074541,6.3916990920881975
20.426000,5.532310978866255,6.723735408560311
20.428000,6.093842984664683,6.3672846570534825
20.430000,5.810635538261997,6.577248798352025
20.432000,5.669031815060655,6.22568093385214
20.434000,5.71297779812314,6.416113527122912
20.436000,5.644617380025941,6.743266956588083
20.438000,6.049897001602197,6.250095368886854
20.440000,5.708094911116198,6.440527962157626
20.442000,5.6495002670328835,6.318455786984054
20.444000,5.629968719005112,6.621194781414511
20.446000,5.537193865873197,6.39658197909514
20.448000,5.605554283970397,6.640726329442283
20.450000,5.820401312275883,6.508888380254826
20.452000,6.015716792553597,6.6602578774700545
20.454000,5.927824826428626,6.591897459372854
20.456000,5.527428091859312,6.6309605554283975
20.458000,5.878995956359198,6.650492103456169
20.460000,6.02059967956054,6.235446707866026
20.462000,5.957122148470283,6.289158464942397
20.464000,5.776455329213397,6.5137712672617685
20.466000,5.551842526894026,6.220798046845197
20.468000,5.737392233157855,6.416113527122912
20.470000,5.664148928053712,6.4844739452201114
20.472000,6.005951018539712,6.562600137331197
20.474000,5.639734493018998,6.39658197909514
20.476000,5.991302357518883,6.709086747539483
20.478000,5.922941939421683,6.342870222018768
20.480000,5.7715724422064545,6.264744029907683
20.482000,6.064545662623026,6.235446707866026
20.484000,5.9180590524147405,6.3916990920881975
20.486000,5.654383154039826,6.176852063782712
20.488000,5.703212024109255,6.748149843595026
20.490000,5.81551842526894,6.479591058213169
20.492000,5.966887922484169,6.254978255893797
20.494000,5.683680476081483,6.655374990463112
20.496000,5.7715724422064545,6.3672846570534825
20.498000,5.95223926146334,6.518654154268711
20.500000,5.639734493018998,6.43076218814374
20.502000,6.093842984664683,6.538185702296483
20.504000,6.045014114595254,6.29404135194934
20.506000,6.103608758678568,6.523537041275654
20.508000,6.035248340581369,6.508888380254826
20.510000,6.05477988860914,6.211032272831312
20.512000,5.698329137102312,6.230563820859083
20.514000,5.825284199282826,6.372167544060425
20.516000,5.937590600442512,6.518654154268711
20.518000,5.522545204852369,6.77256427862974
20.520000,5.708094911116198,6.56748302433814
20.522000,6.02059967956054,6.733501182574197
20.524000,5.727626459143969,6.587014572365911
20.526000,5.810635538261997,6.538185702296483
20.528000,5.620202944991226,6.655374990463112
20.530000,5.683680476081483,6.337987335011825
20.532000,5.976653696498055,6.269626916914626
20.534000,6.035248340581369,6.269626916914626
20.536000,5.786221103227283,6.4844739452201114
20.538000,5.854581521324483,6.201266498817426
20.540000,5.571374074921797,6.762798504615854
20.542000,5.644617380025941,6.411230640115969
20.544000,6.103608758678568,6.32822156099794
20.546000,5.903410391393912,6.455176623178454
20.548000,5.820401312275883,6.19150072480354
20.550000,5.820401312275883,6.489356832227054
20.552000,5.971770809491112,6.762798504615854
20.554000,5.84969863431754,6.528419928282597
20.556000,5.703212024109255,6.753032730601968
20.558000,5.546959639887083,6.694438086518654
20.560000,5.600671396963454,6.679789425497826
20.562000,5.786221103227283,6.32822156099794
20.564000,5.5957885099565114,6.56748302433814
20.566000,5.556725413900969,6.230563820859083
20.568000,6.12314030670634,6.425879301136797
20.570000,5.971770809491112,6.547951476310368
20.572000,5.615320057984283,6.3672846570534825
20.574000,5.776455329213397,6.2452124818799115
20.576000,5.629968719005112,6.5723659113450825
20.578000,5.7715724422064545,6.416113527122912
20.580000,5.898527504386969,6.313572899977111
20.582000,5.791103990234226,6.523537041275654
20.584000,6.045014114595254,6.445410849164569
20.586000,5.703212024109255,6.56748302433814
20.588000,5.732509346150912,6.211032272831312
20.590000,6.049897001602197,6.77256427862974
20.592000,5.722743572137026,6.582131685358968
20.594000,5.966887922484169,6.308690012970168
20.596000,5.74715800717174,6.6895551995117115
20.598000,6.093842984664683,6.474708171206226
20.600000,5.859464408331426,6.2452124818799115
20.602000,5.605554283970397,6.665140764476997
20.604000,6.005951018539712,6.552834363317311
20.606000,5.898527504386969,6.313572899977111
20.608000,5.634851606012055,6.645609216449226
20.610000,5.966887922484169,6.587014572365911
20.612000,5.957122148470283,6.528419928282597
20.614000,6.05477988860914,6.372167544060425
20.616000,5.791103990234226,6.767681391622797
20.618000,5.878995956359198,6.748149843595026
20.620000,5.664148928053712,6.77256427862974
20.622000,5.659266041046769,6.5137712672617685
20.624000,5.698329137102312,6.762798504615854
20.626000,5.8008697642481115,6.508888380254826
20.628000,5.9180590524147405,6.552834363317311
20.630000,5.644617380025941,6.538185702296483
20.632000,5.9180590524147405,6.32822156099794
20.634000,5.566491187914854,6.645609216449226
20.636000,6.001068131532769,6.6895551995117115
20.638000,5.629968719005112,6.70420386053254
20.640000,6.001068131532769,6.455176623178454
20.642000,5.708094911116198,6.4844739452201114
20.644000,5.7715724422064545,6.420996414129855
20.646000,5.600671396963454,6.22568093385214
20.648000,5.98641947051194,6.728618295567254
20.650000,5.913176165407798,6.77256427862974
20.652000,5.957122148470283,6.587014572365911
20.654000,5.874113069352254,6.36240177004654
20.656000,5.571374074921797,6.650492103456169
20.658000,5.927824826428626,6.347753109025711
20.660000,5.5957885099565114,6.616311894407568
20.662000,5.98641947051194,6.665140764476997
20.664000,5.74715800717174,6.694438086518654
20.666000,5.9473563744563975,6.3916990920881975
20.668000,6.084077210650797,6.709086747539483
20.670000,5.966887922484169,6.401464866102083
20.672000,5.727626459143969,6.753032730601968
20.674000,5.869230182345311,6.626077668421455
20.676000,5.756923781185626,6.723735408560311
20.678000,5.981536583504997,6.36240177004654
20.680000,5.942473487449455,6.77256427862974
20.682000,5.839932860303654,6.7188525215533685
20.684000,5.908293278400855,6.73838406958114
20.686000,5.976653696498055,6.240329594872969
20.688000,5.693446250095369,6.523537041275654
20.690000,5.669031815060655,6.235446707866026
20.692000,6.0987258716716255,6.6895551995117115
20.694000,6.049897001602197,6.577248798352025
20.696000,5.698329137102312,6.401464866102083
20.698000,6.103608758678568,6.777447165636683
20.700000,6.137788967727169,6.46494239719234
20.702000,5.659266041046769,6.284275577935454
20.704000,5.927824826428626,6.748149843595026
20.706000,5.991302357518883,6.7188525215533685
20.708000,5.727626459143969,6.313572899977111
20.710000,5.922941939421683,6.56748302433814
20.712000,5.878995956359198,6.386816205081255
20.714000,6.142671854734112,6.474708171206226
20.716000,6.010833905546654,6.46494239719234
20.718000,6.005951018539712,6.782330052643625
20.720000,6.142671854734112,6.313572899977111
20.722000,5.996185244525826,6.372167544060425
20.724000,5.766689555199512,6.5137712672617685
20.726000,6.152437628747998,6.694438086518654
20.728000,5.859464408331426,6.56748302433814
20.730000,5.854581521324483,6.6895551995117115
20.732000,6.084077210650797,6.372167544060425
20.734000,6.035248340581369,6.7188525215533685
20.736000,5.639734493018998,6.4844739452201114
20.738000,6.103608758678568,6.269626916914626
20.740000,6.137788967727169,6.406347753109026
20.742000,6.118257419699397,6.699320973525597
20.744000,5.727626459143969,6.504005493247883
20.746000,5.976653696498055,6.318455786984054
20.748000,5.5957885099565114,6.753032730601968
20.750000,6.167086289768826,6.29404135194934
20.752000,6.108491645685511,6.777447165636683
20.754000,5.966887922484169,6.762798504615854
20.756000,5.9473563744563975,6.381933318074312
20.758000,6.171969176775769,6.347753109025711
20.760000,6.030365453574426,6.73838406958114
20.762000,6.093842984664683,6.591897459372854
20.764000,5.854581521324483,6.777447165636683
20.766000,5.590905622949569,6.381933318074312
20.768000,6.010833905546654,6.2452124818799115
20.770000,6.079194323643854,6.3672846570534825
20.772000,5.644617380025941,6.3672846570534825
20.774000,5.629968719005112,6.728618295567254
20.776000,5.756923781185626,6.494239719233997
20.778000,6.176852063782712,6.313572899977111
20.780000,5.805752651255054,6.7188525215533685
20.782000,5.639734493018998,6.801861600671397
20.784000,5.71297779812314,6.53330281528954
20.786000,5.698329137102312,6.6016632333867395
20.788000,5.615320057984283,6.523537041275654
20.790000,6.147554741741055,6.733501182574197
20.792000,5.722743572137026,6.713969634546426
20.794000,5.786221103227283,6.757915617608911
20.796000,6.005951018539712,6.782330052643625
20.798000,5.98641947051194,6.420996414129855
20.800000,6.118257419699397,6.56748302433814
20.802000,5.673914702067598,6.70420386053254
20.804000,5.932707713435569,6.70420386053254
20.806000,6.08896009765774,6.713969634546426
20.808000,5.937590600442512,6.577248798352025
20.810000,5.634851606012055,6.32822156099794
20.812000,5.996185244525826,6.6309605554283975
20.814000,6.181734950789655,6.801861600671397
20.816000,5.98641947051194,6.826276035706111
20.818000,5.776455329213397,6.67002365148394
20.820000,6.15732051575494,6.523537041275654
20.822000,5.703212024109255,6.762798504615854
20.824000,5.976653696498055,6.538185702296483
20.826000,6.15732051575494,6.645609216449226
20.828000,5.898527504386969,6.621194781414511
20.830000,6.05477988860914,6.29404135194934
20.832000,5.95223926146334,6.420996414129855
20.834000,5.71297779812314,6.762798504615854
20.836000,5.698329137102312,6.6602578774700545
20.838000,5.693446250095369,6.801861600671397
20.840000,5.966887922484169,6.616311894407568
20.842000,6.108491645685511,6.616311894407568
20.844000,6.152437628747998,6.70420386053254
20.846000,6.0987258716716255,6.699320973525597
20.848000,5.874113069352254,6.762798504615854
20.850000,6.064545662623026,6.352635996032654
20.852000,5.98641947051194,6.504005493247883
20.854000,5.81551842526894,6.63584344243534
20.856000,5.752040894178683,6.4844739452201114
20.858000,5.908293278400855,6.70420386053254
20.860000,6.12314030670634,6.479591058213169
20.862000,6.001068131532769,6.748149843595026
20.864000,5.825284199282826,6.836041809719997
20.866000,5.683680476081483,6.420996414129855
20.868000,6.059662775616083,6.63584344243534
20.870000,5.81551842526894,6.640726329442283
20.872000,5.864347295338368,6.713969634546426
20.874000,5.639734493018998,6.626077668421455
20.876000,5.669031815060655,6.489356832227054
20.878000,5.678797589074541,6.381933318074312
20.880000,5.84969863431754,6.279392690928511
20.882000,5.678797589074541,6.616311894407568
20.884000,5.927824826428626,6.523537041275654
20.886000,5.839932860303654,6.640726329442283
20.888000,6.113374532692454,6.4844739452201114
20.890000,6.010833905546654,6.591897459372854
20.892000,6.093842984664683,6.479591058213169
20.894000,6.196383611810483,6.821393148699168
20.896000,5.761806668192569,6.665140764476997
20.898000,6.152437628747998,6.547951476310368
20.900000,5.756923781185626,6.372167544060425
20.902000,6.1866178377965975,6.56748302433814
20.904000,5.957122148470283,6.626077668421455
20.906000,5.732509346150912,6.801861600671397
20.908000,5.761806668192569,6.6895551995117115
20.910000,5.976653696498055,6.440527962157626
20.912000,6.0987258716716255,6.762798504615854
20.914000,6.015716792553597,6.435645075150683
20.916000,5.629968719005112,6.6016632333867395
20.918000,5.898527504386969,6.562600137331197
20.920000,6.064545662623026,6.713969634546426
20.922000,6.093842984664683,6.337987335011825
20.924000,5.835049973296711,6.699320973525597
20.926000,5.971770809491112,6.850690470740825
20.928000,6.113374532692454,6.821393148699168
20.930000,5.737392233157855,6.611429007400625
20.932000,5.9473563744563975,6.73838406958114
20.934000,6.118257419699397,6.420996414129855
20.936000,5.703212024109255,6.337987335011825
20.938000,5.9473563744563975,6.792095826657511
20.940000,5.869230182345311,6.743266956588083
20.942000,5.820401312275883,6.357518883039597
20.944000,5.932707713435569,6.8409246967269395
20.946000,5.937590600442512,6.372167544060425
20.948000,5.962005035477226,6.679789425497826
20.950000,5.683680476081483,6.284275577935454
20.952000,6.108491645685511,6.381933318074312
20.954000,5.664148928053712,6.381933318074312
20.956000,5.991302357518883,6.547951476310368
20.958000,6.0401312275883114,6.6602578774700545
20.960000,5.74715800717174,6.655374990463112
20.962000,5.9473563744563975,6.469825284199283
20.964000,6.001068131532769,6.767681391622797
20.966000,5.683680476081483,6.7188525215533685
20.968000,6.064545662623026,6.694438086518654
20.970000,5.727626459143969,6.611429007400625
20.972000,6.049897001602197,6.63584344243534
20.974000,5.996185244525826,6.308690012970168
20.976000,6.171969176775769,6.591897459372854
20.978000,5.981536583504997,6.777447165636683
20.980000,6.001068131532769,6.665140764476997
20.982000,5.6495002670328835,6.377050431067369
20.984000,5.878995956359198,6.753032730601968
20.986000,5.898527504386969,6.352635996032654
20.988000,6.02059967956054,6.582131685358968
20.990000,6.079194323643854,6.777447165636683
20.992000,5.639734493018998,6.357518883039597
20.994000,5.737392233157855,6.372167544060425
20.996000,5.913176165407798,6.6309605554283975
20.998000,5.717860685130083,6.884870679789426
21.000000,5.942473487449455,6.3672846570534825
21.002000,6.1866178377965975,6.699320973525597
21.004000,5.7715724422064545,6.298924238956283
21.006000,5.669031815060655,6.557717250324254
21.008000,6.162203402761883,6.323338673990997
21.010000,5.9473563744563975,6.6016632333867395
21.012000,6.05477988860914,6.39658197909514
21.014000,5.825284199282826,6.308690012970168
21.016000,5.927824826428626,6.32822156099794
21.018000,6.035248340581369,6.87510490577554
21.020000,6.015716792553597,6.709086747539483
21.022000,5.927824826428626,6.611429007400625
21.024000,5.908293278400855,6.372167544060425
21.026000,5.752040894178683,6.3672846570534825
21.028000,5.703212024109255,6.435645075150683
21.030000,6.045014114595254,6.43076218814374
21.032000,5.7422751201647975,6.684672312504769
21.034000,5.898527504386969,6.674906538490883
21.036000,5.722743572137026,6.80674448767834
21.038000,5.962005035477226,6.8702220187685965
21.040000,6.171969176775769,6.6016632333867395
21.042000,6.0987258716716255,6.386816205081255
21.044000,5.844815747310597,6.855573357747768
21.046000,5.805752651255054,6.836041809719997
21.048000,5.9180590524147405,6.845807583733882
21.050000,5.791103990234226,6.562600137331197
21.052000,6.074311436636911,6.767681391622797
21.054000,6.201266498817426,6.87510490577554
21.056000,5.766689555199512,6.782330052643625
21.058000,5.8887617303730835,6.889753566796369
21.060000,5.991302357518883,6.8409246967269395
21.062000,6.0401312275883114,6.767681391622797
21.064000,6.181734950789655,6.821393148699168
21.066000,5.703212024109255,6.538185702296483
21.068000,6.025482566567483,6.777447165636683
21.070000,5.776455329213397,6.49912260624094
21.072000,6.176852063782712,6.43076218814374
21.074000,5.971770809491112,6.474708171206226
21.076000,5.71297779812314,6.56748302433814
21.078000,5.962005035477226,6.420996414129855
21.080000,5.835049973296711,6.70420386053254
21.082000,5.942473487449455,6.821393148699168
21.084000,5.71297779812314,6.552834363317311
21.086000,5.883878843366141,6.5723659113450825
21.088000,5.957122148470283,6.70420386053254
21.090000,5.9180590524147405,6.381933318074312
21.092000,6.235446707866026,6.645609216449226
21.094000,5.854581521324483,6.39658197909514
21.096000,5.9180590524147405,6.777447165636683
21.098000,5.722743572137026,6.709086747539483
