timestamp_s,ai0_V,ai1_V
0.000000,-0.1513694972152285,0.43945983062485694
0.002000,-0.09277485313191425,0.5151445792324711
0.004000,0.024414435034714275,0.4150453955901427
0.006000,-0.046387426565957124,0.5420004577706569
0.008000,0.0976577401388571,0.4956130312046998
0.010000,-0.0976577401388571,0.5297932402532998
0.012000,0.06347753109025711,0.4272526131074998
0.014000,-0.05859464408331426,0.27832455939574274
0.016000,-0.12207217517357137,0.38330663004501414
0.018000,-0.10498207064927138,0.32471198596169987
0.020000,0.14892805371175707,0.4077210650797284
0.022000,-0.11230640115968567,0.2758831158922713
0.024000,-0.1440451667048142,0.388189517051957
0.026000,0.012207217517357137,0.44678416113527125
0.028000,0.03418020904859999,0.4565499351491569
0.030000,-0.0976577401388571,0.4736400396734569
0.032000,-0.012207217517357137,0.38086518654154267
0.034000,-0.12939650568398567,0.45899137865262835
0.036000,0.09033340962844282,0.5175860227359427
0.038000,0.00976577401388571,0.36865796902418557
0.040000,0.11718928816662852,0.4956130312046998
0.042000,0.1416037232013428,0.5542076752880141
0.044000,0.017090104524299994,0.319829098954757
0.046000,-0.004882887006942855,0.3491264209964141
0.048000,0.11474784466315709,0.34180209048599985
0.050000,0.09033340962844282,0.5322346837567712
0.052000,0.15625238422217136,0.5786221103227284
0.054000,0.041504539559014265,0.39795529106584265
0.056000,-0.06347753109025711,0.36865796902418557
0.058000,0.10986495765621423,0.2880903334096284
0.060000,-0.02929732204165713,0.3076218814373999
0.062000,0.061036087586785685,0.29785610742351415
0.064000,-0.13916227969787137,0.5566491187914855
0.066000,-0.05859464408331426,0.3637750820172427
0.068000,0.036621652552071414,0.4882887006942855
0.070000,0.10986495765621423,0.5004959182116426
0.072000,0.004882887006942855,0.3442435339894713
0.074000,0.08300907911802853,0.42236972610055695
0.076000,-0.0024414435034714275,0.5664148928053712
0.078000,0.08300907911802853,0.31494621194781414
0.080000,0.041504539559014265,0.39795529106584265
0.082000,0.08056763561455711,0.46631570916304266
0.084000,0.03418020904859999,0.3930724040588998
0.086000,-0.09277485313191425,0.35156786449988553
0.088000,-0.00976577401388571,0.5249103532463569
0.090000,0.017090104524299994,0.5810635538261998
0.092000,0.08789196612497138,0.388189517051957
0.094000,-0.08545052262149996,0.48340581368734264
0.096000,0.00976577401388571,0.30518043793392846
0.098000,0.07324330510414283,0.4370183871213855
0.100000,-0.09277485313191425,0.571297779812314
0.102000,-0.09277485313191425,0.5590905622949569
0.104000,0.07324330510414283,0.37842374303807125
0.106000,-0.0073243305104142824,0.3076218814373999
0.108000,0.15625238422217136,0.4931715877012284
0.110000,-0.08789196612497138,0.5517662317845426
0.112000,0.11230640115968567,0.46387426565957124
0.114000,-0.07568474860761425,0.34180209048599985
0.116000,0.11230640115968567,0.4321355001144427
0.118000,-0.08545052262149996,0.43945983062485694
0.120000,0.08545052262149996,0.4101625085831998
0.122000,-0.04882887006942855,0.4614328221560998
0.124000,0.07324330510414283,0.5175860227359427
0.126000,0.08545052262149996,0.4321355001144427
0.128000,-0.09521629663538567,0.40039673456931413
0.130000,0.11963073167009995,0.302738994430457
0.132000,0.024414435034714275,0.4907301441977569
0.134000,-0.0024414435034714275,0.32227054245822845
0.136000,0.15381094071869994,0.5688563363088426
0.138000,0.03418020904859999,0.39551384756237123
0.140000,0.012207217517357137,0.40527962157625697
0.142000,0.1245136186770428,0.388189517051957
0.144000,0.0073243305104142824,0.3735408560311284
0.146000,0.16601815823605706,0.38330663004501414
0.148000,0.09277485313191425,0.46387426565957124
0.150000,-0.06836041809719998,0.5224689097428855
0.152000,0.1245136186770428,0.4126039520866712
0.154000,0.021972991531242846,0.5615320057984283
0.156000,-0.11963073167009995,0.5932707713435569
0.158000,0.04394598306248569,0.3100633249408713
0.160000,0.031738765545128556,0.354009308003357
0.162000,0.12695506218051422,0.48340581368734264
0.164000,0.0708018616006714,0.3564507515068284
0.166000,0.12695506218051422,0.33447775997558554
0.168000,-0.09277485313191425,0.5200274662394141
0.170000,-0.031738765545128556,0.5786221103227284
0.172000,-0.03906309605554284,0.39795529106584265
0.174000,-0.08300907911802853,0.5175860227359427
0.176000,0.12695506218051422,0.5102616922255283
0.178000,0.056153200579842834,0.5224689097428855
0.180000,-0.04882887006942855,0.34180209048599985
0.182000,-0.12207217517357137,0.31738765545128556
0.184000,0.11963073167009995,0.5542076752880141
0.186000,-0.05859464408331426,0.33447775997558554
0.188000,0.04394598306248569,0.30518043793392846
0.190000,-0.08789196612497138,0.4370183871213855
0.192000,0.10254062714579995,0.5053788052185855
0.194000,0.041504539559014265,0.32227054245822845
0.196000,0.00976577401388571,0.36133363851377126
0.198000,0.08789196612497138,0.388189517051957
0.200000,0.00976577401388571,0.371099412527657
0.202000,0.05371175707637141,0.4614328221560998
0.204000,0.06836041809719998,0.3491264209964141
0.206000,0.031738765545128556,0.5908293278400855
0.208000,0.09033340962844282,0.5810635538261998
0.210000,-0.061036087586785685,0.40283817807278555
0.212000,-0.06591897459372854,0.6030365453574426
0.214000,0.01953154802777142,0.6030365453574426
0.216000,-0.08789196612497138,0.4907301441977569
0.218000,-0.09033340962844282,0.4345769436179141
0.220000,0.16113527122911422,0.319829098954757
0.222000,0.1513694972152285,0.3930724040588998
0.224000,-0.04882887006942855,0.537117570763714
0.226000,0.0073243305104142824,0.3662165255207141
0.228000,0.0708018616006714,0.4882887006942855
0.230000,0.01953154802777142,0.44678416113527125
0.232000,0.06347753109025711,0.4980544747081712
0.234000,0.1416037232013428,0.5542076752880141
0.236000,0.07324330510414283,0.5224689097428855
0.238000,0.05371175707637141,0.41992828259708553
0.240000,-0.05859464408331426,0.5297932402532998
0.242000,0.051270313572899975,0.5786221103227284
0.244000,-0.041504539559014265,0.3662165255207141
0.246000,0.06836041809719998,0.5175860227359427
0.248000,0.061036087586785685,0.4150453955901427
0.250000,0.03418020904859999,0.33447775997558554
0.252000,0.10986495765621423,0.4931715877012284
0.254000,0.07324330510414283,0.5175860227359427
0.256000,0.12939650568398567,0.354009308003357
0.258000,0.061036087586785685,0.571297779812314
0.260000,0.16113527122911422,0.4956130312046998
0.262000,0.10742351415274282,0.32471198596169987
0.264000,0.09033340962844282,0.6030365453574426
0.266000,-0.017090104524299994,0.48340581368734264
0.268000,-0.01953154802777142,0.3637750820172427
0.270000,-0.07812619211108568,0.5737392233157854
0.272000,0.14648661020828566,0.5346761272602426
0.274000,-0.06347753109025711,0.4101625085831998
0.276000,-0.08545052262149996,0.336919203479057
0.278000,0.08300907911802853,0.5590905622949569
0.280000,0.056153200579842834,0.44922560463874267
0.282000,0.014648661020828565,0.40283817807278555
0.284000,0.031738765545128556,0.46387426565957124
0.286000,-0.061036087586785685,0.4126039520866712
0.288000,0.11474784466315709,0.4101625085831998
0.290000,0.1416037232013428,0.6030365453574426
0.292000,0.15625238422217136,0.5322346837567712
0.294000,-0.017090104524299994,0.5981536583504997
0.296000,-0.06836041809719998,0.336919203479057
0.298000,0.12939650568398567,0.4736400396734569
0.300000,0.07812619211108568,0.6030365453574426
0.302000,-0.08300907911802853,0.5786221103227284
0.304000,0.09033340962844282,0.4150453955901427
0.306000,-0.07324330510414283,0.4687571526665141
0.308000,-0.036621652552071414,0.40527962157625697
0.310000,0.17090104524299993,0.48340581368734264
0.312000,0.09521629663538567,0.354009308003357
0.314000,0.04394598306248569,0.4321355001144427
0.316000,0.046387426565957124,0.5566491187914855
0.318000,0.04882887006942855,0.4345769436179141
0.320000,0.10498207064927138,0.4785229266803998
0.322000,0.08056763561455711,0.43945983062485694
0.324000,-0.10009918364232853,0.5322346837567712
0.326000,-0.0708018616006714,0.5078202487220569
0.328000,0.15869382772564278,0.4687571526665141
0.330000,0.12207217517357137,0.4711985961699855
0.332000,0.012207217517357137,0.5566491187914855
0.334000,0.06591897459372854,0.42969405661097126
0.336000,0.1855497062638285,0.5102616922255283
0.338000,-0.046387426565957124,0.4345769436179141
0.340000,-0.061036087586785685,0.5468833447775998
0.342000,0.1855497062638285,0.5078202487220569
0.344000,-0.09033340962844282,0.42236972610055695
0.346000,-0.08056763561455711,0.5151445792324711
0.348000,-0.05859464408331426,0.5786221103227284
0.350000,0.16113527122911422,0.502937361715114
0.352000,0.11963073167009995,0.5810635538261998
0.354000,-0.09277485313191425,0.3637750820172427
0.356000,0.11474784466315709,0.5102616922255283
0.358000,-0.031738765545128556,0.3442435339894713
0.360000,-0.046387426565957124,0.5127031357289997
0.362000,0.0073243305104142824,0.42236972610055695
0.364000,0.014648661020828565,0.5249103532463569
0.366000,0.1440451667048142,0.5688563363088426
0.368000,0.06347753109025711,0.5102616922255283
0.370000,0.1440451667048142,0.5981536583504997
0.372000,-0.051270313572899975,0.5175860227359427
0.374000,0.026855878538185704,0.40527962157625697
0.376000,-0.05371175707637141,0.5859464408331426
0.378000,-0.07324330510414283,0.4565499351491569
0.380000,0.07812619211108568,0.41992828259708553
0.382000,0.0708018616006714,0.39795529106584265
0.384000,0.0,0.3637750820172427
0.386000,0.14892805371175707,0.371099412527657
0.388000,-0.0073243305104142824,0.5664148928053712
0.390000,0.17578393224994276,0.5664148928053712
0.392000,0.1318379491874571,0.5151445792324711
0.394000,0.017090104524299994,0.588387884336614
0.396000,-0.021972991531242846,0.5908293278400855
0.398000,-0.021972991531242846,0.4077210650797284
0.400000,0.07324330510414283,0.6274509803921569
0.402000,-0.07324330510414283,0.3564507515068284
0.404000,0.06836041809719998,0.4614328221560998
0.406000,-0.061036087586785685,0.4101625085831998
0.408000,0.1782253757534142,0.40283817807278555
0.410000,-0.04394598306248569,0.371099412527657
0.412000,0.19043259327077133,0.35889219501029984
0.414000,-0.07324330510414283,0.35156786449988553
0.416000,0.012207217517357137,0.6079194323643854
0.418000,0.031738765545128556,0.46387426565957124
0.420000,0.1953154802777142,0.5859464408331426
0.422000,0.07324330510414283,0.588387884336614
0.424000,0.12207217517357137,0.4541084916456855
0.426000,-0.00976577401388571,0.336919203479057
0.428000,0.0708018616006714,0.622568093385214
0.430000,0.03418020904859999,0.4077210650797284
0.432000,0.09033340962844282,0.4126039520866712
0.434000,0.11963073167009995,0.6201266498817426
0.436000,0.046387426565957124,0.605477988860914
0.438000,-0.08300907911802853,0.6201266498817426
0.440000,0.09521629663538567,0.5737392233157854
0.442000,0.08789196612497138,0.38086518654154267
0.444000,-0.017090104524299994,0.4541084916456855
0.446000,-0.08300907911802853,0.46387426565957124
0.448000,-0.05859464408331426,0.537117570763714
0.450000,0.17334248874647135,0.35889219501029984
0.452000,0.16113527122911422,0.5395590142671854
0.454000,0.1245136186770428,0.5810635538261998
0.456000,0.07812619211108568,0.5468833447775998
0.458000,-0.03906309605554284,0.5468833447775998
0.460000,0.13672083619439995,0.5737392233157854
0.462000,-0.0708018616006714,0.6030365453574426
0.464000,0.11230640115968567,0.5542076752880141
0.466000,-0.05371175707637141,0.5078202487220569
0.468000,0.2050812542915999,0.35889219501029984
0.470000,0.0024414435034714275,0.38574807354848556
0.472000,0.21484702830548563,0.5297932402532998
0.474000,0.00976577401388571,0.6201266498817426
0.476000,0.031738765545128556,0.5517662317845426
0.478000,-0.012207217517357137,0.3906309605554284
0.480000,-0.004882887006942855,0.5004959182116426
0.482000,0.19287403677424278,0.37598229953459983
0.484000,0.19287403677424278,0.47608148317692833
0.486000,-0.05371175707637141,0.5786221103227284
0.488000,-0.024414435034714275,0.6372167544060425
0.490000,0.15625238422217136,0.605477988860914
0.492000,-0.012207217517357137,0.48340581368734264
0.494000,-0.07568474860761425,0.571297779812314
0.496000,-0.041504539559014265,0.4687571526665141
0.498000,0.017090104524299994,0.6445410849164569
0.500000,-0.06347753109025711,0.42236972610055695
0.502000,-0.017090104524299994,0.42236972610055695
0.504000,-0.02929732204165713,0.5346761272602426
0.506000,0.19043259327077133,0.6298924238956283
0.508000,-0.014648661020828565,0.5810635538261998
0.510000,0.11963073167009995,0.5444419012741283
0.512000,0.20019836728465706,0.48584725719081406
0.514000,0.20263981078812848,0.5493247882810712
0.516000,-0.026855878538185704,0.5395590142671854
0.518000,0.0976577401388571,0.47608148317692833
0.520000,0.20996414129854277,0.5127031357289997
0.522000,0.10254062714579995,0.5102616922255283
0.524000,0.004882887006942855,0.4687571526665141
0.526000,0.03418020904859999,0.36133363851377126
0.528000,0.1684596017395285,0.4101625085831998
0.530000,-0.04882887006942855,0.4687571526665141
0.532000,0.10742351415274282,0.3735408560311284
0.534000,-0.00976577401388571,0.39795529106584265
0.536000,0.1245136186770428,0.4882887006942855
0.538000,0.11230640115968567,0.5615320057984283
0.540000,0.06347753109025711,0.5590905622949569
0.542000,0.051270313572899975,0.6030365453574426
0.544000,0.10986495765621423,0.4126039520866712
0.546000,0.21728847180895705,0.6176852063782712
0.548000,0.04882887006942855,0.6494239719233997
0.550000,-0.012207217517357137,0.622568093385214
0.552000,0.10498207064927138,0.4882887006942855
0.554000,0.12207217517357137,0.5688563363088426
0.556000,-0.051270313572899975,0.44190127412832836
0.558000,0.012207217517357137,0.4785229266803998
0.560000,0.20263981078812848,0.5688563363088426
0.562000,0.15381094071869994,0.6250095368886854
0.564000,0.05371175707637141,0.47608148317692833
0.566000,0.2050812542915999,0.44922560463874267
0.568000,0.051270313572899975,0.5273517967498283
0.570000,0.041504539559014265,0.5786221103227284
0.572000,0.15869382772564278,0.5786221103227284
0.574000,0.15869382772564278,0.40039673456931413
0.576000,-0.0024414435034714275,0.43945983062485694
0.578000,0.1416037232013428,0.6323338673990997
0.580000,0.046387426565957124,0.5151445792324711
0.582000,-0.02929732204165713,0.6323338673990997
0.584000,-0.0024414435034714275,0.5151445792324711
0.586000,0.1342793926909285,0.4907301441977569
0.588000,0.1440451667048142,0.388189517051957
0.590000,-0.036621652552071414,0.38330663004501414
0.592000,-0.05371175707637141,0.46631570916304266
0.594000,0.031738765545128556,0.571297779812314
0.596000,-0.017090104524299994,0.4809643701838712
0.598000,-0.03906309605554284,0.5639734493018997
0.600000,0.15869382772564278,0.42236972610055695
0.602000,0.14892805371175707,0.5468833447775998
0.604000,0.13672083619439995,0.5249103532463569
0.606000,-0.02929732204165713,0.5273517967498283
0.608000,-0.04394598306248569,0.656748302433814
0.610000,0.08056763561455711,0.6543068589303426
0.612000,0.16113527122911422,0.5224689097428855
0.614000,0.14648661020828566,0.571297779812314
0.616000,0.05371175707637141,0.4809643701838712
0.618000,-0.041504539559014265,0.6079194323643854
0.620000,-0.004882887006942855,0.38330663004501414
0.622000,0.036621652552071414,0.6005951018539711
0.624000,0.0073243305104142824,0.4614328221560998
0.626000,0.09033340962844282,0.36865796902418557
0.628000,0.07568474860761425,0.5175860227359427
0.630000,0.12695506218051422,0.5932707713435569
0.632000,0.06591897459372854,0.4711985961699855
0.634000,0.19775692378118562,0.6494239719233997
0.636000,0.1318379491874571,0.6665140764476997
0.638000,-0.03906309605554284,0.537117570763714
0.640000,0.2050812542915999,0.48340581368734264
0.642000,0.03906309605554284,0.4541084916456855
0.644000,-0.04394598306248569,0.5517662317845426
0.646000,0.06347753109025711,0.37598229953459983
0.648000,-0.04394598306248569,0.5053788052185855
0.650000,0.2050812542915999,0.6518654154268712
0.652000,0.06836041809719998,0.588387884336614
0.654000,0.1318379491874571,0.6128023193713283
0.656000,0.21240558480201419,0.5444419012741283
0.658000,0.12695506218051422,0.39551384756237123
0.660000,0.18799114976729991,0.5102616922255283
0.662000,0.12695506218051422,0.5493247882810712
0.664000,0.11963073167009995,0.6176852063782712
0.666000,0.1513694972152285,0.47608148317692833
0.668000,-0.046387426565957124,0.4516670481422141
0.670000,0.05371175707637141,0.44190127412832836
0.672000,0.18310826276035705,0.48584725719081406
0.674000,0.21240558480201419,0.4077210650797284
0.676000,0.1684596017395285,0.5615320057984283
0.678000,0.21972991531242847,0.42969405661097126
0.680000,0.11230640115968567,0.6445410849164569
0.682000,0.1855497062638285,0.6640726329442282
0.684000,0.012207217517357137,0.6445410849164569
0.686000,0.19287403677424278,0.6616311894407568
0.688000,0.20752269779507135,0.6420996414129855
0.690000,0.1416037232013428,0.4321355001144427
0.692000,0.13916227969787137,0.4565499351491569
0.694000,0.02929732204165713,0.5957122148470283
0.696000,0.19043259327077133,0.4272526131074998
0.698000,0.1684596017395285,0.5224689097428855
0.700000,-0.01953154802777142,0.6201266498817426
0.702000,0.21240558480201419,0.4150453955901427
0.704000,0.04882887006942855,0.5493247882810712
0.706000,0.0976577401388571,0.6079194323643854
0.708000,0.014648661020828565,0.5957122148470283
0.710000,0.25635156786449986,0.38330663004501414
0.712000,0.1513694972152285,0.5859464408331426
0.714000,0.00976577401388571,0.40039673456931413
0.716000,0.041504539559014265,0.5835049973296712
0.718000,0.20996414129854277,0.5468833447775998
0.720000,0.0708018616006714,0.6152437628747998
0.722000,0.02929732204165713,0.571297779812314
0.724000,0.02929732204165713,0.44190127412832836
0.726000,0.251468680857557,0.46631570916304266
0.728000,-0.03418020904859999,0.6128023193713283
0.730000,0.004882887006942855,0.39551384756237123
0.732000,-0.036621652552071414,0.48584725719081406
0.734000,0.15381094071869994,0.48584725719081406
0.736000,0.08545052262149996,0.5078202487220569
0.738000,-0.012207217517357137,0.5468833447775998
0.740000,0.17090104524299993,0.48584725719081406
0.742000,0.15869382772564278,0.6469825284199283
0.744000,0.12207217517357137,0.5542076752880141
0.746000,-0.021972991531242846,0.5249103532463569
0.748000,0.041504539559014265,0.5127031357289997
0.750000,0.2221713588158999,0.5297932402532998
0.752000,-0.00976577401388571,0.5542076752880141
0.754000,0.17578393224994276,0.6201266498817426
0.756000,0.2221713588158999,0.6420996414129855
0.758000,0.051270313572899975,0.6445410849164569
0.760000,0.15869382772564278,0.6103608758678569
0.762000,0.21240558480201419,0.6152437628747998
0.764000,0.22705424582284275,0.6591897459372854
0.766000,0.2392614633401999,0.5444419012741283
0.768000,0.0976577401388571,0.41992828259708553
0.770000,0.07324330510414283,0.6347753109025711
0.772000,0.09521629663538567,0.43945983062485694
0.774000,-0.03418020904859999,0.5859464408331426
0.776000,0.19775692378118562,0.4077210650797284
0.778000,-0.004882887006942855,0.5053788052185855
0.780000,0.17334248874647135,0.6323338673990997
0.782000,0.014648661020828565,0.4321355001144427
0.784000,-0.017090104524299994,0.4931715877012284
0.786000,-0.026855878538185704,0.6836041809719997
0.788000,0.16357671473258564,0.4077210650797284
0.790000,0.24414435034714274,0.5810635538261998
0.792000,0.10009918364232853,0.39795529106584265
0.794000,0.041504539559014265,0.5102616922255283
0.796000,0.16601815823605706,0.6274509803921569
0.798000,-0.021972991531242846,0.639658197909514
0.800000,0.012207217517357137,0.5835049973296712
0.802000,0.13672083619439995,0.6884870679789425
0.804000,0.10986495765621423,0.4565499351491569
0.806000,0.061036087586785685,0.6274509803921569
0.808000,0.07568474860761425,0.537117570763714
0.810000,0.15381094071869994,0.42481116960402837
0.812000,0.268558785381857,0.6201266498817426
0.814000,0.017090104524299994,0.5322346837567712
0.816000,0.1855497062638285,0.6933699549858854
0.818000,0.2050812542915999,0.588387884336614
0.820000,0.16113527122911422,0.6787212939650569
0.822000,0.18066681925688563,0.48340581368734264
0.824000,0.1440451667048142,0.48340581368734264
0.826000,0.13916227969787137,0.6103608758678569
0.828000,0.04882887006942855,0.5615320057984283
0.830000,0.12207217517357137,0.6836041809719997
0.832000,0.17578393224994276,0.6274509803921569
0.834000,0.16357671473258564,0.5322346837567712
0.836000,0.21484702830548563,0.622568093385214
0.838000,0.2734416723887999,0.45899137865262835
0.840000,0.16601815823605706,0.6713969634546425
0.842000,0.15381094071869994,0.673838406958114
0.844000,0.12939650568398567,0.5468833447775998
0.846000,0.11230640115968567,0.6665140764476997
0.848000,0.25879301136797134,0.4541084916456855
0.850000,0.05371175707637141,0.4614328221560998
0.852000,0.19775692378118562,0.6836041809719997
0.854000,0.16601815823605706,0.4126039520866712
0.856000,0.17090104524299993,0.4101625085831998
0.858000,0.14648661020828566,0.5639734493018997
0.860000,0.11474784466315709,0.41992828259708553
0.862000,0.27832455939574274,0.43945983062485694
0.864000,0.16113527122911422,0.4174868390936141
0.866000,0.031738765545128556,0.6005951018539711
0.868000,0.08056763561455711,0.4980544747081712
0.870000,0.1782253757534142,0.5273517967498283
0.872000,0.10986495765621423,0.4687571526665141
0.874000,0.1855497062638285,0.4541084916456855
0.876000,0.1318379491874571,0.5566491187914855
0.878000,0.2221713588158999,0.5346761272602426
0.880000,-0.014648661020828565,0.5053788052185855
0.882000,0.09521629663538567,0.4443427176317998
0.884000,0.23193713282978562,0.6250095368886854
0.886000,0.251468680857557,0.5981536583504997
0.888000,0.1782253757534142,0.5590905622949569
0.890000,0.2050812542915999,0.6274509803921569
0.892000,0.27100022888532843,0.5468833447775998
0.894000,0.09277485313191425,0.43945983062485694
0.896000,0.25635156786449986,0.6543068589303426
0.898000,0.12207217517357137,0.43945983062485694
0.900000,0.2465857938506142,0.6347753109025711
0.902000,-0.0024414435034714275,0.5322346837567712
0.904000,0.2661173418783856,0.42969405661097126
0.906000,0.036621652552071414,0.4711985961699855
0.908000,0.021972991531242846,0.5859464408331426
0.910000,0.021972991531242846,0.5957122148470283
0.912000,0.16113527122911422,0.6176852063782712
0.914000,0.20752269779507135,0.6836041809719997
0.916000,0.18799114976729991,0.5004959182116426
0.918000,0.23193713282978562,0.5249103532463569
0.920000,0.2880903334096284,0.6420996414129855
0.922000,0.051270313572899975,0.4614328221560998
0.924000,0.10498207064927138,0.46631570916304266
0.926000,0.16357671473258564,0.4711985961699855
0.928000,0.27832455939574274,0.4687571526665141
0.930000,0.10498207064927138,0.502937361715114
0.932000,0.026855878538185704,0.4711985961699855
0.934000,0.004882887006942855,0.6445410849164569
0.936000,0.21972991531242847,0.6762798504615855
0.938000,-0.0073243305104142824,0.5468833447775998
0.940000,0.11963073167009995,0.6543068589303426
0.942000,0.1318379491874571,0.5615320057984283
0.944000,0.21728847180895705,0.48584725719081406
0.946000,0.16113527122911422,0.44190127412832836
0.948000,0.268558785381857,0.6836041809719997
0.950000,0.251468680857557,0.4321355001144427
0.952000,0.1416037232013428,0.605477988860914
0.954000,0.21728847180895705,0.6420996414129855
0.956000,0.0708018616006714,0.6884870679789425
0.958000,0.23193713282978562,0.47608148317692833
0.960000,0.16113527122911422,0.4321355001144427
0.962000,0.1513694972152285,0.6543068589303426
0.964000,0.20752269779507135,0.42481116960402837
0.966000,0.21484702830548563,0.5835049973296712
0.968000,0.27100022888532843,0.6811627374685283
0.970000,0.23437857633325704,0.5102616922255283
0.972000,0.11474784466315709,0.5639734493018997
0.974000,0.012207217517357137,0.6152437628747998
0.976000,-0.0024414435034714275,0.6494239719233997
0.978000,0.22461280231937134,0.48584725719081406
0.980000,0.04394598306248569,0.4370183871213855
0.982000,0.20019836728465706,0.42969405661097126
0.984000,0.10254062714579995,0.6298924238956283
0.986000,0.2392614633401999,0.5517662317845426
0.988000,0.2929732204165713,0.6103608758678569
0.990000,0.08789196612497138,0.5639734493018997
0.992000,0.26123445487144276,0.4443427176317998
0.994000,0.02929732204165713,0.46387426565957124
0.996000,0.04394598306248569,0.6982528419928282
0.998000,0.09277485313191425,0.5346761272602426
1.000000,0.24414435034714274,0.4370183871213855
1.002000,0.2465857938506142,0.4956130312046998
1.004000,0.27100022888532843,0.5004959182116426
1.006000,0.08300907911802853,0.48584725719081406
1.008000,0.0708018616006714,0.6787212939650569
1.010000,0.2661173418783856,0.690928511482414
1.012000,0.25635156786449986,0.6079194323643854
1.014000,0.014648661020828565,0.47608148317692833
1.016000,0.05859464408331426,0.5322346837567712
1.018000,0.13916227969787137,0.4809643701838712
1.020000,0.2734416723887999,0.6128023193713283
1.022000,0.1684596017395285,0.7006942854962996
1.024000,0.16113527122911422,0.6445410849164569
1.026000,0.30518043793392846,0.7177843900205997
1.028000,0.2661173418783856,0.6787212939650569
1.030000,0.04882887006942855,0.5395590142671854
1.032000,0.09033340962844282,0.4785229266803998
1.034000,0.29785610742351415,0.6494239719233997
1.036000,0.2221713588158999,0.4370183871213855
1.038000,0.20019836728465706,0.6713969634546425
1.040000,0.22705424582284275,0.673838406958114
1.042000,0.04394598306248569,0.6445410849164569
1.044000,0.11963073167009995,0.6250095368886854
1.046000,0.2832074464026856,0.6958113984893568
1.048000,0.017090104524299994,0.6616311894407568
1.050000,0.1440451667048142,0.4321355001144427
1.052000,0.07812619211108568,0.5566491187914855
1.054000,0.056153200579842834,0.7055771725032426
1.056000,0.16113527122911422,0.502937361715114
1.058000,0.23682001983672846,0.7031357289997711
1.060000,0.07324330510414283,0.44190127412832836
1.062000,0.24170290684367132,0.5004959182116426
1.064000,0.1782253757534142,0.673838406958114
1.066000,0.2661173418783856,0.5322346837567712
1.068000,0.17334248874647135,0.7299916075379568
1.070000,0.2734416723887999,0.6274509803921569
1.072000,0.08056763561455711,0.6762798504615855
1.074000,0.1245136186770428,0.5444419012741283
1.076000,0.021972991531242846,0.6030365453574426
1.078000,0.1318379491874571,0.4711985961699855
1.080000,0.10986495765621423,0.7055771725032426
1.082000,0.07324330510414283,0.7177843900205997
1.084000,0.051270313572899975,0.690928511482414
1.086000,0.2832074464026856,0.5688563363088426
1.088000,0.08056763561455711,0.6274509803921569
1.090000,0.18310826276035705,0.622568093385214
1.092000,0.1416037232013428,0.44190127412832836
1.094000,0.2734416723887999,0.4785229266803998
1.096000,0.09521629663538567,0.5249103532463569
1.098000,0.21972991531242847,0.605477988860914
1.100000,0.302738994430457,0.6201266498817426
1.102000,0.25391012436102844,0.5639734493018997
1.104000,0.26123445487144276,0.6591897459372854
1.106000,0.05859464408331426,0.5932707713435569
1.108000,0.024414435034714275,0.44190127412832836
1.110000,0.24170290684367132,0.5395590142671854
1.112000,0.2880903334096284,0.5786221103227284
1.114000,0.2490272373540856,0.4541084916456855
1.116000,0.20752269779507135,0.44678416113527125
1.118000,0.22461280231937134,0.7324330510414282
1.120000,0.1684596017395285,0.6518654154268712
1.122000,0.10009918364232853,0.6884870679789425
1.124000,0.21484702830548563,0.6201266498817426
1.126000,0.10009918364232853,0.6958113984893568
1.128000,0.15869382772564278,0.6665140764476997
1.130000,0.12695506218051422,0.44678416113527125
1.132000,0.16357671473258564,0.6298924238956283
1.134000,0.1416037232013428,0.5590905622949569
1.136000,0.02929732204165713,0.5297932402532998
1.138000,0.20019836728465706,0.708018616006714
1.140000,0.1513694972152285,0.7226672770275425
1.142000,0.13672083619439995,0.6030365453574426
1.144000,0.026855878538185704,0.7373159380483711
1.146000,0.2832074464026856,0.5761806668192568
1.148000,0.23437857633325704,0.5444419012741283
1.150000,0.2050812542915999,0.5957122148470283
1.152000,0.19287403677424278,0.4565499351491569
1.154000,0.13916227969787137,0.5151445792324711
1.156000,0.30518043793392846,0.7031357289997711
1.158000,0.31494621194781414,0.6298924238956283
1.160000,0.20019836728465706,0.4687571526665141
1.162000,0.14892805371175707,0.5395590142671854
1.164000,0.17578393224994276,0.4711985961699855
1.166000,0.2880903334096284,0.5395590142671854
1.168000,0.26123445487144276,0.7275501640344854
1.170000,0.20263981078812848,0.5127031357289997
1.172000,0.10986495765621423,0.6176852063782712
1.174000,0.2905317769130999,0.5249103532463569
1.176000,0.11718928816662852,0.6665140764476997
1.178000,0.2880903334096284,0.5200274662394141
1.180000,0.08545052262149996,0.5835049973296712
1.182000,0.29541466392004273,0.622568093385214
1.184000,0.036621652552071414,0.7495231555657282
1.186000,0.046387426565957124,0.6372167544060425
1.188000,0.10742351415274282,0.502937361715114
1.190000,0.06591897459372854,0.5200274662394141
1.192000,0.1782253757534142,0.7397573815518426
1.194000,0.046387426565957124,0.47608148317692833
1.196000,0.1318379491874571,0.537117570763714
1.198000,0.1855497062638285,0.6005951018539711
1.200000,0.15625238422217136,0.7299916075379568
1.202000,0.21240558480201419,0.5420004577706569
1.204000,0.17578393224994276,0.5737392233157854
1.206000,0.31738765545128556,0.6176852063782712
1.208000,0.2832074464026856,0.6933699549858854
1.210000,0.2734416723887999,0.6323338673990997
1.212000,0.29541466392004273,0.5493247882810712
1.214000,0.31494621194781414,0.5346761272602426
1.216000,0.31738765545128556,0.6713969634546425
1.218000,0.07324330510414283,0.6884870679789425
1.220000,0.17578393224994276,0.5078202487220569
1.222000,0.04394598306248569,0.4687571526665141
1.224000,0.17090104524299993,0.7153429465171283
1.226000,0.07568474860761425,0.4614328221560998
1.228000,0.10009918364232853,0.7031357289997711
1.230000,0.2758831158922713,0.690928511482414
1.232000,0.23437857633325704,0.5468833447775998
1.234000,0.27100022888532843,0.7348744945448997
1.236000,0.2905317769130999,0.5322346837567712
1.238000,0.18799114976729991,0.46631570916304266
1.240000,0.061036087586785685,0.4687571526665141
1.242000,0.1440451667048142,0.673838406958114
1.244000,0.16113527122911422,0.5127031357289997
1.246000,0.12695506218051422,0.5151445792324711
1.248000,0.26123445487144276,0.5004959182116426
1.250000,0.056153200579842834,0.6176852063782712
1.252000,0.14648661020828566,0.7031357289997711
1.254000,0.08789196612497138,0.7299916075379568
1.256000,0.08056763561455711,0.4711985961699855
1.258000,0.09521629663538567,0.708018616006714
1.260000,0.11474784466315709,0.6323338673990997
1.262000,0.1440451667048142,0.6250095368886854
1.264000,0.24170290684367132,0.7226672770275425
1.266000,0.32227054245822845,0.7470817120622568
1.268000,0.07324330510414283,0.5102616922255283
1.270000,0.20996414129854277,0.7031357289997711
1.272000,0.3100633249408713,0.48584725719081406
1.274000,0.30518043793392846,0.7104600595101854
1.276000,0.15869382772564278,0.6298924238956283
1.278000,0.24414435034714274,0.6005951018539711
1.280000,0.12695506218051422,0.7495231555657282
1.282000,0.33936064698252844,0.6836041809719997
1.284000,0.2221713588158999,0.5468833447775998
1.286000,0.08300907911802853,0.5249103532463569
1.288000,0.22461280231937134,0.6128023193713283
1.290000,0.1513694972152285,0.5346761272602426
1.292000,0.18799114976729991,0.673838406958114
1.294000,0.3295948729686427,0.6689555199511711
1.296000,0.34180209048599985,0.5395590142671854
1.298000,0.20019836728465706,0.5395590142671854
1.300000,0.31494621194781414,0.6128023193713283
1.302000,0.1440451667048142,0.6298924238956283
1.304000,0.21972991531242847,0.5688563363088426
1.306000,0.1513694972152285,0.5200274662394141
1.308000,0.1342793926909285,0.5346761272602426
1.310000,0.32471198596169987,0.690928511482414
1.312000,0.2905317769130999,0.6640726329442282
1.314000,0.25391012436102844,0.5517662317845426
1.316000,0.27832455939574274,0.4907301441977569
1.318000,0.2661173418783856,0.7275501640344854
1.320000,0.1513694972152285,0.48340581368734264
1.322000,0.1953154802777142,0.4785229266803998
1.324000,0.302738994430457,0.656748302433814
1.326000,0.21240558480201419,0.6543068589303426
1.328000,0.2221713588158999,0.7055771725032426
1.330000,0.24414435034714274,0.6811627374685283
1.332000,0.27832455939574274,0.7324330510414282
1.334000,0.10009918364232853,0.6005951018539711
1.336000,0.2880903334096284,0.4809643701838712
1.338000,0.18310826276035705,0.48584725719081406
1.340000,0.2050812542915999,0.5542076752880141
1.342000,0.07324330510414283,0.5468833447775998
1.344000,0.3491264209964141,0.6274509803921569
1.346000,0.2392614633401999,0.4956130312046998
1.348000,0.16357671473258564,0.7617303730830853
1.350000,0.3125047684443427,0.5761806668192568
1.352000,0.12695506218051422,0.5639734493018997
1.354000,0.0708018616006714,0.7739375906004425
1.356000,0.10742351415274282,0.4980544747081712
1.358000,0.12207217517357137,0.5664148928053712
1.360000,0.2929732204165713,0.6713969634546425
1.362000,0.08056763561455711,0.5566491187914855
1.364000,0.0976577401388571,0.5420004577706569
1.366000,0.22461280231937134,0.5322346837567712
1.368000,0.2465857938506142,0.5102616922255283
1.370000,0.19287403677424278,0.7055771725032426
1.372000,0.15869382772564278,0.4956130312046998
1.374000,0.1416037232013428,0.6884870679789425
1.376000,0.319829098954757,0.6494239719233997
1.378000,0.319829098954757,0.5053788052185855
1.380000,0.29785610742351415,0.7788204776073854
1.382000,0.2490272373540856,0.6665140764476997
1.384000,0.23682001983672846,0.6591897459372854
1.386000,0.11718928816662852,0.7739375906004425
1.388000,0.12939650568398567,0.4931715877012284
1.390000,0.1318379491874571,0.5590905622949569
1.392000,0.18310826276035705,0.7202258335240711
1.394000,0.1416037232013428,0.7519645990691997
1.396000,0.17578393224994276,0.7006942854962996
1.398000,0.1245136186770428,0.4980544747081712
1.400000,0.24414435034714274,0.588387884336614
1.402000,0.17090104524299993,0.6836041809719997
1.404000,0.3564507515068284,0.5517662317845426
1.406000,0.3320363164721141,0.588387884336614
1.408000,0.3491264209964141,0.6836041809719997
1.410000,0.1245136186770428,0.5688563363088426
1.412000,0.17090104524299993,0.6445410849164569
1.414000,0.1513694972152285,0.5517662317845426
1.416000,0.09521629663538567,0.5175860227359427
1.418000,0.27832455939574274,0.7397573815518426
1.420000,0.2661173418783856,0.7324330510414282
1.422000,0.06591897459372854,0.6347753109025711
1.424000,0.2465857938506142,0.7666132600900283
1.426000,0.15381094071869994,0.6689555199511711
1.428000,0.2905317769130999,0.7495231555657282
1.430000,0.33936064698252844,0.7373159380483711
1.432000,0.2490272373540856,0.5786221103227284
1.434000,0.302738994430457,0.5322346837567712
1.436000,0.22949568932631417,0.6958113984893568
1.438000,0.1855497062638285,0.7861448081177996
1.440000,0.0976577401388571,0.6128023193713283
1.442000,0.07568474860761425,0.6958113984893568
1.444000,0.14648661020828566,0.5395590142671854
1.446000,0.13672083619439995,0.5468833447775998
1.448000,0.3271534294651713,0.7202258335240711
1.450000,0.08300907911802853,0.6347753109025711
1.452000,0.08789196612497138,0.7788204776073854
1.454000,0.09521629663538567,0.6616311894407568
1.456000,0.35889219501029984,0.6640726329442282
1.458000,0.33447775997558554,0.6152437628747998
1.460000,0.19287403677424278,0.6152437628747998
1.462000,0.268558785381857,0.7397573815518426
1.464000,0.354009308003357,0.5786221103227284
1.466000,0.07324330510414283,0.6787212939650569
1.468000,0.08789196612497138,0.690928511482414
1.470000,0.20019836728465706,0.7788204776073854
1.472000,0.25391012436102844,0.5542076752880141
1.474000,0.19775692378118562,0.5957122148470283
1.476000,0.26123445487144276,0.7373159380483711
1.478000,0.07568474860761425,0.5273517967498283
1.480000,0.19287403677424278,0.5786221103227284
1.482000,0.1684596017395285,0.742198825055314
1.484000,0.3295948729686427,0.588387884336614
1.486000,0.1342793926909285,0.6665140764476997
1.488000,0.21484702830548563,0.7959105821316853
1.490000,0.2050812542915999,0.6079194323643854
1.492000,0.20263981078812848,0.6128023193713283
1.494000,0.251468680857557,0.7617303730830853
1.496000,0.1782253757534142,0.6152437628747998
1.498000,0.36133363851377126,0.6518654154268712
1.500000,0.20263981078812848,0.6811627374685283
1.502000,0.3100633249408713,0.5249103532463569
1.504000,0.12207217517357137,0.5615320057984283
1.506000,0.10498207064927138,0.5932707713435569
1.508000,0.21972991531242847,0.6884870679789425
1.510000,0.1782253757534142,0.5224689097428855
1.512000,0.2636758983749142,0.5420004577706569
1.514000,0.16357671473258564,0.7470817120622568
1.516000,0.21240558480201419,0.7983520256351568
1.518000,0.14648661020828566,0.5322346837567712
1.520000,0.23682001983672846,0.5810635538261998
1.522000,0.08300907911802853,0.673838406958114
1.524000,0.3125047684443427,0.5346761272602426
1.526000,0.371099412527657,0.6128023193713283
1.528000,0.35156786449988553,0.6591897459372854
1.530000,0.14892805371175707,0.5932707713435569
1.532000,0.22461280231937134,0.5957122148470283
1.534000,0.20752269779507135,0.7324330510414282
1.536000,0.33447775997558554,0.6201266498817426
1.538000,0.20996414129854277,0.7202258335240711
1.540000,0.302738994430457,0.5322346837567712
1.542000,0.10742351415274282,0.7299916075379568
1.544000,0.336919203479057,0.6958113984893568
1.546000,0.19287403677424278,0.6469825284199283
1.548000,0.11230640115968567,0.6298924238956283
1.550000,0.1416037232013428,0.6079194323643854
1.552000,0.35889219501029984,0.5737392233157854
1.554000,0.1782253757534142,0.5517662317845426
1.556000,0.18799114976729991,0.5615320057984283
1.558000,0.1684596017395285,0.5688563363088426
1.560000,0.13916227969787137,0.6079194323643854
1.562000,0.10742351415274282,0.6591897459372854
1.564000,0.37598229953459983,0.7495231555657282
1.566000,0.2221713588158999,0.7812619211108568
1.568000,0.1416037232013428,0.6543068589303426
1.570000,0.22949568932631417,0.7177843900205997
1.572000,0.16357671473258564,0.7910276951247425
1.574000,0.17090104524299993,0.5981536583504997
1.576000,0.33447775997558554,0.7544060425726711
1.578000,0.27832455939574274,0.7495231555657282
1.580000,0.09033340962844282,0.588387884336614
1.582000,0.17578393224994276,0.7959105821316853
1.584000,0.3466849774929427,0.6665140764476997
1.586000,0.302738994430457,0.588387884336614
1.588000,0.3662165255207141,0.6591897459372854
1.590000,0.11963073167009995,0.7592889295796139
1.592000,0.11474784466315709,0.5981536583504997
1.594000,0.20752269779507135,0.7055771725032426
1.596000,0.2465857938506142,0.6420996414129855
1.598000,0.1342793926909285,0.8056763561455711
1.600000,0.11474784466315709,0.5151445792324711
1.602000,0.3662165255207141,0.6372167544060425
1.604000,0.319829098954757,0.571297779812314
1.606000,0.1245136186770428,0.6420996414129855
1.608000,0.29785610742351415,0.673838406958114
1.610000,0.34180209048599985,0.7666132600900283
1.612000,0.17578393224994276,0.6640726329442282
1.614000,0.3564507515068284,0.5590905622949569
1.616000,0.38574807354848556,0.6762798504615855
1.618000,0.16113527122911422,0.537117570763714
1.620000,0.15625238422217136,0.5761806668192568
1.622000,0.15381094071869994,0.5761806668192568
1.624000,0.38330663004501414,0.6958113984893568
1.626000,0.31738765545128556,0.605477988860914
1.628000,0.30029755092698557,0.7544060425726711
1.630000,0.3735408560311284,0.7959105821316853
1.632000,0.35156786449988553,0.5957122148470283
1.634000,0.12939650568398567,0.537117570763714
1.636000,0.36865796902418557,0.5639734493018997
1.638000,0.3662165255207141,0.6274509803921569
1.640000,0.38574807354848556,0.6347753109025711
1.642000,0.19775692378118562,0.7251087205310139
1.644000,0.3662165255207141,0.6347753109025711
1.646000,0.22949568932631417,0.7226672770275425
1.648000,0.18066681925688563,0.6665140764476997
1.650000,0.25879301136797134,0.7617303730830853
1.652000,0.33936064698252844,0.7446402685587854
1.654000,0.2465857938506142,0.7690547035934997
1.656000,0.268558785381857,0.605477988860914
1.658000,0.2050812542915999,0.5395590142671854
1.660000,0.37598229953459983,0.7519645990691997
1.662000,0.21240558480201419,0.6079194323643854
1.664000,0.16601815823605706,0.6201266498817426
1.666000,0.11718928816662852,0.788586251621271
1.668000,0.1782253757534142,0.6445410849164569
1.670000,0.14648661020828566,0.7861448081177996
1.672000,0.285648889906157,0.7592889295796139
1.674000,0.16357671473258564,0.6591897459372854
1.676000,0.3320363164721141,0.6543068589303426
1.678000,0.29541466392004273,0.7666132600900283
1.680000,0.15625238422217136,0.622568093385214
1.682000,0.3930724040588998,0.7373159380483711
1.684000,0.16357671473258564,0.7837033646143282
1.686000,0.11963073167009995,0.7495231555657282
1.688000,0.11718928816662852,0.5664148928053712
1.690000,0.1318379491874571,0.6933699549858854
1.692000,0.2758831158922713,0.6860456244754711
1.694000,0.17334248874647135,0.5517662317845426
1.696000,0.19775692378118562,0.5468833447775998
1.698000,0.22949568932631417,0.5688563363088426
1.700000,0.18310826276035705,0.7739375906004425
1.702000,0.26123445487144276,0.6103608758678569
1.704000,0.40527962157625697,0.8032349126420997
1.706000,0.1440451667048142,0.6152437628747998
1.708000,0.319829098954757,0.6713969634546425
1.710000,0.19775692378118562,0.6323338673990997
1.712000,0.2661173418783856,0.7739375906004425
1.714000,0.2636758983749142,0.5517662317845426
1.716000,0.35889219501029984,0.6982528419928282
1.718000,0.1416037232013428,0.6836041809719997
1.720000,0.39551384756237123,0.7495231555657282
1.722000,0.25391012436102844,0.6665140764476997
1.724000,0.38574807354848556,0.6958113984893568
1.726000,0.2221713588158999,0.7983520256351568
1.728000,0.3100633249408713,0.5688563363088426
1.730000,0.2636758983749142,0.5664148928053712
1.732000,0.1953154802777142,0.6982528419928282
1.734000,0.3491264209964141,0.6445410849164569
1.736000,0.371099412527657,0.7568474860761425
1.738000,0.251468680857557,0.6420996414129855
1.740000,0.2465857938506142,0.7104600595101854
1.742000,0.22705424582284275,0.7251087205310139
1.744000,0.28076600289921416,0.6787212939650569
1.746000,0.3662165255207141,0.5908293278400855
1.748000,0.11718928816662852,0.5688563363088426
1.750000,0.12695506218051422,0.6030365453574426
1.752000,0.19287403677424278,0.6591897459372854
1.754000,0.3271534294651713,0.6689555199511711
1.756000,0.15625238422217136,0.7006942854962996
1.758000,0.3735408560311284,0.7788204776073854
1.760000,0.18310826276035705,0.8154421301594568
1.762000,0.20996414129854277,0.5810635538261998
1.764000,0.30029755092698557,0.5420004577706569
1.766000,0.40527962157625697,0.7006942854962996
1.768000,0.23437857633325704,0.5420004577706569
1.770000,0.19043259327077133,0.8056763561455711
1.772000,0.29541466392004273,0.5859464408331426
1.774000,0.1245136186770428,0.7006942854962996
1.776000,0.3930724040588998,0.7348744945448997
1.778000,0.18799114976729991,0.6616311894407568
1.780000,0.4101625085831998,0.5688563363088426
1.782000,0.2392614633401999,0.6933699549858854
1.784000,0.21972991531242847,0.639658197909514
1.786000,0.3076218814373999,0.6176852063782712
1.788000,0.20752269779507135,0.7006942854962996
1.790000,0.3906309605554284,0.6860456244754711
1.792000,0.21972991531242847,0.7446402685587854
1.794000,0.25879301136797134,0.7177843900205997
1.796000,0.2465857938506142,0.8203250171663996
1.798000,0.15869382772564278,0.742198825055314
1.800000,0.1684596017395285,0.6176852063782712
1.802000,0.15625238422217136,0.5737392233157854
1.804000,0.3295948729686427,0.7910276951247425
1.806000,0.27100022888532843,0.6811627374685283
1.808000,0.319829098954757,0.6713969634546425
1.810000,0.31738765545128556,0.5737392233157854
1.812000,0.3735408560311284,0.656748302433814
1.814000,0.388189517051957,0.7006942854962996
1.816000,0.4126039520866712,0.6640726329442282
1.818000,0.3442435339894713,0.7348744945448997
1.820000,0.23682001983672846,0.7910276951247425
1.822000,0.38086518654154267,0.5664148928053712
1.824000,0.3491264209964141,0.656748302433814
1.826000,0.19775692378118562,0.7934691386282139
1.828000,0.36133363851377126,0.6298924238956283
1.830000,0.29541466392004273,0.6005951018539711
1.832000,0.16601815823605706,0.776379034103914
1.834000,0.251468680857557,0.6323338673990997
1.836000,0.18066681925688563,0.7129015030136568
1.838000,0.20019836728465706,0.6445410849164569
1.840000,0.1953154802777142,0.7470817120622568
1.842000,0.33936064698252844,0.7519645990691997
1.844000,0.32227054245822845,0.5664148928053712
1.846000,0.22949568932631417,0.8349736781872282
1.848000,0.22705424582284275,0.6420996414129855
1.850000,0.1782253757534142,0.6616311894407568
1.852000,0.21240558480201419,0.8398565651941711
1.854000,0.20263981078812848,0.6298924238956283
1.856000,0.319829098954757,0.7788204776073854
1.858000,0.30518043793392846,0.6347753109025711
1.860000,0.3466849774929427,0.6543068589303426
1.862000,0.3466849774929427,0.5590905622949569
1.864000,0.34180209048599985,0.742198825055314
1.866000,0.17090104524299993,0.7690547035934997
1.868000,0.2465857938506142,0.7104600595101854
1.870000,0.3930724040588998,0.7324330510414282
1.872000,0.2832074464026856,0.5639734493018997
1.874000,0.33447775997558554,0.7202258335240711
1.876000,0.2392614633401999,0.7275501640344854
1.878000,0.3637750820172427,0.5615320057984283
1.880000,0.1342793926909285,0.7202258335240711
1.882000,0.35889219501029984,0.639658197909514
1.884000,0.3735408560311284,0.8056763561455711
1.886000,0.354009308003357,0.6445410849164569
1.888000,0.29785610742351415,0.6787212939650569
1.890000,0.16601815823605706,0.673838406958114
1.892000,0.16601815823605706,0.7568474860761425
1.894000,0.1855497062638285,0.7641718165865568
1.896000,0.33936064698252844,0.7788204776073854
1.898000,0.40283817807278555,0.7861448081177996
1.900000,0.3076218814373999,0.6372167544060425
1.902000,0.17090104524299993,0.639658197909514
1.904000,0.35889219501029984,0.8520637827115282
1.906000,0.285648889906157,0.6250095368886854
1.908000,0.37842374303807125,0.7446402685587854
1.910000,0.24414435034714274,0.7055771725032426
1.912000,0.43945983062485694,0.6713969634546425
1.914000,0.42481116960402837,0.6274509803921569
1.916000,0.3295948729686427,0.7348744945448997
1.918000,0.1855497062638285,0.8398565651941711
1.920000,0.27832455939574274,0.7544060425726711
1.922000,0.15625238422217136,0.7592889295796139
1.924000,0.3637750820172427,0.5932707713435569
1.926000,0.336919203479057,0.622568093385214
1.928000,0.21240558480201419,0.7812619211108568
1.930000,0.44190127412832836,0.788586251621271
1.932000,0.4101625085831998,0.7275501640344854
1.934000,0.4101625085831998,0.8252079041733424
1.936000,0.3271534294651713,0.7788204776073854
1.938000,0.3637750820172427,0.6103608758678569
1.940000,0.371099412527657,0.6103608758678569
1.942000,0.2661173418783856,0.7495231555657282
1.944000,0.35889219501029984,0.8130006866559853
1.946000,0.4101625085831998,0.5835049973296712
1.948000,0.2636758983749142,0.7470817120622568
1.950000,0.2929732204165713,0.7006942854962996
1.952000,0.3735408560311284,0.7397573815518426
1.954000,0.2465857938506142,0.742198825055314
1.956000,0.25391012436102844,0.7910276951247425
1.958000,0.17090104524299993,0.5957122148470283
1.960000,0.44678416113527125,0.5810635538261998
1.962000,0.2661173418783856,0.6005951018539711
1.964000,0.27100022888532843,0.6982528419928282
1.966000,0.22949568932631417,0.7055771725032426
1.968000,0.21484702830548563,0.6469825284199283
1.970000,0.34180209048599985,0.8374151216906996
1.972000,0.4126039520866712,0.7031357289997711
1.974000,0.2734416723887999,0.639658197909514
1.976000,0.43945983062485694,0.7910276951247425
1.978000,0.251468680857557,0.7861448081177996
1.980000,0.3320363164721141,0.7568474860761425
1.982000,0.4174868390936141,0.776379034103914
1.984000,0.2221713588158999,0.6030365453574426
1.986000,0.3100633249408713,0.7861448081177996
1.988000,0.32227054245822845,0.5761806668192568
1.990000,0.30518043793392846,0.7104600595101854
1.992000,0.44190127412832836,0.8398565651941711
1.994000,0.3637750820172427,0.6469825284199283
1.996000,0.18310826276035705,0.6543068589303426
1.998000,0.2929732204165713,0.7544060425726711
2.000000,0.1684596017395285,0.6884870679789425
2.002000,0.18799114976729991,0.874036774242771
2.004000,0.37598229953459983,0.5859464408331426
2.006000,0.15625238422217136,0.7788204776073854
2.008000,0.44190127412832836,0.7861448081177996
2.010000,0.38086518654154267,0.6176852063782712
2.012000,0.35889219501029984,0.7592889295796139
2.014000,0.354009308003357,0.8691538872358282
2.016000,0.17578393224994276,0.8471808957045853
2.018000,0.4150453955901427,0.7641718165865568
2.020000,0.42236972610055695,0.7495231555657282
2.022000,0.20263981078812848,0.8471808957045853
2.024000,0.3295948729686427,0.656748302433814
2.026000,0.20996414129854277,0.7641718165865568
2.028000,0.4077210650797284,0.7788204776073854
2.030000,0.4150453955901427,0.7129015030136568
2.032000,0.4516670481422141,0.776379034103914
2.034000,0.371099412527657,0.5957122148470283
2.036000,0.40283817807278555,0.8032349126420997
2.038000,0.4516670481422141,0.8300907911802854
2.040000,0.25391012436102844,0.6152437628747998
2.042000,0.2221713588158999,0.6665140764476997
2.044000,0.4443427176317998,0.8325322346837568
2.046000,0.23437857633325704,0.6445410849164569
2.048000,0.41992828259708553,0.7104600595101854
2.050000,0.2221713588158999,0.8593881132219425
2.052000,0.388189517051957,0.6982528419928282
2.054000,0.2734416723887999,0.7495231555657282
2.056000,0.35156786449988553,0.8642710002288854
2.058000,0.38330663004501414,0.8032349126420997
2.060000,0.27832455939574274,0.7470817120622568
2.062000,0.4565499351491569,0.7714961470969711
2.064000,0.26123445487144276,0.7129015030136568
2.066000,0.35156786449988553,0.7934691386282139
2.068000,0.3100633249408713,0.7837033646143282
2.070000,0.24414435034714274,0.6152437628747998
2.072000,0.18310826276035705,0.6274509803921569
2.074000,0.30029755092698557,0.639658197909514
2.076000,0.35889219501029984,0.8422980086976425
2.078000,0.24414435034714274,0.8300907911802854
2.080000,0.35156786449988553,0.861829556725414
2.082000,0.1953154802777142,0.6616311894407568
2.084000,0.31494621194781414,0.7959105821316853
2.086000,0.37842374303807125,0.6201266498817426
2.088000,0.27832455939574274,0.7324330510414282
2.090000,0.4541084916456855,0.6176852063782712
2.092000,0.302738994430457,0.6152437628747998
2.094000,0.32471198596169987,0.6860456244754711
2.096000,0.40527962157625697,0.8349736781872282
2.098000,0.388189517051957,0.7568474860761425
2.100000,0.18310826276035705,0.6445410849164569
2.102000,0.46631570916304266,0.7177843900205997
2.104000,0.36133363851377126,0.8056763561455711
2.106000,0.43945983062485694,0.8422980086976425
2.108000,0.4443427176317998,0.7348744945448997
2.110000,0.31494621194781414,0.8081177996490425
2.112000,0.39795529106584265,0.7055771725032426
2.114000,0.3930724040588998,0.673838406958114
2.116000,0.28076600289921416,0.6005951018539711
2.118000,0.4174868390936141,0.8178835736629282
2.120000,0.302738994430457,0.6591897459372854
2.122000,0.1953154802777142,0.6713969634546425
2.124000,0.35889219501029984,0.822766460669871
2.126000,0.27100022888532843,0.6689555199511711
2.128000,0.31738765545128556,0.8178835736629282
2.130000,0.34180209048599985,0.6982528419928282
2.132000,0.38086518654154267,0.8838025482566567
2.134000,0.2929732204165713,0.6762798504615855
2.136000,0.43945983062485694,0.7714961470969711
2.138000,0.3564507515068284,0.6982528419928282
2.140000,0.4150453955901427,0.8447394522011139
2.142000,0.41992828259708553,0.7226672770275425
2.144000,0.20019836728465706,0.7861448081177996
2.146000,0.4711985961699855,0.8032349126420997
2.148000,0.32471198596169987,0.6518654154268712
2.150000,0.3466849774929427,0.6689555199511711
2.152000,0.4345769436179141,0.6836041809719997
2.154000,0.4736400396734569,0.8422980086976425
2.156000,0.29785610742351415,0.6933699549858854
2.158000,0.29785610742351415,0.7934691386282139
2.160000,0.4565499351491569,0.8691538872358282
2.162000,0.26123445487144276,0.8276493476768139
2.164000,0.336919203479057,0.8838025482566567
2.166000,0.4541084916456855,0.7910276951247425
2.168000,0.19287403677424278,0.6787212939650569
2.170000,0.2661173418783856,0.8374151216906996
2.172000,0.25635156786449986,0.6860456244754711
2.174000,0.285648889906157,0.874036774242771
2.176000,0.42481116960402837,0.673838406958114
2.178000,0.2758831158922713,0.6689555199511711
2.180000,0.4687571526665141,0.673838406958114
2.182000,0.4614328221560998,0.8471808957045853
2.184000,0.21240558480201419,0.7739375906004425
2.186000,0.2490272373540856,0.7153429465171283
2.188000,0.2392614633401999,0.8374151216906996
2.190000,0.4516670481422141,0.6958113984893568
2.192000,0.19775692378118562,0.8276493476768139
2.194000,0.39795529106584265,0.7714961470969711
2.196000,0.3466849774929427,0.7129015030136568
2.198000,0.21728847180895705,0.6250095368886854
2.200000,0.4150453955901427,0.6128023193713283
2.202000,0.28076600289921416,0.6958113984893568
2.204000,0.22705424582284275,0.7617303730830853
2.206000,0.2832074464026856,0.8276493476768139
2.208000,0.3637750820172427,0.7788204776073854
2.210000,0.46387426565957124,0.8032349126420997
2.212000,0.39795529106584265,0.7788204776073854
2.214000,0.20752269779507135,0.6933699549858854
2.216000,0.19043259327077133,0.8374151216906996
2.218000,0.48584725719081406,0.7812619211108568
2.220000,0.27832455939574274,0.7495231555657282
2.222000,0.22705424582284275,0.7617303730830853
2.224000,0.24414435034714274,0.7714961470969711
2.226000,0.30029755092698557,0.7617303730830853
2.228000,0.3906309605554284,0.8252079041733424
2.230000,0.40039673456931413,0.7934691386282139
2.232000,0.22461280231937134,0.8960097657740139
2.234000,0.4077210650797284,0.6250095368886854
2.236000,0.25635156786449986,0.7592889295796139
2.238000,0.22949568932631417,0.9008926527809568
2.240000,0.3271534294651713,0.8447394522011139
2.242000,0.3735408560311284,0.8422980086976425
2.244000,0.3735408560311284,0.861829556725414
2.246000,0.27832455939574274,0.9106584267948424
2.248000,0.44922560463874267,0.7129015030136568
2.250000,0.2392614633401999,0.6445410849164569
2.252000,0.4809643701838712,0.9057755397878996
2.254000,0.3662165255207141,0.6469825284199283
2.256000,0.21240558480201419,0.7104600595101854
2.258000,0.3125047684443427,0.742198825055314
2.260000,0.4126039520866712,0.8545052262149996
2.262000,0.371099412527657,0.8764782177462425
2.264000,0.36133363851377126,0.8862439917601281
2.266000,0.25635156786449986,0.6836041809719997
2.268000,0.2465857938506142,0.7446402685587854
2.270000,0.2905317769130999,0.6787212939650569
2.272000,0.4443427176317998,0.8496223392080567
2.274000,0.4516670481422141,0.7348744945448997
2.276000,0.3271534294651713,0.9008926527809568
2.278000,0.20996414129854277,0.8520637827115282
2.280000,0.285648889906157,0.7714961470969711
2.282000,0.26123445487144276,0.8154421301594568
2.284000,0.2832074464026856,0.6689555199511711
2.286000,0.45899137865262835,0.7592889295796139
2.288000,0.44922560463874267,0.8911268787670711
2.290000,0.3735408560311284,0.6640726329442282
2.292000,0.3320363164721141,0.822766460669871
2.294000,0.4443427176317998,0.9130998702983139
2.296000,0.4882887006942855,0.7714961470969711
2.298000,0.22461280231937134,0.6347753109025711
2.300000,0.371099412527657,0.8764782177462425
2.302000,0.37598229953459983,0.8007934691386283
2.304000,0.3735408560311284,0.7031357289997711
2.306000,0.4370183871213855,0.7348744945448997
2.308000,0.46387426565957124,0.656748302433814
2.310000,0.4907301441977569,0.6372167544060425
2.312000,0.3271534294651713,0.7226672770275425
2.314000,0.3076218814373999,0.622568093385214
2.316000,0.29541466392004273,0.6836041809719997
2.318000,0.4370183871213855,0.7690547035934997
2.320000,0.21972991531242847,0.8886854352635996
2.322000,0.32227054245822845,0.7934691386282139
2.324000,0.336919203479057,0.8349736781872282
2.326000,0.3735408560311284,0.7983520256351568
2.328000,0.38574807354848556,0.6811627374685283
2.330000,0.31494621194781414,0.856946669718471
2.332000,0.47608148317692833,0.7934691386282139
2.334000,0.44678416113527125,0.8642710002288854
2.336000,0.4882887006942855,0.8545052262149996
2.338000,0.2636758983749142,0.8130006866559853
2.340000,0.35889219501029984,0.8789196612497139
2.342000,0.4516670481422141,0.8447394522011139
2.344000,0.4126039520866712,0.8105592431525139
2.346000,0.32471198596169987,0.8886854352635996
2.348000,0.5004959182116426,0.7861448081177996
2.350000,0.2832074464026856,0.8056763561455711
2.352000,0.4101625085831998,0.8178835736629282
2.354000,0.4931715877012284,0.7959105821316853
2.356000,0.2880903334096284,0.7812619211108568
2.358000,0.268558785381857,0.8911268787670711
2.360000,0.25879301136797134,0.6713969634546425
2.362000,0.42481116960402837,0.8349736781872282
2.364000,0.37598229953459983,0.8154421301594568
2.366000,0.5078202487220569,0.9277485313191425
2.368000,0.388189517051957,0.7837033646143282
2.370000,0.3662165255207141,0.6420996414129855
2.372000,0.45899137865262835,0.8984512092774853
2.374000,0.37598229953459983,0.708018616006714
2.376000,0.21240558480201419,0.9106584267948424
2.378000,0.4565499351491569,0.6616311894407568
2.380000,0.2490272373540856,0.8862439917601281
2.382000,0.32471198596169987,0.8593881132219425
2.384000,0.23193713282978562,0.7299916075379568
2.386000,0.21728847180895705,0.6543068589303426
2.388000,0.32227054245822845,0.6347753109025711
2.390000,0.28076600289921416,0.8056763561455711
2.392000,0.4370183871213855,0.7397573815518426
2.394000,0.3442435339894713,0.6665140764476997
2.396000,0.4614328221560998,0.7519645990691997
2.398000,0.3100633249408713,0.9130998702983139
2.400000,0.3930724040588998,0.8032349126420997
2.402000,0.47608148317692833,0.8105592431525139
2.404000,0.285648889906157,0.7299916075379568
2.406000,0.285648889906157,0.822766460669871
2.408000,0.4126039520866712,0.8325322346837568
2.410000,0.4443427176317998,0.7861448081177996
2.412000,0.36865796902418557,0.6884870679789425
2.414000,0.34180209048599985,0.776379034103914
2.416000,0.5127031357289997,0.9033340962844282
2.418000,0.2221713588158999,0.6591897459372854
2.420000,0.24414435034714274,0.7544060425726711
2.422000,0.3125047684443427,0.9155413138017853
2.424000,0.46631570916304266,0.8105592431525139
2.426000,0.3662165255207141,0.7568474860761425
2.428000,0.4931715877012284,0.7934691386282139
2.430000,0.251468680857557,0.8960097657740139
2.432000,0.3442435339894713,0.8642710002288854
2.434000,0.5175860227359427,0.708018616006714
2.436000,0.22949568932631417,0.7788204776073854
2.438000,0.25635156786449986,0.7470817120622568
2.440000,0.32227054245822845,0.9228656443121996
2.442000,0.22705424582284275,0.9228656443121996
2.444000,0.4541084916456855,0.874036774242771
2.446000,0.4541084916456855,0.8667124437323568
2.448000,0.40527962157625697,0.6543068589303426
2.450000,0.23682001983672846,0.8081177996490425
2.452000,0.4321355001144427,0.6811627374685283
2.454000,0.3076218814373999,0.861829556725414
2.456000,0.32227054245822845,0.7470817120622568
2.458000,0.37598229953459983,0.9155413138017853
2.460000,0.5053788052185855,0.9204242008087281
2.462000,0.4809643701838712,0.8130006866559853
2.464000,0.5053788052185855,0.8520637827115282
2.466000,0.31494621194781414,0.9399557488364996
2.468000,0.35156786449988553,0.9253070878156711
2.470000,0.40527962157625697,0.7910276951247425
2.472000,0.2734416723887999,0.861829556725414
2.474000,0.2392614633401999,0.742198825055314
2.476000,0.37598229953459983,0.7104600595101854
2.478000,0.22949568932631417,0.6933699549858854
2.480000,0.388189517051957,0.7373159380483711
2.482000,0.4809643701838712,0.8105592431525139
2.484000,0.3320363164721141,0.6469825284199283
2.486000,0.26123445487144276,0.7324330510414282
2.488000,0.3906309605554284,0.6469825284199283
2.490000,0.4565499351491569,0.6713969634546425
2.492000,0.502937361715114,0.8886854352635996
2.494000,0.2905317769130999,0.7641718165865568
2.496000,0.3637750820172427,0.8813611047531853
2.498000,0.4907301441977569,0.9228656443121996
2.500000,0.3906309605554284,0.8422980086976425
2.502000,0.30518043793392846,0.8325322346837568
2.504000,0.42236972610055695,0.8642710002288854
2.506000,0.5151445792324711,0.8203250171663996
2.508000,0.2734416723887999,0.7544060425726711
2.510000,0.4882887006942855,0.8838025482566567
2.512000,0.4541084916456855,0.9326314183260853
2.514000,0.4736400396734569,0.6836041809719997
2.516000,0.2661173418783856,0.6591897459372854
2.518000,0.5151445792324711,0.7837033646143282
2.520000,0.2929732204165713,0.8422980086976425
2.522000,0.2929732204165713,0.7519645990691997
2.524000,0.4614328221560998,0.8471808957045853
2.526000,0.5200274662394141,0.6982528419928282
2.528000,0.42236972610055695,0.7055771725032426
2.530000,0.36133363851377126,0.6762798504615855
2.532000,0.35156786449988553,0.8813611047531853
2.534000,0.46387426565957124,0.9033340962844282
2.536000,0.44190127412832836,0.776379034103914
2.538000,0.38330663004501414,0.8471808957045853
2.540000,0.26123445487144276,0.7397573815518426
2.542000,0.2905317769130999,0.7251087205310139
2.544000,0.42236972610055695,0.6665140764476997
2.546000,0.5297932402532998,0.7568474860761425
2.548000,0.5297932402532998,0.8154421301594568
2.550000,0.25391012436102844,0.8276493476768139
2.552000,0.36133363851377126,0.7006942854962996
2.554000,0.3564507515068284,0.7031357289997711
2.556000,0.3271534294651713,0.7226672770275425
2.558000,0.25391012436102844,0.7373159380483711
2.560000,0.4174868390936141,0.9155413138017853
2.562000,0.33936064698252844,0.8325322346837568
2.564000,0.5151445792324711,0.8789196612497139
2.566000,0.2465857938506142,0.8960097657740139
2.568000,0.42969405661097126,0.6836041809719997
2.570000,0.27100022888532843,0.8178835736629282
2.572000,0.41992828259708553,0.7910276951247425
2.574000,0.2465857938506142,0.8593881132219425
2.576000,0.5346761272602426,0.7861448081177996
2.578000,0.2636758983749142,0.7641718165865568
2.580000,0.4882887006942855,0.6933699549858854
2.582000,0.5127031357289997,0.8374151216906996
2.584000,0.4541084916456855,0.7177843900205997
2.586000,0.4272526131074998,0.673838406958114
2.588000,0.32471198596169987,0.8300907911802854
2.590000,0.4272526131074998,0.8520637827115282
2.592000,0.4956130312046998,0.8276493476768139
2.594000,0.4370183871213855,0.8349736781872282
2.596000,0.5322346837567712,0.7617303730830853
2.598000,0.25879301136797134,0.861829556725414
2.600000,0.30518043793392846,0.9008926527809568
2.602000,0.4980544747081712,0.7373159380483711
2.604000,0.5102616922255283,0.8105592431525139
2.606000,0.4150453955901427,0.8935683222705425
2.608000,0.251468680857557,0.8838025482566567
2.610000,0.38330663004501414,0.7519645990691997
2.612000,0.3735408560311284,0.8593881132219425
2.614000,0.2734416723887999,0.942397192339971
2.616000,0.25391012436102844,0.7299916075379568
2.618000,0.4736400396734569,0.8276493476768139
2.620000,0.3442435339894713,0.6689555199511711
2.622000,0.5200274662394141,0.8789196612497139
2.624000,0.3295948729686427,0.8984512092774853
2.626000,0.2636758983749142,0.7299916075379568
2.628000,0.32227054245822845,0.8325322346837568
2.630000,0.25635156786449986,0.7104600595101854
2.632000,0.4101625085831998,0.7837033646143282
2.634000,0.38574807354848556,0.9228656443121996
2.636000,0.25635156786449986,0.7934691386282139
2.638000,0.29785610742351415,0.8911268787670711
2.640000,0.35889219501029984,0.7837033646143282
2.642000,0.29785610742351415,0.7788204776073854
2.644000,0.40039673456931413,0.7641718165865568
2.646000,0.3637750820172427,0.8374151216906996
2.648000,0.4614328221560998,0.8081177996490425
2.650000,0.3637750820172427,0.7348744945448997
2.652000,0.5517662317845426,0.7177843900205997
2.654000,0.36133363851377126,0.8081177996490425
2.656000,0.31738765545128556,0.9204242008087281
2.658000,0.5224689097428855,0.8838025482566567
2.660000,0.38330663004501414,0.8838025482566567
2.662000,0.33936064698252844,0.8178835736629282
2.664000,0.3076218814373999,0.8154421301594568
2.666000,0.35156786449988553,0.8007934691386283
2.668000,0.26123445487144276,0.8105592431525139
2.670000,0.3442435339894713,0.7739375906004425
2.672000,0.26123445487144276,0.8398565651941711
2.674000,0.5102616922255283,0.9057755397878996
2.676000,0.4443427176317998,0.8398565651941711
2.678000,0.45899137865262835,0.9692530708781567
2.680000,0.40039673456931413,0.9546044098573282
2.682000,0.46387426565957124,0.8715953307392996
2.684000,0.4785229266803998,0.9472800793469138
2.686000,0.42236972610055695,0.7959105821316853
2.688000,0.371099412527657,0.9155413138017853
2.690000,0.31738765545128556,0.7617303730830853
2.692000,0.28076600289921416,0.7934691386282139
2.694000,0.3564507515068284,0.8081177996490425
2.696000,0.28076600289921416,0.8154421301594568
2.698000,0.4077210650797284,0.7031357289997711
2.700000,0.4956130312046998,0.7202258335240711
2.702000,0.4565499351491569,0.9253070878156711
2.704000,0.38574807354848556,0.7446402685587854
2.706000,0.5175860227359427,0.908216983291371
2.708000,0.35889219501029984,0.7031357289997711
2.710000,0.27832455939574274,0.7495231555657282
2.712000,0.4150453955901427,0.8056763561455711
2.714000,0.4345769436179141,0.8300907911802854
2.716000,0.537117570763714,0.8081177996490425
2.718000,0.3271534294651713,0.8520637827115282
2.720000,0.5346761272602426,0.8447394522011139
2.722000,0.4443427176317998,0.742198825055314
2.724000,0.4516670481422141,0.8178835736629282
2.726000,0.5053788052185855,0.776379034103914
2.728000,0.4370183871213855,0.8422980086976425
2.730000,0.46631570916304266,0.9716945143816281
2.732000,0.30518043793392846,0.7714961470969711
2.734000,0.2758831158922713,0.6860456244754711
2.736000,0.38330663004501414,0.7275501640344854
2.738000,0.319829098954757,0.8715953307392996
2.740000,0.27100022888532843,0.9570458533607996
2.742000,0.4956130312046998,0.9448386358434424
2.744000,0.37598229953459983,0.8349736781872282
2.746000,0.4370183871213855,0.8081177996490425
2.748000,0.5053788052185855,0.7373159380483711
2.750000,0.33936064698252844,0.8471808957045853
2.752000,0.36865796902418557,0.8984512092774853
2.754000,0.40039673456931413,0.9155413138017853
2.756000,0.4101625085831998,0.7031357289997711
2.758000,0.42481116960402837,0.9668116273746853
2.760000,0.40527962157625697,0.8813611047531853
2.762000,0.33447775997558554,0.7666132600900283
2.764000,0.5004959182116426,0.9887846189059282
2.766000,0.3930724040588998,0.7568474860761425
2.768000,0.3271534294651713,0.942397192339971
2.770000,0.4101625085831998,0.8862439917601281
2.772000,0.2758831158922713,0.788586251621271
2.774000,0.319829098954757,0.9863431754024568
2.776000,0.571297779812314,0.8471808957045853
2.778000,0.5273517967498283,0.7129015030136568
2.780000,0.4370183871213855,0.9497215228503852
2.782000,0.4785229266803998,0.8154421301594568
2.784000,0.4516670481422141,0.9057755397878996
2.786000,0.4785229266803998,0.7788204776073854
2.788000,0.5322346837567712,0.8789196612497139
2.790000,0.40283817807278555,0.8886854352635996
2.792000,0.5346761272602426,0.856946669718471
2.794000,0.3125047684443427,0.742198825055314
2.796000,0.37598229953459983,0.8813611047531853
2.798000,0.5493247882810712,0.7983520256351568
2.800000,0.4077210650797284,0.8886854352635996
2.802000,0.27832455939574274,0.7568474860761425
2.804000,0.43945983062485694,0.9668116273746853
2.806000,0.5200274662394141,0.7641718165865568
2.808000,0.5102616922255283,0.8838025482566567
2.810000,0.354009308003357,0.7617303730830853
2.812000,0.35156786449988553,0.856946669718471
2.814000,0.502937361715114,0.9448386358434424
2.816000,0.2880903334096284,0.9277485313191425
2.818000,0.5664148928053712,0.7397573815518426
2.820000,0.27832455939574274,0.9570458533607996
2.822000,0.4809643701838712,0.8105592431525139
2.824000,0.40039673456931413,0.9301899748226139
2.826000,0.3076218814373999,0.976577401388571
2.828000,0.388189517051957,0.9521629663538567
2.830000,0.5249103532463569,0.9326314183260853
2.832000,0.34180209048599985,0.8935683222705425
2.834000,0.5151445792324711,0.8911268787670711
2.836000,0.502937361715114,0.8496223392080567
2.838000,0.40039673456931413,0.9204242008087281
2.840000,0.4321355001144427,0.9204242008087281
2.842000,0.371099412527657,0.8813611047531853
2.844000,0.5468833447775998,0.8422980086976425
2.846000,0.5224689097428855,0.9839017318989852
2.848000,0.4077210650797284,0.9619287403677425
2.850000,0.4541084916456855,0.9130998702983139
2.852000,0.5688563363088426,0.9326314183260853
2.854000,0.4345769436179141,0.8593881132219425
2.856000,0.29541466392004273,0.8911268787670711
2.858000,0.4126039520866712,0.9472800793469138
2.860000,0.3662165255207141,0.8789196612497139
2.862000,0.4565499351491569,0.8374151216906996
2.864000,0.5639734493018997,0.9204242008087281
2.866000,0.40283817807278555,0.8154421301594568
2.868000,0.4785229266803998,0.7739375906004425
2.870000,0.5175860227359427,0.7617303730830853
2.872000,0.38574807354848556,0.8691538872358282
2.874000,0.319829098954757,0.708018616006714
2.876000,0.3906309605554284,0.7812619211108568
2.878000,0.3906309605554284,0.8447394522011139
2.880000,0.5566491187914855,0.9399557488364996
2.882000,0.41992828259708553,0.8252079041733424
2.884000,0.5053788052185855,0.8935683222705425
2.886000,0.39795529106584265,0.7202258335240711
2.888000,0.33447775997558554,0.7666132600900283
2.890000,0.32471198596169987,0.7470817120622568
2.892000,0.4150453955901427,0.7251087205310139
2.894000,0.5200274662394141,0.9521629663538567
2.896000,0.43945983062485694,0.8691538872358282
2.898000,0.32471198596169987,0.9570458533607996
2.900000,0.3491264209964141,0.8642710002288854
2.902000,0.5786221103227284,0.959487296864271
2.904000,0.5517662317845426,0.8691538872358282
2.906000,0.44922560463874267,0.7861448081177996
2.908000,0.41992828259708553,0.9301899748226139
2.910000,0.3125047684443427,0.8935683222705425
2.912000,0.30518043793392846,0.7251087205310139
2.914000,0.3466849774929427,0.9106584267948424
2.916000,0.3564507515068284,0.9985503929198138
2.918000,0.5468833447775998,0.8398565651941711
2.920000,0.4565499351491569,0.8178835736629282
2.922000,0.537117570763714,0.7739375906004425
2.924000,0.3100633249408713,0.9448386358434424
2.926000,0.3442435339894713,0.9716945143816281
2.928000,0.34180209048599985,0.8691538872358282
2.930000,0.5566491187914855,0.856946669718471
2.932000,0.371099412527657,0.7299916075379568
2.934000,0.3295948729686427,0.8349736781872282
2.936000,0.3271534294651713,1.0009918364232853
2.938000,0.5957122148470283,0.7714961470969711
2.940000,0.5493247882810712,0.7324330510414282
2.942000,0.5346761272602426,0.7568474860761425
2.944000,0.5468833447775998,1.0131990539406424
2.946000,0.3100633249408713,0.7153429465171283
2.948000,0.3637750820172427,0.9033340962844282
2.950000,0.5053788052185855,0.9228656443121996
2.952000,0.42236972610055695,0.9399557488364996
2.954000,0.5346761272602426,0.8398565651941711
2.956000,0.39795529106584265,0.8691538872358282
2.958000,0.4956130312046998,0.7592889295796139
2.960000,0.4785229266803998,0.9912260624093996
2.962000,0.37598229953459983,0.9619287403677425
2.964000,0.4711985961699855,0.9643701838712139
2.966000,0.46631570916304266,0.7739375906004425
2.968000,0.4345769436179141,0.976577401388571
2.970000,0.4980544747081712,0.9277485313191425
2.972000,0.35889219501029984,0.9155413138017853
2.974000,0.4541084916456855,0.8252079041733424
2.976000,0.4931715877012284,0.9448386358434424
2.978000,0.5835049973296712,0.993667505912871
2.980000,0.4370183871213855,0.942397192339971
2.982000,0.5420004577706569,0.8325322346837568
2.984000,0.4126039520866712,0.9619287403677425
2.986000,0.30518043793392846,0.7592889295796139
2.988000,0.39795529106584265,0.8178835736629282
2.990000,0.40039673456931413,0.9253070878156711
2.992000,0.5737392233157854,0.9301899748226139
2.994000,0.4541084916456855,0.8325322346837568
2.996000,0.5493247882810712,0.7446402685587854
2.998000,0.537117570763714,1.0180819409475852
3.000000,0.5151445792324711,0.7446402685587854
3.002000,0.388189517051957,0.9277485313191425
3.004000,0.6030365453574426,0.788586251621271
3.006000,0.4150453955901427,0.742198825055314
3.008000,0.37842374303807125,0.7837033646143282
3.010000,0.43945983062485694,1.005874723430228
3.012000,0.46631570916304266,0.9350728618295567
3.014000,0.3735408560311284,0.8960097657740139
3.016000,0.4321355001144427,0.9521629663538567
3.018000,0.3295948729686427,0.9668116273746853
3.020000,0.6005951018539711,0.8935683222705425
3.022000,0.41992828259708553,0.7519645990691997
3.024000,0.4711985961699855,0.9253070878156711
3.026000,0.45899137865262835,0.9375143053330282
3.028000,0.47608148317692833,0.8300907911802854
3.030000,0.4272526131074998,0.776379034103914
3.032000,0.3320363164721141,0.7837033646143282
3.034000,0.39795529106584265,0.7544060425726711
3.036000,0.5102616922255283,0.9448386358434424
3.038000,0.5053788052185855,0.9155413138017853
3.040000,0.5639734493018997,0.7348744945448997
3.042000,0.5420004577706569,0.9277485313191425
3.044000,0.6079194323643854,0.7812619211108568
3.046000,0.3662165255207141,0.993667505912871
3.048000,0.6030365453574426,0.9033340962844282
3.050000,0.388189517051957,0.993667505912871
3.052000,0.36865796902418557,0.9814602883955138
3.054000,0.371099412527657,0.8691538872358282
3.056000,0.4443427176317998,0.8471808957045853
3.058000,0.5590905622949569,0.8545052262149996
3.060000,0.3930724040588998,0.8667124437323568
3.062000,0.37842374303807125,0.9057755397878996
3.064000,0.37598229953459983,0.9130998702983139
3.066000,0.5542076752880141,0.9985503929198138
3.068000,0.4785229266803998,0.8667124437323568
3.070000,0.5615320057984283,1.0083161669336995
3.072000,0.32471198596169987,0.9350728618295567
3.074000,0.5590905622949569,0.9399557488364996
3.076000,0.388189517051957,0.7739375906004425
3.078000,0.3271534294651713,0.8691538872358282
3.080000,0.5761806668192568,0.7519645990691997
3.082000,0.4565499351491569,0.9887846189059282
3.084000,0.5346761272602426,0.7568474860761425
3.086000,0.4101625085831998,0.874036774242771
3.088000,0.5786221103227284,0.7959105821316853
3.090000,0.5151445792324711,0.7666132600900283
3.092000,0.41992828259708553,0.8886854352635996
3.094000,0.3735408560311284,0.9326314183260853
3.096000,0.35156786449988553,0.8813611047531853
3.098000,0.48340581368734264,0.7641718165865568
3.100000,0.5761806668192568,1.0156404974441138
3.102000,0.4687571526665141,0.8471808957045853
3.104000,0.5664148928053712,0.8520637827115282
3.106000,0.35156786449988553,0.9350728618295567
3.108000,0.5127031357289997,0.9839017318989852
3.110000,0.4174868390936141,1.022964827954528
3.112000,0.4174868390936141,0.9668116273746853
3.114000,0.4077210650797284,0.8081177996490425
3.116000,0.4077210650797284,0.874036774242771
3.118000,0.44678416113527125,0.822766460669871
3.120000,0.4882887006942855,0.8154421301594568
3.122000,0.588387884336614,0.8715953307392996
3.124000,0.336919203479057,1.005874723430228
3.126000,0.44190127412832836,0.8374151216906996
3.128000,0.3906309605554284,0.9716945143816281
3.130000,0.605477988860914,0.9619287403677425
3.132000,0.5493247882810712,1.0424963759822996
3.134000,0.4565499351491569,1.0131990539406424
3.136000,0.5102616922255283,0.7934691386282139
3.138000,0.5737392233157854,0.8105592431525139
3.140000,0.44678416113527125,0.9643701838712139
3.142000,0.5395590142671854,0.9204242008087281
3.144000,0.622568093385214,0.7470817120622568
3.146000,0.6103608758678569,0.9204242008087281
3.148000,0.46387426565957124,0.874036774242771
3.150000,0.4345769436179141,0.9277485313191425
3.152000,0.5078202487220569,0.874036774242771
3.154000,0.3320363164721141,0.7788204776073854
3.156000,0.5078202487220569,0.8203250171663996
3.158000,0.36133363851377126,0.7592889295796139
3.160000,0.4443427176317998,0.8056763561455711
3.162000,0.33936064698252844,1.0131990539406424
3.164000,0.4077210650797284,0.976577401388571
3.166000,0.5004959182116426,0.7544060425726711
3.168000,0.40039673456931413,1.0009918364232853
3.170000,0.5859464408331426,0.7812619211108568
3.172000,0.5420004577706569,0.9619287403677425
3.174000,0.3466849774929427,0.776379034103914
3.176000,0.6005951018539711,1.0278477149614709
3.178000,0.4345769436179141,0.8960097657740139
3.180000,0.5566491187914855,0.9814602883955138
3.182000,0.3735408560311284,0.9619287403677425
3.184000,0.4931715877012284,0.8789196612497139
3.186000,0.40283817807278555,0.9961089494163424
3.188000,0.3637750820172427,0.9130998702983139
3.190000,0.5615320057984283,1.0009918364232853
3.192000,0.588387884336614,0.8349736781872282
3.194000,0.5004959182116426,0.942397192339971
3.196000,0.44190127412832836,0.9375143053330282
3.198000,0.6250095368886854,0.9692530708781567
3.200000,0.605477988860914,1.0473792629892424
3.202000,0.5346761272602426,0.7617303730830853
3.204000,0.5127031357289997,1.0009918364232853
3.206000,0.4370183871213855,0.9741359578850995
3.208000,0.4882887006942855,0.8813611047531853
3.210000,0.33936064698252844,0.9228656443121996
3.212000,0.502937361715114,0.9033340962844282
3.214000,0.6103608758678569,0.8545052262149996
3.216000,0.41992828259708553,0.9741359578850995
3.218000,0.4516670481422141,0.8545052262149996
3.220000,0.502937361715114,1.0547035934996567
3.222000,0.6079194323643854,0.822766460669871
3.224000,0.4150453955901427,0.8471808957045853
3.226000,0.5981536583504997,0.7934691386282139
3.228000,0.605477988860914,0.8276493476768139
3.230000,0.605477988860914,0.9228656443121996
3.232000,0.4126039520866712,1.0424963759822996
3.234000,0.4736400396734569,0.9839017318989852
3.236000,0.3466849774929427,0.8886854352635996
3.238000,0.5542076752880141,0.8545052262149996
3.240000,0.5420004577706569,0.8130006866559853
3.242000,0.388189517051957,0.8911268787670711
3.244000,0.39795529106584265,1.0376134889753568
3.246000,0.6420996414129855,1.0034332799267567
3.248000,0.3906309605554284,0.9350728618295567
3.250000,0.622568093385214,0.8813611047531853
3.252000,0.6005951018539711,0.7934691386282139
3.254000,0.42481116960402837,0.8398565651941711
3.256000,0.5444419012741283,0.8642710002288854
3.258000,0.6420996414129855,0.9130998702983139
3.260000,0.5322346837567712,0.9301899748226139
3.262000,0.5542076752880141,0.9350728618295567
3.264000,0.4321355001144427,1.0278477149614709
3.266000,0.6445410849164569,0.7861448081177996
3.268000,0.6030365453574426,0.822766460669871
3.270000,0.4907301441977569,0.8130006866559853
3.272000,0.5395590142671854,0.9619287403677425
3.274000,0.5395590142671854,1.0083161669336995
3.276000,0.6103608758678569,0.9570458533607996
3.278000,0.6079194323643854,1.0547035934996567
3.280000,0.6250095368886854,0.7714961470969711
3.282000,0.35889219501029984,1.0254062714579995
3.284000,0.605477988860914,0.9716945143816281
3.286000,0.5737392233157854,0.9350728618295567
3.288000,0.5175860227359427,0.8422980086976425
3.290000,0.5420004577706569,1.062027924010071
3.292000,0.41992828259708553,1.0156404974441138
3.294000,0.6372167544060425,0.8862439917601281
3.296000,0.4980544747081712,0.9839017318989852
3.298000,0.5908293278400855,1.0131990539406424
3.300000,0.6152437628747998,0.7788204776073854
3.302000,0.38574807354848556,0.8081177996490425
3.304000,0.38330663004501414,0.8007934691386283
3.306000,0.6420996414129855,0.8838025482566567
3.308000,0.5761806668192568,0.9277485313191425
3.310000,0.39551384756237123,0.822766460669871
3.312000,0.5664148928053712,1.0278477149614709
3.314000,0.5053788052185855,0.9350728618295567
3.316000,0.4321355001144427,1.0034332799267567
3.318000,0.4687571526665141,0.8447394522011139
3.320000,0.5932707713435569,0.9741359578850995
3.322000,0.39551384756237123,1.0009918364232853
3.324000,0.44678416113527125,0.9375143053330282
3.326000,0.4687571526665141,0.8178835736629282
3.328000,0.5664148928053712,0.8178835736629282
3.330000,0.6543068589303426,1.0278477149614709
3.332000,0.5859464408331426,0.8203250171663996
3.334000,0.4272526131074998,0.959487296864271
3.336000,0.3930724040588998,0.9375143053330282
3.338000,0.4541084916456855,1.0400549324788282
3.340000,0.6030365453574426,0.993667505912871
3.342000,0.5395590142671854,0.874036774242771
3.344000,0.38330663004501414,0.9839017318989852
3.346000,0.6005951018539711,0.874036774242771
3.348000,0.5737392233157854,0.9985503929198138
3.350000,0.4687571526665141,1.0644693675135424
3.352000,0.5542076752880141,0.7837033646143282
3.354000,0.5053788052185855,0.8130006866559853
3.356000,0.4516670481422141,0.9375143053330282
3.358000,0.605477988860914,0.9277485313191425
3.360000,0.4077210650797284,0.9790188448920424
3.362000,0.46631570916304266,0.788586251621271
3.364000,0.39551384756237123,0.7959105821316853
3.366000,0.5444419012741283,0.9448386358434424
3.368000,0.4126039520866712,1.0156404974441138
3.370000,0.5175860227359427,0.8081177996490425
3.372000,0.3735408560311284,0.9887846189059282
3.374000,0.42481116960402837,1.0400549324788282
3.376000,0.6591897459372854,1.0547035934996567
3.378000,0.3735408560311284,0.8105592431525139
3.380000,0.5908293278400855,0.8447394522011139
3.382000,0.37842374303807125,1.0547035934996567
3.384000,0.6079194323643854,0.9301899748226139
3.386000,0.46631570916304266,0.8789196612497139
3.388000,0.5590905622949569,1.0376134889753568
3.390000,0.4516670481422141,0.976577401388571
3.392000,0.5249103532463569,0.9497215228503852
3.394000,0.46631570916304266,0.8789196612497139
3.396000,0.48584725719081406,0.9399557488364996
3.398000,0.4174868390936141,0.8984512092774853
3.400000,0.4126039520866712,0.9106584267948424
3.402000,0.38086518654154267,1.0302891584649423
3.404000,0.44190127412832836,0.8276493476768139
3.406000,0.37842374303807125,1.005874723430228
3.408000,0.6030365453574426,0.9839017318989852
3.410000,0.6591897459372854,1.0278477149614709
3.412000,0.6176852063782712,0.8178835736629282
3.414000,0.6543068589303426,1.0254062714579995
3.416000,0.4785229266803998,0.8081177996490425
3.418000,0.371099412527657,0.9985503929198138
3.420000,0.5517662317845426,1.044937819485771
3.422000,0.6616311894407568,0.8813611047531853
3.424000,0.6372167544060425,1.0400549324788282
3.426000,0.37842374303807125,0.9790188448920424
3.428000,0.37842374303807125,0.9619287403677425
3.430000,0.3735408560311284,0.8154421301594568
3.432000,0.47608148317692833,1.032730601968414
3.434000,0.38330663004501414,1.0522621499961853
3.436000,0.4321355001144427,0.8081177996490425
3.438000,0.4736400396734569,0.9253070878156711
3.440000,0.44922560463874267,1.0547035934996567
3.442000,0.38574807354848556,0.9155413138017853
3.444000,0.4565499351491569,0.9741359578850995
3.446000,0.5932707713435569,1.0571450370031281
3.448000,0.6176852063782712,0.9448386358434424
3.450000,0.5127031357289997,0.9741359578850995
3.452000,0.4956130312046998,0.8496223392080567
3.454000,0.4321355001144427,1.022964827954528
3.456000,0.5859464408331426,0.9033340962844282
3.458000,0.4321355001144427,1.0840009155413137
3.460000,0.46631570916304266,0.9692530708781567
3.462000,0.4882887006942855,0.8520637827115282
3.464000,0.5151445792324711,0.8325322346837568
3.466000,0.46387426565957124,0.8398565651941711
3.468000,0.5420004577706569,1.0156404974441138
3.470000,0.5395590142671854,0.8032349126420997
3.472000,0.5468833447775998,0.8886854352635996
3.474000,0.4785229266803998,1.0717936980239566
3.476000,0.4907301441977569,0.8593881132219425
3.478000,0.44190127412832836,1.0840009155413137
3.480000,0.39795529106584265,0.9033340962844282
3.482000,0.47608148317692833,0.9179827573052567
3.484000,0.41992828259708553,1.032730601968414
3.486000,0.5127031357289997,1.032730601968414
3.488000,0.6347753109025711,1.022964827954528
3.490000,0.44922560463874267,0.9008926527809568
3.492000,0.5127031357289997,0.8422980086976425
3.494000,0.5786221103227284,1.022964827954528
3.496000,0.5615320057984283,0.8813611047531853
3.498000,0.45899137865262835,0.9570458533607996
3.500000,0.639658197909514,1.0180819409475852
3.502000,0.4370183871213855,0.8032349126420997
3.504000,0.4736400396734569,0.9301899748226139
3.506000,0.5590905622949569,0.9057755397878996
3.508000,0.46387426565957124,0.9961089494163424
3.510000,0.4956130312046998,0.8984512092774853
3.512000,0.5053788052185855,1.0815594720378423
3.514000,0.6420996414129855,0.9570458533607996
3.516000,0.6298924238956283,1.0498207064927139
3.518000,0.4931715877012284,1.0131990539406424
3.520000,0.5688563363088426,0.9155413138017853
3.522000,0.4541084916456855,1.0376134889753568
3.524000,0.5517662317845426,0.8520637827115282
3.526000,0.5127031357289997,0.9008926527809568
3.528000,0.4687571526665141,1.1010910200656139
3.530000,0.40039673456931413,1.0815594720378423
3.532000,0.5664148928053712,1.0693522545204852
3.534000,0.3906309605554284,0.9570458533607996
3.536000,0.5249103532463569,0.9692530708781567
3.538000,0.44678416113527125,1.0351720454718853
3.540000,0.40039673456931413,1.0986495765621425
3.542000,0.4956130312046998,1.0547035934996567
3.544000,0.5615320057984283,0.9106584267948424
3.546000,0.39795529106584265,0.9228656443121996
3.548000,0.5053788052185855,1.0498207064927139
3.550000,0.6128023193713283,0.9155413138017853
3.552000,0.5957122148470283,0.9350728618295567
3.554000,0.6616311894407568,0.9228656443121996
3.556000,0.5908293278400855,1.0547035934996567
3.558000,0.5053788052185855,0.8178835736629282
3.560000,0.5102616922255283,1.0376134889753568
3.562000,0.5200274662394141,0.9033340962844282
3.564000,0.4345769436179141,0.9057755397878996
3.566000,0.656748302433814,0.8447394522011139
3.568000,0.5175860227359427,1.0205233844510566
3.570000,0.45899137865262835,0.8886854352635996
3.572000,0.5932707713435569,0.9619287403677425
3.574000,0.5273517967498283,1.0644693675135424
3.576000,0.5981536583504997,0.9570458533607996
3.578000,0.5151445792324711,0.9570458533607996
3.580000,0.5932707713435569,0.9619287403677425
3.582000,0.5615320057984283,0.8593881132219425
3.584000,0.4443427176317998,1.0669108110170138
3.586000,0.5859464408331426,0.8838025482566567
3.588000,0.6079194323643854,0.9839017318989852
3.590000,0.5151445792324711,0.9716945143816281
3.592000,0.4882887006942855,1.074235141527428
3.594000,0.6372167544060425,1.0180819409475852
3.596000,0.6274509803921569,0.9497215228503852
3.598000,0.6494239719233997,0.8154421301594568
3.600000,0.6933699549858854,1.044937819485771
3.602000,0.5053788052185855,1.1010910200656139
3.604000,0.40527962157625697,1.0693522545204852
3.606000,0.42481116960402837,0.9033340962844282
3.608000,0.4736400396734569,0.8178835736629282
3.610000,0.4736400396734569,0.9106584267948424
3.612000,0.5127031357289997,1.096208133058671
3.614000,0.6689555199511711,1.113298237582971
3.616000,0.5688563363088426,0.9350728618295567
3.618000,0.5395590142671854,0.9643701838712139
3.620000,0.5566491187914855,0.861829556725414
3.622000,0.5517662317845426,1.1084153505760281
3.624000,0.6152437628747998,0.9253070878156711
3.626000,0.4809643701838712,0.8325322346837568
3.628000,0.6005951018539711,1.1084153505760281
3.630000,0.42481116960402837,1.0717936980239566
3.632000,0.5151445792324711,0.9253070878156711
3.634000,0.6982528419928282,1.1181811245899138
3.636000,0.673838406958114,1.0815594720378423
3.638000,0.6689555199511711,0.9985503929198138
3.640000,0.4711985961699855,0.9301899748226139
3.642000,0.5395590142671854,0.9472800793469138
3.644000,0.4565499351491569,0.9570458533607996
3.646000,0.4174868390936141,0.9179827573052567
3.648000,0.639658197909514,0.9912260624093996
3.650000,0.42969405661097126,0.9130998702983139
3.652000,0.656748302433814,1.0009918364232853
3.654000,0.6689555199511711,0.8422980086976425
3.656000,0.639658197909514,0.8471808957045853
3.658000,0.571297779812314,0.9619287403677425
3.660000,0.6860456244754711,1.0693522545204852
3.662000,0.6860456244754711,1.0766765850308995
3.664000,0.46631570916304266,1.0864423590447851
3.666000,0.44190127412832836,0.9961089494163424
3.668000,0.4101625085831998,1.0473792629892424
3.670000,0.5908293278400855,1.044937819485771
3.672000,0.690928511482414,1.062027924010071
3.674000,0.5835049973296712,0.9326314183260853
3.676000,0.588387884336614,1.0205233844510566
3.678000,0.5346761272602426,0.861829556725414
3.680000,0.4541084916456855,1.0278477149614709
3.682000,0.6591897459372854,1.0937666895551996
3.684000,0.502937361715114,0.8862439917601281
3.686000,0.6689555199511711,0.8447394522011139
3.688000,0.4174868390936141,1.022964827954528
3.690000,0.41992828259708553,0.8325322346837568
3.692000,0.5810635538261998,0.9106584267948424
3.694000,0.6836041809719997,1.0547035934996567
3.696000,0.5517662317845426,0.9863431754024568
3.698000,0.5420004577706569,1.1010910200656139
3.700000,0.6933699549858854,1.1035324635690853
3.702000,0.4614328221560998,0.8911268787670711
3.704000,0.45899137865262835,0.9179827573052567
3.706000,0.673838406958114,1.0498207064927139
3.708000,0.4443427176317998,0.9570458533607996
3.710000,0.5932707713435569,1.0986495765621425
3.712000,0.5249103532463569,1.0693522545204852
3.714000,0.6347753109025711,0.9716945143816281
3.716000,0.5639734493018997,0.9961089494163424
3.718000,0.6982528419928282,1.0424963759822996
3.720000,0.5395590142671854,0.9741359578850995
3.722000,0.6420996414129855,1.0766765850308995
3.724000,0.5590905622949569,1.0864423590447851
3.726000,0.6152437628747998,1.0864423590447851
3.728000,0.6005951018539711,0.9155413138017853
3.730000,0.4980544747081712,0.9057755397878996
3.732000,0.4736400396734569,0.8667124437323568
3.734000,0.605477988860914,0.8447394522011139
3.736000,0.7153429465171283,1.0351720454718853
3.738000,0.46631570916304266,0.8886854352635996
3.740000,0.4345769436179141,1.1181811245899138
3.742000,0.5175860227359427,1.0424963759822996
3.744000,0.5932707713435569,1.074235141527428
3.746000,0.5517662317845426,0.9301899748226139
3.748000,0.6787212939650569,0.9912260624093996
3.750000,0.6543068589303426,0.9277485313191425
3.752000,0.5078202487220569,1.0571450370031281
3.754000,0.5517662317845426,0.8374151216906996
3.756000,0.5615320057984283,0.9472800793469138
3.758000,0.4272526131074998,1.1157396810864424
3.760000,0.5615320057984283,1.1010910200656139
3.762000,0.605477988860914,1.0937666895551996
3.764000,0.4785229266803998,0.9350728618295567
3.766000,0.4907301441977569,1.0791180285343709
3.768000,0.4345769436179141,0.9863431754024568
3.770000,0.42481116960402837,0.9448386358434424
3.772000,0.6372167544060425,1.0376134889753568
3.774000,0.5688563363088426,0.8642710002288854
3.776000,0.5224689097428855,0.9350728618295567
3.778000,0.5053788052185855,1.0522621499961853
3.780000,0.6518654154268712,0.9155413138017853
3.782000,0.47608148317692833,1.0473792629892424
3.784000,0.5542076752880141,0.9570458533607996
3.786000,0.5542076752880141,1.0717936980239566
3.788000,0.5078202487220569,1.1157396810864424
3.790000,0.708018616006714,0.942397192339971
3.792000,0.5053788052185855,1.1010910200656139
3.794000,0.4614328221560998,0.856946669718471
3.796000,0.5004959182116426,1.1010910200656139
3.798000,0.5297932402532998,1.0205233844510566
3.800000,0.5004959182116426,0.874036774242771
3.802000,0.6005951018539711,1.125505455100328
3.804000,0.502937361715114,0.9375143053330282
3.806000,0.4687571526665141,0.8935683222705425
3.808000,0.5908293278400855,1.0815594720378423
3.810000,0.4907301441977569,1.1401541161211566
3.812000,0.5737392233157854,0.8960097657740139
3.814000,0.4565499351491569,0.9130998702983139
3.816000,0.7275501640344854,0.9008926527809568
3.818000,0.6518654154268712,0.9399557488364996
3.820000,0.5810635538261998,1.1035324635690853
3.822000,0.5957122148470283,1.1279468986037995
3.824000,0.6298924238956283,1.0131990539406424
3.826000,0.4541084916456855,0.9008926527809568
3.828000,0.6128023193713283,0.9326314183260853
3.830000,0.5908293278400855,0.856946669718471
3.832000,0.7299916075379568,1.044937819485771
3.834000,0.6518654154268712,1.0522621499961853
3.836000,0.656748302433814,1.1230640115968566
3.838000,0.5761806668192568,1.0205233844510566
3.840000,0.6030365453574426,0.9716945143816281
3.842000,0.6958113984893568,0.9985503929198138
3.844000,0.4907301441977569,1.1474784466315708
3.846000,0.6298924238956283,1.0888838025482566
3.848000,0.5981536583504997,1.044937819485771
3.850000,0.44678416113527125,1.1108567940794996
3.852000,0.6445410849164569,1.1108567940794996
3.854000,0.4785229266803998,0.8911268787670711
3.856000,0.6469825284199283,0.8642710002288854
3.858000,0.571297779812314,1.0351720454718853
3.860000,0.5493247882810712,0.9839017318989852
3.862000,0.5786221103227284,0.9350728618295567
3.864000,0.4516670481422141,0.8691538872358282
3.866000,0.7226672770275425,0.9472800793469138
3.868000,0.4931715877012284,1.0815594720378423
3.870000,0.6982528419928282,0.993667505912871
3.872000,0.4882887006942855,0.9057755397878996
3.874000,0.605477988860914,1.044937819485771
3.876000,0.7324330510414282,1.0669108110170138
3.878000,0.4785229266803998,1.1035324635690853
3.880000,0.46631570916304266,0.8838025482566567
3.882000,0.6372167544060425,1.0717936980239566
3.884000,0.5273517967498283,1.1181811245899138
3.886000,0.48584725719081406,1.1108567940794996
3.888000,0.6933699549858854,0.9179827573052567
3.890000,0.7006942854962996,1.0815594720378423
3.892000,0.6274509803921569,0.9985503929198138
3.894000,0.44922560463874267,0.861829556725414
3.896000,0.622568093385214,0.8593881132219425
3.898000,0.5639734493018997,1.0498207064927139
3.900000,0.5786221103227284,0.9839017318989852
3.902000,0.690928511482414,1.0254062714579995
3.904000,0.5932707713435569,1.1108567940794996
3.906000,0.502937361715114,1.1035324635690853
3.908000,0.6982528419928282,1.0376134889753568
3.910000,0.7299916075379568,0.9399557488364996
3.912000,0.742198825055314,1.0424963759822996
3.914000,0.6176852063782712,0.908216983291371
3.916000,0.6323338673990997,0.8911268787670711
3.918000,0.4956130312046998,1.0254062714579995
3.920000,0.7275501640344854,1.0717936980239566
3.922000,0.6201266498817426,0.8691538872358282
3.924000,0.5273517967498283,1.096208133058671
3.926000,0.5078202487220569,1.005874723430228
3.928000,0.5200274662394141,1.1572442206454567
3.930000,0.7153429465171283,1.0034332799267567
3.932000,0.5542076752880141,1.091325246051728
3.934000,0.4565499351491569,0.8813611047531853
3.936000,0.48584725719081406,1.1523613336385137
3.938000,0.571297779812314,1.0131990539406424
3.940000,0.6518654154268712,0.9204242008087281
3.942000,0.6640726329442282,1.0498207064927139
3.944000,0.46631570916304266,0.8838025482566567
3.946000,0.5810635538261998,1.0205233844510566
3.948000,0.7373159380483711,0.8764782177462425
3.950000,0.7373159380483711,0.9350728618295567
3.952000,0.5346761272602426,1.1596856641489282
3.954000,0.6103608758678569,1.1401541161211566
3.956000,0.5053788052185855,0.8862439917601281
3.958000,0.5053788052185855,0.9863431754024568
3.960000,0.742198825055314,0.942397192339971
3.962000,0.7177843900205997,1.062027924010071
3.964000,0.6298924238956283,1.1450370031280994
3.966000,0.5468833447775998,1.091325246051728
3.968000,0.4614328221560998,1.1328297856107423
3.970000,0.5835049973296712,0.9130998702983139
3.972000,0.5420004577706569,0.9716945143816281
3.974000,0.502937361715114,1.1328297856107423
3.976000,0.5981536583504997,0.8984512092774853
3.978000,0.6152437628747998,0.9228656443121996
3.980000,0.5859464408331426,1.010757610437171
3.982000,0.5810635538261998,0.9961089494163424
3.984000,0.6128023193713283,0.9472800793469138
3.986000,0.5468833447775998,1.1401541161211566
3.988000,0.4882887006942855,0.9619287403677425
3.990000,0.5346761272602426,0.8960097657740139
3.992000,0.5102616922255283,1.1279468986037995
3.994000,0.6103608758678569,0.8911268787670711
3.996000,0.690928511482414,0.9716945143816281
3.998000,0.6543068589303426,1.1401541161211566
4.000000,0.6298924238956283,1.0840009155413137
4.002000,0.5151445792324711,0.959487296864271
4.004000,0.5761806668192568,0.9253070878156711
4.006000,0.5151445792324711,1.0571450370031281
4.008000,0.7202258335240711,0.9228656443121996
4.010000,0.7055771725032426,1.0278477149614709
4.012000,0.5004959182116426,1.010757610437171
4.014000,0.6445410849164569,0.9277485313191425
4.016000,0.6884870679789425,1.0351720454718853
4.018000,0.4980544747081712,1.0302891584649423
4.020000,0.6787212939650569,1.1010910200656139
4.022000,0.742198825055314,0.9716945143816281
4.024000,0.6665140764476997,1.062027924010071
4.026000,0.622568093385214,1.062027924010071
4.028000,0.5859464408331426,1.0791180285343709
4.030000,0.5224689097428855,0.976577401388571
4.032000,0.6323338673990997,0.9741359578850995
4.034000,0.537117570763714,1.0180819409475852
4.036000,0.6445410849164569,0.8984512092774853
4.038000,0.7202258335240711,1.1450370031280994
4.040000,0.5346761272602426,1.0156404974441138
4.042000,0.7324330510414282,1.1670099946593424
4.044000,0.4687571526665141,0.9814602883955138
4.046000,0.6958113984893568,0.9008926527809568
4.048000,0.6103608758678569,1.0595864805065995
4.050000,0.7373159380483711,0.9790188448920424
4.052000,0.6420996414129855,1.1670099946593424
4.054000,0.7177843900205997,1.0205233844510566
4.056000,0.6762798504615855,0.9228656443121996
4.058000,0.5908293278400855,0.959487296864271
4.060000,0.7495231555657282,1.1670099946593424
4.062000,0.5420004577706569,1.0034332799267567
4.064000,0.5200274662394141,1.005874723430228
4.066000,0.7153429465171283,0.9570458533607996
4.068000,0.5981536583504997,1.096208133058671
4.070000,0.5810635538261998,0.976577401388571
4.072000,0.7666132600900283,1.1792172121766995
4.074000,0.4785229266803998,1.1792172121766995
4.076000,0.7544060425726711,1.1108567940794996
4.078000,0.5493247882810712,0.9546044098573282
4.080000,0.6420996414129855,0.8886854352635996
4.082000,0.5297932402532998,1.1621271076523996
4.084000,0.5273517967498283,1.1010910200656139
4.086000,0.6982528419928282,1.005874723430228
4.088000,0.7251087205310139,1.1279468986037995
4.090000,0.5395590142671854,1.176775768673228
4.092000,0.673838406958114,1.010757610437171
4.094000,0.5493247882810712,0.8886854352635996
4.096000,0.47608148317692833,1.0156404974441138
4.098000,0.7177843900205997,0.9619287403677425
4.100000,0.571297779812314,0.9057755397878996
4.102000,0.5102616922255283,0.9008926527809568
4.104000,0.7641718165865568,1.044937819485771
4.106000,0.5175860227359427,0.9057755397878996
4.108000,0.690928511482414,1.0669108110170138
4.110000,0.6616311894407568,0.9839017318989852
4.112000,0.5786221103227284,0.9277485313191425
4.114000,0.537117570763714,1.1670099946593424
4.116000,0.7446402685587854,0.9350728618295567
4.118000,0.6665140764476997,1.0473792629892424
4.120000,0.5224689097428855,1.125505455100328
4.122000,0.6933699549858854,1.1108567940794996
4.124000,0.7324330510414282,1.0766765850308995
4.126000,0.7275501640344854,1.0547035934996567
4.128000,0.502937361715114,1.0766765850308995
4.130000,0.7006942854962996,0.9204242008087281
4.132000,0.6640726329442282,1.0009918364232853
4.134000,0.6616311894407568,1.113298237582971
4.136000,0.5981536583504997,1.0791180285343709
4.138000,0.7226672770275425,1.1084153505760281
4.140000,0.4882887006942855,0.9106584267948424
4.142000,0.6445410849164569,1.0400549324788282
4.144000,0.6298924238956283,0.9155413138017853
4.146000,0.7177843900205997,1.1889829861905852
4.148000,0.48584725719081406,1.0840009155413137
4.150000,0.6591897459372854,1.130388342107271
4.152000,0.4980544747081712,0.9033340962844282
4.154000,0.5737392233157854,1.0791180285343709
4.156000,0.6665140764476997,1.010757610437171
4.158000,0.708018616006714,1.1865415426871138
4.160000,0.7202258335240711,1.1914244296940566
4.162000,0.7251087205310139,1.0376134889753568
4.164000,0.6469825284199283,0.9375143053330282
4.166000,0.6420996414129855,1.0815594720378423
4.168000,0.7592889295796139,1.0864423590447851
4.170000,0.5639734493018997,1.0498207064927139
4.172000,0.6201266498817426,1.0766765850308995
4.174000,0.7470817120622568,1.0400549324788282
4.176000,0.5297932402532998,1.125505455100328
4.178000,0.6298924238956283,1.1352712291142137
4.180000,0.7031357289997711,1.1499198901350423
4.182000,0.7470817120622568,1.091325246051728
4.184000,0.6005951018539711,0.9790188448920424
4.186000,0.4980544747081712,1.096208133058671
4.188000,0.4882887006942855,1.1474784466315708
4.190000,0.7666132600900283,1.130388342107271
4.192000,0.7739375906004425,1.0009918364232853
4.194000,0.7446402685587854,0.9228656443121996
4.196000,0.5664148928053712,0.9546044098573282
4.198000,0.7031357289997711,1.0205233844510566
4.200000,0.656748302433814,1.1010910200656139
4.202000,0.6079194323643854,0.908216983291371
4.204000,0.6372167544060425,1.193865873197528
4.206000,0.673838406958114,1.0571450370031281
4.208000,0.7373159380483711,1.1621271076523996
4.210000,0.6274509803921569,0.9179827573052567
4.212000,0.5322346837567712,1.1108567940794996
4.214000,0.7592889295796139,0.9350728618295567
4.216000,0.6103608758678569,0.9057755397878996
4.218000,0.6836041809719997,1.193865873197528
4.220000,0.788586251621271,1.0034332799267567
4.222000,0.6274509803921569,1.1841000991836423
4.224000,0.7299916075379568,0.9814602883955138
4.226000,0.6128023193713283,1.0937666895551996
4.228000,0.7373159380483711,1.0840009155413137
4.230000,0.5420004577706569,1.0131990539406424
4.232000,0.7299916075379568,1.091325246051728
4.234000,0.7177843900205997,1.1621271076523996
4.236000,0.6640726329442282,0.9692530708781567
4.238000,0.7690547035934997,1.0205233844510566
4.240000,0.6250095368886854,1.1694514381628138
4.242000,0.6591897459372854,1.0644693675135424
4.244000,0.5737392233157854,1.0376134889753568
4.246000,0.5688563363088426,1.1181811245899138
4.248000,0.7177843900205997,1.0717936980239566
4.250000,0.6420996414129855,1.1108567940794996
4.252000,0.622568093385214,1.0791180285343709
4.254000,0.6616311894407568,0.9106584267948424
4.256000,0.7812619211108568,0.9399557488364996
4.258000,0.6787212939650569,1.1792172121766995
4.260000,0.5493247882810712,1.1279468986037995
4.262000,0.5053788052185855,0.9985503929198138
4.264000,0.6347753109025711,0.9668116273746853
4.266000,0.656748302433814,1.1108567940794996
4.268000,0.7934691386282139,1.0986495765621425
4.270000,0.5297932402532998,1.022964827954528
4.272000,0.5957122148470283,0.9204242008087281
4.274000,0.5737392233157854,1.206073090714885
4.276000,0.502937361715114,1.0815594720378423
4.278000,0.690928511482414,1.062027924010071
4.280000,0.6420996414129855,1.1987487602044709
4.282000,0.6787212939650569,1.1987487602044709
4.284000,0.5200274662394141,1.062027924010071
4.286000,0.6884870679789425,0.9350728618295567
4.288000,0.6347753109025711,0.9204242008087281
4.290000,0.5859464408331426,1.1181811245899138
4.292000,0.5615320057984283,0.9863431754024568
4.294000,0.6836041809719997,1.074235141527428
4.296000,0.7470817120622568,1.164568551155871
4.298000,0.6787212939650569,0.9570458533607996
4.300000,0.7910276951247425,1.1596856641489282
4.302000,0.6933699549858854,1.0180819409475852
4.304000,0.571297779812314,1.0302891584649423
4.306000,0.7153429465171283,0.9839017318989852
4.308000,0.5639734493018997,1.181658655680171
4.310000,0.7910276951247425,0.942397192339971
4.312000,0.5249103532463569,0.942397192339971
4.314000,0.7055771725032426,1.2085145342183565
4.316000,0.6811627374685283,1.0205233844510566
4.318000,0.571297779812314,1.1352712291142137
4.320000,0.7251087205310139,1.2011902037079423
4.322000,0.776379034103914,1.1572442206454567
4.324000,0.708018616006714,0.9375143053330282
4.326000,0.6176852063782712,1.2011902037079423
4.328000,0.6689555199511711,1.1572442206454567
4.330000,0.6372167544060425,1.2085145342183565
4.332000,0.690928511482414,1.1108567940794996
4.334000,0.5542076752880141,1.1157396810864424
4.336000,0.5932707713435569,1.1377126726176852
4.338000,0.7226672770275425,0.9570458533607996
4.340000,0.6762798504615855,1.0547035934996567
4.342000,0.5859464408331426,1.0986495765621425
4.344000,0.6250095368886854,1.091325246051728
4.346000,0.5175860227359427,1.2133974212252994
4.348000,0.6811627374685283,1.1108567940794996
4.350000,0.5224689097428855,0.9521629663538567
4.352000,0.7031357289997711,1.091325246051728
4.354000,0.690928511482414,0.9570458533607996
4.356000,0.5908293278400855,1.0400549324788282
4.358000,0.7910276951247425,1.193865873197528
4.360000,0.7226672770275425,0.9546044098573282
4.362000,0.5859464408331426,1.1914244296940566
4.364000,0.8081177996490425,1.0034332799267567
4.366000,0.6420996414129855,0.9814602883955138
4.368000,0.5297932402532998,1.1279468986037995
4.370000,0.7348744945448997,1.0791180285343709
4.372000,0.7299916075379568,1.1059739070725567
4.374000,0.7299916075379568,1.130388342107271
4.376000,0.7251087205310139,1.176775768673228
4.378000,0.7202258335240711,0.9887846189059282
4.380000,0.6665140764476997,0.9692530708781567
4.382000,0.7983520256351568,1.1841000991836423
4.384000,0.6494239719233997,1.0376134889753568
4.386000,0.5664148928053712,1.0791180285343709
4.388000,0.6860456244754711,1.1474784466315708
4.390000,0.537117570763714,1.032730601968414
4.392000,0.7544060425726711,1.0986495765621425
4.394000,0.7739375906004425,1.1352712291142137
4.396000,0.5224689097428855,0.9668116273746853
4.398000,0.639658197909514,1.0498207064927139
4.400000,0.6665140764476997,1.1108567940794996
4.402000,0.7861448081177996,1.0278477149614709
4.404000,0.5859464408331426,1.2304875257495995
4.406000,0.7299916075379568,1.0888838025482566
4.408000,0.7324330510414282,0.9546044098573282
4.410000,0.6103608758678569,1.2182803082322422
4.412000,0.7519645990691997,1.2231631952391853
4.414000,0.8056763561455711,0.9912260624093996
4.416000,0.7592889295796139,1.1230640115968566
4.418000,0.5322346837567712,1.2036316472114137
4.420000,0.5420004577706569,1.1865415426871138
4.422000,0.7373159380483711,1.1499198901350423
4.424000,0.7251087205310139,1.164568551155871
4.426000,0.742198825055314,0.9814602883955138
4.428000,0.6836041809719997,1.2158388647287708
4.430000,0.5761806668192568,1.0083161669336995
4.432000,0.8105592431525139,1.1328297856107423
4.434000,0.8081177996490425,1.0791180285343709
4.436000,0.6787212939650569,1.096208133058671
4.438000,0.742198825055314,1.1963073167009994
4.440000,0.673838406958114,1.0180819409475852
4.442000,0.5761806668192568,1.0986495765621425
4.444000,0.7299916075379568,1.074235141527428
4.446000,0.5981536583504997,1.1914244296940566
4.448000,0.7519645990691997,1.062027924010071
4.450000,0.6250095368886854,1.010757610437171
4.452000,0.5786221103227284,1.1743343251697567
4.454000,0.8178835736629282,0.942397192339971
4.456000,0.7299916075379568,0.9643701838712139
4.458000,0.5346761272602426,0.9790188448920424
4.460000,0.622568093385214,1.1499198901350423
4.462000,0.5297932402532998,1.0034332799267567
4.464000,0.5957122148470283,1.181658655680171
4.466000,0.6298924238956283,1.2256046387426567
4.468000,0.8130006866559853,1.0644693675135424
4.470000,0.6640726329442282,1.2231631952391853
4.472000,0.6982528419928282,0.9961089494163424
4.474000,0.6103608758678569,1.0351720454718853
4.476000,0.656748302433814,1.0180819409475852
4.478000,0.5737392233157854,0.9643701838712139
4.480000,0.7739375906004425,1.1035324635690853
4.482000,0.7641718165865568,1.1010910200656139
4.484000,0.5859464408331426,1.2158388647287708
4.486000,0.5493247882810712,1.1670099946593424
4.488000,0.673838406958114,1.142595559624628
4.490000,0.6884870679789425,1.0888838025482566
4.492000,0.8300907911802854,1.154802777141985
4.494000,0.6201266498817426,1.0424963759822996
4.496000,0.673838406958114,1.1670099946593424
4.498000,0.5786221103227284,1.164568551155871
4.500000,0.7666132600900283,0.9790188448920424
4.502000,0.7446402685587854,1.1059739070725567
4.504000,0.7739375906004425,1.0522621499961853
4.506000,0.6005951018539711,1.1401541161211566
4.508000,0.5688563363088426,1.032730601968414
4.510000,0.5786221103227284,1.1450370031280994
4.512000,0.7837033646143282,1.130388342107271
4.514000,0.7788204776073854,1.1718928816662852
4.516000,0.6298924238956283,1.1889829861905852
4.518000,0.6543068589303426,1.2378118562600138
4.520000,0.588387884336614,1.0815594720378423
4.522000,0.742198825055314,0.976577401388571
4.524000,0.5786221103227284,1.0986495765621425
4.526000,0.7177843900205997,0.993667505912871
4.528000,0.6201266498817426,1.245136186770428
4.530000,0.571297779812314,1.2036316472114137
4.532000,0.5908293278400855,1.062027924010071
4.534000,0.673838406958114,1.2378118562600138
4.536000,0.6982528419928282,0.9814602883955138
4.538000,0.6298924238956283,1.2402532997634852
4.540000,0.7714961470969711,1.1743343251697567
4.542000,0.8056763561455711,1.2304875257495995
4.544000,0.5688563363088426,0.9619287403677425
4.546000,0.6860456244754711,1.2426947432669566
4.548000,0.742198825055314,1.0693522545204852
4.550000,0.7006942854962996,1.0278477149614709
4.552000,0.6274509803921569,0.993667505912871
4.554000,0.7251087205310139,1.2231631952391853
4.556000,0.6079194323643854,1.232928969253071
4.558000,0.7397573815518426,1.1841000991836423
4.560000,0.7275501640344854,1.1987487602044709
4.562000,0.7299916075379568,1.0644693675135424
4.564000,0.6030365453574426,1.032730601968414
4.566000,0.7934691386282139,0.9741359578850995
4.568000,0.6811627374685283,1.1181811245899138
4.570000,0.6787212939650569,1.164568551155871
4.572000,0.6372167544060425,0.9912260624093996
4.574000,0.5932707713435569,1.1743343251697567
4.576000,0.6372167544060425,1.2475776302738995
4.578000,0.708018616006714,1.032730601968414
4.580000,0.6347753109025711,1.2085145342183565
4.582000,0.5981536583504997,1.1694514381628138
4.584000,0.7690547035934997,1.0278477149614709
4.586000,0.5664148928053712,1.2182803082322422
4.588000,0.7299916075379568,0.9961089494163424
4.590000,0.6469825284199283,1.1963073167009994
4.592000,0.8203250171663996,1.0498207064927139
4.594000,0.7714961470969711,1.0717936980239566
4.596000,0.7983520256351568,0.9790188448920424
4.598000,0.5908293278400855,1.0254062714579995
4.600000,0.7617303730830853,1.1279468986037995
4.602000,0.6250095368886854,1.0571450370031281
4.604000,0.7202258335240711,1.0131990539406424
4.606000,0.8276493476768139,1.096208133058671
4.608000,0.7202258335240711,1.0791180285343709
4.610000,0.6518654154268712,1.1718928816662852
4.612000,0.5810635538261998,1.142595559624628
4.614000,0.6103608758678569,1.2573434042877851
4.616000,0.8105592431525139,0.9668116273746853
4.618000,0.6933699549858854,1.2524605172808423
4.620000,0.7324330510414282,1.1108567940794996
4.622000,0.7495231555657282,1.0766765850308995
4.624000,0.8349736781872282,1.0498207064927139
4.626000,0.605477988860914,1.2646677347981994
4.628000,0.8398565651941711,1.0864423590447851
4.630000,0.8032349126420997,1.0669108110170138
4.632000,0.7959105821316853,1.2085145342183565
4.634000,0.8447394522011139,1.0669108110170138
4.636000,0.6347753109025711,1.2500190737773709
4.638000,0.6469825284199283,0.9668116273746853
4.640000,0.6640726329442282,0.976577401388571
4.642000,0.8349736781872282,1.1059739070725567
4.644000,0.8349736781872282,1.096208133058671
4.646000,0.7470817120622568,1.0424963759822996
4.648000,0.6665140764476997,1.1279468986037995
4.650000,0.8276493476768139,1.0376134889753568
4.652000,0.6665140764476997,1.1792172121766995
4.654000,0.8081177996490425,1.0278477149614709
4.656000,0.8349736781872282,1.0864423590447851
4.658000,0.6445410849164569,1.0840009155413137
4.660000,0.6689555199511711,1.0180819409475852
4.662000,0.708018616006714,1.228046082246128
4.664000,0.7666132600900283,1.193865873197528
4.666000,0.708018616006714,1.0595864805065995
4.668000,0.5786221103227284,1.206073090714885
4.670000,0.7251087205310139,1.2231631952391853
4.672000,0.7470817120622568,1.0937666895551996
4.674000,0.5639734493018997,1.1841000991836423
4.676000,0.7202258335240711,1.074235141527428
4.678000,0.7592889295796139,1.0351720454718853
4.680000,0.6811627374685283,1.1621271076523996
4.682000,0.5932707713435569,1.1841000991836423
4.684000,0.5664148928053712,1.1963073167009994
4.686000,0.622568093385214,1.1181811245899138
4.688000,0.7055771725032426,0.9863431754024568
4.690000,0.5957122148470283,1.1914244296940566
4.692000,0.788586251621271,1.1230640115968566
4.694000,0.8325322346837568,1.2011902037079423
4.696000,0.7739375906004425,1.1572442206454567
4.698000,0.6811627374685283,1.2011902037079423
4.700000,0.7129015030136568,1.0595864805065995
4.702000,0.5932707713435569,1.2573434042877851
4.704000,0.7617303730830853,1.2207217517357138
4.706000,0.8422980086976425,1.1670099946593424
4.708000,0.7299916075379568,1.1694514381628138
4.710000,0.7495231555657282,1.005874723430228
4.712000,0.7202258335240711,1.2597848477912565
4.714000,0.7006942854962996,1.1230640115968566
4.716000,0.7251087205310139,1.2353704127565424
4.718000,0.6445410849164569,1.2646677347981994
4.720000,0.7495231555657282,1.1035324635690853
4.722000,0.6591897459372854,1.0473792629892424
4.724000,0.7837033646143282,1.2353704127565424
4.726000,0.856946669718471,1.1352712291142137
4.728000,0.7446402685587854,1.0986495765621425
4.730000,0.8325322346837568,1.074235141527428
4.732000,0.5737392233157854,1.0791180285343709
4.734000,0.7251087205310139,1.2207217517357138
4.736000,0.6250095368886854,1.0840009155413137
4.738000,0.7739375906004425,1.1230640115968566
4.740000,0.7299916075379568,1.2573434042877851
4.742000,0.8667124437323568,1.1865415426871138
4.744000,0.7617303730830853,1.2353704127565424
4.746000,0.8667124437323568,1.1841000991836423
4.748000,0.8203250171663996,1.1523613336385137
4.750000,0.7714961470969711,1.2549019607843137
4.752000,0.7959105821316853,1.1328297856107423
4.754000,0.6372167544060425,1.0278477149614709
4.756000,0.8056763561455711,1.2719920653086136
4.758000,0.7983520256351568,1.0400549324788282
4.760000,0.7202258335240711,1.2549019607843137
4.762000,0.822766460669871,1.164568551155871
4.764000,0.8691538872358282,1.0131990539406424
4.766000,0.742198825055314,1.1279468986037995
4.768000,0.673838406958114,1.2402532997634852
4.770000,0.8545052262149996,1.130388342107271
4.772000,0.856946669718471,0.9985503929198138
4.774000,0.7055771725032426,1.0644693675135424
4.776000,0.6201266498817426,1.1474784466315708
4.778000,0.7006942854962996,1.1108567940794996
4.780000,0.7934691386282139,1.1963073167009994
4.782000,0.6494239719233997,1.0254062714579995
4.784000,0.7959105821316853,0.9961089494163424
4.786000,0.8252079041733424,1.2158388647287708
4.788000,0.6762798504615855,1.232928969253071
4.790000,0.7251087205310139,1.0864423590447851
4.792000,0.8691538872358282,1.2011902037079423
4.794000,0.8105592431525139,1.074235141527428
4.796000,0.7788204776073854,1.0034332799267567
4.798000,0.6103608758678569,1.1474784466315708
4.800000,0.7714961470969711,1.2817578393224995
4.802000,0.5810635538261998,1.279316395819028
4.804000,0.6274509803921569,1.0351720454718853
4.806000,0.8081177996490425,1.1914244296940566
4.808000,0.8178835736629282,1.2866407263294424
4.810000,0.6128023193713283,1.2597848477912565
4.812000,0.8593881132219425,1.091325246051728
4.814000,0.8691538872358282,1.284199282825971
4.816000,0.8203250171663996,1.1572442206454567
4.818000,0.8203250171663996,1.1059739070725567
4.820000,0.7934691386282139,1.2085145342183565
4.822000,0.7568474860761425,1.0009918364232853
4.824000,0.5859464408331426,1.0424963759822996
4.826000,0.8520637827115282,1.010757610437171
4.828000,0.656748302433814,1.2646677347981994
4.830000,0.6445410849164569,1.0131990539406424
4.832000,0.6005951018539711,1.0400549324788282
4.834000,0.8471808957045853,1.0669108110170138
4.836000,0.7177843900205997,1.1963073167009994
4.838000,0.8642710002288854,1.0717936980239566
4.840000,0.8081177996490425,1.2719920653086136
4.842000,0.6030365453574426,1.091325246051728
4.844000,0.6103608758678569,1.2500190737773709
4.846000,0.8667124437323568,1.0840009155413137
4.848000,0.7617303730830853,1.1084153505760281
4.850000,0.7104600595101854,1.0986495765621425
4.852000,0.6274509803921569,1.0669108110170138
4.854000,0.7519645990691997,1.274433508812085
4.856000,0.874036774242771,1.1206225680933852
4.858000,0.5981536583504997,1.1865415426871138
4.860000,0.822766460669871,1.2011902037079423
4.862000,0.6079194323643854,1.210955977721828
4.864000,0.8642710002288854,1.1743343251697567
4.866000,0.6420996414129855,1.1987487602044709
4.868000,0.8838025482566567,1.096208133058671
4.870000,0.6079194323643854,1.2768749523155565
4.872000,0.7617303730830853,1.2646677347981994
4.874000,0.874036774242771,1.279316395819028
4.876000,0.7983520256351568,1.2719920653086136
4.878000,0.7275501640344854,1.1499198901350423
4.880000,0.6347753109025711,1.1792172121766995
4.882000,0.7861448081177996,1.005874723430228
4.884000,0.8154421301594568,1.0644693675135424
4.886000,0.622568093385214,1.0498207064927139
4.888000,0.7739375906004425,1.1059739070725567
4.890000,0.8007934691386283,1.2353704127565424
4.892000,0.673838406958114,1.206073090714885
4.894000,0.6079194323643854,1.1963073167009994
4.896000,0.8886854352635996,1.0791180285343709
4.898000,0.6494239719233997,1.1914244296940566
4.900000,0.8520637827115282,1.032730601968414
4.902000,0.7251087205310139,1.032730601968414
4.904000,0.6762798504615855,1.0547035934996567
4.906000,0.6250095368886854,1.3012893873502709
4.908000,0.6616311894407568,1.1352712291142137
4.910000,0.8862439917601281,1.1621271076523996
4.912000,0.8789196612497139,1.0351720454718853
4.914000,0.6298924238956283,1.2475776302738995
4.916000,0.7690547035934997,1.2402532997634852
4.918000,0.622568093385214,1.1352712291142137
4.920000,0.6372167544060425,1.2158388647287708
4.922000,0.605477988860914,1.0864423590447851
4.924000,0.7788204776073854,1.1499198901350423
4.926000,0.8007934691386283,1.1743343251697567
4.928000,0.7226672770275425,1.2890821698329138
4.930000,0.8545052262149996,1.1718928816662852
4.932000,0.6176852063782712,1.0864423590447851
4.934000,0.742198825055314,1.2231631952391853
4.936000,0.6640726329442282,1.2719920653086136
4.938000,0.7495231555657282,1.2500190737773709
4.940000,0.5981536583504997,1.2036316472114137
4.942000,0.6201266498817426,1.2549019607843137
4.944000,0.8520637827115282,1.1694514381628138
4.946000,0.6250095368886854,1.0571450370031281
4.948000,0.7714961470969711,1.1206225680933852
4.950000,0.7568474860761425,1.2988479438467995
4.952000,0.6420996414129855,1.2866407263294424
4.954000,0.8545052262149996,1.2890821698329138
4.956000,0.776379034103914,1.2915236133363852
4.958000,0.7861448081177996,1.2133974212252994
4.960000,0.8374151216906996,1.0669108110170138
4.962000,0.8398565651941711,1.2768749523155565
4.964000,0.7544060425726711,1.125505455100328
4.966000,0.8349736781872282,1.096208133058671
4.968000,0.6640726329442282,1.2768749523155565
4.970000,0.8398565651941711,1.2256046387426567
4.972000,0.6884870679789425,1.032730601968414
4.974000,0.7544060425726711,1.1279468986037995
4.976000,0.6347753109025711,1.1206225680933852
4.978000,0.7470817120622568,1.1743343251697567
4.980000,0.7812619211108568,1.210955977721828
4.982000,0.7714961470969711,1.1621271076523996
4.984000,0.7837033646143282,1.1010910200656139
4.986000,0.7910276951247425,1.1963073167009994
4.988000,0.874036774242771,1.0693522545204852
4.990000,0.8178835736629282,1.2426947432669566
4.992000,0.6201266498817426,1.1108567940794996
4.994000,0.6762798504615855,1.0473792629892424
4.996000,0.9008926527809568,1.096208133058671
4.998000,0.6298924238956283,1.2549019607843137
5.000000,0.7373159380483711,1.262226291294728
5.002000,0.6860456244754711,1.0376134889753568
5.004000,0.673838406958114,1.1499198901350423
5.006000,0.6616311894407568,1.2402532997634852
5.008000,0.7299916075379568,1.2500190737773709
5.010000,0.874036774242771,1.1450370031280994
5.012000,0.7251087205310139,1.2036316472114137
5.014000,0.7690547035934997,1.1157396810864424
5.016000,0.8886854352635996,1.2719920653086136
5.018000,0.7470817120622568,1.0717936980239566
5.020000,0.6591897459372854,1.2133974212252994
5.022000,0.8886854352635996,1.0473792629892424
5.024000,0.7910276951247425,1.1572442206454567
5.026000,0.6420996414129855,1.2402532997634852
5.028000,0.6713969634546425,1.0376134889753568
5.030000,0.6958113984893568,1.2646677347981994
5.032000,0.7666132600900283,1.0595864805065995
5.034000,0.8691538872358282,1.1035324635690853
5.036000,0.8764782177462425,1.279316395819028
5.038000,0.6616311894407568,1.3061722743572137
5.040000,0.8642710002288854,1.262226291294728
5.042000,0.776379034103914,1.1279468986037995
5.044000,0.8007934691386283,1.1792172121766995
5.046000,0.8886854352635996,1.096208133058671
5.048000,0.8984512092774853,1.1450370031280994
5.050000,0.6591897459372854,1.1914244296940566
5.052000,0.8813611047531853,1.0351720454718853
5.054000,0.7397573815518426,1.1743343251697567
5.056000,0.6811627374685283,1.1743343251697567
5.058000,0.9033340962844282,1.1157396810864424
5.060000,0.8496223392080567,1.0669108110170138
5.062000,0.7470817120622568,1.1523613336385137
5.064000,0.7519645990691997,1.032730601968414
5.066000,0.6762798504615855,1.2524605172808423
5.068000,0.6860456244754711,1.2207217517357138
5.070000,0.8203250171663996,1.2036316472114137
5.072000,0.8813611047531853,1.0888838025482566
5.074000,0.7226672770275425,1.296406500343328
5.076000,0.8789196612497139,1.296406500343328
5.078000,0.7226672770275425,1.2133974212252994
5.080000,0.874036774242771,1.2011902037079423
5.082000,0.6591897459372854,1.2353704127565424
5.084000,0.7739375906004425,1.125505455100328
5.086000,0.7641718165865568,1.1328297856107423
5.088000,0.6494239719233997,1.062027924010071
5.090000,0.6347753109025711,1.1474784466315708
5.092000,0.6958113984893568,1.091325246051728
5.094000,0.8520637827115282,1.096208133058671
5.096000,0.8203250171663996,1.181658655680171
5.098000,0.7837033646143282,1.3208209353780422
5.100000,0.6640726329442282,1.1621271076523996
5.102000,0.6494239719233997,1.2695506218051422
5.104000,0.7519645990691997,1.2011902037079423
5.106000,0.8813611047531853,1.2207217517357138
5.108000,0.8032349126420997,1.2011902037079423
5.110000,0.8081177996490425,1.1279468986037995
5.112000,0.7031357289997711,1.2573434042877851
5.114000,0.7739375906004425,1.1963073167009994
5.116000,0.7299916075379568,1.2671091783016708
5.118000,0.7983520256351568,1.1841000991836423
5.120000,0.874036774242771,1.2573434042877851
5.122000,0.6933699549858854,1.2182803082322422
5.124000,0.6347753109025711,1.0937666895551996
5.126000,0.8203250171663996,1.142595559624628
5.128000,0.9204242008087281,1.1377126726176852
5.130000,0.8667124437323568,1.1572442206454567
5.132000,0.7470817120622568,1.0766765850308995
5.134000,0.9130998702983139,1.096208133058671
5.136000,0.8642710002288854,1.1059739070725567
5.138000,0.7153429465171283,1.0937666895551996
5.140000,0.690928511482414,1.2256046387426567
5.142000,0.8276493476768139,1.262226291294728
5.144000,0.6958113984893568,1.062027924010071
5.146000,0.9277485313191425,1.0791180285343709
5.148000,0.822766460669871,1.3232623788815137
5.150000,0.7226672770275425,1.154802777141985
5.152000,0.7592889295796139,1.2353704127565424
5.154000,0.6445410849164569,1.2207217517357138
5.156000,0.7714961470969711,1.1474784466315708
5.158000,0.8081177996490425,1.1889829861905852
5.160000,0.8203250171663996,1.0693522545204852
5.162000,0.8007934691386283,1.2158388647287708
5.164000,0.8398565651941711,1.3183794918745708
5.166000,0.9130998702983139,1.3354695963988708
5.168000,0.8300907911802854,1.1377126726176852
5.170000,0.7788204776073854,1.1059739070725567
5.172000,0.9253070878156711,1.181658655680171
5.174000,0.8154421301594568,1.296406500343328
5.176000,0.6811627374685283,1.2011902037079423
5.178000,0.6420996414129855,1.1889829861905852
5.180000,0.7934691386282139,1.2426947432669566
5.182000,0.7690547035934997,1.325703822384985
5.184000,0.7251087205310139,1.2988479438467995
5.186000,0.8447394522011139,1.0547035934996567
5.188000,0.8764782177462425,1.113298237582971
5.190000,0.7226672770275425,1.3012893873502709
5.192000,0.7104600595101854,1.0791180285343709
5.194000,0.6543068589303426,1.0644693675135424
5.196000,0.822766460669871,1.1279468986037995
5.198000,0.908216983291371,1.3086137178606851
5.200000,0.6884870679789425,1.2719920653086136
5.202000,0.9350728618295567,1.1670099946593424
5.204000,0.6665140764476997,1.2719920653086136
5.206000,0.8496223392080567,1.0717936980239566
5.208000,0.9106584267948424,1.2939650568398566
5.210000,0.8325322346837568,1.2500190737773709
5.212000,0.656748302433814,1.0547035934996567
5.214000,0.9179827573052567,1.245136186770428
5.216000,0.7177843900205997,1.0864423590447851
5.218000,0.6494239719233997,1.228046082246128
5.220000,0.6933699549858854,1.228046082246128
5.222000,0.8105592431525139,1.0986495765621425
5.224000,0.9033340962844282,1.2011902037079423
5.226000,0.6958113984893568,1.176775768673228
5.228000,0.8447394522011139,1.330586709391928
5.230000,0.8960097657740139,1.0815594720378423
5.232000,0.8886854352635996,1.1157396810864424
5.234000,0.9350728618295567,1.1889829861905852
5.236000,0.8447394522011139,1.176775768673228
5.238000,0.7495231555657282,1.1914244296940566
5.240000,0.8593881132219425,1.193865873197528
5.242000,0.8203250171663996,1.2890821698329138
5.244000,0.6982528419928282,1.181658655680171
5.246000,0.8886854352635996,1.2133974212252994
5.248000,0.8032349126420997,1.074235141527428
5.250000,0.8105592431525139,1.062027924010071
5.252000,0.8398565651941711,1.2207217517357138
5.254000,0.7739375906004425,1.262226291294728
5.256000,0.9375143053330282,1.1059739070725567
5.258000,0.7861448081177996,1.1352712291142137
5.260000,0.7251087205310139,1.3354695963988708
5.262000,0.9253070878156711,1.1889829861905852
5.264000,0.8130006866559853,1.1084153505760281
5.266000,0.7275501640344854,1.0986495765621425
5.268000,0.8642710002288854,1.2646677347981994
5.270000,0.6933699549858854,1.2133974212252994
5.272000,0.7226672770275425,1.2866407263294424
5.274000,0.7104600595101854,1.3501182574196995
5.276000,0.874036774242771,1.2207217517357138
5.278000,0.7544060425726711,1.091325246051728
5.280000,0.8715953307392996,1.0717936980239566
5.282000,0.7788204776073854,1.0864423590447851
5.284000,0.7055771725032426,1.1987487602044709
5.286000,0.6591897459372854,1.1279468986037995
5.288000,0.7641718165865568,1.2988479438467995
5.290000,0.6860456244754711,1.1377126726176852
5.292000,0.861829556725414,1.2353704127565424
5.294000,0.788586251621271,1.1230640115968566
5.296000,0.8593881132219425,1.3281452658884565
5.298000,0.7592889295796139,1.1279468986037995
5.300000,0.6982528419928282,1.0888838025482566
5.302000,0.8984512092774853,1.154802777141985
5.304000,0.8178835736629282,1.296406500343328
5.306000,0.8154421301594568,1.176775768673228
5.308000,0.8178835736629282,1.1572442206454567
5.310000,0.9326314183260853,1.2011902037079423
5.312000,0.9326314183260853,1.1230640115968566
5.314000,0.7959105821316853,1.2378118562600138
5.316000,0.8496223392080567,1.3574425879301137
5.318000,0.8545052262149996,1.0986495765621425
5.320000,0.7666132600900283,1.3208209353780422
5.322000,0.9546044098573282,1.0864423590447851
5.324000,0.7177843900205997,1.210955977721828
5.326000,0.9301899748226139,1.1352712291142137
5.328000,0.9521629663538567,1.1841000991836423
5.330000,0.776379034103914,1.2207217517357138
5.332000,0.8911268787670711,1.1841000991836423
5.334000,0.7275501640344854,1.1987487602044709
5.336000,0.6836041809719997,1.1792172121766995
5.338000,0.742198825055314,1.1279468986037995
5.340000,0.7275501640344854,1.364766918440528
5.342000,0.6884870679789425,1.125505455100328
5.344000,0.8203250171663996,1.2011902037079423
5.346000,0.7055771725032426,1.164568551155871
5.348000,0.9033340962844282,1.0766765850308995
5.350000,0.9008926527809568,1.1279468986037995
5.352000,0.8447394522011139,1.2426947432669566
5.354000,0.8447394522011139,1.1914244296940566
5.356000,0.9326314183260853,1.2207217517357138
5.358000,0.9350728618295567,1.3379110399023422
5.360000,0.8300907911802854,1.2207217517357138
5.362000,0.7202258335240711,1.3281452658884565
5.364000,0.7641718165865568,1.2719920653086136
5.366000,0.7934691386282139,1.0766765850308995
5.368000,0.8838025482566567,1.125505455100328
5.370000,0.8911268787670711,1.2719920653086136
5.372000,0.7788204776073854,1.096208133058671
5.374000,0.8349736781872282,1.2011902037079423
5.376000,0.7861448081177996,1.2207217517357138
5.378000,0.8471808957045853,1.125505455100328
5.380000,0.7739375906004425,1.3159380483710994
5.382000,0.6836041809719997,1.3379110399023422
5.384000,0.7177843900205997,1.3745326924544137
5.386000,0.708018616006714,1.3745326924544137
5.388000,0.9130998702983139,1.313496604867628
5.390000,0.7397573815518426,1.096208133058671
5.392000,0.959487296864271,1.3159380483710994
5.394000,0.7275501640344854,1.113298237582971
5.396000,0.8032349126420997,1.1572442206454567
5.398000,0.856946669718471,1.2915236133363852
5.400000,0.8984512092774853,1.2597848477912565
5.402000,0.9619287403677425,1.0840009155413137
5.404000,0.8178835736629282,1.1889829861905852
5.406000,0.7275501640344854,1.330586709391928
5.408000,0.9106584267948424,1.330586709391928
5.410000,0.856946669718471,1.0815594720378423
5.412000,0.9326314183260853,1.3281452658884565
5.414000,0.7373159380483711,1.1035324635690853
5.416000,0.8325322346837568,1.3574425879301137
5.418000,0.7934691386282139,1.2695506218051422
5.420000,0.9448386358434424,1.3208209353780422
5.422000,0.9277485313191425,1.142595559624628
5.424000,0.7299916075379568,1.2890821698329138
5.426000,0.8325322346837568,1.1450370031280994
5.428000,0.874036774242771,1.330586709391928
5.430000,0.7251087205310139,1.2988479438467995
5.432000,0.9350728618295567,1.342793926909285
5.434000,0.8520637827115282,1.2524605172808423
5.436000,0.959487296864271,1.3696498054474708
5.438000,0.9716945143816281,1.2719920653086136
5.440000,0.7861448081177996,1.3061722743572137
5.442000,0.8715953307392996,1.3159380483710994
5.444000,0.9277485313191425,1.3379110399023422
5.446000,0.7373159380483711,1.1621271076523996
5.448000,0.8545052262149996,1.3696498054474708
5.450000,0.942397192339971,1.1157396810864424
5.452000,0.6762798504615855,1.154802777141985
5.454000,0.9253070878156711,1.164568551155871
5.456000,0.8520637827115282,1.181658655680171
5.458000,0.9668116273746853,1.1059739070725567
5.460000,0.8081177996490425,1.1670099946593424
5.462000,0.8471808957045853,1.313496604867628
5.464000,0.7202258335240711,1.3672083619439994
5.466000,0.9546044098573282,1.2695506218051422
5.468000,0.6933699549858854,1.1401541161211566
5.470000,0.7226672770275425,1.2426947432669566
5.472000,0.7397573815518426,1.1670099946593424
5.474000,0.9155413138017853,1.2085145342183565
5.476000,0.8838025482566567,1.3696498054474708
5.478000,0.7153429465171283,1.206073090714885
5.480000,0.874036774242771,1.2207217517357138
5.482000,0.9008926527809568,1.1621271076523996
5.484000,0.9350728618295567,1.1181811245899138
5.486000,0.8081177996490425,1.3110551613641566
5.488000,0.9497215228503852,1.2768749523155565
5.490000,0.9570458533607996,1.284199282825971
5.492000,0.7129015030136568,1.3232623788815137
5.494000,0.8276493476768139,1.1084153505760281
5.496000,0.7031357289997711,1.262226291294728
5.498000,0.9570458533607996,1.2426947432669566
5.500000,0.9814602883955138,1.2988479438467995
5.502000,0.976577401388571,1.3232623788815137
5.504000,0.9057755397878996,1.1596856641489282
5.506000,0.9179827573052567,1.3550011444266423
5.508000,0.8862439917601281,1.2158388647287708
5.510000,0.7397573815518426,1.394064240482185
5.512000,0.7959105821316853,1.2549019607843137
5.514000,0.9033340962844282,1.3696498054474708
5.516000,0.7153429465171283,1.296406500343328
5.518000,0.7006942854962996,1.2890821698329138
5.520000,0.7837033646143282,1.193865873197528
5.522000,0.8325322346837568,1.381857022964828
5.524000,0.9619287403677425,1.3403524834058136
5.526000,0.9106584267948424,1.2231631952391853
5.528000,0.8545052262149996,1.1889829861905852
5.530000,0.7519645990691997,1.284199282825971
5.532000,0.9570458533607996,1.2182803082322422
5.534000,0.9790188448920424,1.1474784466315708
5.536000,0.9546044098573282,1.1694514381628138
5.538000,0.7031357289997711,1.1596856641489282
5.540000,0.7006942854962996,1.3672083619439994
5.542000,0.9350728618295567,1.1401541161211566
5.544000,0.9546044098573282,1.1572442206454567
5.546000,0.788586251621271,1.1059739070725567
5.548000,0.7910276951247425,1.2549019607843137
5.550000,0.7714961470969711,1.2646677347981994
5.552000,0.822766460669871,1.381857022964828
5.554000,0.8130006866559853,1.1035324635690853
5.556000,0.708018616006714,1.1499198901350423
5.558000,0.7910276951247425,1.1499198901350423
5.560000,0.9668116273746853,1.2475776302738995
5.562000,0.7177843900205997,1.2158388647287708
5.564000,0.9228656443121996,1.2597848477912565
5.566000,0.9277485313191425,1.113298237582971
5.568000,0.9668116273746853,1.313496604867628
5.570000,0.8886854352635996,1.2353704127565424
5.572000,0.9643701838712139,1.1914244296940566
5.574000,0.8667124437323568,1.2158388647287708
5.576000,0.9033340962844282,1.1352712291142137
5.578000,0.8862439917601281,1.2500190737773709
5.580000,0.6982528419928282,1.2475776302738995
5.582000,0.9350728618295567,1.2646677347981994
5.584000,0.7666132600900283,1.325703822384985
5.586000,0.7177843900205997,1.3696498054474708
5.588000,0.8715953307392996,1.3574425879301137
5.590000,0.8056763561455711,1.1401541161211566
5.592000,0.9521629663538567,1.1670099946593424
5.594000,0.8349736781872282,1.1743343251697567
5.596000,0.856946669718471,1.2695506218051422
5.598000,0.7568474860761425,1.176775768673228
5.600000,0.8520637827115282,1.3452353704127566
5.602000,0.7959105821316853,1.3037308308537423
5.604000,0.7837033646143282,1.342793926909285
5.606000,0.7470817120622568,1.3574425879301137
5.608000,0.9179827573052567,1.342793926909285
5.610000,0.8276493476768139,1.1889829861905852
5.612000,0.8520637827115282,1.3110551613641566
5.614000,0.8593881132219425,1.1743343251697567
5.616000,0.7324330510414282,1.347676813916228
5.618000,0.8642710002288854,1.3061722743572137
5.620000,0.8447394522011139,1.164568551155871
5.622000,0.7470817120622568,1.3110551613641566
5.624000,0.8520637827115282,1.2133974212252994
5.626000,0.9863431754024568,1.2988479438467995
5.628000,0.708018616006714,1.1743343251697567
5.630000,0.7568474860761425,1.1499198901350423
5.632000,0.9399557488364996,1.2524605172808423
5.634000,0.8398565651941711,1.4013885709925993
5.636000,0.7348744945448997,1.3574425879301137
5.638000,0.8374151216906996,1.154802777141985
5.640000,0.7959105821316853,1.2597848477912565
5.642000,0.7373159380483711,1.2182803082322422
5.644000,0.7373159380483711,1.2695506218051422
5.646000,0.8496223392080567,1.3403524834058136
5.648000,0.9619287403677425,1.3989471274891279
5.650000,0.861829556725414,1.2524605172808423
5.652000,0.8935683222705425,1.3501182574196995
5.654000,0.7470817120622568,1.330586709391928
5.656000,0.8203250171663996,1.2890821698329138
5.658000,0.942397192339971,1.142595559624628
5.660000,0.9961089494163424,1.2915236133363852
5.662000,0.9570458533607996,1.313496604867628
5.664000,0.7812619211108568,1.2524605172808423
5.666000,0.7275501640344854,1.2646677347981994
5.668000,0.7714961470969711,1.1596856641489282
5.670000,0.8471808957045853,1.2597848477912565
5.672000,0.7568474860761425,1.206073090714885
5.674000,0.9399557488364996,1.347676813916228
5.676000,1.0083161669336995,1.325703822384985
5.678000,0.9643701838712139,1.364766918440528
5.680000,0.9155413138017853,1.3696498054474708
5.682000,0.822766460669871,1.2524605172808423
5.684000,0.9546044098573282,1.274433508812085
5.686000,0.9863431754024568,1.330586709391928
5.688000,0.8398565651941711,1.2231631952391853
5.690000,0.976577401388571,1.1670099946593424
5.692000,0.7129015030136568,1.4184786755168994
5.694000,0.8422980086976425,1.1963073167009994
5.696000,0.9497215228503852,1.2036316472114137
5.698000,0.9692530708781567,1.245136186770428
5.700000,0.8154421301594568,1.352559700923171
5.702000,0.8276493476768139,1.2866407263294424
5.704000,0.8398565651941711,1.1328297856107423
5.706000,0.7519645990691997,1.2890821698329138
5.708000,0.7934691386282139,1.1718928816662852
5.710000,1.005874723430228,1.3110551613641566
5.712000,0.7788204776073854,1.381857022964828
5.714000,0.7519645990691997,1.3623254749370566
5.716000,0.9350728618295567,1.2939650568398566
5.718000,0.7934691386282139,1.3061722743572137
5.720000,1.010757610437171,1.3916227969787136
5.722000,0.9546044098573282,1.2402532997634852
5.724000,0.9228656443121996,1.1352712291142137
5.726000,0.8374151216906996,1.394064240482185
5.728000,0.9399557488364996,1.1963073167009994
5.730000,0.7690547035934997,1.4038300144960707
5.732000,0.7592889295796139,1.1328297856107423
5.734000,0.8862439917601281,1.3037308308537423
5.736000,0.9106584267948424,1.2231631952391853
5.738000,0.8935683222705425,1.3696498054474708
5.740000,0.993667505912871,1.1841000991836423
5.742000,0.8276493476768139,1.4038300144960707
5.744000,0.856946669718471,1.193865873197528
5.746000,0.8545052262149996,1.3452353704127566
5.748000,1.0180819409475852,1.2353704127565424
5.750000,0.742198825055314,1.4038300144960707
5.752000,0.9570458533607996,1.193865873197528
5.754000,0.942397192339971,1.2426947432669566
5.756000,0.861829556725414,1.3110551613641566
5.758000,0.8178835736629282,1.1596856641489282
5.760000,0.9692530708781567,1.2549019607843137
5.762000,0.7299916075379568,1.210955977721828
5.764000,0.7739375906004425,1.2719920653086136
5.766000,0.8642710002288854,1.2402532997634852
5.768000,0.9521629663538567,1.3012893873502709
5.770000,0.776379034103914,1.3232623788815137
5.772000,0.9814602883955138,1.2182803082322422
5.774000,0.9253070878156711,1.4258030060273137
5.776000,0.976577401388571,1.394064240482185
5.778000,0.9301899748226139,1.2768749523155565
5.780000,0.7544060425726711,1.3183794918745708
5.782000,0.856946669718471,1.3354695963988708
5.784000,0.7251087205310139,1.1670099946593424
5.786000,0.9057755397878996,1.3623254749370566
5.788000,0.9399557488364996,1.3965056839856564
5.790000,1.0009918364232853,1.4038300144960707
5.792000,0.7739375906004425,1.3379110399023422
5.794000,0.7495231555657282,1.3452353704127566
5.796000,0.993667505912871,1.433127336537728
5.798000,0.9619287403677425,1.1889829861905852
5.800000,0.7714961470969711,1.4184786755168994
5.802000,0.9130998702983139,1.1914244296940566
5.804000,0.9985503929198138,1.2207217517357138
5.806000,0.9448386358434424,1.3159380483710994
5.808000,0.788586251621271,1.313496604867628
5.810000,0.976577401388571,1.2402532997634852
5.812000,0.8691538872358282,1.2475776302738995
5.814000,0.9033340962844282,1.2671091783016708
5.816000,0.7837033646143282,1.1841000991836423
5.818000,0.9985503929198138,1.2011902037079423
5.820000,0.9326314183260853,1.228046082246128
5.822000,0.7592889295796139,1.3965056839856564
5.824000,0.8178835736629282,1.3379110399023422
5.826000,0.9253070878156711,1.2939650568398566
5.828000,0.9301899748226139,1.3574425879301137
5.830000,0.8203250171663996,1.394064240482185
5.832000,0.8960097657740139,1.2671091783016708
5.834000,0.8081177996490425,1.330586709391928
5.836000,0.9643701838712139,1.2182803082322422
5.838000,0.8764782177462425,1.176775768673228
5.840000,0.9668116273746853,1.4087129015030138
5.842000,0.8862439917601281,1.330586709391928
5.844000,0.856946669718471,1.4087129015030138
5.846000,0.9985503929198138,1.2304875257495995
5.848000,0.8203250171663996,1.3501182574196995
5.850000,0.976577401388571,1.262226291294728
5.852000,0.8960097657740139,1.325703822384985
5.854000,1.005874723430228,1.1718928816662852
5.856000,0.7812619211108568,1.381857022964828
5.858000,0.9472800793469138,1.154802777141985
5.860000,0.9668116273746853,1.176775768673228
5.862000,1.0254062714579995,1.3672083619439994
5.864000,0.7788204776073854,1.3696498054474708
5.866000,0.7666132600900283,1.2036316472114137
5.868000,0.7617303730830853,1.3208209353780422
5.870000,0.7592889295796139,1.2719920653086136
5.872000,0.8007934691386283,1.1743343251697567
5.874000,0.7495231555657282,1.3452353704127566
5.876000,0.7861448081177996,1.3696498054474708
5.878000,1.005874723430228,1.4135957885099566
5.880000,0.9472800793469138,1.4087129015030138
5.882000,0.7959105821316853,1.1670099946593424
5.884000,0.8520637827115282,1.3916227969787136
5.886000,0.9008926527809568,1.2207217517357138
5.888000,0.7714961470969711,1.2353704127565424
5.890000,1.0083161669336995,1.3354695963988708
5.892000,0.856946669718471,1.4013885709925993
5.894000,1.0156404974441138,1.376974135957885
5.896000,0.8911268787670711,1.284199282825971
5.898000,0.9912260624093996,1.1792172121766995
5.900000,0.8545052262149996,1.4306858930342565
5.902000,0.976577401388571,1.416037232013428
5.904000,0.9057755397878996,1.2426947432669566
5.906000,0.856946669718471,1.4013885709925993
5.908000,0.9985503929198138,1.3867399099717708
5.910000,0.8325322346837568,1.2597848477912565
5.912000,0.7983520256351568,1.3354695963988708
5.914000,0.9057755397878996,1.4404516670481422
5.916000,0.7934691386282139,1.2182803082322422
5.918000,0.8545052262149996,1.2890821698329138
5.920000,1.010757610437171,1.1889829861905852
5.922000,0.8886854352635996,1.352559700923171
5.924000,0.9253070878156711,1.428244449530785
5.926000,0.874036774242771,1.2475776302738995
5.928000,0.9253070878156711,1.4038300144960707
5.930000,0.976577401388571,1.3379110399023422
5.932000,0.7690547035934997,1.2231631952391853
5.934000,0.7592889295796139,1.2915236133363852
5.936000,0.822766460669871,1.2719920653086136
5.938000,0.7910276951247425,1.3159380483710994
5.940000,0.9033340962844282,1.2011902037079423
5.942000,1.0376134889753568,1.2817578393224995
5.944000,1.0278477149614709,1.3354695963988708
5.946000,0.7495231555657282,1.4184786755168994
5.948000,0.9912260624093996,1.2768749523155565
5.950000,1.0205233844510566,1.2866407263294424
5.952000,0.9497215228503852,1.176775768673228
5.954000,0.8764782177462425,1.330586709391928
5.956000,0.8715953307392996,1.342793926909285
5.958000,1.0302891584649423,1.2646677347981994
5.960000,1.0009918364232853,1.4551003280689707
5.962000,1.0205233844510566,1.1743343251697567
5.964000,0.9155413138017853,1.3672083619439994
5.966000,0.8911268787670711,1.3379110399023422
5.968000,0.8081177996490425,1.164568551155871
5.970000,0.9350728618295567,1.2231631952391853
5.972000,0.7861448081177996,1.2378118562600138
5.974000,1.0205233844510566,1.2402532997634852
5.976000,0.9130998702983139,1.2573434042877851
5.978000,0.8715953307392996,1.3452353704127566
5.980000,0.7837033646143282,1.2256046387426567
5.982000,1.0034332799267567,1.284199282825971
5.984000,0.7592889295796139,1.364766918440528
5.986000,0.8520637827115282,1.4038300144960707
5.988000,0.9619287403677425,1.3086137178606851
5.990000,0.7592889295796139,1.2768749523155565
5.992000,1.0522621499961853,1.3965056839856564
5.994000,1.0131990539406424,1.3867399099717708
5.996000,0.7617303730830853,1.4111543450064852
5.998000,0.993667505912871,1.2500190737773709
6.000000,0.942397192339971,1.352559700923171
6.002000,0.9643701838712139,1.2573434042877851
6.004000,0.9033340962844282,1.4013885709925993
6.006000,0.8325322346837568,1.3623254749370566
6.008000,1.0547035934996567,1.1743343251697567
6.010000,0.8130006866559853,1.1743343251697567
6.012000,0.9790188448920424,1.4062714579995421
6.014000,1.0498207064927139,1.2085145342183565
6.016000,1.0278477149614709,1.2475776302738995
6.018000,0.8886854352635996,1.4209201190203709
6.020000,0.8398565651941711,1.2768749523155565
6.022000,0.8838025482566567,1.2866407263294424
6.024000,0.8422980086976425,1.4258030060273137
6.026000,1.0424963759822996,1.1841000991836423
6.028000,0.959487296864271,1.2915236133363852
6.030000,1.0400549324788282,1.1865415426871138
6.032000,0.8325322346837568,1.2988479438467995
6.034000,1.0571450370031281,1.274433508812085
6.036000,0.8789196612497139,1.3891813534752422
6.038000,0.8691538872358282,1.433127336537728
6.040000,0.9716945143816281,1.4038300144960707
6.042000,0.9106584267948424,1.4746318760967423
6.044000,0.861829556725414,1.342793926909285
6.046000,0.856946669718471,1.445334554055085
6.048000,0.9716945143816281,1.4648661020828564
6.050000,0.9619287403677425,1.232928969253071
6.052000,1.0205233844510566,1.2817578393224995
6.054000,0.776379034103914,1.4599832150759136
6.056000,0.8520637827115282,1.3745326924544137
6.058000,0.7983520256351568,1.284199282825971
6.060000,0.9253070878156711,1.3232623788815137
6.062000,1.0498207064927139,1.4648661020828564
6.064000,0.7959105821316853,1.3086137178606851
6.066000,0.9839017318989852,1.428244449530785
6.068000,0.9155413138017853,1.274433508812085
6.070000,0.976577401388571,1.3965056839856564
6.072000,0.9057755397878996,1.2915236133363852
6.074000,0.7983520256351568,1.3159380483710994
6.076000,0.8886854352635996,1.2500190737773709
6.078000,1.0669108110170138,1.342793926909285
6.080000,0.8252079041733424,1.381857022964828
6.082000,0.942397192339971,1.3012893873502709
6.084000,0.7861448081177996,1.4428931105516136
6.086000,1.0522621499961853,1.2207217517357138
6.088000,0.7837033646143282,1.3012893873502709
6.090000,1.0571450370031281,1.2182803082322422
6.092000,0.9497215228503852,1.3086137178606851
6.094000,0.7910276951247425,1.3623254749370566
6.096000,0.9863431754024568,1.313496604867628
6.098000,1.0156404974441138,1.2890821698329138
6.100000,0.8813611047531853,1.2182803082322422
6.102000,1.044937819485771,1.3550011444266423
6.104000,0.9204242008087281,1.3183794918745708
6.106000,0.9057755397878996,1.2817578393224995
6.108000,0.8862439917601281,1.4209201190203709
6.110000,0.8715953307392996,1.3037308308537423
6.112000,0.9472800793469138,1.2011902037079423
6.114000,0.8960097657740139,1.2036316472114137
6.116000,0.8960097657740139,1.364766918440528
6.118000,0.8764782177462425,1.3501182574196995
6.120000,1.0644693675135424,1.210955977721828
6.122000,1.0009918364232853,1.4209201190203709
6.124000,0.9985503929198138,1.4404516670481422
6.126000,0.9741359578850995,1.2133974212252994
6.128000,1.0669108110170138,1.4868390936140994
6.130000,1.0156404974441138,1.330586709391928
6.132000,0.9228656443121996,1.4697489890897995
6.134000,1.0083161669336995,1.274433508812085
6.136000,0.908216983291371,1.2988479438467995
6.138000,0.959487296864271,1.3623254749370566
6.140000,0.9497215228503852,1.3354695963988708
6.142000,1.005874723430228,1.296406500343328
6.144000,0.9179827573052567,1.3598840314335852
6.146000,0.788586251621271,1.416037232013428
6.148000,0.8789196612497139,1.3354695963988708
6.150000,0.959487296864271,1.2939650568398566
6.152000,1.0400549324788282,1.3354695963988708
6.154000,0.9057755397878996,1.4380102235446708
6.156000,1.0009918364232853,1.3842984664682993
6.158000,0.8593881132219425,1.210955977721828
6.160000,0.8300907911802854,1.330586709391928
6.162000,1.0498207064927139,1.445334554055085
6.164000,0.8520637827115282,1.4575417715724421
6.166000,0.856946669718471,1.2719920653086136
6.168000,0.8715953307392996,1.2866407263294424
6.170000,0.8886854352635996,1.2646677347981994
6.172000,0.8520637827115282,1.4575417715724421
6.174000,1.0522621499961853,1.445334554055085
6.176000,1.0351720454718853,1.3281452658884565
6.178000,1.0840009155413137,1.2353704127565424
6.180000,0.8349736781872282,1.4258030060273137
6.182000,0.8593881132219425,1.2500190737773709
6.184000,1.0791180285343709,1.2378118562600138
6.186000,0.942397192339971,1.4306858930342565
6.188000,0.8691538872358282,1.2011902037079423
6.190000,0.9570458533607996,1.4111543450064852
6.192000,0.7910276951247425,1.4819562066071565
6.194000,1.074235141527428,1.2231631952391853
6.196000,1.0571450370031281,1.2988479438467995
6.198000,0.9155413138017853,1.3354695963988708
6.200000,0.942397192339971,1.262226291294728
6.202000,0.8105592431525139,1.2939650568398566
6.204000,0.9326314183260853,1.4355687800411994
6.206000,0.942397192339971,1.433127336537728
6.208000,0.8252079041733424,1.4135957885099566
6.210000,0.9350728618295567,1.4575417715724421
6.212000,0.8349736781872282,1.4941634241245136
6.214000,1.0815594720378423,1.284199282825971
6.216000,1.074235141527428,1.3232623788815137
6.218000,0.8838025482566567,1.2597848477912565
6.220000,1.0766765850308995,1.3281452658884565
6.222000,0.9155413138017853,1.428244449530785
6.224000,0.9790188448920424,1.3159380483710994
6.226000,0.9472800793469138,1.4746318760967423
6.228000,0.9961089494163424,1.4868390936140994
6.230000,0.9668116273746853,1.3012893873502709
6.232000,1.0717936980239566,1.4477759975585565
6.234000,1.044937819485771,1.4721904325932709
6.236000,0.9106584267948424,1.2988479438467995
6.238000,0.9546044098573282,1.4038300144960707
6.240000,0.8300907911802854,1.2549019607843137
6.242000,0.8984512092774853,1.3965056839856564
6.244000,0.9277485313191425,1.4819562066071565
6.246000,0.9741359578850995,1.313496604867628
6.248000,1.0400549324788282,1.3281452658884565
6.250000,0.9961089494163424,1.4013885709925993
6.252000,0.874036774242771,1.3916227969787136
6.254000,1.0400549324788282,1.3354695963988708
6.256000,0.9497215228503852,1.3403524834058136
6.258000,1.022964827954528,1.2133974212252994
6.260000,1.0009918364232853,1.4111543450064852
6.262000,0.8325322346837568,1.4721904325932709
6.264000,1.0351720454718853,1.3965056839856564
6.266000,0.9057755397878996,1.2304875257495995
6.268000,1.0669108110170138,1.4697489890897995
6.270000,0.8105592431525139,1.3598840314335852
6.272000,0.8203250171663996,1.325703822384985
6.274000,0.8276493476768139,1.2695506218051422
6.276000,0.8252079041733424,1.4135957885099566
6.278000,0.8374151216906996,1.4209201190203709
6.280000,0.8081177996490425,1.2207217517357138
6.282000,0.8398565651941711,1.4404516670481422
6.284000,0.9863431754024568,1.4013885709925993
6.286000,1.0766765850308995,1.3623254749370566
6.288000,0.9863431754024568,1.394064240482185
6.290000,0.9497215228503852,1.2597848477912565
6.292000,1.0717936980239566,1.4355687800411994
6.294000,0.9863431754024568,1.4062714579995421
6.296000,1.0278477149614709,1.4917219806210422
6.298000,0.8056763561455711,1.5063706416418707
6.300000,1.0644693675135424,1.245136186770428
6.302000,0.8813611047531853,1.462424658579385
6.304000,0.9814602883955138,1.4380102235446708
6.306000,1.0717936980239566,1.3086137178606851
6.308000,0.8203250171663996,1.3989471274891279
6.310000,1.0156404974441138,1.2426947432669566
6.312000,0.9350728618295567,1.5088120851453422
6.314000,1.0791180285343709,1.2719920653086136
6.316000,0.9057755397878996,1.4477759975585565
6.318000,0.8203250171663996,1.3037308308537423
6.320000,0.8838025482566567,1.2549019607843137
6.322000,0.8764782177462425,1.2524605172808423
6.324000,0.8862439917601281,1.4111543450064852
6.326000,1.044937819485771,1.4233615625238423
6.328000,1.0693522545204852,1.4599832150759136
6.330000,1.0547035934996567,1.4502174410620279
6.332000,0.8276493476768139,1.513694972152285
6.334000,0.9887846189059282,1.4355687800411994
6.336000,1.0278477149614709,1.330586709391928
6.338000,0.9741359578850995,1.4477759975585565
6.340000,0.8691538872358282,1.3354695963988708
6.342000,1.0034332799267567,1.4819562066071565
6.344000,0.9033340962844282,1.428244449530785
6.346000,1.0693522545204852,1.3965056839856564
6.348000,0.9961089494163424,1.4111543450064852
6.350000,1.010757610437171,1.4087129015030138
6.352000,0.8642710002288854,1.232928969253071
6.354000,0.8447394522011139,1.433127336537728
6.356000,0.9863431754024568,1.279316395819028
6.358000,0.976577401388571,1.4013885709925993
6.360000,0.993667505912871,1.2573434042877851
6.362000,0.9570458533607996,1.416037232013428
6.364000,0.861829556725414,1.445334554055085
6.366000,0.9912260624093996,1.4575417715724421
6.368000,1.0864423590447851,1.2866407263294424
6.370000,0.9790188448920424,1.3354695963988708
6.372000,0.908216983291371,1.496604867627985
6.374000,0.9399557488364996,1.4917219806210422
6.376000,0.9106584267948424,1.3550011444266423
6.378000,0.9668116273746853,1.428244449530785
6.380000,0.9985503929198138,1.2549019607843137
6.382000,0.9375143053330282,1.4868390936140994
6.384000,0.9716945143816281,1.2719920653086136
6.386000,1.0986495765621425,1.4502174410620279
6.388000,0.993667505912871,1.3574425879301137
6.390000,1.091325246051728,1.3794155794613565
6.392000,1.0693522545204852,1.3720912489509423
6.394000,0.9155413138017853,1.4746318760967423
6.396000,1.0376134889753568,1.4917219806210422
6.398000,1.1059739070725567,1.2695506218051422
6.400000,1.1157396810864424,1.5112535286488136
6.402000,0.822766460669871,1.2304875257495995
6.404000,0.8374151216906996,1.347676813916228
6.406000,1.005874723430228,1.3916227969787136
6.408000,0.9790188448920424,1.296406500343328
6.410000,0.8178835736629282,1.2890821698329138
6.412000,0.9179827573052567,1.3208209353780422
6.414000,0.8374151216906996,1.513694972152285
6.416000,1.074235141527428,1.2524605172808423
6.418000,0.8764782177462425,1.2719920653086136
6.420000,1.096208133058671,1.4526588845654993
6.422000,0.8520637827115282,1.2524605172808423
6.424000,1.074235141527428,1.3330281528953993
6.426000,0.9301899748226139,1.4013885709925993
6.428000,0.9057755397878996,1.296406500343328
6.430000,0.9887846189059282,1.3696498054474708
6.432000,0.8935683222705425,1.2573434042877851
6.434000,1.044937819485771,1.3989471274891279
6.436000,0.8325322346837568,1.3379110399023422
6.438000,0.8398565651941711,1.4599832150759136
6.440000,0.9521629663538567,1.4941634241245136
6.442000,0.8764782177462425,1.5088120851453422
6.444000,1.0400549324788282,1.445334554055085
6.446000,0.9863431754024568,1.3110551613641566
6.448000,0.8545052262149996,1.2866407263294424
6.450000,1.1084153505760281,1.462424658579385
6.452000,0.8545052262149996,1.4526588845654993
6.454000,0.959487296864271,1.381857022964828
6.456000,0.9155413138017853,1.4941634241245136
6.458000,0.8960097657740139,1.2817578393224995
6.460000,0.8764782177462425,1.4770733196002137
6.462000,0.9472800793469138,1.5210193026626992
6.464000,0.9130998702983139,1.4990463111314565
6.466000,0.8764782177462425,1.5161364156557564
6.468000,1.044937819485771,1.3989471274891279
6.470000,1.0156404974441138,1.5332265201800566
6.472000,1.0986495765621425,1.5283436331731135
6.474000,0.9814602883955138,1.4306858930342565
6.476000,1.0156404974441138,1.2426947432669566
6.478000,1.1181811245899138,1.4746318760967423
6.480000,1.0254062714579995,1.4233615625238423
6.482000,0.8300907911802854,1.4087129015030138
6.484000,1.005874723430228,1.330586709391928
6.486000,0.9692530708781567,1.376974135957885
6.488000,0.9204242008087281,1.2549019607843137
6.490000,0.908216983291371,1.5112535286488136
6.492000,1.0424963759822996,1.245136186770428
6.494000,1.0278477149614709,1.3379110399023422
6.496000,0.8960097657740139,1.3574425879301137
6.498000,0.9497215228503852,1.2671091783016708
6.500000,0.9912260624093996,1.2426947432669566
6.502000,0.9668116273746853,1.3037308308537423
6.504000,0.9057755397878996,1.5039291981383993
6.506000,0.8789196612497139,1.3012893873502709
6.508000,1.0693522545204852,1.3110551613641566
6.510000,1.0083161669336995,1.245136186770428
6.512000,0.9130998702983139,1.3452353704127566
6.514000,1.0669108110170138,1.394064240482185
6.516000,1.0522621499961853,1.4477759975585565
6.518000,1.0815594720378423,1.3183794918745708
6.520000,0.9375143053330282,1.4428931105516136
6.522000,0.9570458533607996,1.2939650568398566
6.524000,0.8667124437323568,1.3916227969787136
6.526000,1.0376134889753568,1.4990463111314565
6.528000,0.9863431754024568,1.376974135957885
6.530000,0.8886854352635996,1.2475776302738995
6.532000,1.0669108110170138,1.274433508812085
6.534000,1.0595864805065995,1.530785076676585
6.536000,0.8813611047531853,1.4721904325932709
6.538000,1.1059739070725567,1.381857022964828
6.540000,1.1010910200656139,1.4355687800411994
6.542000,1.0766765850308995,1.5381094071869994
6.544000,0.8764782177462425,1.2671091783016708
6.546000,0.9448386358434424,1.4233615625238423
6.548000,1.074235141527428,1.347676813916228
6.550000,0.9448386358434424,1.4404516670481422
6.552000,0.9375143053330282,1.3183794918745708
6.554000,0.9277485313191425,1.3452353704127566
6.556000,0.9790188448920424,1.2915236133363852
6.558000,1.1157396810864424,1.3403524834058136
6.560000,0.8447394522011139,1.4428931105516136
6.562000,1.1181811245899138,1.4575417715724421
6.564000,1.0278477149614709,1.376974135957885
6.566000,1.1181811245899138,1.325703822384985
6.568000,1.0595864805065995,1.4087129015030138
6.570000,0.8960097657740139,1.3403524834058136
6.572000,0.976577401388571,1.484397650110628
6.574000,0.8960097657740139,1.313496604867628
6.576000,1.0840009155413137,1.3403524834058136
6.578000,0.9887846189059282,1.5039291981383993
6.580000,1.1181811245899138,1.552758068207828
6.582000,0.8496223392080567,1.535667963683528
6.584000,1.0131990539406424,1.2768749523155565
6.586000,0.9033340962844282,1.4892805371175708
6.588000,1.0840009155413137,1.3061722743572137
6.590000,0.8593881132219425,1.262226291294728
6.592000,0.8593881132219425,1.376974135957885
6.594000,1.0595864805065995,1.3159380483710994
6.596000,0.9179827573052567,1.5210193026626992
6.598000,1.010757610437171,1.4648661020828564
6.600000,0.993667505912871,1.530785076676585
6.602000,0.8862439917601281,1.4575417715724421
6.604000,1.1377126726176852,1.4111543450064852
6.606000,0.9814602883955138,1.4990463111314565
6.608000,0.9375143053330282,1.3501182574196995
6.610000,1.0131990539406424,1.3501182574196995
6.612000,0.908216983291371,1.4770733196002137
6.614000,1.1352712291142137,1.5551995117112993
6.616000,1.0766765850308995,1.3550011444266423
6.618000,0.8691538872358282,1.5551995117112993
6.620000,0.861829556725414,1.284199282825971
6.622000,1.1059739070725567,1.5185778591592278
6.624000,0.9375143053330282,1.525902189669642
6.626000,0.9301899748226139,1.4404516670481422
6.628000,1.0376134889753568,1.4575417715724421
6.630000,0.9472800793469138,1.3794155794613565
6.632000,0.9570458533607996,1.3867399099717708
6.634000,1.0009918364232853,1.416037232013428
6.636000,1.0986495765621425,1.5503166247043565
6.638000,0.993667505912871,1.3842984664682993
6.640000,0.8545052262149996,1.3183794918745708
6.642000,1.0376134889753568,1.2939650568398566
6.644000,1.0351720454718853,1.5185778591592278
6.646000,0.993667505912871,1.3159380483710994
6.648000,0.8691538872358282,1.5161364156557564
6.650000,0.9985503929198138,1.3891813534752422
6.652000,0.856946669718471,1.4502174410620279
6.654000,0.942397192339971,1.3232623788815137
6.656000,1.1059739070725567,1.2817578393224995
6.658000,1.1450370031280994,1.2671091783016708
6.660000,1.0669108110170138,1.3281452658884565
6.662000,0.8911268787670711,1.5600823987182422
6.664000,1.0473792629892424,1.3574425879301137
6.666000,1.0693522545204852,1.5161364156557564
6.668000,0.9399557488364996,1.428244449530785
6.670000,0.9448386358434424,1.3086137178606851
6.672000,1.0717936980239566,1.496604867627985
6.674000,0.9741359578850995,1.3672083619439994
6.676000,0.8642710002288854,1.5551995117112993
6.678000,1.1572442206454567,1.3891813534752422
6.680000,1.1474784466315708,1.3574425879301137
6.682000,1.0669108110170138,1.4380102235446708
6.684000,0.9912260624093996,1.5185778591592278
6.686000,0.9179827573052567,1.462424658579385
6.688000,1.1108567940794996,1.433127336537728
6.690000,0.9619287403677425,1.352559700923171
6.692000,1.1499198901350423,1.462424658579385
6.694000,0.8862439917601281,1.462424658579385
6.696000,1.1108567940794996,1.4648661020828564
6.698000,1.022964827954528,1.5454337376974137
6.700000,0.8911268787670711,1.4795147631036851
6.702000,1.0547035934996567,1.4746318760967423
6.704000,0.9326314183260853,1.3208209353780422
6.706000,0.9326314183260853,1.5503166247043565
6.708000,0.9057755397878996,1.3061722743572137
6.710000,0.9887846189059282,1.3183794918745708
6.712000,1.044937819485771,1.5674067292286564
6.714000,1.1572442206454567,1.2915236133363852
6.716000,1.0693522545204852,1.4355687800411994
6.718000,0.9497215228503852,1.3232623788815137
6.720000,1.0424963759822996,1.394064240482185
6.722000,0.9375143053330282,1.5381094071869994
6.724000,0.8764782177462425,1.2988479438467995
6.726000,1.113298237582971,1.352559700923171
6.728000,1.0498207064927139,1.274433508812085
6.730000,1.0693522545204852,1.296406500343328
6.732000,0.9375143053330282,1.3598840314335852
6.734000,0.9839017318989852,1.3745326924544137
6.736000,0.9179827573052567,1.5063706416418707
6.738000,1.1499198901350423,1.5551995117112993
6.740000,1.0669108110170138,1.3574425879301137
6.742000,1.096208133058671,1.4648661020828564
6.744000,1.1035324635690853,1.347676813916228
6.746000,0.9204242008087281,1.547875181200885
6.748000,0.9668116273746853,1.5722896162355993
6.750000,0.9887846189059282,1.5576409552147708
6.752000,1.0400549324788282,1.5039291981383993
6.754000,0.8960097657740139,1.376974135957885
6.756000,1.074235141527428,1.4355687800411994
6.758000,0.9912260624093996,1.513694972152285
6.760000,1.0009918364232853,1.5722896162355993
6.762000,1.0864423590447851,1.3574425879301137
6.764000,0.9326314183260853,1.4721904325932709
6.766000,1.1718928816662852,1.552758068207828
6.768000,1.1328297856107423,1.394064240482185
6.770000,1.0937666895551996,1.4038300144960707
6.772000,1.0180819409475852,1.394064240482185
6.774000,1.096208133058671,1.501487754634928
6.776000,1.0034332799267567,1.5551995117112993
6.778000,1.0131990539406424,1.3550011444266423
6.780000,1.1670099946593424,1.513694972152285
6.782000,0.959487296864271,1.2866407263294424
6.784000,1.1059739070725567,1.5381094071869994
6.786000,0.9985503929198138,1.342793926909285
6.788000,0.9912260624093996,1.5039291981383993
6.790000,1.1035324635690853,1.4673075455863278
6.792000,0.976577401388571,1.4941634241245136
6.794000,1.0400549324788282,1.582055390249485
6.796000,1.0766765850308995,1.2988479438467995
6.798000,1.1401541161211566,1.4038300144960707
6.800000,1.0815594720378423,1.3501182574196995
6.802000,0.9204242008087281,1.3110551613641566
6.804000,1.0815594720378423,1.4258030060273137
6.806000,1.032730601968414,1.364766918440528
6.808000,1.0131990539406424,1.4795147631036851
6.810000,0.9472800793469138,1.3672083619439994
6.812000,0.9961089494163424,1.5698481727321278
6.814000,0.8960097657740139,1.3696498054474708
6.816000,1.1401541161211566,1.5722896162355993
6.818000,1.0840009155413137,1.3989471274891279
6.820000,1.1206225680933852,1.296406500343328
6.822000,0.9619287403677425,1.564965285725185
6.824000,0.8862439917601281,1.3794155794613565
6.826000,1.1792172121766995,1.3183794918745708
6.828000,1.0131990539406424,1.3842984664682993
6.830000,1.1401541161211566,1.4502174410620279
6.832000,1.0595864805065995,1.4648661020828564
6.834000,1.0522621499961853,1.5796139467460135
6.836000,1.022964827954528,1.3208209353780422
6.838000,1.0717936980239566,1.5283436331731135
6.840000,0.9863431754024568,1.3208209353780422
6.842000,1.0986495765621425,1.416037232013428
6.844000,1.0180819409475852,1.313496604867628
6.846000,0.959487296864271,1.4013885709925993
6.848000,0.9399557488364996,1.3965056839856564
6.850000,0.9643701838712139,1.5869382772564278
6.852000,1.1084153505760281,1.3574425879301137
6.854000,1.0888838025482566,1.501487754634928
6.856000,1.142595559624628,1.5844968337529564
6.858000,1.1157396810864424,1.4917219806210422
6.860000,1.032730601968414,1.525902189669642
6.862000,0.9448386358434424,1.5551995117112993
6.864000,0.9570458533607996,1.5283436331731135
6.866000,0.9839017318989852,1.3989471274891279
6.868000,0.9570458533607996,1.4062714579995421
6.870000,0.908216983291371,1.4990463111314565
6.872000,0.9790188448920424,1.5844968337529564
6.874000,0.9228656443121996,1.4233615625238423
6.876000,0.9497215228503852,1.3745326924544137
6.878000,1.1352712291142137,1.5088120851453422
6.880000,1.0937666895551996,1.4062714579995421
6.882000,1.022964827954528,1.4355687800411994
6.884000,0.9399557488364996,1.4990463111314565
6.886000,0.9399557488364996,1.496604867627985
6.888000,1.142595559624628,1.5698481727321278
6.890000,1.0376134889753568,1.3159380483710994
6.892000,1.1743343251697567,1.3867399099717708
6.894000,1.0473792629892424,1.5112535286488136
6.896000,1.1694514381628138,1.342793926909285
6.898000,1.0864423590447851,1.5381094071869994
6.900000,1.0498207064927139,1.5747310597390707
6.902000,0.9472800793469138,1.313496604867628
6.904000,0.9448386358434424,1.5918211642633706
6.906000,1.0400549324788282,1.394064240482185
6.908000,1.1523613336385137,1.3452353704127566
6.910000,0.9228656443121996,1.4526588845654993
6.912000,1.1914244296940566,1.4111543450064852
6.914000,1.010757610437171,1.4599832150759136
6.916000,0.9521629663538567,1.3842984664682993
6.918000,0.9839017318989852,1.4087129015030138
6.920000,1.0937666895551996,1.4087129015030138
6.922000,1.1059739070725567,1.5869382772564278
6.924000,0.9204242008087281,1.3842984664682993
6.926000,1.1621271076523996,1.3501182574196995
6.928000,1.0840009155413137,1.3232623788815137
6.930000,1.0986495765621425,1.352559700923171
6.932000,0.9106584267948424,1.5698481727321278
6.934000,1.125505455100328,1.552758068207828
6.936000,1.0351720454718853,1.564965285725185
6.938000,1.1499198901350423,1.4184786755168994
6.940000,1.1328297856107423,1.5722896162355993
6.942000,1.1523613336385137,1.530785076676585
6.944000,1.022964827954528,1.525902189669642
6.946000,0.9546044098573282,1.3550011444266423
6.948000,0.9277485313191425,1.445334554055085
6.950000,0.9155413138017853,1.330586709391928
6.952000,1.0888838025482566,1.4819562066071565
6.954000,1.1523613336385137,1.3867399099717708
6.956000,1.005874723430228,1.501487754634928
6.958000,1.125505455100328,1.330586709391928
6.960000,1.1841000991836423,1.5844968337529564
6.962000,1.0302891584649423,1.4795147631036851
6.964000,1.091325246051728,1.599145494773785
6.966000,1.1963073167009994,1.5210193026626992
6.968000,0.993667505912871,1.4428931105516136
6.970000,0.9155413138017853,1.3672083619439994
6.972000,1.0498207064927139,1.3696498054474708
6.974000,0.9716945143816281,1.3720912489509423
6.976000,1.1694514381628138,1.5747310597390707
6.978000,1.1523613336385137,1.5039291981383993
6.980000,0.9985503929198138,1.3672083619439994
6.982000,1.1523613336385137,1.5869382772564278
6.984000,1.1279468986037995,1.582055390249485
6.986000,0.9790188448920424,1.3794155794613565
6.988000,1.0083161669336995,1.5722896162355993
6.990000,1.1987487602044709,1.3550011444266423
6.992000,0.9497215228503852,1.3623254749370566
6.994000,1.1670099946593424,1.4477759975585565
6.996000,0.9985503929198138,1.428244449530785
6.998000,1.0400549324788282,1.364766918440528
7.000000,1.0644693675135424,1.4697489890897995
7.002000,1.176775768673228,1.496604867627985
7.004000,1.1010910200656139,1.3989471274891279
7.006000,1.1499198901350423,1.445334554055085
7.008000,0.908216983291371,1.3965056839856564
7.010000,0.9741359578850995,1.4721904325932709
7.012000,1.0351720454718853,1.5918211642633706
7.014000,1.0302891584649423,1.5429922941939422
7.016000,1.0986495765621425,1.5039291981383993
7.018000,0.959487296864271,1.416037232013428
7.020000,1.154802777141985,1.599145494773785
7.022000,1.1596856641489282,1.5551995117112993
7.024000,0.9643701838712139,1.394064240482185
7.026000,1.164568551155871,1.462424658579385
7.028000,0.9814602883955138,1.582055390249485
7.030000,0.9521629663538567,1.462424658579385
7.032000,1.0864423590447851,1.599145494773785
7.034000,0.9448386358434424,1.552758068207828
7.036000,0.9399557488364996,1.5918211642633706
7.038000,1.0791180285343709,1.5429922941939422
7.040000,0.9204242008087281,1.433127336537728
7.042000,0.959487296864271,1.5112535286488136
7.044000,0.9668116273746853,1.5283436331731135
7.046000,1.210955977721828,1.394064240482185
7.048000,1.0888838025482566,1.3623254749370566
7.050000,1.142595559624628,1.4306858930342565
7.052000,1.1157396810864424,1.4380102235446708
7.054000,0.9155413138017853,1.394064240482185
7.056000,1.096208133058671,1.530785076676585
7.058000,0.9497215228503852,1.5161364156557564
7.060000,1.1352712291142137,1.547875181200885
7.062000,1.0522621499961853,1.525902189669642
7.064000,1.0986495765621425,1.496604867627985
7.066000,1.0034332799267567,1.3598840314335852
7.068000,1.1596856641489282,1.4355687800411994
7.070000,1.1718928816662852,1.4062714579995421
7.072000,1.1743343251697567,1.5381094071869994
7.074000,1.0254062714579995,1.3550011444266423
7.076000,1.062027924010071,1.3379110399023422
7.078000,0.976577401388571,1.564965285725185
7.080000,1.0864423590447851,1.5747310597390707
7.082000,0.9472800793469138,1.4380102235446708
7.084000,1.210955977721828,1.4038300144960707
7.086000,1.0864423590447851,1.4770733196002137
7.088000,1.125505455100328,1.3281452658884565
7.090000,1.022964827954528,1.3867399099717708
7.092000,1.005874723430228,1.5674067292286564
7.094000,0.9887846189059282,1.5039291981383993
7.096000,1.0351720454718853,1.433127336537728
7.098000,1.2085145342183565,1.428244449530785
7.100000,1.2036316472114137,1.4746318760967423
7.102000,1.0669108110170138,1.5967040512703137
7.104000,0.9472800793469138,1.577172503242542
7.106000,1.0547035934996567,1.4233615625238423
7.108000,1.0376134889753568,1.347676813916228
7.110000,0.9301899748226139,1.5234607461661707
7.112000,0.9741359578850995,1.3672083619439994
7.114000,0.9643701838712139,1.547875181200885
7.116000,1.2085145342183565,1.3745326924544137
7.118000,1.2231631952391853,1.4355687800411994
7.120000,1.0131990539406424,1.5551995117112993
7.122000,0.9521629663538567,1.5332265201800566
7.124000,1.0815594720378423,1.4428931105516136
7.126000,1.1206225680933852,1.577172503242542
7.128000,1.0254062714579995,1.3965056839856564
7.130000,1.0840009155413137,1.4551003280689707
7.132000,1.1621271076523996,1.5161364156557564
7.134000,1.1181811245899138,1.4233615625238423
7.136000,1.2011902037079423,1.4209201190203709
7.138000,1.2036316472114137,1.6211184863050279
7.140000,0.9546044098573282,1.4404516670481422
7.142000,1.1963073167009994,1.5698481727321278
7.144000,1.130388342107271,1.4770733196002137
7.146000,1.154802777141985,1.3403524834058136
7.148000,1.2182803082322422,1.3842984664682993
7.150000,0.9912260624093996,1.4428931105516136
7.152000,0.9326314183260853,1.4917219806210422
7.154000,1.1841000991836423,1.6064698252841993
7.156000,1.0009918364232853,1.4404516670481422
7.158000,1.0376134889753568,1.5576409552147708
7.160000,1.096208133058671,1.3745326924544137
7.162000,1.0302891584649423,1.5161364156557564
7.164000,1.1718928816662852,1.525902189669642
7.166000,1.206073090714885,1.6186770428015564
7.168000,1.0034332799267567,1.5503166247043565
7.170000,1.0009918364232853,1.633325703822385
7.172000,1.228046082246128,1.3550011444266423
7.174000,1.1230640115968566,1.633325703822385
7.176000,1.2304875257495995,1.4526588845654993
7.178000,1.154802777141985,1.394064240482185
7.180000,1.1035324635690853,1.6308842603189135
7.182000,1.0815594720378423,1.599145494773785
7.184000,0.9399557488364996,1.6211184863050279
7.186000,1.232928969253071,1.6357671473258564
7.188000,1.0498207064927139,1.381857022964828
7.190000,1.0473792629892424,1.501487754634928
7.192000,1.1743343251697567,1.3696498054474708
7.194000,1.1157396810864424,1.4795147631036851
7.196000,1.1157396810864424,1.6284428168154421
7.198000,1.032730601968414,1.352559700923171
7.200000,1.1157396810864424,1.5600823987182422
7.202000,1.1523613336385137,1.535667963683528
7.204000,1.113298237582971,1.5967040512703137
7.206000,1.0791180285343709,1.582055390249485
7.208000,1.1474784466315708,1.4502174410620279
7.210000,1.1694514381628138,1.4599832150759136
7.212000,1.0693522545204852,1.564965285725185
7.214000,1.1059739070725567,1.347676813916228
7.216000,0.9985503929198138,1.5429922941939422
7.218000,1.181658655680171,1.4306858930342565
7.220000,0.9546044098573282,1.5454337376974137
7.222000,0.9790188448920424,1.3891813534752422
7.224000,1.0791180285343709,1.3916227969787136
7.226000,1.0840009155413137,1.5893797207598992
7.228000,1.2231631952391853,1.5063706416418707
7.230000,1.0205233844510566,1.535667963683528
7.232000,0.993667505912871,1.3501182574196995
7.234000,1.125505455100328,1.4819562066071565
7.236000,1.1181811245899138,1.6260013733119707
7.238000,0.9546044098573282,1.5210193026626992
7.240000,0.9497215228503852,1.6357671473258564
7.242000,1.0766765850308995,1.3794155794613565
7.244000,1.0717936980239566,1.4038300144960707
7.246000,1.1010910200656139,1.5551995117112993
7.248000,0.9643701838712139,1.4599832150759136
7.250000,1.0937666895551996,1.496604867627985
7.252000,1.0986495765621425,1.4770733196002137
7.254000,1.0840009155413137,1.4428931105516136
7.256000,1.130388342107271,1.4648661020828564
7.258000,0.9497215228503852,1.5796139467460135
7.260000,1.1743343251697567,1.6015869382772565
7.262000,1.1157396810864424,1.5063706416418707
7.264000,1.1914244296940566,1.428244449530785
7.266000,0.9643701838712139,1.416037232013428
7.268000,1.1889829861905852,1.364766918440528
7.270000,1.0644693675135424,1.4819562066071565
7.272000,1.2085145342183565,1.5844968337529564
7.274000,1.0278477149614709,1.376974135957885
7.276000,1.1084153505760281,1.5161364156557564
7.278000,1.2182803082322422,1.535667963683528
7.280000,1.1914244296940566,1.5869382772564278
7.282000,0.9985503929198138,1.5112535286488136
7.284000,1.0034332799267567,1.4721904325932709
7.286000,1.1377126726176852,1.5112535286488136
7.288000,1.2402532997634852,1.6137941557946136
7.290000,0.9985503929198138,1.5698481727321278
7.292000,0.9912260624093996,1.6211184863050279
7.294000,1.0840009155413137,1.4355687800411994
7.296000,0.9643701838712139,1.416037232013428
7.298000,0.9912260624093996,1.3623254749370566
7.300000,1.0278477149614709,1.4892805371175708
7.302000,1.2426947432669566,1.4380102235446708
7.304000,1.1841000991836423,1.4795147631036851
7.306000,1.1450370031280994,1.4648661020828564
7.308000,1.228046082246128,1.5381094071869994
7.310000,1.1401541161211566,1.4258030060273137
7.312000,1.0278477149614709,1.547875181200885
7.314000,1.1987487602044709,1.547875181200885
7.316000,1.142595559624628,1.394064240482185
7.318000,1.0376134889753568,1.3867399099717708
7.320000,1.2256046387426567,1.582055390249485
7.322000,1.1889829861905852,1.4599832150759136
7.324000,1.044937819485771,1.4258030060273137
7.326000,1.113298237582971,1.4355687800411994
7.328000,0.959487296864271,1.5429922941939422
7.330000,1.1889829861905852,1.4306858930342565
7.332000,0.9790188448920424,1.6430914778362706
7.334000,1.1450370031280994,1.5942626077668423
7.336000,1.2353704127565424,1.513694972152285
7.338000,1.2207217517357138,1.433127336537728
7.340000,1.2256046387426567,1.5600823987182422
7.342000,0.9643701838712139,1.604028381780728
7.344000,1.2231631952391853,1.577172503242542
7.346000,1.0669108110170138,1.4551003280689707
7.348000,1.1352712291142137,1.5600823987182422
7.350000,1.096208133058671,1.3891813534752422
7.352000,1.091325246051728,1.416037232013428
7.354000,1.1474784466315708,1.5332265201800566
7.356000,1.1523613336385137,1.633325703822385
7.358000,1.2158388647287708,1.5503166247043565
7.360000,1.1230640115968566,1.4428931105516136
7.362000,1.2182803082322422,1.5161364156557564
7.364000,1.1328297856107423,1.6235599298084993
7.366000,1.1523613336385137,1.4868390936140994
7.368000,1.022964827954528,1.5918211642633706
7.370000,1.022964827954528,1.4599832150759136
7.372000,1.2402532997634852,1.5332265201800566
7.374000,1.210955977721828,1.4770733196002137
7.376000,1.2207217517357138,1.6186770428015564
7.378000,1.1499198901350423,1.4697489890897995
7.380000,1.2426947432669566,1.5503166247043565
7.382000,1.1572442206454567,1.4746318760967423
7.384000,1.044937819485771,1.4721904325932709
7.386000,1.0815594720378423,1.5625238422217136
7.388000,1.1792172121766995,1.5283436331731135
7.390000,1.2256046387426567,1.4551003280689707
7.392000,0.993667505912871,1.6699473563744565
7.394000,1.0156404974441138,1.5967040512703137
7.396000,1.0302891584649423,1.3891813534752422
7.398000,1.164568551155871,1.4941634241245136
7.400000,0.9985503929198138,1.6260013733119707
7.402000,1.1865415426871138,1.5112535286488136
7.404000,1.164568551155871,1.5674067292286564
7.406000,1.022964827954528,1.5942626077668423
7.408000,1.2597848477912565,1.6235599298084993
7.410000,1.0644693675135424,1.6113527122911422
7.412000,1.181658655680171,1.4013885709925993
7.414000,1.181658655680171,1.535667963683528
7.416000,1.1889829861905852,1.5210193026626992
7.418000,1.1596856641489282,1.4013885709925993
7.420000,1.0376134889753568,1.4526588845654993
7.422000,1.091325246051728,1.6601815823605708
7.424000,1.2182803082322422,1.5747310597390707
7.426000,1.0791180285343709,1.4355687800411994
7.428000,1.1572442206454567,1.6552986953536277
7.430000,1.2036316472114137,1.6211184863050279
7.432000,1.2158388647287708,1.535667963683528
7.434000,1.1206225680933852,1.6284428168154421
7.436000,1.2304875257495995,1.633325703822385
7.438000,1.1694514381628138,1.5332265201800566
7.440000,1.181658655680171,1.5551995117112993
7.442000,1.0034332799267567,1.3891813534752422
7.444000,1.010757610437171,1.6113527122911422
7.446000,1.2524605172808423,1.394064240482185
7.448000,1.2207217517357138,1.6357671473258564
7.450000,1.228046082246128,1.5869382772564278
7.452000,0.9863431754024568,1.599145494773785
7.454000,1.193865873197528,1.416037232013428
7.456000,1.125505455100328,1.428244449530785
7.458000,0.9887846189059282,1.4795147631036851
7.460000,1.1450370031280994,1.5039291981383993
7.462000,1.1108567940794996,1.5088120851453422
7.464000,1.0205233844510566,1.5576409552147708
7.466000,1.1084153505760281,1.6479743648432135
7.468000,1.1181811245899138,1.5600823987182422
7.470000,1.0351720454718853,1.4062714579995421
7.472000,1.0156404974441138,1.6821545738918136
7.474000,1.1279468986037995,1.5893797207598992
7.476000,1.1352712291142137,1.6357671473258564
7.478000,1.2719920653086136,1.4135957885099566
7.480000,1.0400549324788282,1.604028381780728
7.482000,1.1059739070725567,1.5454337376974137
7.484000,1.0302891584649423,1.433127336537728
7.486000,1.1328297856107423,1.3989471274891279
7.488000,1.1523613336385137,1.5063706416418707
7.490000,1.1914244296940566,1.6626230258640422
7.492000,1.274433508812085,1.6650644693675136
7.494000,1.1572442206454567,1.6382085908293278
7.496000,1.1572442206454567,1.6284428168154421
7.498000,1.1035324635690853,1.4795147631036851
7.500000,1.1596856641489282,1.6357671473258564
7.502000,1.0302891584649423,1.5625238422217136
7.504000,0.9985503929198138,1.684596017395285
7.506000,1.2695506218051422,1.5869382772564278
7.508000,1.1059739070725567,1.3891813534752422
7.510000,1.2719920653086136,1.5844968337529564
7.512000,1.0376134889753568,1.5210193026626992
7.514000,1.1792172121766995,1.684596017395285
7.516000,1.2207217517357138,1.4721904325932709
7.518000,1.2231631952391853,1.6284428168154421
7.520000,1.0278477149614709,1.4892805371175708
7.522000,1.206073090714885,1.3965056839856564
7.524000,1.2695506218051422,1.5381094071869994
7.526000,1.1279468986037995,1.5161364156557564
7.528000,1.0693522545204852,1.3989471274891279
7.530000,1.0302891584649423,1.428244449530785
7.532000,1.130388342107271,1.4111543450064852
7.534000,1.0840009155413137,1.6821545738918136
7.536000,1.2549019607843137,1.5551995117112993
7.538000,1.2378118562600138,1.4428931105516136
7.540000,1.1279468986037995,1.552758068207828
7.542000,1.096208133058671,1.5381094071869994
7.544000,1.206073090714885,1.4892805371175708
7.546000,1.2133974212252994,1.5942626077668423
7.548000,1.0571450370031281,1.4892805371175708
7.550000,1.010757610437171,1.4502174410620279
7.552000,1.279316395819028,1.6772716868848707
7.554000,1.125505455100328,1.6870374608987564
7.556000,1.2085145342183565,1.577172503242542
7.558000,1.232928969253071,1.4892805371175708
7.560000,0.9961089494163424,1.4258030060273137
7.562000,1.0840009155413137,1.5747310597390707
7.564000,1.1523613336385137,1.4892805371175708
7.566000,1.2524605172808423,1.684596017395285
7.568000,1.2133974212252994,1.5918211642633706
7.570000,1.1035324635690853,1.5942626077668423
7.572000,1.142595559624628,1.4551003280689707
7.574000,1.0205233844510566,1.433127336537728
7.576000,1.1279468986037995,1.6260013733119707
7.578000,1.2378118562600138,1.5503166247043565
7.580000,1.2866407263294424,1.4258030060273137
7.582000,1.0571450370031281,1.6504158083466849
7.584000,1.130388342107271,1.4721904325932709
7.586000,1.010757610437171,1.5161364156557564
7.588000,1.206073090714885,1.496604867627985
7.590000,1.206073090714885,1.5405508506904708
7.592000,1.0693522545204852,1.684596017395285
7.594000,1.1377126726176852,1.4868390936140994
7.596000,1.0937666895551996,1.4404516670481422
7.598000,1.1059739070725567,1.4184786755168994
7.600000,1.0937666895551996,1.5039291981383993
7.602000,1.2231631952391853,1.6723887998779279
7.604000,1.1474784466315708,1.4917219806210422
7.606000,1.1352712291142137,1.6723887998779279
7.608000,1.1914244296940566,1.4551003280689707
7.610000,1.2597848477912565,1.616235599298085
7.612000,1.2011902037079423,1.6772716868848707
7.614000,1.1474784466315708,1.445334554055085
7.616000,1.2011902037079423,1.484397650110628
7.618000,1.1987487602044709,1.4526588845654993
7.620000,1.1328297856107423,1.4721904325932709
7.622000,1.1963073167009994,1.5796139467460135
7.624000,1.022964827954528,1.5454337376974137
7.626000,1.0278477149614709,1.4209201190203709
7.628000,1.1718928816662852,1.5893797207598992
7.630000,1.2426947432669566,1.5698481727321278
7.632000,1.0156404974441138,1.6064698252841993
7.634000,1.0131990539406424,1.6894789044022278
7.636000,1.181658655680171,1.6186770428015564
7.638000,1.0547035934996567,1.6821545738918136
7.640000,1.0766765850308995,1.7041275654230563
7.642000,1.2524605172808423,1.633325703822385
7.644000,1.0400549324788282,1.6015869382772565
7.646000,1.1914244296940566,1.4892805371175708
7.648000,1.1084153505760281,1.4404516670481422
7.650000,1.096208133058671,1.552758068207828
7.652000,1.2011902037079423,1.535667963683528
7.654000,1.1841000991836423,1.4575417715724421
7.656000,1.0888838025482566,1.6015869382772565
7.658000,1.1670099946593424,1.4135957885099566
7.660000,1.0498207064927139,1.5210193026626992
7.662000,1.181658655680171,1.5600823987182422
7.664000,1.2939650568398566,1.6284428168154421
7.666000,1.0693522545204852,1.4380102235446708
7.668000,1.032730601968414,1.645532921339742
7.670000,1.113298237582971,1.4306858930342565
7.672000,1.2573434042877851,1.6211184863050279
7.674000,1.1670099946593424,1.535667963683528
7.676000,1.091325246051728,1.6089112687876708
7.678000,1.2182803082322422,1.4697489890897995
7.680000,1.2695506218051422,1.6699473563744565
7.682000,1.2817578393224995,1.6528572518501563
7.684000,1.074235141527428,1.577172503242542
7.686000,1.262226291294728,1.5576409552147708
7.688000,1.0888838025482566,1.547875181200885
7.690000,1.0424963759822996,1.5844968337529564
7.692000,1.0376134889753568,1.5796139467460135
7.694000,1.164568551155871,1.6382085908293278
7.696000,1.245136186770428,1.6089112687876708
7.698000,1.0522621499961853,1.701686121919585
7.700000,1.1328297856107423,1.547875181200885
7.702000,1.1743343251697567,1.4184786755168994
7.704000,1.2133974212252994,1.6528572518501563
7.706000,1.2231631952391853,1.633325703822385
7.708000,1.0864423590447851,1.6772716868848707
7.710000,1.0766765850308995,1.604028381780728
7.712000,1.091325246051728,1.616235599298085
7.714000,1.1059739070725567,1.6748302433813993
7.716000,1.0547035934996567,1.6528572518501563
7.718000,1.0547035934996567,1.5967040512703137
7.720000,1.0473792629892424,1.6894789044022278
7.722000,1.3110551613641566,1.5405508506904708
7.724000,1.1914244296940566,1.6723887998779279
7.726000,1.2500190737773709,1.6992446784161135
7.728000,1.274433508812085,1.5893797207598992
7.730000,1.2036316472114137,1.5429922941939422
7.732000,1.0669108110170138,1.4551003280689707
7.734000,1.2133974212252994,1.4770733196002137
7.736000,1.2133974212252994,1.6650644693675136
7.738000,1.313496604867628,1.4258030060273137
7.740000,1.1059739070725567,1.6406500343327992
7.742000,1.0424963759822996,1.4502174410620279
7.744000,1.0864423590447851,1.6284428168154421
7.746000,1.0937666895551996,1.6284428168154421
7.748000,1.2036316472114137,1.6699473563744565
7.750000,1.1987487602044709,1.525902189669642
7.752000,1.1865415426871138,1.4428931105516136
7.754000,1.096208133058671,1.5722896162355993
7.756000,1.3159380483710994,1.5600823987182422
7.758000,1.0254062714579995,1.5625238422217136
7.760000,1.0888838025482566,1.6284428168154421
7.762000,1.1328297856107423,1.6113527122911422
7.764000,1.0595864805065995,1.6577401388570994
7.766000,1.0351720454718853,1.6797131303883421
7.768000,1.125505455100328,1.5234607461661707
7.770000,1.3037308308537423,1.696803234912642
7.772000,1.279316395819028,1.4917219806210422
7.774000,1.210955977721828,1.6992446784161135
7.776000,1.0547035934996567,1.4673075455863278
7.778000,1.1352712291142137,1.6015869382772565
7.780000,1.3159380483710994,1.701686121919585
7.782000,1.2597848477912565,1.5332265201800566
7.784000,1.3208209353780422,1.433127336537728
7.786000,1.3012893873502709,1.4551003280689707
7.788000,1.262226291294728,1.4697489890897995
7.790000,1.0937666895551996,1.5844968337529564
7.792000,1.193865873197528,1.4917219806210422
7.794000,1.313496604867628,1.4380102235446708
7.796000,1.0864423590447851,1.7065690089265277
7.798000,1.1621271076523996,1.7261005569542993
7.800000,1.3159380483710994,1.7114518959334706
7.802000,1.0254062714579995,1.5112535286488136
7.804000,1.1792172121766995,1.684596017395285
7.806000,1.1963073167009994,1.4746318760967423
7.808000,1.3012893873502709,1.5039291981383993
7.810000,1.1035324635690853,1.4697489890897995
7.812000,1.245136186770428,1.6772716868848707
7.814000,1.2231631952391853,1.4355687800411994
7.816000,1.1621271076523996,1.696803234912642
7.818000,1.2988479438467995,1.645532921339742
7.820000,1.2256046387426567,1.4770733196002137
7.822000,1.2866407263294424,1.4599832150759136
7.824000,1.0888838025482566,1.5503166247043565
7.826000,1.3061722743572137,1.5454337376974137
7.828000,1.1718928816662852,1.6137941557946136
7.830000,1.0424963759822996,1.5551995117112993
7.832000,1.1450370031280994,1.5161364156557564
7.834000,1.1889829861905852,1.5234607461661707
7.836000,1.325703822384985,1.6284428168154421
7.838000,1.0376134889753568,1.6357671473258564
7.840000,1.125505455100328,1.513694972152285
7.842000,1.130388342107271,1.496604867627985
7.844000,1.1841000991836423,1.6894789044022278
7.846000,1.1914244296940566,1.5918211642633706
7.848000,1.2256046387426567,1.6723887998779279
7.850000,1.032730601968414,1.4917219806210422
7.852000,1.154802777141985,1.530785076676585
7.854000,1.2500190737773709,1.7114518959334706
7.856000,1.0717936980239566,1.5918211642633706
7.858000,1.228046082246128,1.6308842603189135
7.860000,1.0815594720378423,1.5454337376974137
7.862000,1.1401541161211566,1.6406500343327992
7.864000,1.074235141527428,1.735866330968185
7.866000,1.2768749523155565,1.564965285725185
7.868000,1.0888838025482566,1.496604867627985
7.870000,1.1963073167009994,1.4746318760967423
7.872000,1.2231631952391853,1.5869382772564278
7.874000,1.330586709391928,1.7212176699473565
7.876000,1.0766765850308995,1.6797131303883421
7.878000,1.096208133058671,1.6870374608987564
7.880000,1.313496604867628,1.718776226443885
7.882000,1.3159380483710994,1.616235599298085
7.884000,1.3354695963988708,1.7285420004577707
7.886000,1.0571450370031281,1.599145494773785
7.888000,1.3354695963988708,1.7041275654230563
7.890000,1.181658655680171,1.484397650110628
7.892000,1.232928969253071,1.530785076676585
7.894000,1.1474784466315708,1.4868390936140994
7.896000,1.154802777141985,1.6772716868848707
7.898000,1.3354695963988708,1.5600823987182422
7.900000,1.0815594720378423,1.6186770428015564
7.902000,1.0571450370031281,1.718776226443885
7.904000,1.2817578393224995,1.5210193026626992
7.906000,1.1841000991836423,1.6772716868848707
7.908000,1.2085145342183565,1.4648661020828564
7.910000,1.2890821698329138,1.6479743648432135
7.912000,1.1328297856107423,1.5942626077668423
7.914000,1.1377126726176852,1.535667963683528
7.916000,1.210955977721828,1.7309834439612422
7.918000,1.2036316472114137,1.5210193026626992
7.920000,1.0717936980239566,1.6919203479056992
7.922000,1.2304875257495995,1.577172503242542
7.924000,1.1865415426871138,1.4599832150759136
7.926000,1.1743343251697567,1.7334248874647136
7.928000,1.044937819485771,1.5600823987182422
7.930000,1.091325246051728,1.5088120851453422
7.932000,1.0644693675135424,1.5869382772564278
7.934000,1.3208209353780422,1.530785076676585
7.936000,1.1963073167009994,1.723659113450828
7.938000,1.3452353704127566,1.5747310597390707
7.940000,1.3183794918745708,1.604028381780728
7.942000,1.3403524834058136,1.633325703822385
7.944000,1.1841000991836423,1.6723887998779279
7.946000,1.2597848477912565,1.7456321049820707
7.948000,1.1621271076523996,1.6577401388570994
7.950000,1.0986495765621425,1.5039291981383993
7.952000,1.1670099946593424,1.6699473563744565
7.954000,1.1157396810864424,1.5600823987182422
7.956000,1.1523613336385137,1.6772716868848707
7.958000,1.1523613336385137,1.4599832150759136
7.960000,1.1889829861905852,1.6113527122911422
7.962000,1.1401541161211566,1.5039291981383993
7.964000,1.1499198901350423,1.7505149919890135
7.966000,1.3159380483710994,1.5088120851453422
7.968000,1.0522621499961853,1.7114518959334706
7.970000,1.2378118562600138,1.7114518959334706
7.972000,1.1865415426871138,1.6308842603189135
7.974000,1.2426947432669566,1.7334248874647136
7.976000,1.2671091783016708,1.7334248874647136
7.978000,1.2085145342183565,1.6260013733119707
7.980000,1.3232623788815137,1.4892805371175708
7.982000,1.1865415426871138,1.5112535286488136
7.984000,1.2085145342183565,1.7553978789959563
7.986000,1.1499198901350423,1.4770733196002137
7.988000,1.0864423590447851,1.4892805371175708
7.990000,1.142595559624628,1.4721904325932709
7.992000,1.3379110399023422,1.462424658579385
7.994000,1.1499198901350423,1.7163347829404134
7.996000,1.1889829861905852,1.7163347829404134
7.998000,1.091325246051728,1.577172503242542
8.000000,1.1279468986037995,1.6089112687876708
8.002000,1.164568551155871,1.5698481727321278
8.004000,1.2426947432669566,1.5283436331731135
8.006000,1.1181811245899138,1.6748302433813993
8.008000,1.0717936980239566,1.5698481727321278
8.010000,1.091325246051728,1.5429922941939422
8.012000,1.274433508812085,1.6626230258640422
8.014000,1.1206225680933852,1.7431906614785992
8.016000,1.274433508812085,1.4770733196002137
8.018000,1.3159380483710994,1.7505149919890135
8.020000,1.2939650568398566,1.564965285725185
8.022000,1.3159380483710994,1.6137941557946136
8.024000,1.130388342107271,1.6650644693675136
8.026000,1.3550011444266423,1.5063706416418707
8.028000,1.0864423590447851,1.552758068207828
8.030000,1.113298237582971,1.6089112687876708
8.032000,1.3086137178606851,1.5503166247043565
8.034000,1.091325246051728,1.616235599298085
8.036000,1.0669108110170138,1.7431906614785992
8.038000,1.1987487602044709,1.718776226443885
8.040000,1.096208133058671,1.5796139467460135
8.042000,1.2817578393224995,1.645532921339742
8.044000,1.2378118562600138,1.5796139467460135
8.046000,1.2866407263294424,1.7285420004577707
8.048000,1.3452353704127566,1.5796139467460135
8.050000,1.2695506218051422,1.6894789044022278
8.052000,1.2207217517357138,1.525902189669642
8.054000,1.074235141527428,1.6650644693675136
8.056000,1.3110551613641566,1.5674067292286564
8.058000,1.0717936980239566,1.513694972152285
8.060000,1.091325246051728,1.4917219806210422
8.062000,1.0766765850308995,1.696803234912642
8.064000,1.0693522545204852,1.6821545738918136
8.066000,1.2597848477912565,1.501487754634928
8.068000,1.1792172121766995,1.6797131303883421
8.070000,1.245136186770428,1.7627222095063706
8.072000,1.1230640115968566,1.5747310597390707
8.074000,1.2256046387426567,1.5674067292286564
8.076000,1.1889829861905852,1.6919203479056992
8.078000,1.2817578393224995,1.535667963683528
8.080000,1.2939650568398566,1.6113527122911422
8.082000,1.2378118562600138,1.5844968337529564
8.084000,1.2671091783016708,1.7602807660028992
8.086000,1.1377126726176852,1.6382085908293278
8.088000,1.313496604867628,1.7383077744716564
8.090000,1.0815594720378423,1.5625238422217136
8.092000,1.1987487602044709,1.616235599298085
8.094000,1.0937666895551996,1.5796139467460135
8.096000,1.284199282825971,1.5576409552147708
8.098000,1.284199282825971,1.5600823987182422
8.100000,1.2500190737773709,1.5039291981383993
8.102000,1.142595559624628,1.633325703822385
8.104000,1.1401541161211566,1.6699473563744565
8.106000,1.245136186770428,1.6308842603189135
8.108000,1.1450370031280994,1.7212176699473565
8.110000,1.1377126726176852,1.765163653009842
8.112000,1.1963073167009994,1.7285420004577707
8.114000,1.1230640115968566,1.5161364156557564
8.116000,1.274433508812085,1.6089112687876708
8.118000,1.1499198901350423,1.4819562066071565
8.120000,1.074235141527428,1.547875181200885
8.122000,1.2378118562600138,1.5674067292286564
8.124000,1.1499198901350423,1.5747310597390707
8.126000,1.1035324635690853,1.5234607461661707
8.128000,1.2231631952391853,1.6406500343327992
8.130000,1.3501182574196995,1.6089112687876708
8.132000,1.2988479438467995,1.535667963683528
8.134000,1.1914244296940566,1.6992446784161135
8.136000,1.330586709391928,1.696803234912642
8.138000,1.3281452658884565,1.633325703822385
8.140000,1.1718928816662852,1.5405508506904708
8.142000,1.2939650568398566,1.752956435492485
8.144000,1.3183794918745708,1.501487754634928
8.146000,1.091325246051728,1.6430914778362706
8.148000,1.1352712291142137,1.7798123140306705
8.150000,1.1743343251697567,1.6748302433813993
8.152000,1.3208209353780422,1.5796139467460135
8.154000,1.3672083619439994,1.5234607461661707
8.156000,1.3379110399023422,1.7700465400167849
8.158000,1.1572442206454567,1.7285420004577707
8.160000,1.2524605172808423,1.501487754634928
8.162000,1.313496604867628,1.5551995117112993
8.164000,1.0864423590447851,1.6626230258640422
8.166000,1.2182803082322422,1.6528572518501563
8.168000,1.1743343251697567,1.4917219806210422
8.170000,1.1352712291142137,1.7676050965133134
8.172000,1.0864423590447851,1.4868390936140994
8.174000,1.1230640115968566,1.6699473563744565
8.176000,1.228046082246128,1.7041275654230563
8.178000,1.2890821698329138,1.6113527122911422
8.180000,1.0840009155413137,1.6308842603189135
8.182000,1.096208133058671,1.7309834439612422
8.184000,1.1841000991836423,1.5283436331731135
8.186000,1.2695506218051422,1.5088120851453422
8.188000,1.2988479438467995,1.5722896162355993
8.190000,1.1401541161211566,1.735866330968185
8.192000,1.3379110399023422,1.6235599298084993
8.194000,1.3061722743572137,1.6870374608987564
8.196000,1.325703822384985,1.6260013733119707
8.198000,1.1694514381628138,1.7334248874647136
8.200000,1.2426947432669566,1.4990463111314565
8.202000,1.206073090714885,1.6992446784161135
8.204000,1.3452353704127566,1.7553978789959563
8.206000,1.3159380483710994,1.616235599298085
8.208000,1.2890821698329138,1.6260013733119707
8.210000,1.228046082246128,1.752956435492485
8.212000,1.1084153505760281,1.5869382772564278
8.214000,1.2256046387426567,1.7065690089265277
8.216000,1.1841000991836423,1.6943617914091706
8.218000,1.3159380483710994,1.6870374608987564
8.220000,1.2133974212252994,1.701686121919585
8.222000,1.352559700923171,1.6137941557946136
8.224000,1.3403524834058136,1.6015869382772565
8.226000,1.125505455100328,1.7749294270237277
8.228000,1.2719920653086136,1.6284428168154421
8.230000,1.1157396810864424,1.5063706416418707
8.232000,1.113298237582971,1.5796139467460135
8.234000,1.1450370031280994,1.7895780880445564
8.236000,1.2549019607843137,1.4990463111314565
8.238000,1.181658655680171,1.633325703822385
8.240000,1.1572442206454567,1.7627222095063706
8.242000,1.3012893873502709,1.582055390249485
8.244000,1.2378118562600138,1.6308842603189135
8.246000,1.0937666895551996,1.582055390249485
8.248000,1.1474784466315708,1.787136644541085
8.250000,1.2475776302738995,1.7041275654230563
8.252000,1.3159380483710994,1.5429922941939422
8.254000,1.313496604867628,1.667505912870985
8.256000,1.3208209353780422,1.6308842603189135
8.258000,1.1450370031280994,1.6748302433813993
8.260000,1.1328297856107423,1.7285420004577707
8.262000,1.2475776302738995,1.6699473563744565
8.264000,1.154802777141985,1.5967040512703137
8.266000,1.1279468986037995,1.577172503242542
8.268000,1.3720912489509423,1.5332265201800566
8.270000,1.3574425879301137,1.6919203479056992
8.272000,1.2890821698329138,1.718776226443885
8.274000,1.2597848477912565,1.5967040512703137
8.276000,1.2475776302738995,1.599145494773785
8.278000,1.2500190737773709,1.577172503242542
8.280000,1.3916227969787136,1.525902189669642
8.282000,1.376974135957885,1.599145494773785
8.284000,1.279316395819028,1.5429922941939422
8.286000,1.2719920653086136,1.5405508506904708
8.288000,1.228046082246128,1.6235599298084993
8.290000,1.1084153505760281,1.6308842603189135
8.292000,1.1572442206454567,1.547875181200885
8.294000,1.279316395819028,1.6650644693675136
8.296000,1.3330281528953993,1.723659113450828
8.298000,1.3061722743572137,1.5869382772564278
8.300000,1.3965056839856564,1.6284428168154421
8.302000,1.3965056839856564,1.701686121919585
8.304000,1.142595559624628,1.7114518959334706
8.306000,1.1401541161211566,1.7822537575341422
8.308000,1.2671091783016708,1.7969024185549707
8.310000,1.1694514381628138,1.5429922941939422
8.312000,1.228046082246128,1.5454337376974137
8.314000,1.3916227969787136,1.7822537575341422
8.316000,1.130388342107271,1.6992446784161135
8.318000,1.2939650568398566,1.7041275654230563
8.320000,1.2207217517357138,1.799343862058442
8.322000,1.3354695963988708,1.667505912870985
8.324000,1.3452353704127566,1.7700465400167849
8.326000,1.342793926909285,1.7578393224994278
8.328000,1.2133974212252994,1.547875181200885
8.330000,1.2036316472114137,1.5283436331731135
8.332000,1.3745326924544137,1.718776226443885
8.334000,1.279316395819028,1.804226749065385
8.336000,1.2646677347981994,1.6601815823605708
8.338000,1.2426947432669566,1.604028381780728
8.340000,1.1670099946593424,1.7822537575341422
8.342000,1.347676813916228,1.5722896162355993
8.344000,1.3720912489509423,1.5796139467460135
8.346000,1.2500190737773709,1.5576409552147708
8.348000,1.2402532997634852,1.5796139467460135
8.350000,1.2671091783016708,1.6699473563744565
8.352000,1.3403524834058136,1.7895780880445564
8.354000,1.210955977721828,1.5942626077668423
8.356000,1.142595559624628,1.7285420004577707
8.358000,1.3965056839856564,1.5576409552147708
8.360000,1.154802777141985,1.5600823987182422
8.362000,1.210955977721828,1.7920195315480278
8.364000,1.4013885709925993,1.5967040512703137
8.366000,1.4013885709925993,1.7724879835202563
8.368000,1.2036316472114137,1.804226749065385
8.370000,1.2402532997634852,1.513694972152285
8.372000,1.164568551155871,1.5722896162355993
8.374000,1.2011902037079423,1.6821545738918136
8.376000,1.2304875257495995,1.6772716868848707
8.378000,1.181658655680171,1.8139925230792706
8.380000,1.125505455100328,1.799343862058442
8.382000,1.2011902037079423,1.777370870527199
8.384000,1.2402532997634852,1.5283436331731135
8.386000,1.2988479438467995,1.604028381780728
8.388000,1.2402532997634852,1.5283436331731135
8.390000,1.2182803082322422,1.799343862058442
8.392000,1.113298237582971,1.667505912870985
8.394000,1.3965056839856564,1.6601815823605708
8.396000,1.3183794918745708,1.8115510795757992
8.398000,1.3891813534752422,1.6186770428015564
8.400000,1.3037308308537423,1.7822537575341422
8.402000,1.3794155794613565,1.7505149919890135
8.404000,1.2256046387426567,1.6479743648432135
8.406000,1.1718928816662852,1.5332265201800566
8.408000,1.3086137178606851,1.599145494773785
8.410000,1.3867399099717708,1.7163347829404134
8.412000,1.2524605172808423,1.6430914778362706
8.414000,1.232928969253071,1.7065690089265277
8.416000,1.3550011444266423,1.564965285725185
8.418000,1.228046082246128,1.6772716868848707
8.420000,1.1743343251697567,1.7212176699473565
8.422000,1.3086137178606851,1.6601815823605708
8.424000,1.245136186770428,1.777370870527199
8.426000,1.1987487602044709,1.6919203479056992
8.428000,1.313496604867628,1.577172503242542
8.430000,1.284199282825971,1.5893797207598992
8.432000,1.2036316472114137,1.547875181200885
8.434000,1.279316395819028,1.7334248874647136
8.436000,1.3623254749370566,1.748073548485542
8.438000,1.2207217517357138,1.6113527122911422
8.440000,1.4135957885099566,1.7114518959334706
8.442000,1.1401541161211566,1.7212176699473565
8.444000,1.2304875257495995,1.7505149919890135
8.446000,1.313496604867628,1.667505912870985
8.448000,1.130388342107271,1.5576409552147708
8.450000,1.2036316472114137,1.577172503242542
8.452000,1.1352712291142137,1.530785076676585
8.454000,1.3916227969787136,1.7456321049820707
8.456000,1.3012893873502709,1.816433966582742
8.458000,1.2231631952391853,1.6357671473258564
8.460000,1.3208209353780422,1.7578393224994278
8.462000,1.2500190737773709,1.5600823987182422
8.464000,1.342793926909285,1.6650644693675136
8.466000,1.130388342107271,1.5698481727321278
8.468000,1.3354695963988708,1.7676050965133134
8.470000,1.130388342107271,1.7456321049820707
8.472000,1.2378118562600138,1.7895780880445564
8.474000,1.1865415426871138,1.7676050965133134
8.476000,1.3183794918745708,1.7212176699473565
8.478000,1.2182803082322422,1.8091096360723278
8.480000,1.4013885709925993,1.7724879835202563
8.482000,1.4013885709925993,1.7505149919890135
8.484000,1.352559700923171,1.530785076676585
8.486000,1.3110551613641566,1.701686121919585
8.488000,1.228046082246128,1.7114518959334706
8.490000,1.1523613336385137,1.6211184863050279
8.492000,1.3232623788815137,1.5869382772564278
8.494000,1.2768749523155565,1.6479743648432135
8.496000,1.1572442206454567,1.8017853055619135
8.498000,1.394064240482185,1.7456321049820707
8.500000,1.2500190737773709,1.7627222095063706
8.502000,1.4062714579995421,1.6943617914091706
8.504000,1.284199282825971,1.6211184863050279
8.506000,1.3452353704127566,1.577172503242542
8.508000,1.2231631952391853,1.6137941557946136
8.510000,1.1474784466315708,1.6089112687876708
8.512000,1.3965056839856564,1.582055390249485
8.514000,1.3696498054474708,1.8310826276035705
8.516000,1.2085145342183565,1.5576409552147708
8.518000,1.330586709391928,1.6992446784161135
8.520000,1.1718928816662852,1.7065690089265277
8.522000,1.2402532997634852,1.5674067292286564
8.524000,1.3501182574196995,1.6528572518501563
8.526000,1.1694514381628138,1.5967040512703137
8.528000,1.1743343251697567,1.6382085908293278
8.530000,1.3037308308537423,1.6382085908293278
8.532000,1.2597848477912565,1.6504158083466849
8.534000,1.1743343251697567,1.752956435492485
8.536000,1.342793926909285,1.599145494773785
8.538000,1.4038300144960707,1.5625238422217136
8.540000,1.296406500343328,1.645532921339742
8.542000,1.4209201190203709,1.684596017395285
8.544000,1.1523613336385137,1.577172503242542
8.546000,1.2256046387426567,1.8310826276035705
8.548000,1.3281452658884565,1.6064698252841993
8.550000,1.2402532997634852,1.5551995117112993
8.552000,1.1743343251697567,1.7505149919890135
8.554000,1.4135957885099566,1.7676050965133134
8.556000,1.176775768673228,1.804226749065385
8.558000,1.164568551155871,1.6919203479056992
8.560000,1.228046082246128,1.7676050965133134
8.562000,1.262226291294728,1.604028381780728
8.564000,1.2646677347981994,1.8066681925688564
8.566000,1.1841000991836423,1.547875181200885
8.568000,1.4038300144960707,1.8310826276035705
8.570000,1.4209201190203709,1.6089112687876708
8.572000,1.3379110399023422,1.5967040512703137
8.574000,1.279316395819028,1.684596017395285
8.576000,1.1889829861905852,1.7456321049820707
8.578000,1.364766918440528,1.5551995117112993
8.580000,1.1841000991836423,1.833524071107042
8.582000,1.2500190737773709,1.6113527122911422
8.584000,1.1718928816662852,1.804226749065385
8.586000,1.2671091783016708,1.7114518959334706
8.588000,1.2231631952391853,1.7456321049820707
8.590000,1.3110551613641566,1.547875181200885
8.592000,1.3403524834058136,1.5869382772564278
8.594000,1.352559700923171,1.787136644541085
8.596000,1.2085145342183565,1.564965285725185
8.598000,1.4062714579995421,1.8408484016174562
8.600000,1.3550011444266423,1.8286411841000991
8.602000,1.433127336537728,1.696803234912642
8.604000,1.1914244296940566,1.7041275654230563
8.606000,1.2890821698329138,1.7920195315480278
8.608000,1.3354695963988708,1.7969024185549707
8.610000,1.2475776302738995,1.7846952010376136
8.612000,1.1963073167009994,1.6552986953536277
8.614000,1.3891813534752422,1.547875181200885
8.616000,1.3037308308537423,1.833524071107042
8.618000,1.2719920653086136,1.564965285725185
8.620000,1.3623254749370566,1.645532921339742
8.622000,1.1841000991836423,1.6186770428015564
8.624000,1.4306858930342565,1.7041275654230563
8.626000,1.3183794918745708,1.8115510795757992
8.628000,1.3867399099717708,1.6211184863050279
8.630000,1.3330281528953993,1.8310826276035705
8.632000,1.279316395819028,1.713893339436942
8.634000,1.4428931105516136,1.5869382772564278
8.636000,1.352559700923171,1.7602807660028992
8.638000,1.232928969253071,1.8261997405966277
8.640000,1.3110551613641566,1.7407492179751278
8.642000,1.210955977721828,1.5918211642633706
8.644000,1.2353704127565424,1.8408484016174562
8.646000,1.2158388647287708,1.5796139467460135
8.648000,1.2988479438467995,1.816433966582742
8.650000,1.2646677347981994,1.582055390249485
8.652000,1.210955977721828,1.8310826276035705
8.654000,1.3794155794613565,1.6870374608987564
8.656000,1.3232623788815137,1.8384069581139848
8.658000,1.1841000991836423,1.6943617914091706
8.660000,1.2426947432669566,1.6284428168154421
8.662000,1.181658655680171,1.8506141756313421
8.664000,1.1596856641489282,1.6235599298084993
8.666000,1.4306858930342565,1.7212176699473565
8.668000,1.1572442206454567,1.7261005569542993
8.670000,1.3183794918745708,1.8384069581139848
8.672000,1.330586709391928,1.604028381780728
8.674000,1.2597848477912565,1.6284428168154421
8.676000,1.210955977721828,1.8261997405966277
8.678000,1.3012893873502709,1.5576409552147708
8.680000,1.3867399099717708,1.7431906614785992
8.682000,1.3598840314335852,1.799343862058442
8.684000,1.3281452658884565,1.5869382772564278
8.686000,1.4184786755168994,1.7700465400167849
8.688000,1.3330281528953993,1.7163347829404134
8.690000,1.2426947432669566,1.8286411841000991
8.692000,1.1596856641489282,1.696803234912642
8.694000,1.2866407263294424,1.5625238422217136
8.696000,1.1694514381628138,1.696803234912642
8.698000,1.3379110399023422,1.7334248874647136
8.700000,1.1963073167009994,1.713893339436942
8.702000,1.274433508812085,1.816433966582742
8.704000,1.2133974212252994,1.713893339436942
8.706000,1.3745326924544137,1.7334248874647136
8.708000,1.3842984664682993,1.804226749065385
8.710000,1.4428931105516136,1.8603799496452278
8.712000,1.3965056839856564,1.6089112687876708
8.714000,1.3452353704127566,1.7407492179751278
8.716000,1.4258030060273137,1.855497062638285
8.718000,1.2402532997634852,1.8286411841000991
8.720000,1.3696498054474708,1.6748302433813993
8.722000,1.4599832150759136,1.7920195315480278
8.724000,1.274433508812085,1.8017853055619135
8.726000,1.2036316472114137,1.7676050965133134
8.728000,1.3867399099717708,1.787136644541085
8.730000,1.3916227969787136,1.6357671473258564
8.732000,1.2011902037079423,1.696803234912642
8.734000,1.2549019607843137,1.6797131303883421
8.736000,1.2646677347981994,1.8139925230792706
8.738000,1.206073090714885,1.8310826276035705
8.740000,1.164568551155871,1.8261997405966277
8.742000,1.262226291294728,1.6089112687876708
8.744000,1.3452353704127566,1.7212176699473565
8.746000,1.2719920653086136,1.6089112687876708
8.748000,1.2646677347981994,1.645532921339742
8.750000,1.2036316472114137,1.7456321049820707
8.752000,1.2475776302738995,1.7602807660028992
8.754000,1.1694514381628138,1.8530556191348135
8.756000,1.1670099946593424,1.7749294270237277
8.758000,1.2158388647287708,1.701686121919585
8.760000,1.1841000991836423,1.7553978789959563
8.762000,1.181658655680171,1.8237582970931563
8.764000,1.2524605172808423,1.8139925230792706
8.766000,1.232928969253071,1.5869382772564278
8.768000,1.3965056839856564,1.6528572518501563
8.770000,1.2768749523155565,1.6235599298084993
8.772000,1.2085145342183565,1.8017853055619135
8.774000,1.4013885709925993,1.6504158083466849
8.776000,1.4599832150759136,1.7944609750514993
8.778000,1.1718928816662852,1.6943617914091706
8.780000,1.2426947432669566,1.616235599298085
8.782000,1.1987487602044709,1.645532921339742
8.784000,1.2671091783016708,1.7261005569542993
8.786000,1.181658655680171,1.7578393224994278
8.788000,1.3672083619439994,1.604028381780728
8.790000,1.4258030060273137,1.7334248874647136
8.792000,1.325703822384985,1.7700465400167849
8.794000,1.1718928816662852,1.582055390249485
8.796000,1.176775768673228,1.752956435492485
8.798000,1.3012893873502709,1.6260013733119707
8.800000,1.4135957885099566,1.5942626077668423
8.802000,1.181658655680171,1.8066681925688564
8.804000,1.313496604867628,1.804226749065385
8.806000,1.4184786755168994,1.577172503242542
8.808000,1.2524605172808423,1.8530556191348135
8.810000,1.342793926909285,1.7749294270237277
8.812000,1.210955977721828,1.6943617914091706
8.814000,1.2256046387426567,1.5869382772564278
8.816000,1.3354695963988708,1.6406500343327992
8.818000,1.376974135957885,1.6430914778362706
8.820000,1.245136186770428,1.7431906614785992
8.822000,1.4575417715724421,1.8652628366521706
8.824000,1.2768749523155565,1.713893339436942
8.826000,1.1987487602044709,1.7798123140306705
8.828000,1.4477759975585565,1.6699473563744565
8.830000,1.376974135957885,1.8237582970931563
8.832000,1.3159380483710994,1.7065690089265277
8.834000,1.3867399099717708,1.6528572518501563
8.836000,1.3281452658884565,1.7627222095063706
8.838000,1.3037308308537423,1.8066681925688564
8.840000,1.3379110399023422,1.6308842603189135
8.842000,1.4575417715724421,1.7090104524299992
8.844000,1.3720912489509423,1.6601815823605708
8.846000,1.416037232013428,1.8603799496452278
8.848000,1.2549019607843137,1.8774700541695277
8.850000,1.3061722743572137,1.7212176699473565
8.852000,1.428244449530785,1.599145494773785
8.854000,1.352559700923171,1.735866330968185
8.856000,1.3037308308537423,1.7724879835202563
8.858000,1.3696498054474708,1.8652628366521706
8.860000,1.3891813534752422,1.8774700541695277
8.862000,1.1987487602044709,1.8359655146105134
8.864000,1.3037308308537423,1.7676050965133134
8.866000,1.4306858930342565,1.723659113450828
8.868000,1.4502174410620279,1.765163653009842
8.870000,1.4599832150759136,1.7920195315480278
8.872000,1.325703822384985,1.7749294270237277
8.874000,1.4599832150759136,1.7383077744716564
8.876000,1.3672083619439994,1.7578393224994278
8.878000,1.4184786755168994,1.7895780880445564
8.880000,1.3183794918745708,1.616235599298085
8.882000,1.3989471274891279,1.701686121919585
8.884000,1.381857022964828,1.6430914778362706
8.886000,1.284199282825971,1.816433966582742
8.888000,1.262226291294728,1.8432898451209276
8.890000,1.462424658579385,1.6748302433813993
8.892000,1.2671091783016708,1.645532921339742
8.894000,1.2304875257495995,1.855497062638285
8.896000,1.4746318760967423,1.867704280155642
8.898000,1.4233615625238423,1.7627222095063706
8.900000,1.3208209353780422,1.765163653009842
8.902000,1.2182803082322422,1.8261997405966277
8.904000,1.3232623788815137,1.735866330968185
8.906000,1.2646677347981994,1.5893797207598992
8.908000,1.4868390936140994,1.7846952010376136
8.910000,1.3037308308537423,1.8384069581139848
8.912000,1.4209201190203709,1.855497062638285
8.914000,1.445334554055085,1.6626230258640422
8.916000,1.2231631952391853,1.604028381780728
8.918000,1.2378118562600138,1.6137941557946136
8.920000,1.206073090714885,1.8384069581139848
8.922000,1.2353704127565424,1.7309834439612422
8.924000,1.394064240482185,1.604028381780728
8.926000,1.4502174410620279,1.713893339436942
8.928000,1.2158388647287708,1.799343862058442
8.930000,1.4477759975585565,1.599145494773785
8.932000,1.2304875257495995,1.8652628366521706
8.934000,1.228046082246128,1.8286411841000991
8.936000,1.3354695963988708,1.8750286106660563
8.938000,1.3623254749370566,1.6797131303883421
8.940000,1.4697489890897995,1.7041275654230563
8.942000,1.2671091783016708,1.8017853055619135
8.944000,1.3550011444266423,1.7920195315480278
8.946000,1.2158388647287708,1.7822537575341422
8.948000,1.4135957885099566,1.667505912870985
8.950000,1.325703822384985,1.7676050965133134
8.952000,1.394064240482185,1.6748302433813993
8.954000,1.3037308308537423,1.735866330968185
8.956000,1.2353704127565424,1.645532921339742
8.958000,1.364766918440528,1.7676050965133134
8.960000,1.3208209353780422,1.6772716868848707
8.962000,1.2573434042877851,1.7456321049820707
8.964000,1.210955977721828,1.7334248874647136
8.966000,1.3598840314335852,1.6601815823605708
8.968000,1.2646677347981994,1.667505912870985
8.970000,1.3110551613641566,1.6015869382772565
8.972000,1.4013885709925993,1.633325703822385
8.974000,1.3208209353780422,1.7041275654230563
8.976000,1.4087129015030138,1.8408484016174562
8.978000,1.3501182574196995,1.7114518959334706
8.980000,1.262226291294728,1.8799114976729991
8.982000,1.484397650110628,1.6552986953536277
8.984000,1.3696498054474708,1.8750286106660563
8.986000,1.3672083619439994,1.777370870527199
8.988000,1.4990463111314565,1.816433966582742
8.990000,1.2011902037079423,1.7163347829404134
8.992000,1.2719920653086136,1.6113527122911422
8.994000,1.4770733196002137,1.8994430457007705
8.996000,1.347676813916228,1.8017853055619135
8.998000,1.3110551613641566,1.713893339436942
9.000000,1.206073090714885,1.7920195315480278
9.002000,1.2402532997634852,1.6382085908293278
9.004000,1.4135957885099566,1.855497062638285
9.006000,1.3037308308537423,1.8139925230792706
9.008000,1.462424658579385,1.8237582970931563
9.010000,1.262226291294728,1.7920195315480278
9.012000,1.3232623788815137,1.8530556191348135
9.014000,1.4648661020828564,1.787136644541085
9.016000,1.4819562066071565,1.777370870527199
9.018000,1.394064240482185,1.7285420004577707
9.020000,1.4380102235446708,1.7285420004577707
9.022000,1.3037308308537423,1.7920195315480278
9.024000,1.3574425879301137,1.7285420004577707
9.026000,1.206073090714885,1.8432898451209276
9.028000,1.4673075455863278,1.7505149919890135
9.030000,1.496604867627985,1.713893339436942
9.032000,1.4551003280689707,1.7407492179751278
9.034000,1.2524605172808423,1.8530556191348135
9.036000,1.3867399099717708,1.6064698252841993
9.038000,1.4770733196002137,1.7261005569542993
9.040000,1.3037308308537423,1.8701457236591135
9.042000,1.232928969253071,1.8481727321278707
9.044000,1.3061722743572137,1.6479743648432135
9.046000,1.445334554055085,1.701686121919585
9.048000,1.3745326924544137,1.6284428168154421
9.050000,1.3208209353780422,1.8506141756313421
9.052000,1.2549019607843137,1.7505149919890135
9.054000,1.2475776302738995,1.855497062638285
9.056000,1.4551003280689707,1.867704280155642
9.058000,1.313496604867628,1.7407492179751278
9.060000,1.4526588845654993,1.7285420004577707
9.062000,1.2549019607843137,1.6211184863050279
9.064000,1.3061722743572137,1.6113527122911422
9.066000,1.428244449530785,1.7969024185549707
9.068000,1.2426947432669566,1.787136644541085
9.070000,1.3183794918745708,1.8725871671625849
9.072000,1.5063706416418707,1.8188754100862135
9.074000,1.2182803082322422,1.7846952010376136
9.076000,1.2524605172808423,1.7920195315480278
9.078000,1.4258030060273137,1.7822537575341422
9.080000,1.484397650110628,1.6797131303883421
9.082000,1.3598840314335852,1.8823529411764706
9.084000,1.501487754634928,1.8066681925688564
9.086000,1.3208209353780422,1.7090104524299992
9.088000,1.3379110399023422,1.8701457236591135
9.090000,1.4404516670481422,1.8481727321278707
9.092000,1.2207217517357138,1.7407492179751278
9.094000,1.2426947432669566,1.633325703822385
9.096000,1.4428931105516136,1.816433966582742
9.098000,1.5088120851453422,1.7041275654230563
9.100000,1.2573434042877851,1.6504158083466849
9.102000,1.3330281528953993,1.723659113450828
9.104000,1.347676813916228,1.8188754100862135
9.106000,1.445334554055085,1.897001602197299
9.108000,1.2646677347981994,1.7700465400167849
9.110000,1.2256046387426567,1.7407492179751278
9.112000,1.2524605172808423,1.897001602197299
9.114000,1.394064240482185,1.6528572518501563
9.116000,1.2695506218051422,1.6894789044022278
9.118000,1.3379110399023422,1.6870374608987564
9.120000,1.2866407263294424,1.8896772716868848
9.122000,1.4990463111314565,1.8945601586938277
9.124000,1.342793926909285,1.6528572518501563
9.126000,1.3452353704127566,1.8799114976729991
9.128000,1.2573434042877851,1.8725871671625849
9.130000,1.5161364156557564,1.8945601586938277
9.132000,1.4502174410620279,1.816433966582742
9.134000,1.245136186770428,1.8750286106660563
9.136000,1.4990463111314565,1.7309834439612422
9.138000,1.513694972152285,1.6650644693675136
9.140000,1.4868390936140994,1.8261997405966277
9.142000,1.3867399099717708,1.8237582970931563
9.144000,1.5112535286488136,1.6552986953536277
9.146000,1.2768749523155565,1.6699473563744565
9.148000,1.5063706416418707,1.6382085908293278
9.150000,1.2353704127565424,1.7553978789959563
9.152000,1.4648661020828564,1.7920195315480278
9.154000,1.376974135957885,1.701686121919585
9.156000,1.2402532997634852,1.7846952010376136
9.158000,1.2671091783016708,1.8237582970931563
9.160000,1.2256046387426567,1.9092088197146564
9.162000,1.4380102235446708,1.8701457236591135
9.164000,1.284199282825971,1.8603799496452278
9.166000,1.4990463111314565,1.667505912870985
9.168000,1.330586709391928,1.718776226443885
9.170000,1.296406500343328,1.8432898451209276
9.172000,1.5039291981383993,1.7627222095063706
9.174000,1.376974135957885,1.9116502632181278
9.176000,1.4917219806210422,1.833524071107042
9.178000,1.4380102235446708,1.6284428168154421
9.180000,1.3989471274891279,1.765163653009842
9.182000,1.3696498054474708,1.816433966582742
9.184000,1.3452353704127566,1.7456321049820707
9.186000,1.2304875257495995,1.7724879835202563
9.188000,1.2719920653086136,1.723659113450828
9.190000,1.428244449530785,1.765163653009842
9.192000,1.428244449530785,1.7602807660028992
9.194000,1.2402532997634852,1.816433966582742
9.196000,1.4746318760967423,1.816433966582742
9.198000,1.4648661020828564,1.8652628366521706
9.200000,1.3086137178606851,1.6650644693675136
9.202000,1.2353704127565424,1.7846952010376136
9.204000,1.2597848477912565,1.8432898451209276
9.206000,1.381857022964828,1.8188754100862135
9.208000,1.5185778591592278,1.8286411841000991
9.210000,1.3720912489509423,1.9116502632181278
9.212000,1.3842984664682993,1.7334248874647136
9.214000,1.3208209353780422,1.7114518959334706
9.216000,1.4917219806210422,1.6357671473258564
9.218000,1.4892805371175708,1.7944609750514993
9.220000,1.2500190737773709,1.8091096360723278
9.222000,1.4819562066071565,1.6357671473258564
9.224000,1.245136186770428,1.8774700541695277
9.226000,1.4575417715724421,1.7065690089265277
9.228000,1.284199282825971,1.8823529411764706
9.230000,1.5332265201800566,1.6772716868848707
9.232000,1.4917219806210422,1.7553978789959563
9.234000,1.4428931105516136,1.816433966582742
9.236000,1.3330281528953993,1.8896772716868848
9.238000,1.4062714579995421,1.8994430457007705
9.240000,1.5210193026626992,1.6382085908293278
9.242000,1.4526588845654993,1.7798123140306705
9.244000,1.347676813916228,1.6650644693675136
9.246000,1.3891813534752422,1.8066681925688564
9.248000,1.462424658579385,1.6528572518501563
9.250000,1.352559700923171,1.8432898451209276
9.252000,1.3330281528953993,1.6430914778362706
9.254000,1.4941634241245136,1.9043259327077133
9.256000,1.4428931105516136,1.8139925230792706
9.258000,1.3916227969787136,1.8945601586938277
9.260000,1.513694972152285,1.8091096360723278
9.262000,1.3159380483710994,1.7383077744716564
9.264000,1.245136186770428,1.8823529411764706
9.266000,1.4111543450064852,1.752956435492485
9.268000,1.4575417715724421,1.8872358281834134
9.270000,1.284199282825971,1.8384069581139848
9.272000,1.3183794918745708,1.8750286106660563
9.274000,1.4209201190203709,1.7822537575341422
9.276000,1.5161364156557564,1.8481727321278707
9.278000,1.4013885709925993,1.8091096360723278
9.280000,1.3159380483710994,1.6992446784161135
9.282000,1.4941634241245136,1.7724879835202563
9.284000,1.428244449530785,1.8896772716868848
9.286000,1.3574425879301137,1.7724879835202563
9.288000,1.4990463111314565,1.735866330968185
9.290000,1.525902189669642,1.9262989242389563
9.292000,1.5210193026626992,1.8139925230792706
9.294000,1.445334554055085,1.723659113450828
9.296000,1.3208209353780422,1.6552986953536277
9.298000,1.4941634241245136,1.7920195315480278
9.300000,1.4135957885099566,1.6699473563744565
9.302000,1.2671091783016708,1.8481727321278707
9.304000,1.525902189669642,1.6577401388570994
9.306000,1.2890821698329138,1.6528572518501563
9.308000,1.2695506218051422,1.8237582970931563
9.310000,1.2988479438467995,1.6577401388570994
9.312000,1.3086137178606851,1.6821545738918136
9.314000,1.3574425879301137,1.8261997405966277
9.316000,1.4819562066071565,1.867704280155642
9.318000,1.381857022964828,1.8725871671625849
9.320000,1.3720912489509423,1.8188754100862135
9.322000,1.4087129015030138,1.7212176699473565
9.324000,1.3086137178606851,1.667505912870985
9.326000,1.4819562066071565,1.8384069581139848
9.328000,1.4746318760967423,1.884794384679942
9.330000,1.4233615625238423,1.918974593728542
9.332000,1.3232623788815137,1.8432898451209276
9.334000,1.4258030060273137,1.7895780880445564
9.336000,1.4648661020828564,1.9165331502250706
9.338000,1.3452353704127566,1.8066681925688564
9.340000,1.530785076676585,1.8945601586938277
9.342000,1.4477759975585565,1.8310826276035705
9.344000,1.2939650568398566,1.8237582970931563
9.346000,1.2597848477912565,1.7261005569542993
9.348000,1.4941634241245136,1.6577401388570994
9.350000,1.4062714579995421,1.8799114976729991
9.352000,1.530785076676585,1.948271915770199
9.354000,1.4599832150759136,1.8896772716868848
9.356000,1.5185778591592278,1.901884489204242
9.358000,1.3989471274891279,1.9262989242389563
9.360000,1.3574425879301137,1.8994430457007705
9.362000,1.501487754634928,1.901884489204242
9.364000,1.3574425879301137,1.6650644693675136
9.366000,1.3598840314335852,1.7456321049820707
9.368000,1.5405508506904708,1.7944609750514993
9.370000,1.547875181200885,1.8432898451209276
9.372000,1.4721904325932709,1.923857480735485
9.374000,1.4380102235446708,1.833524071107042
9.376000,1.3159380483710994,1.7505149919890135
9.378000,1.4892805371175708,1.884794384679942
9.380000,1.5112535286488136,1.799343862058442
9.382000,1.3842984664682993,1.696803234912642
9.384000,1.4355687800411994,1.713893339436942
9.386000,1.4746318760967423,1.9262989242389563
9.388000,1.3501182574196995,1.7114518959334706
9.390000,1.2988479438467995,1.7627222095063706
9.392000,1.416037232013428,1.9311818112458992
9.394000,1.4038300144960707,1.8921187151903562
9.396000,1.4355687800411994,1.7578393224994278
9.398000,1.3842984664682993,1.7407492179751278
9.400000,1.4673075455863278,1.9336232547493706
9.402000,1.5234607461661707,1.7553978789959563
9.404000,1.5088120851453422,1.9311818112458992
9.406000,1.2817578393224995,1.7114518959334706
9.408000,1.325703822384985,1.701686121919585
9.410000,1.4087129015030138,1.897001602197299
9.412000,1.3232623788815137,1.7895780880445564
9.414000,1.3965056839856564,1.765163653009842
9.416000,1.342793926909285,1.923857480735485
9.418000,1.5210193026626992,1.7065690089265277
9.420000,1.5405508506904708,1.9458304722667277
9.422000,1.4013885709925993,1.9580376897840848
9.424000,1.3916227969787136,1.9214160372320135
9.426000,1.376974135957885,1.8237582970931563
9.428000,1.5234607461661707,1.6943617914091706
9.430000,1.3403524834058136,1.7285420004577707
9.432000,1.4477759975585565,1.7969024185549707
9.434000,1.4795147631036851,1.9043259327077133
9.436000,1.5088120851453422,1.799343862058442
9.438000,1.4111543450064852,1.7407492179751278
9.440000,1.4599832150759136,1.9262989242389563
9.442000,1.5454337376974137,1.7383077744716564
9.444000,1.3720912489509423,1.8896772716868848
9.446000,1.342793926909285,1.8530556191348135
9.448000,1.4038300144960707,1.8872358281834134
9.450000,1.3330281528953993,1.7969024185549707
9.452000,1.381857022964828,1.8139925230792706
9.454000,1.4502174410620279,1.855497062638285
9.456000,1.5283436331731135,1.8237582970931563
9.458000,1.3379110399023422,1.723659113450828
9.460000,1.3354695963988708,1.816433966582742
9.462000,1.4868390936140994,1.9043259327077133
9.464000,1.2866407263294424,1.748073548485542
9.466000,1.2817578393224995,1.8506141756313421
9.468000,1.381857022964828,1.867704280155642
9.470000,1.4795147631036851,1.833524071107042
9.472000,1.462424658579385,1.7798123140306705
9.474000,1.5063706416418707,1.7749294270237277
9.476000,1.5429922941939422,1.9140917067215992
9.478000,1.5454337376974137,1.6748302433813993
9.480000,1.3745326924544137,1.8261997405966277
9.482000,1.5210193026626992,1.9409475852597848
9.484000,1.4087129015030138,1.8872358281834134
9.486000,1.313496604867628,1.9336232547493706
9.488000,1.3623254749370566,1.8994430457007705
9.490000,1.4746318760967423,1.6919203479056992
9.492000,1.5283436331731135,1.718776226443885
9.494000,1.3110551613641566,1.787136644541085
9.496000,1.2817578393224995,1.8652628366521706
9.498000,1.381857022964828,1.833524071107042
9.500000,1.3867399099717708,1.7334248874647136
9.502000,1.5625238422217136,1.833524071107042
9.504000,1.5698481727321278,1.8286411841000991
9.506000,1.4673075455863278,1.8530556191348135
9.508000,1.4648661020828564,1.8432898451209276
9.510000,1.547875181200885,1.7700465400167849
9.512000,1.4990463111314565,1.9726863508049135
9.514000,1.4697489890897995,1.970244907301442
9.516000,1.2988479438467995,1.6943617914091706
9.518000,1.5722896162355993,1.7090104524299992
9.520000,1.5283436331731135,1.8213168535896849
9.522000,1.352559700923171,1.918974593728542
9.524000,1.3086137178606851,1.7602807660028992
9.526000,1.3159380483710994,1.7431906614785992
9.528000,1.3281452658884565,1.9336232547493706
9.530000,1.296406500343328,1.8701457236591135
9.532000,1.5283436331731135,1.7602807660028992
9.534000,1.5600823987182422,1.8261997405966277
9.536000,1.3110551613641566,1.748073548485542
9.538000,1.5747310597390707,1.9043259327077133
9.540000,1.4233615625238423,1.8091096360723278
9.542000,1.3159380483710994,1.713893339436942
9.544000,1.3232623788815137,1.9678034637979704
9.546000,1.428244449530785,1.8017853055619135
9.548000,1.3842984664682993,1.8237582970931563
9.550000,1.4428931105516136,1.8286411841000991
9.552000,1.3574425879301137,1.867704280155642
9.554000,1.4013885709925993,1.7798123140306705
9.556000,1.428244449530785,1.8579385061417564
9.558000,1.5283436331731135,1.7602807660028992
9.560000,1.5234607461661707,1.748073548485542
9.562000,1.4111543450064852,1.7749294270237277
9.564000,1.5576409552147708,1.8628213931486992
9.566000,1.4892805371175708,1.8237582970931563
9.568000,1.3183794918745708,1.8261997405966277
9.570000,1.3501182574196995,1.9458304722667277
9.572000,1.4380102235446708,1.8091096360723278
9.574000,1.5405508506904708,1.918974593728542
9.576000,1.4892805371175708,1.7627222095063706
9.578000,1.3208209353780422,1.7334248874647136
9.580000,1.4428931105516136,1.8261997405966277
9.582000,1.4502174410620279,1.9726863508049135
9.584000,1.5796139467460135,1.7309834439612422
9.586000,1.4306858930342565,1.9336232547493706
9.588000,1.4892805371175708,1.7846952010376136
9.590000,1.496604867627985,1.7724879835202563
9.592000,1.552758068207828,1.713893339436942
9.594000,1.4892805371175708,1.735866330968185
9.596000,1.577172503242542,1.8213168535896849
9.598000,1.496604867627985,1.7749294270237277
9.600000,1.5185778591592278,1.752956435492485
9.602000,1.484397650110628,1.777370870527199
9.604000,1.5869382772564278,1.701686121919585
9.606000,1.5283436331731135,1.833524071107042
9.608000,1.3379110399023422,1.9116502632181278
9.610000,1.347676813916228,1.8481727321278707
9.612000,1.2915236133363852,1.7065690089265277
9.614000,1.352559700923171,1.7602807660028992
9.616000,1.3208209353780422,1.7065690089265277
9.618000,1.5161364156557564,1.9214160372320135
9.620000,1.4380102235446708,1.7749294270237277
9.622000,1.4941634241245136,1.9385061417563134
9.624000,1.3061722743572137,1.948271915770199
9.626000,1.564965285725185,1.7285420004577707
9.628000,1.4306858930342565,1.8701457236591135
9.630000,1.5405508506904708,1.8652628366521706
9.632000,1.4355687800411994,1.8359655146105134
9.634000,1.4404516670481422,1.884794384679942
9.636000,1.3916227969787136,1.7969024185549707
9.638000,1.313496604867628,1.7309834439612422
9.640000,1.3012893873502709,1.7895780880445564
9.642000,1.376974135957885,1.7163347829404134
9.644000,1.4038300144960707,1.9311818112458992
9.646000,1.3183794918745708,1.9385061417563134
9.648000,1.4013885709925993,1.8066681925688564
9.650000,1.4062714579995421,1.970244907301442
9.652000,1.5698481727321278,1.923857480735485
9.654000,1.3110551613641566,1.7553978789959563
9.656000,1.4673075455863278,1.9678034637979704
9.658000,1.3403524834058136,1.8188754100862135
9.660000,1.313496604867628,1.8091096360723278
9.662000,1.4111543450064852,1.9116502632181278
9.664000,1.3891813534752422,1.787136644541085
9.666000,1.552758068207828,1.936064698252842
9.668000,1.313496604867628,1.9678034637979704
9.670000,1.347676813916228,1.8310826276035705
9.672000,1.4111543450064852,1.970244907301442
9.674000,1.5503166247043565,1.8921187151903562
9.676000,1.3965056839856564,1.9262989242389563
9.678000,1.3501182574196995,1.9971007858396277
9.680000,1.3403524834058136,1.7456321049820707
9.682000,1.4233615625238423,1.7920195315480278
9.684000,1.3208209353780422,1.884794384679942
9.686000,1.462424658579385,1.855497062638285
9.688000,1.416037232013428,1.9116502632181278
9.690000,1.3916227969787136,1.8457312886243993
9.692000,1.4599832150759136,1.8921187151903562
9.694000,1.313496604867628,1.9678034637979704
9.696000,1.5967040512703137,1.9287403677424277
9.698000,1.5283436331731135,1.9848935683222706
9.700000,1.5698481727321278,1.953154802777142
9.702000,1.3061722743572137,1.9824521248187992
9.704000,1.599145494773785,1.8432898451209276
9.706000,1.376974135957885,1.8115510795757992
9.708000,1.5283436331731135,1.8799114976729991
9.710000,1.5625238422217136,1.953154802777142
9.712000,1.4526588845654993,1.8530556191348135
9.714000,1.5600823987182422,1.7846952010376136
9.716000,1.3794155794613565,1.7700465400167849
9.718000,1.3842984664682993,1.906767376211185
9.720000,1.330586709391928,1.918974593728542
9.722000,1.3720912489509423,1.7431906614785992
9.724000,1.5625238422217136,1.9336232547493706
9.726000,1.577172503242542,1.7212176699473565
9.728000,1.5747310597390707,1.9922178988326849
9.730000,1.347676813916228,1.8701457236591135
9.732000,1.5234607461661707,1.9409475852597848
9.734000,1.5869382772564278,1.9629205767910276
9.736000,1.3891813534752422,2.0019836728465705
9.738000,1.5429922941939422,1.8945601586938277
9.740000,1.513694972152285,1.8359655146105134
9.742000,1.5967040512703137,1.7627222095063706
9.744000,1.352559700923171,1.8652628366521706
9.746000,1.4819562066071565,1.8261997405966277
9.748000,1.582055390249485,1.8530556191348135
9.750000,1.535667963683528,1.8066681925688564
9.752000,1.5869382772564278,1.8408484016174562
9.754000,1.496604867627985,1.8213168535896849
9.756000,1.352559700923171,1.906767376211185
9.758000,1.4551003280689707,1.9897764553292134
9.760000,1.3330281528953993,1.7212176699473565
9.762000,1.5600823987182422,1.8139925230792706
9.764000,1.4795147631036851,1.9824521248187992
9.766000,1.5112535286488136,1.7969024185549707
9.768000,1.4062714579995421,1.8579385061417564
9.770000,1.5063706416418707,1.7505149919890135
9.772000,1.4087129015030138,1.9946593423361563
9.774000,1.5161364156557564,1.9116502632181278
9.776000,1.4502174410620279,1.8310826276035705
9.778000,1.4258030060273137,1.8799114976729991
9.780000,1.5088120851453422,1.965362020294499
9.782000,1.5967040512703137,1.9897764553292134
9.784000,1.552758068207828,1.8408484016174562
9.786000,1.3598840314335852,1.8823529411764706
9.788000,1.5088120851453422,1.9507133592736705
9.790000,1.5185778591592278,1.7309834439612422
9.792000,1.376974135957885,1.765163653009842
9.794000,1.4917219806210422,1.8237582970931563
9.796000,1.4917219806210422,1.9946593423361563
9.798000,1.416037232013428,1.7285420004577707
9.800000,1.5698481727321278,1.7261005569542993
9.802000,1.5942626077668423,1.9678034637979704
9.804000,1.6137941557946136,1.8261997405966277
9.806000,1.5039291981383993,1.9262989242389563
9.808000,1.4526588845654993,1.799343862058442
9.810000,1.5967040512703137,1.999542229343099
9.812000,1.3891813534752422,1.799343862058442
9.814000,1.3696498054474708,1.9262989242389563
9.816000,1.3989471274891279,1.787136644541085
9.818000,1.428244449530785,1.804226749065385
9.820000,1.5576409552147708,1.7553978789959563
9.822000,1.5625238422217136,1.936064698252842
9.824000,1.5161364156557564,1.884794384679942
9.826000,1.3330281528953993,1.9897764553292134
9.828000,1.3623254749370566,1.7407492179751278
9.830000,1.4673075455863278,1.9507133592736705
9.832000,1.3965056839856564,1.9262989242389563
9.834000,1.5039291981383993,1.7212176699473565
9.836000,1.3842984664682993,1.8481727321278707
9.838000,1.564965285725185,1.8603799496452278
9.840000,1.5600823987182422,1.8408484016174562
9.842000,1.5796139467460135,2.011749446860456
9.844000,1.496604867627985,1.799343862058442
9.846000,1.376974135957885,1.918974593728542
9.848000,1.4892805371175708,1.8579385061417564
9.850000,1.5332265201800566,1.8603799496452278
9.852000,1.3794155794613565,1.7724879835202563
9.854000,1.5039291981383993,1.7285420004577707
9.856000,1.4502174410620279,1.8481727321278707
9.858000,1.552758068207828,1.8896772716868848
9.860000,1.5405508506904708,1.7553978789959563
9.862000,1.3501182574196995,1.9800106813153278
9.864000,1.4990463111314565,1.897001602197299
9.866000,1.5112535286488136,1.7700465400167849
9.868000,1.513694972152285,1.8457312886243993
9.870000,1.5283436331731135,2.0068665598535134
9.872000,1.5747310597390707,1.7285420004577707
9.874000,1.525902189669642,1.8408484016174562
9.876000,1.5503166247043565,1.9824521248187992
9.878000,1.364766918440528,1.9043259327077133
9.880000,1.4868390936140994,1.9458304722667277
9.882000,1.484397650110628,1.7944609750514993
9.884000,1.4868390936140994,2.016632333867399
9.886000,1.381857022964828,1.9678034637979704
9.888000,1.376974135957885,1.735866330968185
9.890000,1.3867399099717708,1.7798123140306705
9.892000,1.6211184863050279,1.8286411841000991
9.894000,1.4697489890897995,1.8701457236591135
9.896000,1.4868390936140994,1.9824521248187992
9.898000,1.5600823987182422,1.7578393224994278
9.900000,1.3501182574196995,1.7602807660028992
9.902000,1.342793926909285,1.9897764553292134
9.904000,1.4941634241245136,1.8432898451209276
9.906000,1.5600823987182422,1.787136644541085
9.908000,1.6235599298084993,1.9140917067215992
9.910000,1.5039291981383993,1.7553978789959563
9.912000,1.5503166247043565,1.948271915770199
9.914000,1.3623254749370566,1.748073548485542
9.916000,1.5551995117112993,1.7602807660028992
9.918000,1.3574425879301137,1.9458304722667277
9.920000,1.394064240482185,1.9336232547493706
9.922000,1.547875181200885,2.0068665598535134
9.924000,1.5454337376974137,1.906767376211185
9.926000,1.4551003280689707,1.9165331502250706
9.928000,1.4697489890897995,1.9336232547493706
9.930000,1.5625238422217136,2.011749446860456
9.932000,1.484397650110628,1.9946593423361563
9.934000,1.381857022964828,1.975127794308385
9.936000,1.513694972152285,1.9800106813153278
9.938000,1.4770733196002137,1.9336232547493706
9.940000,1.5283436331731135,1.9214160372320135
9.942000,1.4795147631036851,1.8799114976729991
9.944000,1.433127336537728,1.7700465400167849
9.946000,1.5185778591592278,1.9385061417563134
9.948000,1.5942626077668423,1.9287403677424277
9.950000,1.4135957885099566,1.7895780880445564
9.952000,1.4917219806210422,1.9409475852597848
9.954000,1.5185778591592278,1.799343862058442
9.956000,1.604028381780728,1.799343862058442
9.958000,1.3550011444266423,2.0361638818951704
9.960000,1.4502174410620279,1.8139925230792706
9.962000,1.4087129015030138,1.7456321049820707
9.964000,1.3501182574196995,1.9043259327077133
9.966000,1.5381094071869994,1.7505149919890135
9.968000,1.4209201190203709,1.9433890287632563
9.970000,1.342793926909285,1.855497062638285
9.972000,1.4306858930342565,1.8945601586938277
9.974000,1.4062714579995421,2.016632333867399
9.976000,1.3916227969787136,1.9311818112458992
9.978000,1.376974135957885,1.7724879835202563
9.980000,1.3672083619439994,1.8188754100862135
9.982000,1.3550011444266423,1.8628213931486992
9.984000,1.5625238422217136,1.8652628366521706
9.986000,1.3501182574196995,1.970244907301442
9.988000,1.530785076676585,1.7724879835202563
9.990000,1.3452353704127566,1.7895780880445564
9.992000,1.6308842603189135,1.9946593423361563
9.994000,1.5600823987182422,1.7553978789959563
9.996000,1.6382085908293278,1.9140917067215992
9.998000,1.525902189669642,1.9507133592736705
10.000000,1.5039291981383993,1.8408484016174562
10.002000,1.5039291981383993,1.8066681925688564
10.004000,1.535667963683528,1.8823529411764706
10.006000,1.5161364156557564,1.8432898451209276
10.008000,1.5747310597390707,1.7578393224994278
10.010000,1.530785076676585,1.936064698252842
10.012000,1.582055390249485,1.7749294270237277
10.014000,1.4038300144960707,1.8603799496452278
10.016000,1.3891813534752422,1.8237582970931563
10.018000,1.3720912489509423,1.9165331502250706
10.020000,1.4111543450064852,1.9555962462806133
10.022000,1.4184786755168994,1.8701457236591135
10.024000,1.5063706416418707,1.9580376897840848
10.026000,1.5429922941939422,2.0239566643778133
10.028000,1.577172503242542,2.0019836728465705
10.030000,1.4819562066071565,1.936064698252842
10.032000,1.6504158083466849,1.7944609750514993
10.034000,1.364766918440528,1.8237582970931563
10.036000,1.501487754634928,1.787136644541085
10.038000,1.5625238422217136,1.8652628366521706
10.040000,1.4258030060273137,1.787136644541085
10.042000,1.6504158083466849,2.0019836728465705
10.044000,1.4941634241245136,2.0068665598535134
10.046000,1.6137941557946136,2.011749446860456
10.048000,1.5551995117112993,1.9385061417563134
10.050000,1.577172503242542,2.0190737773708705
10.052000,1.3696498054474708,2.0312809948882276
10.054000,1.3916227969787136,2.004425116350042
10.056000,1.376974135957885,1.7920195315480278
10.058000,1.462424658579385,2.011749446860456
10.060000,1.645532921339742,2.004425116350042
10.062000,1.3672083619439994,1.9043259327077133
10.064000,1.6382085908293278,1.936064698252842
10.066000,1.5161364156557564,2.0361638818951704
10.068000,1.6308842603189135,1.9800106813153278
10.070000,1.4258030060273137,1.9311818112458992
10.072000,1.4917219806210422,1.9604791332875562
10.074000,1.3720912489509423,1.9311818112458992
10.076000,1.6089112687876708,1.987335011825742
10.078000,1.5503166247043565,1.8872358281834134
10.080000,1.6430914778362706,2.0483710994125275
10.082000,1.6406500343327992,1.8457312886243993
10.084000,1.5893797207598992,1.8506141756313421
10.086000,1.4990463111314565,1.8506141756313421
10.088000,1.428244449530785,1.901884489204242
10.090000,1.3965056839856564,1.8725871671625849
10.092000,1.4721904325932709,1.9214160372320135
10.094000,1.5600823987182422,1.9897764553292134
10.096000,1.4502174410620279,1.804226749065385
10.098000,1.6064698252841993,2.0483710994125275
10.100000,1.3745326924544137,1.7798123140306705
10.102000,1.4013885709925993,1.8139925230792706
10.104000,1.6089112687876708,1.936064698252842
10.106000,1.5088120851453422,1.765163653009842
10.108000,1.5698481727321278,1.9385061417563134
10.110000,1.5088120851453422,1.8799114976729991
10.112000,1.428244449530785,1.9946593423361563
10.114000,1.4990463111314565,1.948271915770199
10.116000,1.3891813534752422,2.011749446860456
10.118000,1.5063706416418707,1.906767376211185
10.120000,1.4526588845654993,1.7920195315480278
10.122000,1.3891813534752422,1.8408484016174562
10.124000,1.6260013733119707,1.9116502632181278
10.126000,1.3672083619439994,1.9555962462806133
10.128000,1.5576409552147708,1.8506141756313421
10.130000,1.5674067292286564,1.8530556191348135
10.132000,1.428244449530785,1.8774700541695277
10.134000,1.6137941557946136,1.8310826276035705
10.136000,1.5161364156557564,1.9775692378118563
10.138000,1.6430914778362706,1.9287403677424277
10.140000,1.376974135957885,1.9507133592736705
10.142000,1.599145494773785,2.0263981078812847
10.144000,1.4819562066071565,1.936064698252842
10.146000,1.3696498054474708,2.058136873426413
10.148000,1.6382085908293278,1.7846952010376136
10.150000,1.5893797207598992,2.0019836728465705
10.152000,1.4355687800411994,1.8823529411764706
10.154000,1.4599832150759136,1.9336232547493706
10.156000,1.525902189669642,1.9897764553292134
10.158000,1.4087129015030138,1.8066681925688564
10.160000,1.433127336537728,1.9311818112458992
10.162000,1.599145494773785,1.8286411841000991
10.164000,1.6357671473258564,1.9140917067215992
10.166000,1.4013885709925993,1.9287403677424277
10.168000,1.4502174410620279,2.0556954299229417
10.170000,1.6284428168154421,2.0312809948882276
10.172000,1.3720912489509423,1.970244907301442
10.174000,1.462424658579385,1.9971007858396277
10.176000,1.3794155794613565,2.028839551384756
10.178000,1.433127336537728,1.9971007858396277
10.180000,1.4575417715724421,1.7920195315480278
10.182000,1.4551003280689707,1.901884489204242
10.184000,1.5551995117112993,2.0019836728465705
10.186000,1.599145494773785,1.953154802777142
10.188000,1.5429922941939422,2.0312809948882276
10.190000,1.535667963683528,1.777370870527199
10.192000,1.6479743648432135,1.9140917067215992
10.194000,1.5698481727321278,1.8384069581139848
10.196000,1.5893797207598992,1.9922178988326849
10.198000,1.433127336537728,1.987335011825742
10.200000,1.535667963683528,1.8579385061417564
10.202000,1.5942626077668423,1.7724879835202563
10.204000,1.6430914778362706,1.8017853055619135
10.206000,1.4502174410620279,1.9897764553292134
10.208000,1.484397650110628,1.8530556191348135
10.210000,1.552758068207828,1.9678034637979704
10.212000,1.5088120851453422,1.9165331502250706
10.214000,1.530785076676585,1.9043259327077133
10.216000,1.5967040512703137,1.987335011825742
10.218000,1.4697489890897995,1.7895780880445564
10.220000,1.4868390936140994,1.7749294270237277
10.222000,1.4135957885099566,2.033722438391699
10.224000,1.4673075455863278,1.9775692378118563
10.226000,1.6235599298084993,1.8261997405966277
10.228000,1.5234607461661707,1.777370870527199
10.230000,1.5918211642633706,1.8213168535896849
10.232000,1.5063706416418707,1.970244907301442
10.234000,1.6357671473258564,1.8261997405966277
10.236000,1.4306858930342565,2.011749446860456
10.238000,1.445334554055085,1.8457312886243993
10.240000,1.462424658579385,1.884794384679942
10.242000,1.552758068207828,1.9580376897840848
10.244000,1.604028381780728,1.8994430457007705
10.246000,1.4575417715724421,1.9409475852597848
10.248000,1.5332265201800566,1.987335011825742
10.250000,1.6064698252841993,2.009308003356985
10.252000,1.5185778591592278,2.011749446860456
10.254000,1.433127336537728,1.7846952010376136
10.256000,1.552758068207828,2.009308003356985
10.258000,1.5747310597390707,1.8213168535896849
10.260000,1.4233615625238423,1.9922178988326849
10.262000,1.5893797207598992,1.7846952010376136
10.264000,1.582055390249485,1.8017853055619135
10.266000,1.525902189669642,2.0605783169298846
10.268000,1.513694972152285,1.8213168535896849
10.270000,1.4502174410620279,1.9311818112458992
10.272000,1.4746318760967423,2.0190737773708705
10.274000,1.5332265201800566,2.0434882124055846
10.276000,1.599145494773785,1.9433890287632563
10.278000,1.6113527122911422,1.8799114976729991
10.280000,1.535667963683528,1.855497062638285
10.282000,1.6137941557946136,2.0752269779507135
10.284000,1.5429922941939422,1.8994430457007705
10.286000,1.5063706416418707,1.965362020294499
10.288000,1.564965285725185,1.901884489204242
10.290000,1.5112535286488136,1.9385061417563134
10.292000,1.6211184863050279,2.0141908903639276
10.294000,1.552758068207828,1.8579385061417564
10.296000,1.5869382772564278,1.9555962462806133
10.298000,1.604028381780728,1.8213168535896849
10.300000,1.525902189669642,1.8188754100862135
10.302000,1.5844968337529564,1.9580376897840848
10.304000,1.582055390249485,1.855497062638285
10.306000,1.5722896162355993,2.077668421454185
10.308000,1.3989471274891279,1.8115510795757992
10.310000,1.5796139467460135,1.8237582970931563
10.312000,1.6772716868848707,2.058136873426413
10.314000,1.6723887998779279,1.8213168535896849
10.316000,1.5185778591592278,1.9507133592736705
10.318000,1.667505912870985,1.9507133592736705
10.320000,1.6577401388570994,1.8652628366521706
10.322000,1.4941634241245136,2.077668421454185
10.324000,1.5942626077668423,1.987335011825742
10.326000,1.433127336537728,1.9629205767910276
10.328000,1.5381094071869994,1.8579385061417564
10.330000,1.5869382772564278,2.0434882124055846
10.332000,1.445334554055085,1.8457312886243993
10.334000,1.4941634241245136,1.8603799496452278
10.336000,1.433127336537728,1.901884489204242
10.338000,1.4087129015030138,1.999542229343099
10.340000,1.5576409552147708,2.021515220874342
10.342000,1.6748302433813993,1.8091096360723278
10.344000,1.6235599298084993,1.8725871671625849
10.346000,1.633325703822385,2.077668421454185
10.348000,1.4404516670481422,1.936064698252842
10.350000,1.4746318760967423,1.948271915770199
10.352000,1.5893797207598992,1.8091096360723278
10.354000,1.547875181200885,1.923857480735485
10.356000,1.4673075455863278,1.9116502632181278
10.358000,1.6089112687876708,1.9507133592736705
10.360000,1.6504158083466849,1.8359655146105134
10.362000,1.4599832150759136,1.9409475852597848
10.364000,1.5893797207598992,1.906767376211185
10.366000,1.547875181200885,1.816433966582742
10.368000,1.4868390936140994,2.082551308461128
10.370000,1.6626230258640422,1.8408484016174562
10.372000,1.4697489890897995,2.058136873426413
10.374000,1.433127336537728,1.804226749065385
10.376000,1.5381094071869994,2.0801098649576564
10.378000,1.6137941557946136,1.9507133592736705
10.380000,1.6601815823605708,2.089875638971542
10.382000,1.5039291981383993,1.7969024185549707
10.384000,1.6064698252841993,1.9629205767910276
10.386000,1.6797131303883421,1.8432898451209276
10.388000,1.4111543450064852,1.948271915770199
10.390000,1.6723887998779279,1.9092088197146564
10.392000,1.4380102235446708,1.9287403677424277
10.394000,1.4795147631036851,2.016632333867399
10.396000,1.4380102235446708,1.8603799496452278
10.398000,1.6308842603189135,1.9336232547493706
10.400000,1.4868390936140994,2.0239566643778133
10.402000,1.4233615625238423,2.0068665598535134
10.404000,1.4819562066071565,1.855497062638285
10.406000,1.4135957885099566,2.0141908903639276
10.408000,1.4795147631036851,1.975127794308385
10.410000,1.4135957885099566,1.833524071107042
10.412000,1.6699473563744565,1.9043259327077133
10.414000,1.552758068207828,1.8750286106660563
10.416000,1.5576409552147708,1.9555962462806133
10.418000,1.5625238422217136,1.987335011825742
10.420000,1.645532921339742,1.8139925230792706
10.422000,1.6430914778362706,1.8628213931486992
10.424000,1.5063706416418707,1.884794384679942
10.426000,1.5796139467460135,1.9580376897840848
10.428000,1.701686121919585,2.028839551384756
10.430000,1.4575417715724421,1.9555962462806133
10.432000,1.6797131303883421,1.9629205767910276
10.434000,1.5454337376974137,2.094758525978485
10.436000,1.6870374608987564,1.8139925230792706
10.438000,1.6894789044022278,1.9800106813153278
10.440000,1.7065690089265277,2.0630197604333564
10.442000,1.6919203479056992,1.9043259327077133
10.444000,1.6113527122911422,1.9311818112458992
10.446000,1.5454337376974137,1.8896772716868848
10.448000,1.484397650110628,2.033722438391699
10.450000,1.4404516670481422,1.9922178988326849
10.452000,1.5381094071869994,1.987335011825742
10.454000,1.6577401388570994,2.065461203936828
10.456000,1.462424658579385,2.0605783169298846
10.458000,1.6552986953536277,1.8310826276035705
10.460000,1.6504158083466849,1.9946593423361563
10.462000,1.4599832150759136,1.8579385061417564
10.464000,1.6089112687876708,1.8481727321278707
10.466000,1.667505912870985,2.0801098649576564
10.468000,1.6235599298084993,1.8921187151903562
10.470000,1.564965285725185,2.0752269779507135
10.472000,1.4746318760967423,1.953154802777142
10.474000,1.5918211642633706,1.8261997405966277
10.476000,1.6748302433813993,1.9775692378118563
10.478000,1.525902189669642,2.089875638971542
10.480000,1.633325703822385,1.8481727321278707
10.482000,1.535667963683528,1.8799114976729991
10.484000,1.696803234912642,1.906767376211185
10.486000,1.6797131303883421,2.1094071869993134
10.488000,1.7114518959334706,1.9262989242389563
10.490000,1.5869382772564278,2.094758525978485
10.492000,1.4917219806210422,2.0971999694819563
10.494000,1.5893797207598992,1.855497062638285
10.496000,1.6137941557946136,1.9385061417563134
10.498000,1.6894789044022278,2.0263981078812847
10.500000,1.4770733196002137,1.9092088197146564
10.502000,1.6626230258640422,2.004425116350042
10.504000,1.433127336537728,1.8701457236591135
10.506000,1.4209201190203709,1.9458304722667277
10.508000,1.4917219806210422,2.0190737773708705
10.510000,1.6577401388570994,2.0532539864194703
10.512000,1.535667963683528,1.9604791332875562
10.514000,1.4355687800411994,2.0556954299229417
10.516000,1.5844968337529564,2.0703440909437707
10.518000,1.4941634241245136,1.8188754100862135
10.520000,1.6479743648432135,1.8579385061417564
10.522000,1.513694972152285,2.084992751964599
10.524000,1.4868390936140994,1.9385061417563134
10.526000,1.6260013733119707,2.0923170824750135
10.528000,1.6308842603189135,1.897001602197299
10.530000,1.4892805371175708,2.084992751964599
10.532000,1.4819562066071565,1.8384069581139848
10.534000,1.5234607461661707,2.0141908903639276
10.536000,1.530785076676585,2.0410467689021132
10.538000,1.4599832150759136,2.0923170824750135
10.540000,1.6479743648432135,1.8774700541695277
10.542000,1.6284428168154421,1.8921187151903562
10.544000,1.530785076676585,2.0410467689021132
10.546000,1.6015869382772565,2.1094071869993134
10.548000,1.6064698252841993,1.9336232547493706
10.550000,1.6015869382772565,1.8530556191348135
10.552000,1.4721904325932709,1.9385061417563134
10.554000,1.5576409552147708,1.8237582970931563
10.556000,1.6406500343327992,1.8725871671625849
10.558000,1.4648661020828564,2.050812542915999
10.560000,1.4917219806210422,2.0019836728465705
10.562000,1.5112535286488136,1.884794384679942
10.564000,1.6137941557946136,2.119172961013199
10.566000,1.718776226443885,1.9800106813153278
10.568000,1.6137941557946136,2.111848630502785
10.570000,1.6601815823605708,1.884794384679942
10.572000,1.5674067292286564,1.8481727321278707
10.574000,1.547875181200885,1.953154802777142
10.576000,1.547875181200885,2.072785534447242
10.578000,1.5698481727321278,2.0141908903639276
10.580000,1.6137941557946136,2.011749446860456
10.582000,1.433127336537728,1.9092088197146564
10.584000,1.577172503242542,1.965362020294499
10.586000,1.5063706416418707,2.0239566643778133
10.588000,1.7041275654230563,2.1216144045166705
10.590000,1.7285420004577707,2.045929655909056
10.592000,1.5283436331731135,1.936064698252842
10.594000,1.5796139467460135,2.0410467689021132
10.596000,1.6015869382772565,1.8481727321278707
10.598000,1.7309834439612422,2.011749446860456
10.600000,1.718776226443885,2.028839551384756
10.602000,1.6528572518501563,1.9214160372320135
10.604000,1.6308842603189135,2.0752269779507135
10.606000,1.645532921339742,1.923857480735485
10.608000,1.713893339436942,2.0434882124055846
10.610000,1.4428931105516136,1.8286411841000991
10.612000,1.5088120851453422,2.082551308461128
10.614000,1.4380102235446708,1.9116502632181278
10.616000,1.6528572518501563,2.0434882124055846
10.618000,1.718776226443885,1.9726863508049135
10.620000,1.4770733196002137,1.8603799496452278
10.622000,1.6577401388570994,2.0239566643778133
10.624000,1.6650644693675136,1.9971007858396277
10.626000,1.484397650110628,2.0556954299229417
10.628000,1.5210193026626992,2.077668421454185
10.630000,1.4721904325932709,1.8579385061417564
10.632000,1.4892805371175708,2.0532539864194703
10.634000,1.6284428168154421,1.9824521248187992
10.636000,1.6577401388570994,1.970244907301442
10.638000,1.6772716868848707,2.0141908903639276
10.640000,1.4575417715724421,1.9507133592736705
10.642000,1.599145494773785,1.9971007858396277
10.644000,1.535667963683528,2.0801098649576564
10.646000,1.582055390249485,2.0239566643778133
10.648000,1.5844968337529564,1.987335011825742
10.650000,1.6308842603189135,1.948271915770199
10.652000,1.7065690089265277,1.9287403677424277
10.654000,1.513694972152285,1.8725871671625849
10.656000,1.7285420004577707,1.8872358281834134
10.658000,1.5869382772564278,2.1142900740062562
10.660000,1.4868390936140994,1.9214160372320135
10.662000,1.5747310597390707,2.0923170824750135
10.664000,1.6601815823605708,1.8506141756313421
10.666000,1.4575417715724421,1.9433890287632563
10.668000,1.5185778591592278,1.9946593423361563
10.670000,1.513694972152285,2.0801098649576564
10.672000,1.6015869382772565,2.106965743495842
10.674000,1.4868390936140994,1.8432898451209276
10.676000,1.6894789044022278,2.0971999694819563
10.678000,1.6626230258640422,2.0434882124055846
10.680000,1.4551003280689707,1.9165331502250706
10.682000,1.547875181200885,2.011749446860456
10.684000,1.6821545738918136,2.124055848020142
10.686000,1.6870374608987564,2.0068665598535134
10.688000,1.735866330968185,1.918974593728542
10.690000,1.6235599298084993,1.884794384679942
10.692000,1.6723887998779279,1.855497062638285
10.694000,1.5942626077668423,2.0361638818951704
10.696000,1.6601815823605708,2.004425116350042
10.698000,1.5844968337529564,2.050812542915999
10.700000,1.7285420004577707,1.8774700541695277
10.702000,1.4526588845654993,1.9043259327077133
10.704000,1.6601815823605708,1.9287403677424277
10.706000,1.7309834439612422,1.9824521248187992
10.708000,1.7114518959334706,2.089875638971542
10.710000,1.5918211642633706,2.0019836728465705
10.712000,1.5503166247043565,1.970244907301442
10.714000,1.7407492179751278,2.0068665598535134
10.716000,1.6479743648432135,2.0971999694819563
10.718000,1.4795147631036851,1.8823529411764706
10.720000,1.6064698252841993,2.1167315175097277
10.722000,1.6015869382772565,2.021515220874342
10.724000,1.684596017395285,1.9140917067215992
10.726000,1.501487754634928,2.1338216220340276
10.728000,1.723659113450828,1.897001602197299
10.730000,1.5161364156557564,2.045929655909056
10.732000,1.6504158083466849,2.102082856488899
10.734000,1.6137941557946136,2.106965743495842
10.736000,1.6528572518501563,2.0410467689021132
10.738000,1.7212176699473565,1.906767376211185
10.740000,1.6894789044022278,1.867704280155642
10.742000,1.7090104524299992,1.8652628366521706
10.744000,1.7431906614785992,1.9848935683222706
10.746000,1.564965285725185,1.8628213931486992
10.748000,1.5893797207598992,1.9678034637979704
10.750000,1.525902189669642,2.082551308461128
10.752000,1.4551003280689707,1.9116502632181278
10.754000,1.501487754634928,2.0605783169298846
10.756000,1.4892805371175708,1.987335011825742
10.758000,1.6943617914091706,1.8701457236591135
10.760000,1.6723887998779279,2.1289387350270847
10.762000,1.6406500343327992,2.0483710994125275
10.764000,1.5967040512703137,2.1167315175097277
10.766000,1.6382085908293278,2.0434882124055846
10.768000,1.4917219806210422,1.8823529411764706
10.770000,1.7212176699473565,2.0996414129854277
10.772000,1.7553978789959563,2.004425116350042
10.774000,1.5674067292286564,2.1338216220340276
10.776000,1.5088120851453422,2.1142900740062562
10.778000,1.5381094071869994,1.8945601586938277
10.780000,1.535667963683528,2.009308003356985
10.782000,1.6748302433813993,1.9311818112458992
10.784000,1.5918211642633706,1.9433890287632563
10.786000,1.5698481727321278,1.9287403677424277
10.788000,1.6943617914091706,2.1264972915236133
10.790000,1.496604867627985,1.8603799496452278
10.792000,1.530785076676585,2.1045242999923706
10.794000,1.713893339436942,1.9678034637979704
10.796000,1.6235599298084993,2.124055848020142
10.798000,1.5869382772564278,1.8994430457007705
10.800000,1.5844968337529564,2.0996414129854277
10.802000,1.6723887998779279,1.9262989242389563
10.804000,1.4917219806210422,2.0312809948882276
10.806000,1.752956435492485,2.0410467689021132
10.808000,1.7212176699473565,1.918974593728542
10.810000,1.5503166247043565,1.901884489204242
10.812000,1.5722896162355993,2.0532539864194703
10.814000,1.599145494773785,1.884794384679942
10.816000,1.6260013733119707,1.965362020294499
10.818000,1.735866330968185,1.9287403677424277
10.820000,1.752956435492485,1.9458304722667277
10.822000,1.5454337376974137,2.058136873426413
10.824000,1.5185778591592278,2.1387045090409704
10.826000,1.765163653009842,2.0874341954680706
10.828000,1.5332265201800566,1.8872358281834134
10.830000,1.6406500343327992,2.0996414129854277
10.832000,1.6430914778362706,2.148470283054856
10.834000,1.4795147631036851,2.0312809948882276
10.836000,1.7285420004577707,1.9385061417563134
10.838000,1.7627222095063706,1.9580376897840848
10.840000,1.6479743648432135,1.8701457236591135
10.842000,1.7676050965133134,2.0630197604333564
10.844000,1.525902189669642,2.0971999694819563
10.846000,1.6943617914091706,2.028839551384756
10.848000,1.6626230258640422,2.0361638818951704
10.850000,1.5869382772564278,2.1557946135652704
10.852000,1.765163653009842,2.111848630502785
10.854000,1.7041275654230563,2.0483710994125275
10.856000,1.752956435492485,1.9580376897840848
10.858000,1.4917219806210422,1.8896772716868848
10.860000,1.4770733196002137,1.9311818112458992
10.862000,1.5112535286488136,2.102082856488899
10.864000,1.564965285725185,2.0923170824750135
10.866000,1.6260013733119707,1.9507133592736705
10.868000,1.535667963683528,1.8799114976729991
10.870000,1.5234607461661707,1.884794384679942
10.872000,1.6504158083466849,2.148470283054856
10.874000,1.7261005569542993,2.0483710994125275
10.876000,1.5674067292286564,1.9922178988326849
10.878000,1.577172503242542,2.0923170824750135
10.880000,1.701686121919585,1.9262989242389563
10.882000,1.5967040512703137,1.8799114976729991
10.884000,1.5796139467460135,1.9604791332875562
10.886000,1.6601815823605708,1.953154802777142
10.888000,1.6479743648432135,1.8945601586938277
10.890000,1.765163653009842,2.1289387350270847
10.892000,1.6552986953536277,2.0361638818951704
10.894000,1.6235599298084993,1.897001602197299
10.896000,1.7505149919890135,2.004425116350042
10.898000,1.6626230258640422,1.9043259327077133
10.900000,1.5381094071869994,2.1631189440756846
10.902000,1.6797131303883421,2.0630197604333564
10.904000,1.6943617914091706,2.038605325398642
10.906000,1.535667963683528,1.9092088197146564
10.908000,1.6211184863050279,2.0483710994125275
10.910000,1.5844968337529564,2.033722438391699
10.912000,1.6430914778362706,2.0141908903639276
10.914000,1.5967040512703137,1.965362020294499
10.916000,1.6943617914091706,1.8750286106660563
10.918000,1.5161364156557564,2.1264972915236133
10.920000,1.7114518959334706,1.9971007858396277
10.922000,1.633325703822385,2.1509117265583275
10.924000,1.7065690089265277,2.1435873960479133
10.926000,1.6260013733119707,2.011749446860456
10.928000,1.6015869382772565,1.970244907301442
10.930000,1.713893339436942,1.8896772716868848
10.932000,1.5039291981383993,2.0556954299229417
10.934000,1.501487754634928,2.0605783169298846
10.936000,1.6382085908293278,2.0434882124055846
10.938000,1.5722896162355993,2.0801098649576564
10.940000,1.6528572518501563,2.141145952544442
10.942000,1.582055390249485,2.0410467689021132
10.944000,1.582055390249485,2.0874341954680706
10.946000,1.701686121919585,2.1557946135652704
10.948000,1.748073548485542,2.1094071869993134
10.950000,1.5039291981383993,1.9580376897840848
10.952000,1.7553978789959563,2.011749446860456
10.954000,1.6089112687876708,1.9824521248187992
10.956000,1.6284428168154421,2.0556954299229417
10.958000,1.5942626077668423,2.004425116350042
10.960000,1.6089112687876708,2.082551308461128
10.962000,1.5747310597390707,1.9971007858396277
10.964000,1.5503166247043565,1.8872358281834134
10.966000,1.5747310597390707,1.9848935683222706
10.968000,1.535667963683528,2.0703440909437707
10.970000,1.5893797207598992,1.8823529411764706
10.972000,1.6772716868848707,1.9971007858396277
10.974000,1.547875181200885,1.948271915770199
10.976000,1.513694972152285,1.9458304722667277
10.978000,1.6919203479056992,1.9800106813153278
10.980000,1.7309834439612422,2.1680018310826275
10.982000,1.6723887998779279,1.970244907301442
10.984000,1.777370870527199,2.0068665598535134
10.986000,1.5796139467460135,2.0361638818951704
10.988000,1.752956435492485,2.033722438391699
10.990000,1.7163347829404134,1.9726863508049135
10.992000,1.564965285725185,2.1435873960479133
10.994000,1.6137941557946136,2.0971999694819563
10.996000,1.5381094071869994,2.1460288395513847
10.998000,1.7114518959334706,2.1802090485999845
11.000000,1.6406500343327992,2.033722438391699
11.002000,1.6113527122911422,1.918974593728542
11.004000,1.7578393224994278,2.106965743495842
11.006000,1.5893797207598992,2.1142900740062562
11.008000,1.6235599298084993,1.9922178988326849
11.010000,1.6235599298084993,1.948271915770199
11.012000,1.6797131303883421,2.021515220874342
11.014000,1.5942626077668423,2.021515220874342
11.016000,1.684596017395285,2.050812542915999
11.018000,1.7065690089265277,1.9092088197146564
11.020000,1.5698481727321278,1.897001602197299
11.022000,1.7114518959334706,1.9409475852597848
11.024000,1.7553978789959563,1.9629205767910276
11.026000,1.5722896162355993,2.141145952544442
11.028000,1.6748302433813993,1.9800106813153278
11.030000,1.547875181200885,2.0190737773708705
11.032000,1.5039291981383993,2.160677500572213
11.034000,1.6308842603189135,1.9800106813153278
11.036000,1.6992446784161135,1.923857480735485
11.038000,1.6284428168154421,1.936064698252842
11.040000,1.696803234912642,2.0483710994125275
11.042000,1.5185778591592278,2.0630197604333564
11.044000,1.6772716868848707,2.094758525978485
11.046000,1.564965285725185,1.9043259327077133
11.048000,1.5722896162355993,1.9287403677424277
11.050000,1.5185778591592278,2.182650492103456
11.052000,1.5112535286488136,1.9262989242389563
11.054000,1.7163347829404134,2.177767605096513
11.056000,1.7676050965133134,1.965362020294499
11.058000,1.7627222095063706,2.1728847180895703
11.060000,1.6186770428015564,1.8945601586938277
11.062000,1.7383077744716564,2.009308003356985
11.064000,1.7700465400167849,2.0874341954680706
11.066000,1.6186770428015564,1.936064698252842
11.068000,1.6626230258640422,1.953154802777142
11.070000,1.7163347829404134,1.9433890287632563
11.072000,1.7212176699473565,1.936064698252842
11.074000,1.6797131303883421,2.0996414129854277
11.076000,1.5503166247043565,2.072785534447242
11.078000,1.6992446784161135,1.9458304722667277
11.080000,1.7334248874647136,2.0263981078812847
11.082000,1.7212176699473565,2.0190737773708705
11.084000,1.752956435492485,1.9555962462806133
11.086000,1.6870374608987564,1.9775692378118563
11.088000,1.6821545738918136,1.9775692378118563
11.090000,1.564965285725185,2.016632333867399
11.092000,1.6748302433813993,1.9580376897840848
11.094000,1.5576409552147708,1.9971007858396277
11.096000,1.7822537575341422,2.0630197604333564
11.098000,1.5112535286488136,2.0483710994125275
11.100000,1.5454337376974137,1.965362020294499
11.102000,1.723659113450828,1.999542229343099
11.104000,1.5747310597390707,2.089875638971542
11.106000,1.7700465400167849,1.9311818112458992
11.108000,1.7798123140306705,2.1045242999923706
11.110000,1.633325703822385,2.106965743495842
11.112000,1.7627222095063706,2.1460288395513847
11.114000,1.7895780880445564,2.1728847180895703
11.116000,1.6211184863050279,1.987335011825742
11.118000,1.7090104524299992,2.0752269779507135
11.120000,1.7749294270237277,2.1435873960479133
11.122000,1.5381094071869994,2.177767605096513
11.124000,1.5869382772564278,2.089875638971542
11.126000,1.604028381780728,2.0605783169298846
11.128000,1.6821545738918136,2.0361638818951704
11.130000,1.5210193026626992,2.058136873426413
11.132000,1.599145494773785,2.1875333791103992
11.134000,1.6406500343327992,1.9092088197146564
11.136000,1.633325703822385,2.058136873426413
11.138000,1.7383077744716564,2.102082856488899
11.140000,1.684596017395285,2.192416266117342
11.142000,1.7309834439612422,1.9824521248187992
11.144000,1.748073548485542,2.0971999694819563
11.146000,1.7676050965133134,1.975127794308385
11.148000,1.6894789044022278,2.177767605096513
11.150000,1.6821545738918136,1.9336232547493706
11.152000,1.6235599298084993,2.009308003356985
11.154000,1.6089112687876708,2.050812542915999
11.156000,1.7578393224994278,2.082551308461128
11.158000,1.701686121919585,1.9116502632181278
11.160000,1.8066681925688564,1.975127794308385
11.162000,1.5283436331731135,2.089875638971542
11.164000,1.5185778591592278,2.1045242999923706
11.166000,1.582055390249485,2.0019836728465705
11.168000,1.5722896162355993,1.9922178988326849
11.170000,1.7920195315480278,2.0532539864194703
11.172000,1.5381094071869994,2.204623483634699
11.174000,1.5722896162355993,2.0019836728465705
11.176000,1.6748302433813993,1.9971007858396277
11.178000,1.6772716868848707,2.045929655909056
11.180000,1.6748302433813993,1.9433890287632563
11.182000,1.6308842603189135,2.1582360570687418
11.184000,1.599145494773785,2.033722438391699
11.186000,1.6748302433813993,2.011749446860456
11.188000,1.7285420004577707,2.1753261615930417
11.190000,1.7920195315480278,2.0996414129854277
11.192000,1.787136644541085,2.1509117265583275
11.194000,1.6919203479056992,2.0556954299229417
11.196000,1.645532921339742,1.9678034637979704
11.198000,1.7846952010376136,1.9458304722667277
11.200000,1.5600823987182422,2.0556954299229417
11.202000,1.5210193026626992,2.197299153124285
11.204000,1.6552986953536277,2.160677500572213
11.206000,1.7578393224994278,1.9336232547493706
11.208000,1.7261005569542993,1.9775692378118563
11.210000,1.8066681925688564,2.1875333791103992
11.212000,1.6479743648432135,2.058136873426413
11.214000,1.7041275654230563,2.0801098649576564
11.216000,1.6723887998779279,2.084992751964599
11.218000,1.6089112687876708,1.923857480735485
11.220000,1.6894789044022278,2.170443274586099
11.222000,1.6406500343327992,2.2021820401312278
11.224000,1.7578393224994278,1.948271915770199
11.226000,1.535667963683528,1.9507133592736705
11.228000,1.7724879835202563,2.177767605096513
11.230000,1.701686121919585,1.9458304722667277
11.232000,1.6650644693675136,2.1216144045166705
11.234000,1.6772716868848707,2.1435873960479133
11.236000,1.799343862058442,1.9458304722667277
11.238000,1.8188754100862135,2.0703440909437707
11.240000,1.6772716868848707,2.170443274586099
11.242000,1.8213168535896849,1.9848935683222706
11.244000,1.7212176699473565,1.9629205767910276
11.246000,1.5674067292286564,2.1728847180895703
11.248000,1.7090104524299992,2.0410467689021132
11.250000,1.552758068207828,2.0312809948882276
11.252000,1.577172503242542,2.0361638818951704
11.254000,1.7309834439612422,2.038605325398642
11.256000,1.7431906614785992,1.9580376897840848
11.258000,1.7602807660028992,2.1509117265583275
11.260000,1.735866330968185,2.1045242999923706
11.262000,1.816433966582742,2.136263065537499
11.264000,1.552758068207828,2.072785534447242
11.266000,1.7944609750514993,2.177767605096513
11.268000,1.7846952010376136,2.1997405966277563
11.270000,1.696803234912642,2.0483710994125275
11.272000,1.8091096360723278,2.1289387350270847
11.274000,1.6528572518501563,2.0141908903639276
11.276000,1.7505149919890135,2.1460288395513847
11.278000,1.6137941557946136,1.9385061417563134
11.280000,1.7700465400167849,2.0874341954680706
11.282000,1.6235599298084993,2.0679026474402993
11.284000,1.6797131303883421,2.1899748226138707
11.286000,1.7724879835202563,1.9580376897840848
11.288000,1.667505912870985,2.182650492103456
11.290000,1.5332265201800566,1.9262989242389563
11.292000,1.7163347829404134,2.1680018310826275
11.294000,1.8286411841000991,1.9897764553292134
11.296000,1.6821545738918136,2.0971999694819563
11.298000,1.6699473563744565,2.072785534447242
11.300000,1.765163653009842,1.9287403677424277
11.302000,1.765163653009842,2.033722438391699
11.304000,1.6919203479056992,2.0019836728465705
11.306000,1.8091096360723278,2.0263981078812847
11.308000,1.645532921339742,2.0679026474402993
11.310000,1.7553978789959563,2.0141908903639276
11.312000,1.8139925230792706,2.124055848020142
11.314000,1.6064698252841993,2.141145952544442
11.316000,1.723659113450828,2.0141908903639276
11.318000,1.5967040512703137,1.9433890287632563
11.320000,1.6552986953536277,2.0312809948882276
11.322000,1.799343862058442,2.1216144045166705
11.324000,1.645532921339742,2.0556954299229417
11.326000,1.5625238422217136,2.1142900740062562
11.328000,1.8139925230792706,2.0996414129854277
11.330000,1.6797131303883421,1.9848935683222706
11.332000,1.6479743648432135,2.0923170824750135
11.334000,1.6137941557946136,2.1289387350270847
11.336000,1.6943617914091706,1.9629205767910276
11.338000,1.5674067292286564,2.1680018310826275
11.340000,1.6601815823605708,1.9385061417563134
11.342000,1.723659113450828,2.0752269779507135
11.344000,1.701686121919585,2.050812542915999
11.346000,1.5600823987182422,2.1582360570687418
11.348000,1.7895780880445564,1.953154802777142
11.350000,1.752956435492485,2.214389257648585
11.352000,1.723659113450828,2.1264972915236133
11.354000,1.6699473563744565,2.1680018310826275
11.356000,1.8017853055619135,2.209506370641642
11.358000,1.5600823987182422,2.1435873960479133
11.360000,1.6015869382772565,1.987335011825742
11.362000,1.5674067292286564,2.1557946135652704
11.364000,1.684596017395285,2.011749446860456
11.366000,1.5551995117112993,2.0703440909437707
11.368000,1.787136644541085,2.1802090485999845
11.370000,1.6797131303883421,2.058136873426413
11.372000,1.7944609750514993,2.131380178530556
11.374000,1.6748302433813993,2.0263981078812847
11.376000,1.7846952010376136,2.084992751964599
11.378000,1.8139925230792706,2.094758525978485
11.380000,1.701686121919585,2.004425116350042
11.382000,1.718776226443885,2.0239566643778133
11.384000,1.787136644541085,2.197299153124285
11.386000,1.735866330968185,2.1850919356069274
11.388000,1.6089112687876708,2.0312809948882276
11.390000,1.5918211642633706,1.9580376897840848
11.392000,1.7969024185549707,1.9800106813153278
11.394000,1.6479743648432135,2.009308003356985
11.396000,1.5722896162355993,2.065461203936828
11.398000,1.7261005569542993,2.1289387350270847
11.400000,1.8310826276035705,1.9433890287632563
11.402000,1.667505912870985,2.009308003356985
11.404000,1.7969024185549707,1.9824521248187992
11.406000,1.5893797207598992,2.011749446860456
11.408000,1.7114518959334706,2.1509117265583275
11.410000,1.7749294270237277,2.0263981078812847
11.412000,1.6308842603189135,2.0263981078812847
11.414000,1.6870374608987564,2.0630197604333564
11.416000,1.6577401388570994,1.9800106813153278
11.418000,1.6479743648432135,2.0752269779507135
11.420000,1.735866330968185,1.987335011825742
11.422000,1.8432898451209276,1.965362020294499
11.424000,1.8481727321278707,2.009308003356985
11.426000,1.6089112687876708,1.9580376897840848
11.428000,1.6552986953536277,2.1948577096208135
11.430000,1.7798123140306705,2.209506370641642
11.432000,1.5844968337529564,2.0434882124055846
11.434000,1.6235599298084993,2.1142900740062562
11.436000,1.7627222095063706,2.177767605096513
11.438000,1.564965285725185,2.1045242999923706
11.440000,1.6308842603189135,2.182650492103456
11.442000,1.7114518959334706,2.0971999694819563
11.444000,1.799343862058442,2.0410467689021132
11.446000,1.6772716868848707,2.0483710994125275
11.448000,1.6430914778362706,2.1264972915236133
11.450000,1.6430914778362706,2.1216144045166705
11.452000,1.7041275654230563,2.0923170824750135
11.454000,1.7285420004577707,2.2070649271381706
11.456000,1.7041275654230563,2.011749446860456
11.458000,1.713893339436942,2.1948577096208135
11.460000,1.7285420004577707,2.1948577096208135
11.462000,1.7969024185549707,2.148470283054856
11.464000,1.6113527122911422,2.082551308461128
11.466000,1.6137941557946136,1.948271915770199
11.468000,1.8286411841000991,2.0703440909437707
11.470000,1.8237582970931563,2.0190737773708705
11.472000,1.5869382772564278,2.124055848020142
11.474000,1.5722896162355993,1.9507133592736705
11.476000,1.5674067292286564,2.226596475165942
11.478000,1.8286411841000991,2.2412451361867705
11.480000,1.6528572518501563,2.094758525978485
11.482000,1.6186770428015564,2.0923170824750135
11.484000,1.6748302433813993,2.231479362172885
11.486000,1.6797131303883421,2.0605783169298846
11.488000,1.8017853055619135,2.233920805676356
11.490000,1.5942626077668423,2.0996414129854277
11.492000,1.6284428168154421,2.028839551384756
11.494000,1.6772716868848707,2.021515220874342
11.496000,1.7578393224994278,1.975127794308385
11.498000,1.6748302433813993,2.077668421454185
11.500000,1.5869382772564278,2.072785534447242
11.502000,1.8091096360723278,1.9971007858396277
11.504000,1.8188754100862135,2.2241550316624705
11.506000,1.577172503242542,2.204623483634699
11.508000,1.8506141756313421,2.0190737773708705
11.510000,1.799343862058442,2.2290379186694134
11.512000,1.7846952010376136,2.2485694666971847
11.514000,1.7505149919890135,2.148470283054856
11.516000,1.8603799496452278,2.1460288395513847
11.518000,1.6479743648432135,2.0361638818951704
11.520000,1.5844968337529564,2.033722438391699
11.522000,1.7505149919890135,2.033722438391699
11.524000,1.8408484016174562,2.111848630502785
11.526000,1.7431906614785992,2.136263065537499
11.528000,1.7822537575341422,2.243686579690242
11.530000,1.816433966582742,2.2485694666971847
11.532000,1.5722896162355993,2.153353170061799
11.534000,1.684596017395285,2.2168307011520563
11.536000,1.8652628366521706,2.1460288395513847
11.538000,1.6137941557946136,2.0630197604333564
11.540000,1.8066681925688564,2.2168307011520563
11.542000,1.6772716868848707,2.1387045090409704
11.544000,1.7407492179751278,2.0679026474402993
11.546000,1.582055390249485,2.221713588158999
11.548000,1.6211184863050279,2.0312809948882276
11.550000,1.7114518959334706,1.9848935683222706
11.552000,1.5869382772564278,1.9775692378118563
11.554000,1.7627222095063706,2.1460288395513847
11.556000,1.6992446784161135,2.119172961013199
11.558000,1.8384069581139848,2.136263065537499
11.560000,1.6260013733119707,2.2168307011520563
11.562000,1.723659113450828,1.9897764553292134
11.564000,1.7676050965133134,2.141145952544442
11.566000,1.7407492179751278,2.1948577096208135
11.568000,1.7627222095063706,2.1631189440756846
11.570000,1.8432898451209276,2.016632333867399
11.572000,1.8432898451209276,1.975127794308385
11.574000,1.6650644693675136,2.028839551384756
11.576000,1.7163347829404134,2.2363622491798276
11.578000,1.8310826276035705,2.0410467689021132
11.580000,1.8628213931486992,2.251010910200656
11.582000,1.7676050965133134,1.9848935683222706
11.584000,1.6430914778362706,2.0410467689021132
11.586000,1.777370870527199,2.0679026474402993
11.588000,1.7822537575341422,2.192416266117342
11.590000,1.633325703822385,2.197299153124285
11.592000,1.7383077744716564,2.136263065537499
11.594000,1.6430914778362706,2.1167315175097277
11.596000,1.5967040512703137,2.0263981078812847
11.598000,1.7846952010376136,1.975127794308385
11.600000,1.7407492179751278,2.251010910200656
11.602000,1.8017853055619135,2.0410467689021132
11.604000,1.8139925230792706,2.1142900740062562
11.606000,1.7920195315480278,2.1948577096208135
11.608000,1.8066681925688564,2.251010910200656
11.610000,1.6870374608987564,2.009308003356985
11.612000,1.7334248874647136,2.119172961013199
11.614000,1.8384069581139848,2.050812542915999
11.616000,1.7822537575341422,2.2119478141451134
11.618000,1.6137941557946136,2.1142900740062562
11.620000,1.8188754100862135,2.021515220874342
11.622000,1.8091096360723278,2.131380178530556
11.624000,1.8603799496452278,2.251010910200656
11.626000,1.8066681925688564,2.0312809948882276
11.628000,1.7407492179751278,2.255893797207599
11.630000,1.748073548485542,2.1435873960479133
11.632000,1.6308842603189135,2.1045242999923706
11.634000,1.5942626077668423,2.192416266117342
11.636000,1.616235599298085,2.1045242999923706
11.638000,1.604028381780728,2.2632181277180132
11.640000,1.701686121919585,2.2168307011520563
11.642000,1.8091096360723278,2.021515220874342
11.644000,1.6357671473258564,2.016632333867399
11.646000,1.7627222095063706,2.131380178530556
11.648000,1.6308842603189135,2.1802090485999845
11.650000,1.6626230258640422,2.089875638971542
11.652000,1.8799114976729991,2.0630197604333564
11.654000,1.6797131303883421,1.9824521248187992
11.656000,1.6284428168154421,2.2241550316624705
11.658000,1.8066681925688564,2.1167315175097277
11.660000,1.718776226443885,2.2363622491798276
11.662000,1.6821545738918136,2.016632333867399
11.664000,1.752956435492485,2.021515220874342
11.666000,1.5967040512703137,2.016632333867399
11.668000,1.7969024185549707,2.182650492103456
11.670000,1.6723887998779279,2.0996414129854277
11.672000,1.884794384679942,2.243686579690242
11.674000,1.6357671473258564,2.0532539864194703
11.676000,1.713893339436942,2.177767605096513
11.678000,1.8066681925688564,2.111848630502785
11.680000,1.6137941557946136,2.251010910200656
11.682000,1.6870374608987564,2.1728847180895703
11.684000,1.787136644541085,2.0312809948882276
11.686000,1.8774700541695277,2.0312809948882276
11.688000,1.7822537575341422,2.0190737773708705
11.690000,1.8115510795757992,2.2412451361867705
11.692000,1.701686121919585,2.1338216220340276
11.694000,1.765163653009842,2.0410467689021132
11.696000,1.7309834439612422,2.009308003356985
11.698000,1.8603799496452278,2.0361638818951704
11.700000,1.752956435492485,2.1435873960479133
11.702000,1.7920195315480278,2.0971999694819563
11.704000,1.8432898451209276,2.160677500572213
11.706000,1.765163653009842,2.165560387579156
11.708000,1.8628213931486992,2.102082856488899
11.710000,1.7553978789959563,2.1094071869993134
11.712000,1.7505149919890135,2.1387045090409704
11.714000,1.723659113450828,2.038605325398642
11.716000,1.7065690089265277,2.1045242999923706
11.718000,1.6528572518501563,2.192416266117342
11.720000,1.748073548485542,2.2192721446555277
11.722000,1.6650644693675136,2.058136873426413
11.724000,1.6064698252841993,2.2778667887388417
11.726000,1.6894789044022278,2.0068665598535134
11.728000,1.6870374608987564,2.084992751964599
11.730000,1.804226749065385,2.2656595712214846
11.732000,1.8213168535896849,2.238803692683299
11.734000,1.8750286106660563,1.987335011825742
11.736000,1.8579385061417564,2.094758525978485
11.738000,1.8774700541695277,2.2021820401312278
11.740000,1.718776226443885,2.0434882124055846
11.742000,1.816433966582742,2.177767605096513
11.744000,1.6601815823605708,2.1680018310826275
11.746000,1.7798123140306705,2.0361638818951704
11.748000,1.8530556191348135,2.009308003356985
11.750000,1.884794384679942,2.011749446860456
11.752000,1.7602807660028992,2.209506370641642
11.754000,1.7798123140306705,2.204623483634699
11.756000,1.6943617914091706,2.2534523537041276
11.758000,1.8750286106660563,2.231479362172885
11.760000,1.633325703822385,2.2778667887388417
11.762000,1.7212176699473565,2.1997405966277563
11.764000,1.7895780880445564,2.285191119249256
11.766000,1.6577401388570994,2.038605325398642
11.768000,1.804226749065385,2.192416266117342
11.770000,1.6186770428015564,2.094758525978485
11.772000,1.8725871671625849,2.119172961013199
11.774000,1.718776226443885,2.004425116350042
11.776000,1.7553978789959563,2.065461203936828
11.778000,1.833524071107042,2.0068665598535134
11.780000,1.884794384679942,2.2412451361867705
11.782000,1.7676050965133134,2.177767605096513
11.784000,1.6406500343327992,2.285191119249256
11.786000,1.6382085908293278,2.2021820401312278
11.788000,1.6772716868848707,2.102082856488899
11.790000,1.6626230258640422,2.0679026474402993
11.792000,1.7846952010376136,2.0239566643778133
11.794000,1.8799114976729991,2.0190737773708705
11.796000,1.7944609750514993,2.2485694666971847
11.798000,1.901884489204242,2.1509117265583275
11.800000,1.7578393224994278,2.0068665598535134
11.802000,1.8139925230792706,2.153353170061799
11.804000,1.7553978789959563,2.0019836728465705
11.806000,1.6137941557946136,2.106965743495842
11.808000,1.748073548485542,2.177767605096513
11.810000,1.833524071107042,2.1728847180895703
11.812000,1.8139925230792706,2.2534523537041276
11.814000,1.8213168535896849,2.102082856488899
11.816000,1.7163347829404134,2.153353170061799
11.818000,1.897001602197299,2.255893797207599
11.820000,1.6113527122911422,2.0312809948882276
11.822000,1.713893339436942,2.0068665598535134
11.824000,1.6528572518501563,2.2705424582284275
11.826000,1.6137941557946136,2.2876325627527274
11.828000,1.7163347829404134,2.268101014724956
11.830000,1.684596017395285,2.1582360570687418
11.832000,1.6919203479056992,2.2925154497596703
11.834000,1.7505149919890135,2.1802090485999845
11.836000,1.748073548485542,2.124055848020142
11.838000,1.7724879835202563,2.0434882124055846
11.840000,1.8432898451209276,2.2534523537041276
11.842000,1.7090104524299992,2.2412451361867705
11.844000,1.6919203479056992,2.255893797207599
11.846000,1.787136644541085,2.038605325398642
11.848000,1.9043259327077133,2.131380178530556
11.850000,1.684596017395285,2.058136873426413
11.852000,1.8994430457007705,2.1045242999923706
11.854000,1.6137941557946136,2.170443274586099
11.856000,1.8384069581139848,2.170443274586099
11.858000,1.7309834439612422,2.1557946135652704
11.860000,1.7798123140306705,2.028839551384756
11.862000,1.7065690089265277,2.1289387350270847
11.864000,1.7700465400167849,2.0239566643778133
11.866000,1.8945601586938277,2.058136873426413
11.868000,1.6748302433813993,2.182650492103456
11.870000,1.6943617914091706,2.204623483634699
11.872000,1.8530556191348135,2.050812542915999
11.874000,1.6479743648432135,2.2998397802700845
11.876000,1.6186770428015564,2.0190737773708705
11.878000,1.8310826276035705,2.1753261615930417
11.880000,1.723659113450828,2.243686579690242
11.882000,1.901884489204242,2.2827496757457846
11.884000,1.7920195315480278,2.2412451361867705
11.886000,1.6650644693675136,2.016632333867399
11.888000,1.6479743648432135,2.0923170824750135
11.890000,1.8139925230792706,2.058136873426413
11.892000,1.6650644693675136,2.2827496757457846
11.894000,1.897001602197299,2.0679026474402993
11.896000,1.7602807660028992,2.280308232242313
11.898000,1.7822537575341422,2.050812542915999
11.900000,1.7163347829404134,2.0263981078812847
11.902000,1.8921187151903562,2.0141908903639276
11.904000,1.7724879835202563,2.243686579690242
11.906000,1.8188754100862135,2.226596475165942
11.908000,1.7456321049820707,2.072785534447242
11.910000,1.633325703822385,2.0312809948882276
11.912000,1.7846952010376136,2.2241550316624705
11.914000,1.918974593728542,2.1875333791103992
11.916000,1.7895780880445564,2.226596475165942
11.918000,1.701686121919585,2.136263065537499
11.920000,1.7846952010376136,2.1045242999923706
11.922000,1.713893339436942,2.2070649271381706
11.924000,1.6919203479056992,2.1387045090409704
11.926000,1.6943617914091706,2.209506370641642
11.928000,1.6260013733119707,2.050812542915999
11.930000,1.8213168535896849,2.2119478141451134
11.932000,1.787136644541085,2.2705424582284275
11.934000,1.8091096360723278,2.0312809948882276
11.936000,1.804226749065385,2.3071641107804988
11.938000,1.7602807660028992,2.2827496757457846
11.940000,1.6699473563744565,2.2070649271381706
11.942000,1.901884489204242,2.2583352407110704
11.944000,1.6992446784161135,2.1167315175097277
11.946000,1.6797131303883421,2.0190737773708705
11.948000,1.833524071107042,2.3047226672770273
11.950000,1.667505912870985,2.153353170061799
11.952000,1.6406500343327992,2.297398336766613
11.954000,1.8579385061417564,2.3120469977874416
11.956000,1.9262989242389563,2.0703440909437707
11.958000,1.8725871671625849,2.1289387350270847
11.960000,1.8237582970931563,2.1338216220340276
11.962000,1.7920195315480278,2.0752269779507135
11.964000,1.8579385061417564,2.1875333791103992
11.966000,1.8994430457007705,2.1460288395513847
11.968000,1.7407492179751278,2.0312809948882276
11.970000,1.884794384679942,2.2119478141451134
11.972000,1.9262989242389563,2.072785534447242
11.974000,1.667505912870985,2.251010910200656
11.976000,1.8750286106660563,2.272983901731899
11.978000,1.7041275654230563,2.102082856488899
11.980000,1.9165331502250706,2.272983901731899
11.982000,1.6382085908293278,2.231479362172885
11.984000,1.713893339436942,2.1582360570687418
11.986000,1.7383077744716564,2.153353170061799
11.988000,1.8872358281834134,2.0996414129854277
11.990000,1.8188754100862135,2.231479362172885
11.992000,1.8115510795757992,2.1387045090409704
11.994000,1.7456321049820707,2.1631189440756846
11.996000,1.6430914778362706,2.1045242999923706
11.998000,1.8530556191348135,2.1899748226138707
12.000000,1.8774700541695277,2.111848630502785
12.002000,1.6723887998779279,2.141145952544442
12.004000,1.9116502632181278,2.072785534447242
12.006000,1.8774700541695277,2.2290379186694134
12.008000,1.7163347829404134,2.1582360570687418
12.010000,1.8750286106660563,2.251010910200656
12.012000,1.777370870527199,2.0923170824750135
12.014000,1.8017853055619135,2.1631189440756846
12.016000,1.7920195315480278,2.0923170824750135
12.018000,1.7261005569542993,2.204623483634699
12.020000,1.735866330968185,2.1216144045166705
12.022000,1.645532921339742,2.2583352407110704
12.024000,1.8408484016174562,2.2778667887388417
12.026000,1.7041275654230563,2.177767605096513
12.028000,1.8066681925688564,2.2119478141451134
12.030000,1.7676050965133134,2.2241550316624705
12.032000,1.8017853055619135,2.058136873426413
12.034000,1.7749294270237277,2.2827496757457846
12.036000,1.6577401388570994,2.1802090485999845
12.038000,1.8066681925688564,2.0532539864194703
12.040000,1.7261005569542993,2.141145952544442
12.042000,1.752956435492485,2.0605783169298846
12.044000,1.799343862058442,2.1850919356069274
12.046000,1.8799114976729991,2.2778667887388417
12.048000,1.8652628366521706,2.2119478141451134
12.050000,1.8579385061417564,2.119172961013199
12.052000,1.6797131303883421,2.1753261615930417
12.054000,1.8823529411764706,2.182650492103456
12.056000,1.7578393224994278,2.182650492103456
12.058000,1.6650644693675136,2.209506370641642
12.060000,1.8530556191348135,2.2632181277180132
12.062000,1.8725871671625849,2.243686579690242
12.064000,1.8994430457007705,2.285191119249256
12.066000,1.9214160372320135,2.038605325398642
12.068000,1.8457312886243993,2.2168307011520563
12.070000,1.748073548485542,2.1142900740062562
12.072000,1.696803234912642,2.3047226672770273
12.074000,1.7700465400167849,2.1142900740062562
12.076000,1.816433966582742,2.226596475165942
12.078000,1.7065690089265277,2.2412451361867705
12.080000,1.816433966582742,2.0361638818951704
12.082000,1.8506141756313421,2.2412451361867705
12.084000,1.6772716868848707,2.1753261615930417
12.086000,1.6894789044022278,2.2168307011520563
12.088000,1.9140917067215992,2.084992751964599
12.090000,1.8945601586938277,2.1338216220340276
12.092000,1.9385061417563134,2.1631189440756846
12.094000,1.9165331502250706,2.1802090485999845
12.096000,1.855497062638285,2.3193713282978563
12.098000,1.8091096360723278,2.0874341954680706
12.100000,1.7090104524299992,2.1753261615930417
12.102000,1.8188754100862135,2.1387045090409704
12.104000,1.9287403677424277,2.141145952544442
12.106000,1.7285420004577707,2.177767605096513
12.108000,1.7041275654230563,2.0605783169298846
12.110000,1.8408484016174562,2.2485694666971847
12.112000,1.7285420004577707,2.2949568932631417
12.114000,1.6821545738918136,2.089875638971542
12.116000,1.7309834439612422,2.182650492103456
12.118000,1.8384069581139848,2.2021820401312278
12.120000,1.9507133592736705,2.233920805676356
12.122000,1.7334248874647136,2.2021820401312278
12.124000,1.667505912870985,2.2827496757457846
12.126000,1.7676050965133134,2.197299153124285
12.128000,1.8506141756313421,2.297398336766613
12.130000,1.7065690089265277,2.2949568932631417
12.132000,1.7212176699473565,2.1948577096208135
12.134000,1.6577401388570994,2.089875638971542
12.136000,1.7114518959334706,2.045929655909056
12.138000,1.7041275654230563,2.0971999694819563
12.140000,1.6919203479056992,2.280308232242313
12.142000,1.765163653009842,2.131380178530556
12.144000,1.8799114976729991,2.231479362172885
12.146000,1.9116502632181278,2.1753261615930417
12.148000,1.8896772716868848,2.124055848020142
12.150000,1.7334248874647136,2.221713588158999
12.152000,1.7065690089265277,2.280308232242313
12.154000,1.6894789044022278,2.1631189440756846
12.156000,1.8872358281834134,2.251010910200656
12.158000,1.7212176699473565,2.094758525978485
12.160000,1.6577401388570994,2.0605783169298846
12.162000,1.855497062638285,2.3120469977874416
12.164000,1.8091096360723278,2.2827496757457846
12.166000,1.9214160372320135,2.1582360570687418
12.168000,1.7309834439612422,2.1338216220340276
12.170000,1.7431906614785992,2.1094071869993134
12.172000,1.748073548485542,2.1460288395513847
12.174000,1.6797131303883421,2.2583352407110704
12.176000,1.8457312886243993,2.290074006256199
12.178000,1.8652628366521706,2.1899748226138707
12.180000,1.953154802777142,2.082551308461128
12.182000,1.7920195315480278,2.2827496757457846
12.184000,1.8188754100862135,2.192416266117342
12.186000,1.948271915770199,2.1387045090409704
12.188000,1.6943617914091706,2.1509117265583275
12.190000,1.884794384679942,2.2070649271381706
12.192000,1.855497062638285,2.0630197604333564
12.194000,1.8701457236591135,2.1753261615930417
12.196000,1.9385061417563134,2.3071641107804988
12.198000,1.8921187151903562,2.1802090485999845
12.200000,1.6772716868848707,2.2192721446555277
12.202000,1.8652628366521706,2.231479362172885
12.204000,1.897001602197299,2.272983901731899
12.206000,1.9116502632181278,2.329137102311742
12.208000,1.696803234912642,2.334019989318685
12.210000,1.7431906614785992,2.2119478141451134
12.212000,1.7602807660028992,2.3071641107804988
12.214000,1.9604791332875562,2.334019989318685
12.216000,1.923857480735485,2.2412451361867705
12.218000,1.765163653009842,2.3389028763256277
12.220000,1.7309834439612422,2.2290379186694134
12.222000,1.901884489204242,2.2021820401312278
12.224000,1.7090104524299992,2.170443274586099
12.226000,1.936064698252842,2.3047226672770273
12.228000,1.8286411841000991,2.2876325627527274
12.230000,1.8750286106660563,2.214389257648585
12.232000,1.7309834439612422,2.1338216220340276
12.234000,1.7627222095063706,2.268101014724956
12.236000,1.901884489204242,2.238803692683299
12.238000,1.7065690089265277,2.280308232242313
12.240000,1.701686121919585,2.2290379186694134
12.242000,1.7163347829404134,2.102082856488899
12.244000,1.804226749065385,2.2949568932631417
12.246000,1.696803234912642,2.2583352407110704
12.248000,1.8530556191348135,2.1094071869993134
12.250000,1.8628213931486992,2.1631189440756846
12.252000,1.787136644541085,2.2949568932631417
12.254000,1.8237582970931563,2.2827496757457846
12.256000,1.8896772716868848,2.2534523537041276
12.258000,1.906767376211185,2.2998397802700845
12.260000,1.8432898451209276,2.106965743495842
12.262000,1.696803234912642,2.260776684214542
12.264000,1.970244907301442,2.30960555428397
12.266000,1.6943617914091706,2.1045242999923706
12.268000,1.8750286106660563,2.077668421454185
12.270000,1.9311818112458992,2.280308232242313
12.272000,1.7309834439612422,2.153353170061799
12.274000,1.9262989242389563,2.106965743495842
12.276000,1.723659113450828,2.3144884412909135
12.278000,1.7944609750514993,2.1680018310826275
12.280000,1.9287403677424277,2.089875638971542
12.282000,1.7431906614785992,2.2876325627527274
12.284000,1.6992446784161135,2.3120469977874416
12.286000,1.8310826276035705,2.285191119249256
12.288000,1.7602807660028992,2.1948577096208135
12.290000,1.9165331502250706,2.1509117265583275
12.292000,1.7920195315480278,2.111848630502785
12.294000,1.901884489204242,2.255893797207599
12.296000,1.7700465400167849,2.2998397802700845
12.298000,1.897001602197299,2.3144884412909135
12.300000,1.6797131303883421,2.285191119249256
12.302000,1.7798123140306705,2.136263065537499
12.304000,1.8408484016174562,2.2925154497596703
12.306000,1.8896772716868848,2.255893797207599
12.308000,1.8017853055619135,2.1850919356069274
12.310000,1.9555962462806133,2.119172961013199
12.312000,1.7798123140306705,2.182650492103456
12.314000,1.777370870527199,2.2778667887388417
12.316000,1.953154802777142,2.1045242999923706
12.318000,1.9262989242389563,2.2827496757457846
12.320000,1.7846952010376136,2.1875333791103992
12.322000,1.7627222095063706,2.231479362172885
12.324000,1.8359655146105134,2.1997405966277563
12.326000,1.9604791332875562,2.363317311360342
12.328000,1.906767376211185,2.255893797207599
12.330000,1.9775692378118563,2.353551537346456
12.332000,1.8188754100862135,2.3144884412909135
12.334000,1.7602807660028992,2.1802090485999845
12.336000,1.696803234912642,2.243686579690242
12.338000,1.6919203479056992,2.363317311360342
12.340000,1.7676050965133134,2.1875333791103992
12.342000,1.7163347829404134,2.089875638971542
12.344000,1.8237582970931563,2.102082856488899
12.346000,1.7041275654230563,2.082551308461128
12.348000,1.8750286106660563,2.2583352407110704
12.350000,1.9336232547493706,2.2778667887388417
12.352000,1.7163347829404134,2.1289387350270847
12.354000,1.8188754100862135,2.0971999694819563
12.356000,1.8774700541695277,2.1338216220340276
12.358000,1.765163653009842,2.084992751964599
12.360000,1.8481727321278707,2.3486686503395133
12.362000,1.8115510795757992,2.3608758678568704
12.364000,1.9507133592736705,2.0801098649576564
12.366000,1.9092088197146564,2.0923170824750135
12.368000,1.7505149919890135,2.2119478141451134
12.370000,1.6943617914091706,2.329137102311742
12.372000,1.701686121919585,2.1631189440756846
12.374000,1.923857480735485,2.3047226672770273
12.376000,1.7846952010376136,2.165560387579156
12.378000,1.8408484016174562,2.3315785458152134
12.380000,1.7456321049820707,2.3144884412909135
12.382000,1.7969024185549707,2.2119478141451134
12.384000,1.8139925230792706,2.231479362172885
12.386000,1.8286411841000991,2.290074006256199
12.388000,1.8652628366521706,2.1338216220340276
12.390000,1.9262989242389563,2.3608758678568704
12.392000,1.8628213931486992,2.1460288395513847
12.394000,1.8506141756313421,2.2632181277180132
12.396000,1.7724879835202563,2.255893797207599
12.398000,1.7822537575341422,2.0752269779507135
12.400000,1.7602807660028992,2.1094071869993134
12.402000,1.923857480735485,2.136263065537499
12.404000,1.7261005569542993,2.1167315175097277
12.406000,1.7553978789959563,2.3120469977874416
12.408000,1.8725871671625849,2.102082856488899
12.410000,1.8701457236591135,2.243686579690242
12.412000,1.8872358281834134,2.2754253452353703
12.414000,1.8823529411764706,2.2583352407110704
12.416000,1.9262989242389563,2.1167315175097277
12.418000,1.8091096360723278,2.233920805676356
12.420000,1.804226749065385,2.2827496757457846
12.422000,1.9800106813153278,2.255893797207599
12.424000,1.8091096360723278,2.1387045090409704
12.426000,1.918974593728542,2.3657587548638133
12.428000,1.9311818112458992,2.1753261615930417
12.430000,1.9580376897840848,2.2705424582284275
12.432000,1.9726863508049135,2.165560387579156
12.434000,1.7846952010376136,2.1509117265583275
12.436000,1.7163347829404134,2.2021820401312278
12.438000,1.7041275654230563,2.204623483634699
12.440000,1.901884489204242,2.2534523537041276
12.442000,1.752956435492485,2.3193713282978563
12.444000,1.7700465400167849,2.302281223773556
12.446000,1.777370870527199,2.2290379186694134
12.448000,1.8066681925688564,2.3071641107804988
12.450000,1.7505149919890135,2.3389028763256277
12.452000,1.7334248874647136,2.2168307011520563
12.454000,1.884794384679942,2.2778667887388417
12.456000,1.752956435492485,2.2168307011520563
12.458000,1.8066681925688564,2.1680018310826275
12.460000,1.9262989242389563,2.226596475165942
12.462000,1.9336232547493706,2.1557946135652704
12.464000,1.9336232547493706,2.30960555428397
12.466000,1.8530556191348135,2.226596475165942
12.468000,1.8896772716868848,2.141145952544442
12.470000,1.787136644541085,2.2998397802700845
12.472000,1.8823529411764706,2.3657587548638133
12.474000,1.718776226443885,2.2461280231937133
12.476000,1.8139925230792706,2.1216144045166705
12.478000,1.7944609750514993,2.165560387579156
12.480000,1.9946593423361563,2.1460288395513847
12.482000,1.9116502632181278,2.2021820401312278
12.484000,1.7456321049820707,2.3364614328221562
12.486000,1.7163347829404134,2.268101014724956
12.488000,1.9507133592736705,2.285191119249256
12.490000,1.8799114976729991,2.1435873960479133
12.492000,1.8921187151903562,2.363317311360342
12.494000,1.9336232547493706,2.341344319829099
12.496000,1.9922178988326849,2.1875333791103992
12.498000,1.7724879835202563,2.302281223773556
12.500000,1.9116502632181278,2.111848630502785
12.502000,1.8481727321278707,2.255893797207599
12.504000,1.7163347829404134,2.197299153124285
12.506000,1.9678034637979704,2.0923170824750135
12.508000,1.884794384679942,2.209506370641642
12.510000,1.7676050965133134,2.3437857633325705
12.512000,1.7383077744716564,2.1802090485999845
12.514000,1.923857480735485,2.0996414129854277
12.516000,1.9848935683222706,2.2998397802700845
12.518000,1.9775692378118563,2.2949568932631417
12.520000,1.953154802777142,2.2534523537041276
12.522000,1.8799114976729991,2.2534523537041276
12.524000,1.723659113450828,2.094758525978485
12.526000,1.999542229343099,2.1728847180895703
12.528000,1.7846952010376136,2.3486686503395133
12.530000,1.7602807660028992,2.094758525978485
12.532000,1.7920195315480278,2.153353170061799
12.534000,1.8457312886243993,2.2632181277180132
12.536000,1.8066681925688564,2.1167315175097277
12.538000,1.7749294270237277,2.3120469977874416
12.540000,1.8896772716868848,2.3071641107804988
12.542000,1.948271915770199,2.375524528877699
12.544000,1.9726863508049135,2.3682001983672847
12.546000,1.9922178988326849,2.0971999694819563
12.548000,1.7309834439612422,2.2241550316624705
12.550000,1.787136644541085,2.370641641870756
12.552000,1.816433966582742,2.3486686503395133
12.554000,1.8115510795757992,2.2485694666971847
12.556000,1.9507133592736705,2.290074006256199
12.558000,1.9971007858396277,2.1264972915236133
12.560000,1.752956435492485,2.1582360570687418
12.562000,2.009308003356985,2.3120469977874416
12.564000,1.8945601586938277,2.160677500572213
12.566000,1.8628213931486992,2.148470283054856
12.568000,1.8579385061417564,2.1997405966277563
12.570000,1.884794384679942,2.2461280231937133
12.572000,1.7920195315480278,2.316929884794385
12.574000,1.8139925230792706,2.1094071869993134
12.576000,1.735866330968185,2.370641641870756
12.578000,1.9922178988326849,2.3389028763256277
12.580000,1.8188754100862135,2.3852903028915846
12.582000,1.8945601586938277,2.136263065537499
12.584000,1.7846952010376136,2.197299153124285
12.586000,1.9580376897840848,2.2583352407110704
12.588000,1.9580376897840848,2.182650492103456
12.590000,1.9116502632181278,2.316929884794385
12.592000,1.9287403677424277,2.182650492103456
12.594000,1.777370870527199,2.243686579690242
12.596000,1.7212176699473565,2.192416266117342
12.598000,1.804226749065385,2.2705424582284275
12.600000,1.7602807660028992,2.231479362172885
12.602000,1.8139925230792706,2.2168307011520563
12.604000,1.8921187151903562,2.2949568932631417
12.606000,1.8628213931486992,2.226596475165942
12.608000,1.7627222095063706,2.170443274586099
12.610000,1.7724879835202563,2.1582360570687418
12.612000,1.9311818112458992,2.3218127718013277
12.614000,1.9604791332875562,2.3682001983672847
12.616000,2.0019836728465705,2.341344319829099
12.618000,1.975127794308385,2.197299153124285
12.620000,1.7724879835202563,2.3559929808499276
12.622000,1.855497062638285,2.192416266117342
12.624000,1.9433890287632563,2.106965743495842
12.626000,1.804226749065385,2.160677500572213
12.628000,1.7285420004577707,2.1631189440756846
12.630000,1.999542229343099,2.3218127718013277
12.632000,1.9116502632181278,2.3071641107804988
12.634000,1.953154802777142,2.329137102311742
12.636000,1.9458304722667277,2.1582360570687418
12.638000,1.816433966582742,2.1387045090409704
12.640000,1.7798123140306705,2.3486686503395133
12.642000,1.7505149919890135,2.170443274586099
12.644000,1.7895780880445564,2.3266956588082706
12.646000,1.777370870527199,2.2778667887388417
12.648000,1.9140917067215992,2.131380178530556
12.650000,1.7822537575341422,2.3657587548638133
12.652000,1.7724879835202563,2.3608758678568704
12.654000,1.7578393224994278,2.3364614328221562
12.656000,1.9262989242389563,2.2168307011520563
12.658000,1.8896772716868848,2.124055848020142
12.660000,1.8139925230792706,2.148470283054856
12.662000,1.9946593423361563,2.231479362172885
12.664000,1.999542229343099,2.231479362172885
12.666000,1.7602807660028992,2.1802090485999845
12.668000,1.752956435492485,2.2876325627527274
12.670000,1.8139925230792706,2.3974975204089417
12.672000,2.0141908903639276,2.2998397802700845
12.674000,2.0190737773708705,2.1753261615930417
12.676000,1.7676050965133134,2.2583352407110704
12.678000,1.8506141756313421,2.209506370641642
12.680000,1.7553978789959563,2.1264972915236133
12.682000,1.8799114976729991,2.2485694666971847
12.684000,1.777370870527199,2.204623483634699
12.686000,1.9726863508049135,2.3608758678568704
12.688000,1.901884489204242,2.2168307011520563
12.690000,1.8115510795757992,2.2754253452353703
12.692000,1.923857480735485,2.382848859388113
12.694000,1.7627222095063706,2.1631189440756846
12.696000,1.9116502632181278,2.1216144045166705
12.698000,1.8725871671625849,2.3437857633325705
12.700000,1.7553978789959563,2.3193713282978563
12.702000,1.8188754100862135,2.285191119249256
12.704000,1.9946593423361563,2.3266956588082706
12.706000,1.7431906614785992,2.3608758678568704
12.708000,1.9897764553292134,2.1264972915236133
12.710000,1.9165331502250706,2.1460288395513847
12.712000,1.965362020294499,2.2949568932631417
12.714000,1.8384069581139848,2.3144884412909135
12.716000,1.9580376897840848,2.353551537346456
12.718000,1.7724879835202563,2.124055848020142
12.720000,1.7944609750514993,2.409704737926299
12.722000,1.923857480735485,2.243686579690242
12.724000,1.752956435492485,2.3608758678568704
12.726000,1.9971007858396277,2.2119478141451134
12.728000,2.0312809948882276,2.3950560769054703
12.730000,1.9922178988326849,2.280308232242313
12.732000,1.8506141756313421,2.3486686503395133
12.734000,1.918974593728542,2.221713588158999
12.736000,2.033722438391699,2.148470283054856
12.738000,1.8530556191348135,2.3950560769054703
12.740000,2.0190737773708705,2.409704737926299
12.742000,1.8261997405966277,2.2998397802700845
12.744000,1.9726863508049135,2.316929884794385
12.746000,1.7969024185549707,2.214389257648585
12.748000,1.9311818112458992,2.233920805676356
12.750000,1.7553978789959563,2.3047226672770273
12.752000,2.0190737773708705,2.2168307011520563
12.754000,1.9433890287632563,2.3389028763256277
12.756000,1.9433890287632563,2.3389028763256277
12.758000,2.009308003356985,2.41214618142977
12.760000,2.038605325398642,2.290074006256199
12.762000,1.7969024185549707,2.1338216220340276
12.764000,1.975127794308385,2.3315785458152134
12.766000,2.021515220874342,2.2583352407110704
12.768000,1.7553978789959563,2.3804074158846418
12.770000,1.7602807660028992,2.3315785458152134
12.772000,1.7724879835202563,2.238803692683299
12.774000,1.855497062638285,2.2168307011520563
12.776000,2.0068665598535134,2.1753261615930417
12.778000,1.8652628366521706,2.285191119249256
12.780000,1.9604791332875562,2.3315785458152134
12.782000,2.0410467689021132,2.324254215304799
12.784000,1.9971007858396277,2.2656595712214846
12.786000,1.8652628366521706,2.3559929808499276
12.788000,1.9800106813153278,2.4243533989471273
12.790000,1.8359655146105134,2.1264972915236133
12.792000,1.8139925230792706,2.2461280231937133
12.794000,1.833524071107042,2.136263065537499
12.796000,1.816433966582742,2.3852903028915846
12.798000,1.855497062638285,2.382848859388113
12.800000,1.8725871671625849,2.160677500572213
12.802000,2.0434882124055846,2.3071641107804988
12.804000,1.8066681925688564,2.4072632944228274
12.806000,1.8017853055619135,2.285191119249256
12.808000,1.897001602197299,2.1728847180895703
12.810000,1.8310826276035705,2.353551537346456
12.812000,1.752956435492485,2.392614633401999
12.814000,1.9678034637979704,2.1387045090409704
12.816000,1.936064698252842,2.2925154497596703
12.818000,1.953154802777142,2.177767605096513
12.820000,1.9971007858396277,2.2925154497596703
12.822000,1.936064698252842,2.1582360570687418
12.824000,2.0312809948882276,2.4145876249332416
12.826000,2.0239566643778133,2.2998397802700845
12.828000,2.0068665598535134,2.182650492103456
12.830000,1.8725871671625849,2.214389257648585
12.832000,1.7944609750514993,2.4243533989471273
12.834000,1.752956435492485,2.2461280231937133
12.836000,1.833524071107042,2.3657587548638133
12.838000,1.884794384679942,2.2192721446555277
12.840000,1.9629205767910276,2.3120469977874416
12.842000,2.050812542915999,2.3193713282978563
12.844000,1.970244907301442,2.316929884794385
12.846000,1.897001602197299,2.2363622491798276
12.848000,1.948271915770199,2.341344319829099
12.850000,1.8432898451209276,2.3682001983672847
12.852000,1.8774700541695277,2.375524528877699
12.854000,1.9922178988326849,2.3389028763256277
12.856000,1.7602807660028992,2.358434424353399
12.858000,1.9604791332875562,2.421911955443656
12.860000,2.028839551384756,2.1582360570687418
12.862000,2.0434882124055846,2.2119478141451134
12.864000,2.0312809948882276,2.329137102311742
12.866000,2.009308003356985,2.1557946135652704
12.868000,1.906767376211185,2.3266956588082706
12.870000,1.8457312886243993,2.2705424582284275
12.872000,1.8261997405966277,2.3071641107804988
12.874000,1.9507133592736705,2.1753261615930417
12.876000,1.8115510795757992,2.1728847180895703
12.878000,2.016632333867399,2.4365606164644844
12.880000,2.0410467689021132,2.170443274586099
12.882000,2.0483710994125275,2.3730830853742275
12.884000,1.8506141756313421,2.363317311360342
12.886000,1.804226749065385,2.1387045090409704
12.888000,1.7676050965133134,2.2461280231937133
12.890000,1.8066681925688564,2.387731746395056
12.892000,2.009308003356985,2.3047226672770273
12.894000,1.8652628366521706,2.1631189440756846
12.896000,1.7846952010376136,2.2290379186694134
12.898000,1.8115510795757992,2.4243533989471273
12.900000,1.8261997405966277,2.358434424353399
12.902000,1.8457312886243993,2.3266956588082706
12.904000,1.9043259327077133,2.1875333791103992
12.906000,1.833524071107042,2.297398336766613
12.908000,2.028839551384756,2.1802090485999845
12.910000,2.0263981078812847,2.1997405966277563
12.912000,1.8139925230792706,2.4414435034714277
12.914000,1.8432898451209276,2.329137102311742
12.916000,1.884794384679942,2.404821850919356
12.918000,1.8945601586938277,2.1631189440756846
12.920000,1.8213168535896849,2.2583352407110704
12.922000,1.999542229343099,2.1631189440756846
12.924000,1.8213168535896849,2.1753261615930417
12.926000,1.855497062638285,2.3950560769054703
12.928000,1.9604791332875562,2.197299153124285
12.930000,1.9214160372320135,2.329137102311742
12.932000,2.0410467689021132,2.3950560769054703
12.934000,1.8701457236591135,2.2070649271381706
12.936000,1.906767376211185,2.285191119249256
12.938000,1.9678034637979704,2.243686579690242
12.940000,1.9214160372320135,2.421911955443656
12.942000,2.0605783169298846,2.417029068436713
12.944000,1.9726863508049135,2.3315785458152134
12.946000,1.9848935683222706,2.153353170061799
12.948000,2.009308003356985,2.214389257648585
12.950000,2.011749446860456,2.346227206836042
12.952000,1.884794384679942,2.2827496757457846
12.954000,2.0434882124055846,2.3974975204089417
12.956000,1.987335011825742,2.382848859388113
12.958000,2.050812542915999,2.260776684214542
12.960000,1.855497062638285,2.3120469977874416
12.962000,1.8799114976729991,2.42923628595407
12.964000,1.8457312886243993,2.2241550316624705
12.966000,2.0263981078812847,2.268101014724956
12.968000,2.0483710994125275,2.3437857633325705
12.970000,1.999542229343099,2.2583352407110704
12.972000,2.033722438391699,2.243686579690242
12.974000,2.065461203936828,2.4145876249332416
12.976000,1.9116502632181278,2.2241550316624705
12.978000,1.9946593423361563,2.448767833981842
12.980000,1.9897764553292134,2.255893797207599
12.982000,2.021515220874342,2.260776684214542
12.984000,1.8115510795757992,2.2192721446555277
12.986000,2.0239566643778133,2.329137102311742
12.988000,1.8725871671625849,2.197299153124285
12.990000,2.0141908903639276,2.260776684214542
12.992000,1.8652628366521706,2.3608758678568704
12.994000,1.7969024185549707,2.170443274586099
12.996000,1.7846952010376136,2.392614633401999
12.998000,1.9433890287632563,2.197299153124285
13.000000,1.833524071107042,2.4145876249332416
13.002000,1.8457312886243993,2.370641641870756
13.004000,2.0556954299229417,2.341344319829099
13.006000,1.8139925230792706,2.353551537346456
13.008000,1.8213168535896849,2.209506370641642
13.010000,1.970244907301442,2.399938963912413
13.012000,1.9385061417563134,2.260776684214542
13.014000,1.9140917067215992,2.3144884412909135
13.016000,1.9629205767910276,2.2754253452353703
13.018000,1.987335011825742,2.177767605096513
13.020000,1.7944609750514993,2.251010910200656
13.022000,2.0263981078812847,2.2168307011520563
13.024000,1.9848935683222706,2.4414435034714277
13.026000,2.0532539864194703,2.280308232242313
13.028000,1.8457312886243993,2.41214618142977
13.030000,1.9726863508049135,2.2168307011520563
13.032000,1.8701457236591135,2.2632181277180132
13.034000,1.9897764553292134,2.387731746395056
13.036000,2.0239566643778133,2.3779659723811704
13.038000,1.7969024185549707,2.324254215304799
13.040000,1.799343862058442,2.392614633401999
13.042000,1.9800106813153278,2.177767605096513
13.044000,2.0239566643778133,2.4145876249332416
13.046000,1.8017853055619135,2.2485694666971847
13.048000,1.987335011825742,2.3657587548638133
13.050000,1.9604791332875562,2.2485694666971847
13.052000,1.8139925230792706,2.4316777294575416
13.054000,1.8921187151903562,2.192416266117342
13.056000,1.799343862058442,2.3608758678568704
13.058000,1.8066681925688564,2.3730830853742275
13.060000,2.0605783169298846,2.2461280231937133
13.062000,1.9824521248187992,2.1875333791103992
13.064000,2.0532539864194703,2.260776684214542
13.066000,1.9946593423361563,2.2119478141451134
13.068000,2.0263981078812847,2.1728847180895703
13.070000,2.0312809948882276,2.3608758678568704
13.072000,1.8286411841000991,2.285191119249256
13.074000,2.0605783169298846,2.341344319829099
13.076000,1.8506141756313421,2.1680018310826275
13.078000,1.9165331502250706,2.3364614328221562
13.080000,2.0361638818951704,2.421911955443656
13.082000,1.936064698252842,2.3266956588082706
13.084000,2.038605325398642,2.192416266117342
13.086000,1.8359655146105134,2.1850919356069274
13.088000,1.9946593423361563,2.2363622491798276
13.090000,1.9775692378118563,2.443884946974899
13.092000,1.918974593728542,2.324254215304799
13.094000,1.9726863508049135,2.2021820401312278
13.096000,1.884794384679942,2.1899748226138707
13.098000,1.9922178988326849,2.421911955443656
13.100000,1.8921187151903562,2.3071641107804988
13.102000,2.0556954299229417,2.4243533989471273
13.104000,1.7969024185549707,2.3047226672770273
13.106000,1.9287403677424277,2.324254215304799
13.108000,1.975127794308385,2.3266956588082706
13.110000,2.016632333867399,2.1875333791103992
13.112000,1.8579385061417564,2.375524528877699
13.114000,1.884794384679942,2.290074006256199
13.116000,2.0239566643778133,2.3389028763256277
13.118000,1.9092088197146564,2.4243533989471273
13.120000,1.9604791332875562,2.192416266117342
13.122000,1.9678034637979704,2.2778667887388417
13.124000,1.8457312886243993,2.334019989318685
13.126000,2.0556954299229417,2.285191119249256
13.128000,1.9604791332875562,2.4365606164644844
13.130000,2.082551308461128,2.182650492103456
13.132000,1.804226749065385,2.316929884794385
13.134000,1.8286411841000991,2.41214618142977
13.136000,2.082551308461128,2.2876325627527274
13.138000,1.8652628366521706,2.2534523537041276
13.140000,1.804226749065385,2.353551537346456
13.142000,1.9726863508049135,2.2485694666971847
13.144000,1.9922178988326849,2.473182269016556
13.146000,2.0410467689021132,2.392614633401999
13.148000,1.9726863508049135,2.3437857633325705
13.150000,1.9824521248187992,2.1753261615930417
13.152000,1.8701457236591135,2.363317311360342
13.154000,2.045929655909056,2.3389028763256277
13.156000,2.0190737773708705,2.4194705119401845
13.158000,1.867704280155642,2.3974975204089417
13.160000,1.8701457236591135,2.204623483634699
13.162000,2.0410467689021132,2.243686579690242
13.164000,1.9824521248187992,2.1997405966277563
13.166000,2.028839551384756,2.4585336079957276
13.168000,2.065461203936828,2.3682001983672847
13.170000,1.8261997405966277,2.3389028763256277
13.172000,1.9824521248187992,2.478065156023499
13.174000,2.089875638971542,2.2949568932631417
13.176000,1.9800106813153278,2.3682001983672847
13.178000,2.021515220874342,2.3779659723811704
13.180000,1.833524071107042,2.42923628595407
13.182000,2.0434882124055846,2.4390020599679563
13.184000,1.8017853055619135,2.297398336766613
13.186000,1.8530556191348135,2.2778667887388417
13.188000,2.0605783169298846,2.2827496757457846
13.190000,2.072785534447242,2.4365606164644844
13.192000,2.0019836728465705,2.2021820401312278
13.194000,1.918974593728542,2.238803692683299
13.196000,1.804226749065385,2.417029068436713
13.198000,1.9604791332875562,2.3266956588082706
13.200000,1.9214160372320135,2.3974975204089417
13.202000,2.038605325398642,2.272983901731899
13.204000,2.011749446860456,2.4805065995269704
13.206000,1.884794384679942,2.341344319829099
13.208000,1.8579385061417564,2.329137102311742
13.210000,2.004425116350042,2.370641641870756
13.212000,1.901884489204242,2.3852903028915846
13.214000,1.9092088197146564,2.346227206836042
13.216000,2.0312809948882276,2.4463263904783705
13.218000,1.901884489204242,2.42923628595407
13.220000,1.9409475852597848,2.392614633401999
13.222000,1.9507133592736705,2.231479362172885
13.224000,2.0434882124055846,2.2485694666971847
13.226000,2.028839551384756,2.1899748226138707
13.228000,1.8872358281834134,2.3804074158846418
13.230000,1.948271915770199,2.3218127718013277
13.232000,2.0239566643778133,2.2363622491798276
13.234000,2.102082856488899,2.42923628595407
13.236000,2.0312809948882276,2.30960555428397
13.238000,1.901884489204242,2.3315785458152134
13.240000,1.8628213931486992,2.324254215304799
13.242000,1.8481727321278707,2.285191119249256
13.244000,1.923857480735485,2.4585336079957276
13.246000,1.8139925230792706,2.465857938506142
13.248000,1.8261997405966277,2.370641641870756
13.250000,2.0801098649576564,2.3144884412909135
13.252000,1.9800106813153278,2.473182269016556
13.254000,2.106965743495842,2.4463263904783705
13.256000,1.8725871671625849,2.4707408255130847
13.258000,2.065461203936828,2.197299153124285
13.260000,1.999542229343099,2.2705424582284275
13.262000,1.8408484016174562,2.375524528877699
13.264000,2.038605325398642,2.3486686503395133
13.266000,1.8896772716868848,2.3730830853742275
13.268000,1.936064698252842,2.3657587548638133
13.270000,1.906767376211185,2.4512092774853134
13.272000,1.8213168535896849,2.3389028763256277
13.274000,1.9775692378118563,2.41214618142977
13.276000,1.9848935683222706,2.453650720988785
13.278000,1.8139925230792706,2.404821850919356
13.280000,1.8579385061417564,2.2485694666971847
13.282000,1.9409475852597848,2.434119172961013
13.284000,1.9385061417563134,2.404821850919356
13.286000,2.0630197604333564,2.4805065995269704
13.288000,1.8750286106660563,2.404821850919356
13.290000,1.9922178988326849,2.448767833981842
13.292000,1.9507133592736705,2.4194705119401845
13.294000,1.901884489204242,2.3608758678568704
13.296000,1.833524071107042,2.316929884794385
13.298000,1.8408484016174562,2.3486686503395133
13.300000,1.9580376897840848,2.3144884412909135
13.302000,2.084992751964599,2.214389257648585
13.304000,2.0630197604333564,2.363317311360342
13.306000,1.8896772716868848,2.2363622491798276
13.308000,1.9214160372320135,2.3364614328221562
13.310000,2.0923170824750135,2.2925154497596703
13.312000,2.0874341954680706,2.2583352407110704
13.314000,1.9165331502250706,2.478065156023499
13.316000,1.9287403677424277,2.2290379186694134
13.318000,2.0679026474402993,2.2656595712214846
13.320000,2.021515220874342,2.2021820401312278
13.322000,2.0410467689021132,2.3144884412909135
13.324000,1.9043259327077133,2.4243533989471273
13.326000,1.9262989242389563,2.3779659723811704
13.328000,2.0703440909437707,2.3218127718013277
13.330000,2.0703440909437707,2.3852903028915846
13.332000,2.0874341954680706,2.2754253452353703
13.334000,1.8432898451209276,2.2705424582284275
13.336000,1.9140917067215992,2.4023804074158845
13.338000,1.9555962462806133,2.2168307011520563
13.340000,1.9214160372320135,2.233920805676356
13.342000,2.045929655909056,2.2070649271381706
13.344000,2.077668421454185,2.290074006256199
13.346000,2.106965743495842,2.2192721446555277
13.348000,2.1094071869993134,2.453650720988785
13.350000,1.8945601586938277,2.2705424582284275
13.352000,1.8872358281834134,2.316929884794385
13.354000,2.119172961013199,2.453650720988785
13.356000,2.0630197604333564,2.3389028763256277
13.358000,1.8237582970931563,2.4682993820096133
13.360000,2.1094071869993134,2.2632181277180132
13.362000,2.0703440909437707,2.2998397802700845
13.364000,2.050812542915999,2.231479362172885
13.366000,1.9116502632181278,2.3047226672770273
13.368000,2.0923170824750135,2.465857938506142
13.370000,1.918974593728542,2.302281223773556
13.372000,1.9116502632181278,2.4243533989471273
13.374000,2.102082856488899,2.448767833981842
13.376000,1.8872358281834134,2.2485694666971847
13.378000,1.9848935683222706,2.4145876249332416
13.380000,2.082551308461128,2.233920805676356
13.382000,2.028839551384756,2.2949568932631417
13.384000,1.8408484016174562,2.3144884412909135
13.386000,2.102082856488899,2.4023804074158845
13.388000,2.084992751964599,2.375524528877699
13.390000,1.9287403677424277,2.3047226672770273
13.392000,2.106965743495842,2.346227206836042
13.394000,1.8945601586938277,2.2925154497596703
13.396000,1.9262989242389563,2.3218127718013277
13.398000,1.9458304722667277,2.233920805676356
13.400000,2.0190737773708705,2.2705424582284275
13.402000,2.094758525978485,2.2290379186694134
13.404000,1.8701457236591135,2.4585336079957276
13.406000,1.901884489204242,2.3608758678568704
13.408000,2.0679026474402993,2.341344319829099
13.410000,1.8945601586938277,2.4023804074158845
13.412000,2.0996414129854277,2.392614633401999
13.414000,1.884794384679942,2.375524528877699
13.416000,1.8481727321278707,2.3682001983672847
13.418000,1.8457312886243993,2.3901731898985275
13.420000,1.9678034637979704,2.30960555428397
13.422000,2.0996414129854277,2.392614633401999
13.424000,2.1167315175097277,2.4853894865339132
13.426000,1.8750286106660563,2.341344319829099
13.428000,1.8432898451209276,2.251010910200656
13.430000,2.016632333867399,2.214389257648585
13.432000,1.9092088197146564,2.4512092774853134
13.434000,1.867704280155642,2.409704737926299
13.436000,2.1216144045166705,2.3315785458152134
13.438000,2.1142900740062562,2.417029068436713
13.440000,1.8750286106660563,2.4878309300373846
13.442000,1.8530556191348135,2.512245365072099
13.444000,1.8628213931486992,2.409704737926299
13.446000,1.8994430457007705,2.4853894865339132
13.448000,2.077668421454185,2.363317311360342
13.450000,2.0679026474402993,2.421911955443656
13.452000,2.0630197604333564,2.370641641870756
13.454000,2.009308003356985,2.2754253452353703
13.456000,2.0874341954680706,2.3047226672770273
13.458000,2.0141908903639276,2.2192721446555277
13.460000,1.9678034637979704,2.473182269016556
13.462000,2.0190737773708705,2.334019989318685
13.464000,1.8725871671625849,2.443884946974899
13.466000,2.0923170824750135,2.448767833981842
13.468000,2.1387045090409704,2.5098039215686274
13.470000,2.028839551384756,2.4267948424505987
13.472000,1.9555962462806133,2.3193713282978563
13.474000,1.8481727321278707,2.251010910200656
13.476000,2.011749446860456,2.226596475165942
13.478000,2.028839551384756,2.226596475165942
13.480000,1.9848935683222706,2.495155260547799
13.482000,1.9629205767910276,2.2949568932631417
13.484000,1.8603799496452278,2.353551537346456
13.486000,2.0605783169298846,2.329137102311742
13.488000,1.8701457236591135,2.3364614328221562
13.490000,1.9848935683222706,2.3730830853742275
13.492000,1.9214160372320135,2.41214618142977
13.494000,1.975127794308385,2.3144884412909135
13.496000,1.918974593728542,2.297398336766613
13.498000,2.1045242999923706,2.3315785458152134
13.500000,2.033722438391699,2.417029068436713
13.502000,1.9555962462806133,2.4316777294575416
13.504000,1.9555962462806133,2.370641641870756
13.506000,2.1387045090409704,2.4145876249332416
13.508000,2.0434882124055846,2.238803692683299
13.510000,2.050812542915999,2.3389028763256277
13.512000,2.1264972915236133,2.3657587548638133
13.514000,1.897001602197299,2.482948043030442
13.516000,2.102082856488899,2.507362478065156
13.518000,1.8750286106660563,2.260776684214542
13.520000,2.1045242999923706,2.226596475165942
13.522000,2.0361638818951704,2.4463263904783705
13.524000,1.970244907301442,2.2461280231937133
13.526000,2.0190737773708705,2.409704737926299
13.528000,1.953154802777142,2.3682001983672847
13.530000,2.102082856488899,2.4243533989471273
13.532000,1.9775692378118563,2.2290379186694134
13.534000,2.0263981078812847,2.409704737926299
13.536000,2.016632333867399,2.290074006256199
13.538000,2.0605783169298846,2.3804074158846418
13.540000,2.0923170824750135,2.404821850919356
13.542000,1.8652628366521706,2.2949568932631417
13.544000,2.0605783169298846,2.4878309300373846
13.546000,1.906767376211185,2.353551537346456
13.548000,2.0801098649576564,2.3437857633325705
13.550000,2.0971999694819563,2.3193713282978563
13.552000,2.1338216220340276,2.524452582589456
13.554000,2.084992751964599,2.453650720988785
13.556000,2.1264972915236133,2.30960555428397
13.558000,2.1167315175097277,2.512245365072099
13.560000,2.0801098649576564,2.4267948424505987
13.562000,1.9604791332875562,2.2876325627527274
13.564000,1.8774700541695277,2.2876325627527274
13.566000,1.8945601586938277,2.272983901731899
13.568000,1.8799114976729991,2.3389028763256277
13.570000,2.1142900740062562,2.512245365072099
13.572000,2.0483710994125275,2.2461280231937133
13.574000,2.094758525978485,2.404821850919356
13.576000,2.136263065537499,2.482948043030442
13.578000,2.004425116350042,2.2485694666971847
13.580000,2.0239566643778133,2.4316777294575416
13.582000,1.987335011825742,2.3804074158846418
13.584000,2.094758525978485,2.2925154497596703
13.586000,2.0190737773708705,2.5049210345616846
13.588000,2.1460288395513847,2.5000381475547417
13.590000,2.0483710994125275,2.4463263904783705
13.592000,1.999542229343099,2.2485694666971847
13.594000,2.1216144045166705,2.456092164492256
13.596000,1.9946593423361563,2.4927138170443275
13.598000,1.9385061417563134,2.4682993820096133
13.600000,2.077668421454185,2.478065156023499
13.602000,1.8774700541695277,2.358434424353399
13.604000,2.1435873960479133,2.3364614328221562
13.606000,1.9848935683222706,2.3120469977874416
13.608000,2.0019836728465705,2.2827496757457846
13.610000,1.867704280155642,2.302281223773556
13.612000,1.918974593728542,2.2998397802700845
13.614000,2.1387045090409704,2.260776684214542
13.616000,2.021515220874342,2.4023804074158845
13.618000,2.004425116350042,2.4853894865339132
13.620000,2.1387045090409704,2.2778667887388417
13.622000,2.0190737773708705,2.272983901731899
13.624000,1.9043259327077133,2.5171282520790417
13.626000,2.106965743495842,2.353551537346456
13.628000,2.0312809948882276,2.302281223773556
13.630000,2.0556954299229417,2.4756237125200276
13.632000,2.148470283054856,2.3852903028915846
13.634000,2.0971999694819563,2.4512092774853134
13.636000,2.0556954299229417,2.512245365072099
13.638000,2.102082856488899,2.4878309300373846
13.640000,2.102082856488899,2.4267948424505987
13.642000,2.0532539864194703,2.4267948424505987
13.644000,2.094758525978485,2.5391012436102844
13.646000,2.058136873426413,2.3047226672770273
13.648000,2.148470283054856,2.536659800106813
13.650000,1.8701457236591135,2.370641641870756
13.652000,1.9580376897840848,2.456092164492256
13.654000,2.058136873426413,2.285191119249256
13.656000,1.8896772716868848,2.42923628595407
13.658000,2.0019836728465705,2.387731746395056
13.660000,2.0434882124055846,2.536659800106813
13.662000,1.965362020294499,2.30960555428397
13.664000,2.119172961013199,2.346227206836042
13.666000,1.9922178988326849,2.502479591058213
13.668000,2.1094071869993134,2.4682993820096133
13.670000,1.9311818112458992,2.448767833981842
13.672000,1.8799114976729991,2.2656595712214846
13.674000,1.8823529411764706,2.324254215304799
13.676000,2.0239566643778133,2.3950560769054703
13.678000,1.975127794308385,2.4975967040512703
13.680000,2.0019836728465705,2.3804074158846418
13.682000,2.0239566643778133,2.5220111390859845
13.684000,2.102082856488899,2.512245365072099
13.686000,2.0141908903639276,2.41214618142977
13.688000,1.9458304722667277,2.392614633401999
13.690000,1.8725871671625849,2.4512092774853134
13.692000,2.1289387350270847,2.3730830853742275
13.694000,2.1094071869993134,2.519569695582513
13.696000,1.9165331502250706,2.3559929808499276
13.698000,1.9555962462806133,2.3193713282978563
13.700000,2.082551308461128,2.3608758678568704
13.702000,1.9848935683222706,2.5391012436102844
13.704000,2.170443274586099,2.3608758678568704
13.706000,2.153353170061799,2.3804074158846418
13.708000,2.131380178530556,2.478065156023499
13.710000,1.9433890287632563,2.453650720988785
13.712000,1.906767376211185,2.536659800106813
13.714000,1.9433890287632563,2.478065156023499
13.716000,1.9165331502250706,2.3779659723811704
13.718000,2.1557946135652704,2.5146868085755703
13.720000,1.9604791332875562,2.5146868085755703
13.722000,2.045929655909056,2.519569695582513
13.724000,2.131380178530556,2.3486686503395133
13.726000,2.153353170061799,2.3901731898985275
13.728000,1.965362020294499,2.417029068436713
13.730000,2.050812542915999,2.3804074158846418
13.732000,2.094758525978485,2.507362478065156
13.734000,1.9946593423361563,2.4365606164644844
13.736000,1.9116502632181278,2.375524528877699
13.738000,2.1387045090409704,2.4585336079957276
13.740000,1.9848935683222706,2.3511100938429847
13.742000,2.1387045090409704,2.324254215304799
13.744000,2.084992751964599,2.41214618142977
13.746000,1.9800106813153278,2.4707408255130847
13.748000,1.9946593423361563,2.4512092774853134
13.750000,1.9775692378118563,2.392614633401999
13.752000,2.016632333867399,2.324254215304799
13.754000,1.9311818112458992,2.3559929808499276
13.756000,1.948271915770199,2.2583352407110704
13.758000,1.8799114976729991,2.3389028763256277
13.760000,1.987335011825742,2.541542687113756
13.762000,2.011749446860456,2.358434424353399
13.764000,2.009308003356985,2.4756237125200276
13.766000,2.1142900740062562,2.358434424353399
13.768000,2.033722438391699,2.2949568932631417
13.770000,1.975127794308385,2.5171282520790417
13.772000,2.102082856488899,2.3437857633325705
13.774000,1.9555962462806133,2.4975967040512703
13.776000,2.058136873426413,2.324254215304799
13.778000,2.1509117265583275,2.5049210345616846
13.780000,2.082551308461128,2.382848859388113
13.782000,1.9922178988326849,2.375524528877699
13.784000,2.0971999694819563,2.553749904631113
13.786000,2.102082856488899,2.4023804074158845
13.788000,2.1142900740062562,2.3608758678568704
13.790000,2.0971999694819563,2.4194705119401845
13.792000,1.8945601586938277,2.456092164492256
13.794000,2.1460288395513847,2.3071641107804988
13.796000,2.0434882124055846,2.302281223773556
13.798000,2.016632333867399,2.448767833981842
13.800000,2.1680018310826275,2.399938963912413
13.802000,2.0752269779507135,2.290074006256199
13.804000,2.1460288395513847,2.3389028763256277
13.806000,2.1142900740062562,2.387731746395056
13.808000,2.1387045090409704,2.302281223773556
13.810000,2.1509117265583275,2.382848859388113
13.812000,1.9604791332875562,2.285191119249256
13.814000,1.9385061417563134,2.42923628595407
13.816000,2.0752269779507135,2.4414435034714277
13.818000,1.9092088197146564,2.2876325627527274
13.820000,2.0190737773708705,2.4682993820096133
13.822000,1.9385061417563134,2.3193713282978563
13.824000,2.106965743495842,2.490272373540856
13.826000,2.1338216220340276,2.363317311360342
13.828000,2.1582360570687418,2.4805065995269704
13.830000,2.102082856488899,2.495155260547799
13.832000,2.141145952544442,2.3901731898985275
13.834000,1.923857480735485,2.502479591058213
13.836000,2.1264972915236133,2.382848859388113
13.838000,1.9555962462806133,2.553749904631113
13.840000,1.9409475852597848,2.382848859388113
13.842000,1.9433890287632563,2.280308232242313
13.844000,2.0679026474402993,2.4316777294575416
13.846000,1.9726863508049135,2.453650720988785
13.848000,2.028839551384756,2.443884946974899
13.850000,2.170443274586099,2.329137102311742
13.852000,1.9946593423361563,2.5561913481345844
13.854000,2.1509117265583275,2.5561913481345844
13.856000,2.0361638818951704,2.3852903028915846
13.858000,1.923857480735485,2.448767833981842
13.860000,2.058136873426413,2.460975051499199
13.862000,1.987335011825742,2.512245365072099
13.864000,1.9726863508049135,2.2754253452353703
13.866000,2.177767605096513,2.456092164492256
13.868000,2.0996414129854277,2.3804074158846418
13.870000,2.1387045090409704,2.2827496757457846
13.872000,2.1753261615930417,2.3120469977874416
13.874000,2.0679026474402993,2.4634164950026705
13.876000,1.9824521248187992,2.3559929808499276
13.878000,2.0752269779507135,2.2827496757457846
13.880000,1.9262989242389563,2.4194705119401845
13.882000,2.182650492103456,2.324254215304799
13.884000,2.1216144045166705,2.4585336079957276
13.886000,2.1094071869993134,2.387731746395056
13.888000,2.1850919356069274,2.490272373540856
13.890000,2.0410467689021132,2.2754253452353703
13.892000,2.102082856488899,2.456092164492256
13.894000,2.0141908903639276,2.453650720988785
13.896000,2.1875333791103992,2.3657587548638133
13.898000,1.9678034637979704,2.4414435034714277
13.900000,2.170443274586099,2.392614633401999
13.902000,1.9507133592736705,2.297398336766613
13.904000,1.948271915770199,2.4414435034714277
13.906000,2.131380178530556,2.382848859388113
13.908000,1.9336232547493706,2.3437857633325705
13.910000,2.050812542915999,2.290074006256199
13.912000,1.9409475852597848,2.536659800106813
13.914000,2.1045242999923706,2.453650720988785
13.916000,1.9287403677424277,2.4707408255130847
13.918000,1.906767376211185,2.5049210345616846
13.920000,2.0605783169298846,2.568398565651942
13.922000,2.077668421454185,2.5268940260929273
13.924000,2.0874341954680706,2.5342183566033416
13.926000,2.0483710994125275,2.5049210345616846
13.928000,1.9971007858396277,2.387731746395056
13.930000,2.1875333791103992,2.536659800106813
13.932000,2.1875333791103992,2.346227206836042
13.934000,1.9971007858396277,2.353551537346456
13.936000,2.0605783169298846,2.541542687113756
13.938000,2.0141908903639276,2.4707408255130847
13.940000,2.197299153124285,2.5513084611276415
13.942000,2.119172961013199,2.4707408255130847
13.944000,2.131380178530556,2.3779659723811704
13.946000,2.0752269779507135,2.3852903028915846
13.948000,2.1875333791103992,2.4414435034714277
13.950000,2.0630197604333564,2.3315785458152134
13.952000,1.9678034637979704,2.387731746395056
13.954000,2.2021820401312278,2.482948043030442
13.956000,2.1631189440756846,2.3266956588082706
13.958000,2.0703440909437707,2.4878309300373846
13.960000,2.0190737773708705,2.375524528877699
13.962000,1.9165331502250706,2.2998397802700845
13.964000,2.050812542915999,2.3218127718013277
13.966000,2.102082856488899,2.4463263904783705
13.968000,2.016632333867399,2.382848859388113
13.970000,2.170443274586099,2.3437857633325705
13.972000,2.192416266117342,2.382848859388113
13.974000,2.028839551384756,2.4707408255130847
13.976000,2.165560387579156,2.4316777294575416
13.978000,2.2021820401312278,2.4707408255130847
13.980000,1.9214160372320135,2.3852903028915846
13.982000,2.0141908903639276,2.4243533989471273
13.984000,2.102082856488899,2.329137102311742
13.986000,1.953154802777142,2.404821850919356
13.988000,1.9287403677424277,2.524452582589456
13.990000,2.1899748226138707,2.453650720988785
13.992000,2.160677500572213,2.375524528877699
13.994000,1.9922178988326849,2.5732814526588847
13.996000,2.004425116350042,2.558632791638056
13.998000,1.9214160372320135,2.4975967040512703
14.000000,2.111848630502785,2.3486686503395133
14.002000,2.124055848020142,2.3047226672770273
14.004000,1.9897764553292134,2.3120469977874416
14.006000,1.9458304722667277,2.456092164492256
14.008000,2.1997405966277563,2.297398336766613
14.010000,1.9629205767910276,2.5464255741206987
14.012000,1.9971007858396277,2.4756237125200276
14.014000,1.9214160372320135,2.3804074158846418
14.016000,1.9604791332875562,2.478065156023499
14.018000,2.038605325398642,2.334019989318685
14.020000,1.918974593728542,2.473182269016556
14.022000,2.033722438391699,2.392614633401999
14.024000,1.9287403677424277,2.4390020599679563
14.026000,2.0361638818951704,2.4853894865339132
14.028000,2.038605325398642,2.563515678644999
14.030000,2.1216144045166705,2.3682001983672847
14.032000,1.936064698252842,2.5342183566033416
14.034000,1.9678034637979704,2.4390020599679563
14.036000,2.0068665598535134,2.3657587548638133
14.038000,2.1631189440756846,2.536659800106813
14.040000,1.987335011825742,2.4805065995269704
14.042000,2.0141908903639276,2.5293354695963988
14.044000,2.1289387350270847,2.4390020599679563
14.046000,2.0679026474402993,2.324254215304799
14.048000,2.1338216220340276,2.3315785458152134
14.050000,1.9409475852597848,2.399938963912413
14.052000,2.1289387350270847,2.5830472266727704
14.054000,1.9555962462806133,2.5293354695963988
14.056000,1.9336232547493706,2.3266956588082706
14.058000,1.9311818112458992,2.448767833981842
14.060000,2.1899748226138707,2.592813000686656
14.062000,1.9971007858396277,2.456092164492256
14.064000,2.1875333791103992,2.4414435034714277
14.066000,2.0752269779507135,2.3218127718013277
14.068000,2.102082856488899,2.4316777294575416
14.070000,2.1875333791103992,2.453650720988785
14.072000,2.084992751964599,2.297398336766613
14.074000,2.0752269779507135,2.42923628595407
14.076000,2.0801098649576564,2.4682993820096133
14.078000,1.9604791332875562,2.316929884794385
14.080000,2.214389257648585,2.2998397802700845
14.082000,2.016632333867399,2.5171282520790417
14.084000,1.9946593423361563,2.5220111390859845
14.086000,2.124055848020142,2.4243533989471273
14.088000,2.0679026474402993,2.41214618142977
14.090000,2.136263065537499,2.3608758678568704
14.092000,1.948271915770199,2.465857938506142
14.094000,2.165560387579156,2.4878309300373846
14.096000,1.948271915770199,2.482948043030442
14.098000,2.1802090485999845,2.502479591058213
14.100000,2.1850919356069274,2.5561913481345844
14.102000,1.953154802777142,2.478065156023499
14.104000,2.0410467689021132,2.5781643396658276
14.106000,2.141145952544442,2.329137102311742
14.108000,1.9580376897840848,2.3144884412909135
14.110000,2.119172961013199,2.358434424353399
14.112000,1.9848935683222706,2.4975967040512703
14.114000,1.9897764553292134,2.3804074158846418
14.116000,2.192416266117342,2.417029068436713
14.118000,1.9336232547493706,2.4634164950026705
14.120000,2.136263065537499,2.478065156023499
14.122000,2.1875333791103992,2.5000381475547417
14.124000,2.0410467689021132,2.4634164950026705
14.126000,2.1631189440756846,2.4267948424505987
14.128000,2.0068665598535134,2.4756237125200276
14.130000,1.999542229343099,2.4243533989471273
14.132000,2.214389257648585,2.3486686503395133
14.134000,2.119172961013199,2.524452582589456
14.136000,2.1997405966277563,2.358434424353399
14.138000,2.182650492103456,2.4072632944228274
14.140000,2.2168307011520563,2.4805065995269704
14.142000,1.999542229343099,2.3779659723811704
14.144000,2.0312809948882276,2.4512092774853134
14.146000,2.1557946135652704,2.3730830853742275
14.148000,1.9580376897840848,2.553749904631113
14.150000,2.102082856488899,2.3804074158846418
14.152000,2.1289387350270847,2.3144884412909135
14.154000,2.1850919356069274,2.334019989318685
14.156000,2.0483710994125275,2.4267948424505987
14.158000,1.9458304722667277,2.4707408255130847
14.160000,2.141145952544442,2.553749904631113
14.162000,2.1167315175097277,2.512245365072099
14.164000,2.1899748226138707,2.473182269016556
14.166000,1.9580376897840848,2.4316777294575416
14.168000,2.2070649271381706,2.4805065995269704
14.170000,2.136263065537499,2.316929884794385
14.172000,2.160677500572213,2.4414435034714277
14.174000,2.065461203936828,2.536659800106813
14.176000,2.231479362172885,2.5952544441901275
14.178000,2.1899748226138707,2.363317311360342
14.180000,2.065461203936828,2.4756237125200276
14.182000,1.9678034637979704,2.4316777294575416
14.184000,1.9409475852597848,2.316929884794385
14.186000,2.2021820401312278,2.3120469977874416
14.188000,2.1997405966277563,2.453650720988785
14.190000,2.033722438391699,2.553749904631113
14.192000,2.182650492103456,2.370641641870756
14.194000,2.165560387579156,2.553749904631113
14.196000,2.0703440909437707,2.5830472266727704
14.198000,2.2021820401312278,2.6001373311970704
14.200000,2.2119478141451134,2.4023804074158845
14.202000,2.038605325398642,2.421911955443656
14.204000,2.011749446860456,2.3389028763256277
14.206000,2.0630197604333564,2.473182269016556
14.208000,2.1387045090409704,2.4927138170443275
14.210000,2.1899748226138707,2.5146868085755703
14.212000,1.9580376897840848,2.6001373311970704
14.214000,1.9897764553292134,2.3682001983672847
14.216000,2.1582360570687418,2.3901731898985275
14.218000,2.221713588158999,2.4414435034714277
14.220000,2.1557946135652704,2.329137102311742
14.222000,2.1289387350270847,2.5952544441901275
14.224000,2.2363622491798276,2.375524528877699
14.226000,1.9775692378118563,2.387731746395056
14.228000,2.2192721446555277,2.382848859388113
14.230000,1.9971007858396277,2.490272373540856
14.232000,2.1435873960479133,2.5098039215686274
14.234000,1.9507133592736705,2.417029068436713
14.236000,2.0996414129854277,2.5391012436102844
14.238000,2.1875333791103992,2.512245365072099
14.240000,2.148470283054856,2.4634164950026705
14.242000,2.0483710994125275,2.460975051499199
14.244000,2.1680018310826275,2.3804074158846418
14.246000,2.165560387579156,2.5220111390859845
14.248000,1.9507133592736705,2.5659571221484705
14.250000,2.0434882124055846,2.4316777294575416
14.252000,1.9800106813153278,2.3364614328221562
14.254000,2.153353170061799,2.363317311360342
14.256000,2.243686579690242,2.4853894865339132
14.258000,2.221713588158999,2.392614633401999
14.260000,2.197299153124285,2.399938963912413
14.262000,2.2412451361867705,2.490272373540856
14.264000,2.2241550316624705,2.3511100938429847
14.266000,2.119172961013199,2.4390020599679563
14.268000,2.2119478141451134,2.3608758678568704
14.270000,1.953154802777142,2.5293354695963988
14.272000,2.1094071869993134,2.417029068436713
14.274000,2.148470283054856,2.329137102311742
14.276000,2.153353170061799,2.387731746395056
14.278000,2.1167315175097277,2.575722896162356
14.280000,2.243686579690242,2.453650720988785
14.282000,2.1045242999923706,2.3657587548638133
14.284000,2.077668421454185,2.443884946974899
14.286000,2.1289387350270847,2.434119172961013
14.288000,2.0801098649576564,2.3852903028915846
14.290000,1.965362020294499,2.334019989318685
14.292000,2.1728847180895703,2.3974975204089417
14.294000,2.0630197604333564,2.3511100938429847
14.296000,1.975127794308385,2.6074616617074846
14.298000,2.1680018310826275,2.404821850919356
14.300000,2.077668421454185,2.54886701762417
14.302000,2.0874341954680706,2.5342183566033416
14.304000,2.016632333867399,2.4243533989471273
14.306000,1.9897764553292134,2.456092164492256
14.308000,2.111848630502785,2.4145876249332416
14.310000,2.2461280231937133,2.3901731898985275
14.312000,2.0801098649576564,2.4072632944228274
14.314000,2.0141908903639276,2.5268940260929273
14.316000,2.1948577096208135,2.456092164492256
14.318000,1.9824521248187992,2.3364614328221562
14.320000,1.999542229343099,2.4707408255130847
14.322000,2.148470283054856,2.4805065995269704
14.324000,2.192416266117342,2.592813000686656
14.326000,2.102082856488899,2.4756237125200276
14.328000,1.9946593423361563,2.4585336079957276
14.330000,2.231479362172885,2.5561913481345844
14.332000,2.094758525978485,2.561074235141527
14.334000,2.192416266117342,2.558632791638056
14.336000,2.197299153124285,2.375524528877699
14.338000,2.255893797207599,2.4365606164644844
14.340000,2.0801098649576564,2.6123445487144275
14.342000,2.124055848020142,2.5659571221484705
14.344000,2.0556954299229417,2.3657587548638133
14.346000,2.153353170061799,2.4756237125200276
14.348000,2.1680018310826275,2.4585336079957276
14.350000,2.2363622491798276,2.4634164950026705
14.352000,2.028839551384756,2.409704737926299
14.354000,2.072785534447242,2.5391012436102844
14.356000,2.0703440909437707,2.3389028763256277
14.358000,2.2241550316624705,2.5513084611276415
14.360000,2.1850919356069274,2.363317311360342
14.362000,1.965362020294499,2.404821850919356
14.364000,2.1045242999923706,2.3364614328221562
14.366000,1.9824521248187992,2.3901731898985275
14.368000,2.1631189440756846,2.3511100938429847
14.370000,2.226596475165942,2.482948043030442
14.372000,2.231479362172885,2.6245517662317845
14.374000,2.077668421454185,2.4390020599679563
14.376000,2.243686579690242,2.575722896162356
14.378000,2.1509117265583275,2.482948043030442
14.380000,2.1387045090409704,2.5561913481345844
14.382000,1.9726863508049135,2.4463263904783705
14.384000,2.182650492103456,2.5781643396658276
14.386000,2.160677500572213,2.519569695582513
14.388000,2.1460288395513847,2.4853894865339132
14.390000,2.058136873426413,2.558632791638056
14.392000,2.0630197604333564,2.626993209735256
14.394000,2.0239566643778133,2.453650720988785
14.396000,2.1802090485999845,2.63431754024567
14.398000,2.2632181277180132,2.3901731898985275
14.400000,2.1045242999923706,2.453650720988785
14.402000,2.268101014724956,2.460975051499199
14.404000,2.141145952544442,2.592813000686656
14.406000,2.065461203936828,2.524452582589456
14.408000,2.0801098649576564,2.41214618142977
14.410000,2.165560387579156,2.456092164492256
14.412000,2.160677500572213,2.346227206836042
14.414000,2.1680018310826275,2.4267948424505987
14.416000,2.1167315175097277,2.6025787747005418
14.418000,2.1289387350270847,2.443884946974899
14.420000,2.1338216220340276,2.460975051499199
14.422000,2.1802090485999845,2.6416418707560845
14.424000,2.177767605096513,2.592813000686656
14.426000,2.065461203936828,2.609903105210956
14.428000,2.0630197604333564,2.495155260547799
14.430000,2.084992751964599,2.482948043030442
14.432000,2.0312809948882276,2.417029068436713
14.434000,2.0483710994125275,2.5439841306172273
14.436000,2.260776684214542,2.4390020599679563
14.438000,2.0190737773708705,2.382848859388113
14.440000,2.251010910200656,2.609903105210956
14.442000,2.2656595712214846,2.4145876249332416
14.444000,2.045929655909056,2.404821850919356
14.446000,2.2021820401312278,2.631876096742199
14.448000,2.192416266117342,2.6416418707560845
14.450000,2.021515220874342,2.387731746395056
14.452000,2.016632333867399,2.5049210345616846
14.454000,1.9946593423361563,2.4316777294575416
14.456000,2.238803692683299,2.4975967040512703
14.458000,2.072785534447242,2.5439841306172273
14.460000,2.045929655909056,2.443884946974899
14.462000,2.0801098649576564,2.512245365072099
14.464000,2.028839551384756,2.6196688792248417
14.466000,2.1142900740062562,2.4756237125200276
14.468000,2.1875333791103992,2.5708400091554133
14.470000,2.0410467689021132,2.6245517662317845
14.472000,2.058136873426413,2.5659571221484705
14.474000,2.1557946135652704,2.5268940260929273
14.476000,2.082551308461128,2.541542687113756
14.478000,2.0361638818951704,2.453650720988785
14.480000,2.1631189440756846,2.5513084611276415
14.482000,2.0679026474402993,2.4634164950026705
14.484000,2.238803692683299,2.6074616617074846
14.486000,2.0019836728465705,2.5561913481345844
14.488000,1.9971007858396277,2.639200427252613
14.490000,2.192416266117342,2.5171282520790417
14.492000,2.209506370641642,2.6465247577630273
14.494000,2.2754253452353703,2.580605783169299
14.496000,2.089875638971542,2.4927138170443275
14.498000,2.1631189440756846,2.558632791638056
14.500000,2.243686579690242,2.6196688792248417
14.502000,2.033722438391699,2.561074235141527
14.504000,2.106965743495842,2.536659800106813
14.506000,2.192416266117342,2.553749904631113
14.508000,2.2363622491798276,2.3901731898985275
14.510000,2.0532539864194703,2.519569695582513
14.512000,2.1997405966277563,2.375524528877699
14.514000,2.0605783169298846,2.375524528877699
14.516000,2.209506370641642,2.404821850919356
14.518000,2.1802090485999845,2.3804074158846418
14.520000,2.0923170824750135,2.5293354695963988
14.522000,2.0141908903639276,2.4975967040512703
14.524000,2.1948577096208135,2.358434424353399
14.526000,2.1387045090409704,2.6294346532387274
14.528000,2.2583352407110704,2.3730830853742275
14.530000,2.1582360570687418,2.5049210345616846
14.532000,2.2485694666971847,2.3730830853742275
14.534000,2.2192721446555277,2.536659800106813
14.536000,2.065461203936828,2.3804074158846418
14.538000,2.0434882124055846,2.622110322728313
14.540000,2.0410467689021132,2.399938963912413
14.542000,2.065461203936828,2.6074616617074846
14.544000,2.021515220874342,2.4927138170443275
14.546000,2.2534523537041276,2.585488670176242
14.548000,2.153353170061799,2.5561913481345844
14.550000,2.0361638818951704,2.561074235141527
14.552000,1.9971007858396277,2.639200427252613
14.554000,2.2534523537041276,2.644083314259556
14.556000,2.2412451361867705,2.6196688792248417
14.558000,2.0801098649576564,2.3779659723811704
14.560000,2.0556954299229417,2.3730830853742275
14.562000,2.0556954299229417,2.519569695582513
14.564000,2.0996414129854277,2.434119172961013
14.566000,2.260776684214542,2.4463263904783705
14.568000,2.2485694666971847,2.3779659723811704
14.570000,2.2461280231937133,2.4853894865339132
14.572000,2.011749446860456,2.370641641870756
14.574000,2.0019836728465705,2.580605783169299
14.576000,2.004425116350042,2.370641641870756
14.578000,2.1216144045166705,2.3779659723811704
14.580000,2.084992751964599,2.6245517662317845
14.582000,2.2021820401312278,2.5439841306172273
14.584000,2.111848630502785,2.382848859388113
14.586000,2.192416266117342,2.4756237125200276
14.588000,2.065461203936828,2.5391012436102844
14.590000,2.1435873960479133,2.6489662012664987
14.592000,2.0923170824750135,2.5439841306172273
14.594000,2.0923170824750135,2.5732814526588847
14.596000,2.260776684214542,2.3779659723811704
14.598000,2.290074006256199,2.5513084611276415
14.600000,2.2461280231937133,2.6367589837491416
14.602000,2.2632181277180132,2.6367589837491416
14.604000,2.233920805676356,2.4316777294575416
14.606000,2.1631189440756846,2.5146868085755703
14.608000,2.2949568932631417,2.54886701762417
14.610000,2.2290379186694134,2.5561913481345844
14.612000,2.0801098649576564,2.456092164492256
14.614000,2.011749446860456,2.5952544441901275
14.616000,2.0141908903639276,2.507362478065156
14.618000,2.0679026474402993,2.568398565651942
14.620000,2.1142900740062562,2.661173418783856
14.622000,2.2827496757457846,2.473182269016556
14.624000,2.0483710994125275,2.417029068436713
14.626000,2.251010910200656,2.495155260547799
14.628000,2.1216144045166705,2.622110322728313
14.630000,2.045929655909056,2.5220111390859845
14.632000,2.2192721446555277,2.443884946974899
14.634000,2.197299153124285,2.5342183566033416
14.636000,2.009308003356985,2.639200427252613
14.638000,2.1460288395513847,2.495155260547799
14.640000,2.1094071869993134,2.448767833981842
14.642000,2.2778667887388417,2.575722896162356
14.644000,2.038605325398642,2.42923628595407
14.646000,2.2021820401312278,2.387731746395056
14.648000,2.148470283054856,2.6465247577630273
14.650000,2.1557946135652704,2.4585336079957276
14.652000,2.0556954299229417,2.558632791638056
14.654000,2.038605325398642,2.392614633401999
14.656000,2.177767605096513,2.502479591058213
14.658000,2.260776684214542,2.5732814526588847
14.660000,2.0923170824750135,2.609903105210956
14.662000,2.0605783169298846,2.639200427252613
14.664000,2.302281223773556,2.673380636301213
14.666000,2.2021820401312278,2.3974975204089417
14.668000,2.268101014724956,2.387731746395056
14.670000,2.0410467689021132,2.6196688792248417
14.672000,2.1387045090409704,2.478065156023499
14.674000,2.0239566643778133,2.656290531776913
14.676000,2.280308232242313,2.561074235141527
14.678000,2.2021820401312278,2.507362478065156
14.680000,2.0361638818951704,2.5146868085755703
14.682000,2.182650492103456,2.4414435034714277
14.684000,2.2754253452353703,2.6465247577630273
14.686000,2.0556954299229417,2.656290531776913
14.688000,2.102082856488899,2.5049210345616846
14.690000,2.197299153124285,2.656290531776913
14.692000,2.0971999694819563,2.626993209735256
14.694000,2.1582360570687418,2.5903715571831847
14.696000,2.2998397802700845,2.4853894865339132
14.698000,2.177767605096513,2.597695887693599
14.700000,2.255893797207599,2.5049210345616846
14.702000,2.1435873960479133,2.392614633401999
14.704000,2.141145952544442,2.5293354695963988
14.706000,2.160677500572213,2.5732814526588847
14.708000,2.0483710994125275,2.4975967040512703
14.710000,2.2363622491798276,2.6489662012664987
14.712000,2.0703440909437707,2.512245365072099
14.714000,2.2241550316624705,2.673380636301213
14.716000,2.082551308461128,2.6660563057907987
14.718000,2.268101014724956,2.622110322728313
14.720000,2.0239566643778133,2.507362478065156
14.722000,2.1802090485999845,2.4512092774853134
14.724000,2.197299153124285,2.5879301136797133
14.726000,2.065461203936828,2.6782635233081558
14.728000,2.2925154497596703,2.622110322728313
14.730000,2.0703440909437707,2.4707408255130847
14.732000,2.2485694666971847,2.5561913481345844
14.734000,2.033722438391699,2.5268940260929273
14.736000,2.153353170061799,2.580605783169299
14.738000,2.2412451361867705,2.568398565651942
14.740000,2.2021820401312278,2.4267948424505987
14.742000,2.131380178530556,2.5171282520790417
14.744000,2.3120469977874416,2.5268940260929273
14.746000,2.0996414129854277,2.568398565651942
14.748000,2.111848630502785,2.6025787747005418
14.750000,2.2168307011520563,2.561074235141527
14.752000,2.1094071869993134,2.6758220798046843
14.754000,2.082551308461128,2.4243533989471273
14.756000,2.260776684214542,2.644083314259556
14.758000,2.3071641107804988,2.6123445487144275
14.760000,2.0263981078812847,2.409704737926299
14.762000,2.1753261615930417,2.41214618142977
14.764000,2.033722438391699,2.63431754024567
14.766000,2.102082856488899,2.5464255741206987
14.768000,2.177767605096513,2.3901731898985275
14.770000,2.1509117265583275,2.434119172961013
14.772000,2.231479362172885,2.4634164950026705
14.774000,2.204623483634699,2.4243533989471273
14.776000,2.1997405966277563,2.524452582589456
14.778000,2.2778667887388417,2.597695887693599
14.780000,2.2119478141451134,2.6660563057907987
14.782000,2.231479362172885,2.4512092774853134
14.784000,2.197299153124285,2.66849774929427
14.786000,2.119172961013199,2.6025787747005418
14.788000,2.2876325627527274,2.5830472266727704
14.790000,2.0996414129854277,2.404821850919356
14.792000,2.1216144045166705,2.4634164950026705
14.794000,2.233920805676356,2.6709391927977415
14.796000,2.1264972915236133,2.4756237125200276
14.798000,2.0263981078812847,2.5830472266727704
14.800000,2.192416266117342,2.4023804074158845
14.802000,2.1338216220340276,2.4267948424505987
14.804000,2.0434882124055846,2.6636148622873272
14.806000,2.077668421454185,2.392614633401999
14.808000,2.0361638818951704,2.558632791638056
14.810000,2.0679026474402993,2.5000381475547417
14.812000,2.0630197604333564,2.404821850919356
14.814000,2.238803692683299,2.5781643396658276
14.816000,2.1045242999923706,2.5171282520790417
14.818000,2.2534523537041276,2.5732814526588847
14.820000,2.094758525978485,2.421911955443656
14.822000,2.0605783169298846,2.688029297322042
14.824000,2.2754253452353703,2.5732814526588847
14.826000,2.028839551384756,2.465857938506142
14.828000,2.2656595712214846,2.6416418707560845
14.830000,2.2827496757457846,2.4805065995269704
14.832000,2.1435873960479133,2.5513084611276415
14.834000,2.177767605096513,2.6636148622873272
14.836000,2.2632181277180132,2.409704737926299
14.838000,2.160677500572213,2.456092164492256
14.840000,2.102082856488899,2.4707408255130847
14.842000,2.033722438391699,2.4634164950026705
14.844000,2.0630197604333564,2.5049210345616846
14.846000,2.0703440909437707,2.639200427252613
14.848000,2.2119478141451134,2.6465247577630273
14.850000,2.1948577096208135,2.6758220798046843
14.852000,2.2241550316624705,2.4145876249332416
14.854000,2.102082856488899,2.597695887693599
14.856000,2.148470283054856,2.622110322728313
14.858000,2.2998397802700845,2.6660563057907987
14.860000,2.30960555428397,2.4365606164644844
14.862000,2.0483710994125275,2.6904707408255133
14.864000,2.251010910200656,2.5439841306172273
14.866000,2.3120469977874416,2.5171282520790417
14.868000,2.148470283054856,2.5268940260929273
14.870000,2.1680018310826275,2.6538490882734416
14.872000,2.050812542915999,2.4805065995269704
14.874000,2.182650492103456,2.5391012436102844
14.876000,2.1264972915236133,2.6831464103150986
14.878000,2.0434882124055846,2.6416418707560845
14.880000,2.2778667887388417,2.6636148622873272
14.882000,2.2998397802700845,2.519569695582513
14.884000,2.136263065537499,2.4512092774853134
14.886000,2.3315785458152134,2.4805065995269704
14.888000,2.280308232242313,2.575722896162356
14.890000,2.324254215304799,2.5049210345616846
14.892000,2.233920805676356,2.5903715571831847
14.894000,2.192416266117342,2.4707408255130847
14.896000,2.111848630502785,2.4853894865339132
14.898000,2.3193713282978563,2.4243533989471273
14.900000,2.2656595712214846,2.5708400091554133
14.902000,2.3047226672770273,2.4390020599679563
14.904000,2.0996414129854277,2.597695887693599
14.906000,2.2705424582284275,2.6416418707560845
14.908000,2.297398336766613,2.5879301136797133
14.910000,2.082551308461128,2.6001373311970704
14.912000,2.329137102311742,2.553749904631113
14.914000,2.072785534447242,2.465857938506142
14.916000,2.316929884794385,2.65140764476997
14.918000,2.160677500572213,2.688029297322042
14.920000,2.280308232242313,2.482948043030442
14.922000,2.3315785458152134,2.5708400091554133
14.924000,2.1460288395513847,2.575722896162356
14.926000,2.285191119249256,2.5952544441901275
14.928000,2.1850919356069274,2.553749904631113
14.930000,2.329137102311742,2.673380636301213
14.932000,2.1167315175097277,2.626993209735256
14.934000,2.0801098649576564,2.4682993820096133
14.936000,2.148470283054856,2.6074616617074846
14.938000,2.0971999694819563,2.541542687113756
14.940000,2.136263065537499,2.7100022888532846
14.942000,2.2998397802700845,2.541542687113756
14.944000,2.065461203936828,2.6977950713359276
14.946000,2.2656595712214846,2.4390020599679563
14.948000,2.170443274586099,2.478065156023499
14.950000,2.0874341954680706,2.6904707408255133
14.952000,2.3266956588082706,2.4756237125200276
14.954000,2.2949568932631417,2.417029068436713
14.956000,2.268101014724956,2.6929121843289847
14.958000,2.089875638971542,2.6416418707560845
14.960000,2.30960555428397,2.417029068436713
14.962000,2.2119478141451134,2.5220111390859845
14.964000,2.2119478141451134,2.4243533989471273
14.966000,2.0923170824750135,2.5146868085755703
14.968000,2.0630197604333564,2.6929121843289847
14.970000,2.111848630502785,2.465857938506142
14.972000,2.231479362172885,2.5659571221484705
14.974000,2.1142900740062562,2.4975967040512703
14.976000,2.0605783169298846,2.65140764476997
14.978000,2.1753261615930417,2.5220111390859845
14.980000,2.1264972915236133,2.5171282520790417
14.982000,2.214389257648585,2.5561913481345844
14.984000,2.272983901731899,2.4707408255130847
14.986000,2.238803692683299,2.6489662012664987
14.988000,2.346227206836042,2.5830472266727704
14.990000,2.170443274586099,2.5000381475547417
14.992000,2.2925154497596703,2.42923628595407
14.994000,2.1875333791103992,2.5781643396658276
14.996000,2.2949568932631417,2.519569695582513
14.998000,2.238803692683299,2.656290531776913
15.000000,2.2778667887388417,2.507362478065156
15.002000,2.209506370641642,2.507362478065156
15.004000,2.089875638971542,2.512245365072099
15.006000,2.3315785458152134,2.512245365072099
15.008000,2.2583352407110704,2.6587319752803844
15.010000,2.3437857633325705,2.6538490882734416
15.012000,2.131380178530556,2.6977950713359276
15.014000,2.238803692683299,2.673380636301213
15.016000,2.2412451361867705,2.473182269016556
15.018000,2.231479362172885,2.541542687113756
15.020000,2.2461280231937133,2.7148851758602275
15.022000,2.082551308461128,2.6660563057907987
15.024000,2.214389257648585,2.421911955443656
15.026000,2.2290379186694134,2.717326619363699
15.028000,2.221713588158999,2.507362478065156
15.030000,2.3193713282978563,2.680704966811627
15.032000,2.3071641107804988,2.700236514839399
15.034000,2.3315785458152134,2.6123445487144275
15.036000,2.2363622491798276,2.5391012436102844
15.038000,2.160677500572213,2.6416418707560845
15.040000,2.2705424582284275,2.448767833981842
15.042000,2.165560387579156,2.6367589837491416
15.044000,2.260776684214542,2.5781643396658276
15.046000,2.0556954299229417,2.5342183566033416
15.048000,2.3315785458152134,2.568398565651942
15.050000,2.0874341954680706,2.717326619363699
15.052000,2.2583352407110704,2.597695887693599
15.054000,2.1850919356069274,2.453650720988785
15.056000,2.124055848020142,2.6172274357213703
15.058000,2.346227206836042,2.6660563057907987
15.060000,2.280308232242313,2.512245365072099
15.062000,2.3266956588082706,2.6831464103150986
15.064000,2.231479362172885,2.4975967040512703
15.066000,2.165560387579156,2.5879301136797133
15.068000,2.124055848020142,2.568398565651942
15.070000,2.2070649271381706,2.644083314259556
15.072000,2.290074006256199,2.4316777294575416
15.074000,2.2778667887388417,2.4316777294575416
15.076000,2.1045242999923706,2.5561913481345844
15.078000,2.353551537346456,2.541542687113756
15.080000,2.30960555428397,2.626993209735256
15.082000,2.268101014724956,2.4682993820096133
15.084000,2.1948577096208135,2.5708400091554133
15.086000,2.131380178530556,2.673380636301213
15.088000,2.3486686503395133,2.717326619363699
15.090000,2.3047226672770273,2.6196688792248417
15.092000,2.2705424582284275,2.6001373311970704
15.094000,2.1460288395513847,2.4756237125200276
15.096000,2.1045242999923706,2.712443732356756
15.098000,2.3511100938429847,2.7075608453498132
15.100000,2.2241550316624705,2.4585336079957276
15.102000,2.0679026474402993,2.5952544441901275
15.104000,2.1753261615930417,2.5049210345616846
15.106000,2.1631189440756846,2.4585336079957276
15.108000,2.280308232242313,2.6587319752803844
15.110000,2.221713588158999,2.502479591058213
15.112000,2.2168307011520563,2.605020218204013
15.114000,2.082551308461128,2.4414435034714277
15.116000,2.290074006256199,2.6074616617074846
15.118000,2.0679026474402993,2.6538490882734416
15.120000,2.280308232242313,2.5171282520790417
15.122000,2.209506370641642,2.622110322728313
15.124000,2.1216144045166705,2.4634164950026705
15.126000,2.165560387579156,2.4707408255130847
15.128000,2.251010910200656,2.443884946974899
15.130000,2.0679026474402993,2.4927138170443275
15.132000,2.231479362172885,2.6025787747005418
15.134000,2.1460288395513847,2.5732814526588847
15.136000,2.353551537346456,2.65140764476997
15.138000,2.2583352407110704,2.6977950713359276
15.140000,2.324254215304799,2.54886701762417
15.142000,2.1460288395513847,2.5439841306172273
15.144000,2.3608758678568704,2.541542687113756
15.146000,2.089875638971542,2.541542687113756
15.148000,2.2949568932631417,2.622110322728313
15.150000,2.341344319829099,2.63431754024567
15.152000,2.1899748226138707,2.482948043030442
15.154000,2.2192721446555277,2.5879301136797133
15.156000,2.1802090485999845,2.63431754024567
15.158000,2.3682001983672847,2.495155260547799
15.160000,2.072785534447242,2.6709391927977415
15.162000,2.3486686503395133,2.5293354695963988
15.164000,2.2632181277180132,2.7270923933775846
15.166000,2.1338216220340276,2.6709391927977415
15.168000,2.3315785458152134,2.63431754024567
15.170000,2.1387045090409704,2.688029297322042
15.172000,2.1948577096208135,2.724650949874113
15.174000,2.204623483634699,2.4927138170443275
15.176000,2.131380178530556,2.558632791638056
15.178000,2.2925154497596703,2.536659800106813
15.180000,2.0923170824750135,2.453650720988785
15.182000,2.2949568932631417,2.553749904631113
15.184000,2.3120469977874416,2.575722896162356
15.186000,2.231479362172885,2.580605783169299
15.188000,2.316929884794385,2.680704966811627
15.190000,2.334019989318685,2.68558785381857
15.192000,2.136263065537499,2.6636148622873272
15.194000,2.165560387579156,2.6660563057907987
15.196000,2.255893797207599,2.4927138170443275
15.198000,2.221713588158999,2.68558785381857
15.200000,2.1850919356069274,2.605020218204013
15.202000,2.329137102311742,2.724650949874113
15.204000,2.2754253452353703,2.7197680628671703
15.206000,2.077668421454185,2.490272373540856
15.208000,2.0801098649576564,2.568398565651942
15.210000,2.1387045090409704,2.6489662012664987
15.212000,2.2754253452353703,2.482948043030442
15.214000,2.370641641870756,2.673380636301213
15.216000,2.2632181277180132,2.536659800106813
15.218000,2.2021820401312278,2.53177691309987
15.220000,2.221713588158999,2.6977950713359276
15.222000,2.141145952544442,2.585488670176242
15.224000,2.082551308461128,2.66849774929427
15.226000,2.3437857633325705,2.6074616617074846
15.228000,2.268101014724956,2.695353627832456
15.230000,2.2021820401312278,2.729533836881056
15.232000,2.2583352407110704,2.495155260547799
15.234000,2.204623483634699,2.6660563057907987
15.236000,2.165560387579156,2.597695887693599
15.238000,2.2412451361867705,2.68558785381857
15.240000,2.1338216220340276,2.561074235141527
15.242000,2.324254215304799,2.6660563057907987
15.244000,2.3682001983672847,2.7222095063706417
15.246000,2.3071641107804988,2.6538490882734416
15.248000,2.221713588158999,2.4927138170443275
15.250000,2.119172961013199,2.524452582589456
15.252000,2.3120469977874416,2.7197680628671703
15.254000,2.3608758678568704,2.6465247577630273
15.256000,2.1264972915236133,2.724650949874113
15.258000,2.255893797207599,2.519569695582513
15.260000,2.182650492103456,2.563515678644999
15.262000,2.3559929808499276,2.6196688792248417
15.264000,2.272983901731899,2.626993209735256
15.266000,2.382848859388113,2.5293354695963988
15.268000,2.192416266117342,2.6636148622873272
15.270000,2.1680018310826275,2.6367589837491416
15.272000,2.1948577096208135,2.6123445487144275
15.274000,2.094758525978485,2.53177691309987
15.276000,2.3144884412909135,2.519569695582513
15.278000,2.3315785458152134,2.4682993820096133
15.280000,2.3437857633325705,2.656290531776913
15.282000,2.3315785458152134,2.5098039215686274
15.284000,2.2192721446555277,2.717326619363699
15.286000,2.2656595712214846,2.734416723887999
15.288000,2.153353170061799,2.6465247577630273
15.290000,2.214389257648585,2.7197680628671703
15.292000,2.3047226672770273,2.465857938506142
15.294000,2.268101014724956,2.4853894865339132
15.296000,2.2168307011520563,2.5000381475547417
15.298000,2.334019989318685,2.4927138170443275
15.300000,2.2021820401312278,2.54886701762417
15.302000,2.124055848020142,2.512245365072099
15.304000,2.1338216220340276,2.5879301136797133
15.306000,2.2412451361867705,2.6465247577630273
15.308000,2.1753261615930417,2.6538490882734416
15.310000,2.2827496757457846,2.700236514839399
15.312000,2.1557946135652704,2.717326619363699
15.314000,2.3266956588082706,2.5903715571831847
15.316000,2.3047226672770273,2.5903715571831847
15.318000,2.221713588158999,2.7222095063706417
15.320000,2.3193713282978563,2.6416418707560845
15.322000,2.2876325627527274,2.5000381475547417
15.324000,2.1582360570687418,2.695353627832456
15.326000,2.316929884794385,2.4634164950026705
15.328000,2.353551537346456,2.6025787747005418
15.330000,2.165560387579156,2.5879301136797133
15.332000,2.1631189440756846,2.7270923933775846
15.334000,2.2778667887388417,2.4878309300373846
15.336000,2.3901731898985275,2.7319752803845274
15.338000,2.0971999694819563,2.6782635233081558
15.340000,2.1387045090409704,2.6416418707560845
15.342000,2.1802090485999845,2.741741054398413
15.344000,2.358434424353399,2.7612726024261844
15.346000,2.2412451361867705,2.7319752803845274
15.348000,2.1435873960479133,2.478065156023499
15.350000,2.1948577096208135,2.490272373540856
15.352000,2.153353170061799,2.695353627832456
15.354000,2.2827496757457846,2.495155260547799
15.356000,2.2925154497596703,2.585488670176242
15.358000,2.1802090485999845,2.700236514839399
15.360000,2.3193713282978563,2.6074616617074846
15.362000,2.3389028763256277,2.712443732356756
15.364000,2.165560387579156,2.6977950713359276
15.366000,2.3901731898985275,2.75394827191577
15.368000,2.182650492103456,2.473182269016556
15.370000,2.2534523537041276,2.746623941405356
15.372000,2.214389257648585,2.536659800106813
15.374000,2.255893797207599,2.5952544441901275
15.376000,2.119172961013199,2.6489662012664987
15.378000,2.260776684214542,2.758831158922713
15.380000,2.341344319829099,2.7515068284122988
15.382000,2.3437857633325705,2.53177691309987
15.384000,2.358434424353399,2.5830472266727704
15.386000,2.3608758678568704,2.609903105210956
15.388000,2.1728847180895703,2.609903105210956
15.390000,2.3266956588082706,2.75394827191577
15.392000,2.316929884794385,2.5708400091554133
15.394000,2.165560387579156,2.6196688792248417
15.396000,2.119172961013199,2.5049210345616846
15.398000,2.124055848020142,2.6025787747005418
15.400000,2.197299153124285,2.5268940260929273
15.402000,2.136263065537499,2.53177691309987
15.404000,2.231479362172885,2.6196688792248417
15.406000,2.3266956588082706,2.5708400091554133
15.408000,2.3804074158846418,2.626993209735256
15.410000,2.3120469977874416,2.656290531776913
15.412000,2.119172961013199,2.5146868085755703
15.414000,2.1289387350270847,2.746623941405356
15.416000,2.4023804074158845,2.758831158922713
15.418000,2.124055848020142,2.6074616617074846
15.420000,2.2925154497596703,2.563515678644999
15.422000,2.231479362172885,2.4878309300373846
15.424000,2.226596475165942,2.6294346532387274
15.426000,2.192416266117342,2.524452582589456
15.428000,2.363317311360342,2.7148851758602275
15.430000,2.231479362172885,2.5391012436102844
15.432000,2.192416266117342,2.4927138170443275
15.434000,2.124055848020142,2.478065156023499
15.436000,2.141145952544442,2.5098039215686274
15.438000,2.111848630502785,2.688029297322042
15.440000,2.2583352407110704,2.729533836881056
15.442000,2.3730830853742275,2.5659571221484705
15.444000,2.3218127718013277,2.6074616617074846
15.446000,2.404821850919356,2.7441824979018845
15.448000,2.3364614328221562,2.5659571221484705
15.450000,2.124055848020142,2.7075608453498132
15.452000,2.3657587548638133,2.482948043030442
15.454000,2.1582360570687418,2.6782635233081558
15.456000,2.1997405966277563,2.712443732356756
15.458000,2.1264972915236133,2.4975967040512703
15.460000,2.148470283054856,2.639200427252613
15.462000,2.1680018310826275,2.482948043030442
15.464000,2.197299153124285,2.6538490882734416
15.466000,2.341344319829099,2.5830472266727704
15.468000,2.316929884794385,2.661173418783856
15.470000,2.1264972915236133,2.6758220798046843
15.472000,2.3389028763256277,2.775921263447013
15.474000,2.170443274586099,2.4927138170443275
15.476000,2.1167315175097277,2.605020218204013
15.478000,2.124055848020142,2.7441824979018845
15.480000,2.1728847180895703,2.6294346532387274
15.482000,2.358434424353399,2.688029297322042
15.484000,2.226596475165942,2.644083314259556
15.486000,2.2705424582284275,2.6074616617074846
15.488000,2.358434424353399,2.5268940260929273
15.490000,2.30960555428397,2.7734798199435415
15.492000,2.3559929808499276,2.7197680628671703
15.494000,2.1850919356069274,2.6538490882734416
15.496000,2.2168307011520563,2.775921263447013
15.498000,2.363317311360342,2.7075608453498132
15.500000,2.3559929808499276,2.561074235141527
15.502000,2.182650492103456,2.5781643396658276
15.504000,2.2778667887388417,2.6636148622873272
15.506000,2.3730830853742275,2.5952544441901275
15.508000,2.2925154497596703,2.6172274357213703
15.510000,2.231479362172885,2.6758220798046843
15.512000,2.1997405966277563,2.758831158922713
15.514000,2.2754253452353703,2.4927138170443275
15.516000,2.1289387350270847,2.6465247577630273
15.518000,2.329137102311742,2.77103837644007
15.520000,2.192416266117342,2.7661554894331273
15.522000,2.2412451361867705,2.541542687113756
15.524000,2.1850919356069274,2.729533836881056
15.526000,2.1289387350270847,2.688029297322042
15.528000,2.2241550316624705,2.717326619363699
15.530000,2.404821850919356,2.568398565651942
15.532000,2.2754253452353703,2.53177691309987
15.534000,2.2876325627527274,2.7368581673914703
15.536000,2.3047226672770273,2.680704966811627
15.538000,2.197299153124285,2.6001373311970704
15.540000,2.2583352407110704,2.68558785381857
15.542000,2.3779659723811704,2.775921263447013
15.544000,2.3779659723811704,2.54886701762417
15.546000,2.2656595712214846,2.5146868085755703
15.548000,2.1557946135652704,2.631876096742199
15.550000,2.290074006256199,2.7734798199435415
15.552000,2.370641641870756,2.7100022888532846
15.554000,2.3608758678568704,2.656290531776913
15.556000,2.1557946135652704,2.6831464103150986
15.558000,2.3437857633325705,2.524452582589456
15.560000,2.1631189440756846,2.7075608453498132
15.562000,2.1338216220340276,2.6489662012664987
15.564000,2.214389257648585,2.5293354695963988
15.566000,2.3511100938429847,2.614785992217899
15.568000,2.324254215304799,2.597695887693599
15.570000,2.41214618142977,2.6831464103150986
15.572000,2.1509117265583275,2.78812848096437
15.574000,2.4023804074158845,2.695353627832456
15.576000,2.341344319829099,2.5781643396658276
15.578000,2.1680018310826275,2.717326619363699
15.580000,2.204623483634699,2.673380636301213
15.582000,2.30960555428397,2.524452582589456
15.584000,2.329137102311742,2.6196688792248417
15.586000,2.2534523537041276,2.6245517662317845
15.588000,2.3120469977874416,2.519569695582513
15.590000,2.1680018310826275,2.7222095063706417
15.592000,2.255893797207599,2.7685969329365987
15.594000,2.160677500572213,2.6831464103150986
15.596000,2.136263065537499,2.746623941405356
15.598000,2.1728847180895703,2.575722896162356
15.600000,2.209506370641642,2.568398565651942
15.602000,2.3266956588082706,2.5879301136797133
15.604000,2.2192721446555277,2.536659800106813
15.606000,2.3437857633325705,2.6904707408255133
15.608000,2.290074006256199,2.6074616617074846
15.610000,2.165560387579156,2.614785992217899
15.612000,2.2998397802700845,2.7783627069504844
15.614000,2.1387045090409704,2.5464255741206987
15.616000,2.3804074158846418,2.541542687113756
15.618000,2.1582360570687418,2.7197680628671703
15.620000,2.2192721446555277,2.7222095063706417
15.622000,2.3437857633325705,2.6367589837491416
15.624000,2.3901731898985275,2.7100022888532846
15.626000,2.2461280231937133,2.5708400091554133
15.628000,2.421911955443656,2.7075608453498132
15.630000,2.3511100938429847,2.700236514839399
15.632000,2.4023804074158845,2.5293354695963988
15.634000,2.1997405966277563,2.512245365072099
15.636000,2.243686579690242,2.6782635233081558
15.638000,2.141145952544442,2.724650949874113
15.640000,2.404821850919356,2.78812848096437
15.642000,2.1948577096208135,2.7856870374608986
15.644000,2.285191119249256,2.5879301136797133
15.646000,2.324254215304799,2.7734798199435415
15.648000,2.2021820401312278,2.605020218204013
15.650000,2.3559929808499276,2.77103837644007
15.652000,2.165560387579156,2.5049210345616846
15.654000,2.302281223773556,2.541542687113756
15.656000,2.4267948424505987,2.7197680628671703
15.658000,2.1948577096208135,2.6660563057907987
15.660000,2.375524528877699,2.7685969329365987
15.662000,2.1875333791103992,2.7685969329365987
15.664000,2.421911955443656,2.507362478065156
15.666000,2.3364614328221562,2.5146868085755703
15.668000,2.4194705119401845,2.6929121843289847
15.670000,2.226596475165942,2.775921263447013
15.672000,2.2290379186694134,2.7490653849088273
15.674000,2.233920805676356,2.7661554894331273
15.676000,2.4243533989471273,2.5830472266727704
15.678000,2.41214618142977,2.541542687113756
15.680000,2.3511100938429847,2.7270923933775846
15.682000,2.2754253452353703,2.763714045929656
15.684000,2.2583352407110704,2.512245365072099
15.686000,2.2778667887388417,2.717326619363699
15.688000,2.2021820401312278,2.7685969329365987
15.690000,2.160677500572213,2.585488670176242
15.692000,2.329137102311742,2.6294346532387274
15.694000,2.3682001983672847,2.580605783169299
15.696000,2.358434424353399,2.6074616617074846
15.698000,2.1875333791103992,2.5146868085755703
15.700000,2.1680018310826275,2.5952544441901275
15.702000,2.329137102311742,2.5293354695963988
15.704000,2.1875333791103992,2.8076600289921414
15.706000,2.30960555428397,2.5513084611276415
15.708000,2.2070649271381706,2.5708400091554133
15.710000,2.443884946974899,2.7026779583428704
15.712000,2.148470283054856,2.609903105210956
15.714000,2.2925154497596703,2.5464255741206987
15.716000,2.42923628595407,2.729533836881056
15.718000,2.3950560769054703,2.553749904631113
15.720000,2.4194705119401845,2.6172274357213703
15.722000,2.346227206836042,2.705119401846342
15.724000,2.4267948424505987,2.5146868085755703
15.726000,2.2876325627527274,2.5391012436102844
15.728000,2.272983901731899,2.7222095063706417
15.730000,2.1557946135652704,2.5903715571831847
15.732000,2.233920805676356,2.6367589837491416
15.734000,2.375524528877699,2.580605783169299
15.736000,2.3657587548638133,2.763714045929656
15.738000,2.1948577096208135,2.5952544441901275
15.740000,2.443884946974899,2.597695887693599
15.742000,2.3559929808499276,2.6196688792248417
15.744000,2.392614633401999,2.63431754024567
15.746000,2.2290379186694134,2.729533836881056
15.748000,2.4316777294575416,2.7685969329365987
15.750000,2.382848859388113,2.6489662012664987
15.752000,2.255893797207599,2.7100022888532846
15.754000,2.392614633401999,2.661173418783856
15.756000,2.341344319829099,2.585488670176242
15.758000,2.434119172961013,2.758831158922713
15.760000,2.197299153124285,2.5293354695963988
15.762000,2.382848859388113,2.6782635233081558
15.764000,2.2754253452353703,2.6977950713359276
15.766000,2.1899748226138707,2.6294346532387274
15.768000,2.2290379186694134,2.8027771419851986
15.770000,2.30960555428397,2.614785992217899
15.772000,2.2656595712214846,2.6465247577630273
15.774000,2.285191119249256,2.553749904631113
15.776000,2.353551537346456,2.66849774929427
15.778000,2.2534523537041276,2.5781643396658276
15.780000,2.4414435034714277,2.7856870374608986
15.782000,2.160677500572213,2.712443732356756
15.784000,2.363317311360342,2.6709391927977415
15.786000,2.297398336766613,2.5439841306172273
15.788000,2.165560387579156,2.644083314259556
15.790000,2.2876325627527274,2.763714045929656
15.792000,2.4365606164644844,2.68558785381857
15.794000,2.165560387579156,2.575722896162356
15.796000,2.3804074158846418,2.597695887693599
15.798000,2.392614633401999,2.6929121843289847
15.800000,2.4145876249332416,2.5952544441901275
15.802000,2.221713588158999,2.783245593957427
15.804000,2.4267948424505987,2.626993209735256
15.806000,2.2656595712214846,2.7905699244678415
15.808000,2.170443274586099,2.66849774929427
15.810000,2.2827496757457846,2.717326619363699
15.812000,2.4512092774853134,2.5659571221484705
15.814000,2.448767833981842,2.7612726024261844
15.816000,2.160677500572213,2.8125429159990842
15.818000,2.399938963912413,2.609903105210956
15.820000,2.41214618142977,2.7148851758602275
15.822000,2.4316777294575416,2.6831464103150986
15.824000,2.3682001983672847,2.741741054398413
15.826000,2.341344319829099,2.536659800106813
15.828000,2.4585336079957276,2.6904707408255133
15.830000,2.302281223773556,2.793011367971313
15.832000,2.329137102311742,2.793011367971313
15.834000,2.443884946974899,2.53177691309987
15.836000,2.2998397802700845,2.6904707408255133
15.838000,2.2241550316624705,2.712443732356756
15.840000,2.2583352407110704,2.66849774929427
15.842000,2.2827496757457846,2.734416723887999
15.844000,2.2827496757457846,2.724650949874113
15.846000,2.3657587548638133,2.8247501335164418
15.848000,2.2412451361867705,2.631876096742199
15.850000,2.1899748226138707,2.6709391927977415
15.852000,2.2192721446555277,2.77103837644007
15.854000,2.4414435034714277,2.6636148622873272
15.856000,2.238803692683299,2.6245517662317845
15.858000,2.297398336766613,2.6758220798046843
15.860000,2.2363622491798276,2.661173418783856
15.862000,2.3315785458152134,2.661173418783856
15.864000,2.251010910200656,2.63431754024567
15.866000,2.3389028763256277,2.6538490882734416
15.868000,2.2876325627527274,2.6172274357213703
15.870000,2.285191119249256,2.6196688792248417
15.872000,2.399938963912413,2.793011367971313
15.874000,2.2583352407110704,2.673380636301213
15.876000,2.177767605096513,2.6196688792248417
15.878000,2.4194705119401845,2.639200427252613
15.880000,2.272983901731899,2.6074616617074846
15.882000,2.3974975204089417,2.700236514839399
15.884000,2.346227206836042,2.7075608453498132
15.886000,2.392614633401999,2.5561913481345844
15.888000,2.268101014724956,2.6465247577630273
15.890000,2.3657587548638133,2.6709391927977415
15.892000,2.465857938506142,2.7319752803845274
15.894000,2.1948577096208135,2.6367589837491416
15.896000,2.42923628595407,2.644083314259556
15.898000,2.2119478141451134,2.6025787747005418
15.900000,2.3047226672770273,2.729533836881056
15.902000,2.177767605096513,2.8174258030060275
15.904000,2.3486686503395133,2.644083314259556
15.906000,2.272983901731899,2.7392996108949417
15.908000,2.192416266117342,2.7368581673914703
15.910000,2.421911955443656,2.54886701762417
15.912000,2.1875333791103992,2.705119401846342
15.914000,2.3071641107804988,2.827191577019913
15.916000,2.4707408255130847,2.6636148622873272
15.918000,2.2583352407110704,2.8174258030060275
15.920000,2.353551537346456,2.6074616617074846
15.922000,2.329137102311742,2.6538490882734416
15.924000,2.2192721446555277,2.7612726024261844
15.926000,2.3950560769054703,2.775921263447013
15.928000,2.1899748226138707,2.8247501335164418
15.930000,2.4194705119401845,2.5903715571831847
15.932000,2.392614633401999,2.673380636301213
15.934000,2.4145876249332416,2.7197680628671703
15.936000,2.4390020599679563,2.8174258030060275
15.938000,2.4243533989471273,2.6929121843289847
15.940000,2.2168307011520563,2.6025787747005418
15.942000,2.3779659723811704,2.609903105210956
15.944000,2.197299153124285,2.6758220798046843
15.946000,2.443884946974899,2.746623941405356
15.948000,2.3950560769054703,2.7026779583428704
15.950000,2.204623483634699,2.7222095063706417
15.952000,2.353551537346456,2.6904707408255133
15.954000,2.3144884412909135,2.6172274357213703
15.956000,2.1948577096208135,2.832074464026856
15.958000,2.4414435034714277,2.832074464026856
15.960000,2.324254215304799,2.6709391927977415
15.962000,2.4634164950026705,2.6831464103150986
15.964000,2.417029068436713,2.639200427252613
15.966000,2.2168307011520563,2.65140764476997
15.968000,2.3657587548638133,2.783245593957427
15.970000,2.2656595712214846,2.7612726024261844
15.972000,2.2534523537041276,2.5708400091554133
15.974000,2.1948577096208135,2.5879301136797133
15.976000,2.4805065995269704,2.6489662012664987
15.978000,2.1850919356069274,2.605020218204013
15.980000,2.3437857633325705,2.8296330205233846
15.982000,2.297398336766613,2.7490653849088273
15.984000,2.4072632944228274,2.561074235141527
15.986000,2.1948577096208135,2.717326619363699
15.988000,2.3071641107804988,2.6758220798046843
15.990000,2.334019989318685,2.580605783169299
15.992000,2.399938963912413,2.656290531776913
15.994000,2.1899748226138707,2.814984359502556
15.996000,2.358434424353399,2.746623941405356
15.998000,2.197299153124285,2.65140764476997
16.000000,2.4023804074158845,2.7026779583428704
16.002000,2.2949568932631417,2.724650949874113
16.004000,2.4316777294575416,2.63431754024567
16.006000,2.2705424582284275,2.5561913481345844
16.008000,2.290074006256199,2.844281681544213
16.010000,2.4512092774853134,2.712443732356756
16.012000,2.3657587548638133,2.68558785381857
16.014000,2.1997405966277563,2.7856870374608986
16.016000,2.3193713282978563,2.5732814526588847
16.018000,2.1899748226138707,2.661173418783856
16.020000,2.2949568932631417,2.8467231250476845
16.022000,2.2705424582284275,2.6977950713359276
16.024000,2.2583352407110704,2.741741054398413
16.026000,2.3950560769054703,2.7734798199435415
16.028000,2.329137102311742,2.7490653849088273
16.030000,2.2656595712214846,2.7563897154192416
16.032000,2.1948577096208135,2.819867246509499
16.034000,2.456092164492256,2.8247501335164418
16.036000,2.399938963912413,2.7197680628671703
16.038000,2.2998397802700845,2.6001373311970704
16.040000,2.353551537346456,2.6636148622873272
16.042000,2.41214618142977,2.6416418707560845
16.044000,2.3218127718013277,2.7392996108949417
16.046000,2.3682001983672847,2.7319752803845274
16.048000,2.4756237125200276,2.558632791638056
16.050000,2.2705424582284275,2.6245517662317845
16.052000,2.3193713282978563,2.6416418707560845
16.054000,2.3511100938429847,2.6709391927977415
16.056000,2.3047226672770273,2.673380636301213
16.058000,2.4194705119401845,2.810101472495613
16.060000,2.2534523537041276,2.6367589837491416
16.062000,2.2290379186694134,2.724650949874113
16.064000,2.255893797207599,2.561074235141527
16.066000,2.4414435034714277,2.563515678644999
16.068000,2.231479362172885,2.68558785381857
16.070000,2.4805065995269704,2.810101472495613
16.072000,2.4634164950026705,2.793011367971313
16.074000,2.482948043030442,2.717326619363699
16.076000,2.2070649271381706,2.7978942549782557
16.078000,2.2583352407110704,2.7954528114747843
16.080000,2.3218127718013277,2.7392996108949417
16.082000,2.448767833981842,2.63431754024567
16.084000,2.363317311360342,2.7856870374608986
16.086000,2.2632181277180132,2.6001373311970704
16.088000,2.324254215304799,2.575722896162356
16.090000,2.255893797207599,2.729533836881056
16.092000,2.482948043030442,2.63431754024567
16.094000,2.392614633401999,2.6196688792248417
16.096000,2.4756237125200276,2.639200427252613
16.098000,2.285191119249256,2.800335698481727
16.100000,2.4194705119401845,2.626993209735256
16.102000,2.302281223773556,2.6904707408255133
16.104000,2.387731746395056,2.8027771419851986
16.106000,2.2241550316624705,2.8296330205233846
16.108000,2.4316777294575416,2.6025787747005418
16.110000,2.4267948424505987,2.5903715571831847
16.112000,2.482948043030442,2.819867246509499
16.114000,2.4878309300373846,2.585488670176242
16.116000,2.2290379186694134,2.7392996108949417
16.118000,2.4975967040512703,2.5879301136797133
16.120000,2.370641641870756,2.6660563057907987
16.122000,2.238803692683299,2.800335698481727
16.124000,2.290074006256199,2.5952544441901275
16.126000,2.3559929808499276,2.8076600289921414
16.128000,2.41214618142977,2.6489662012664987
16.130000,2.3779659723811704,2.7563897154192416
16.132000,2.3779659723811704,2.575722896162356
16.134000,2.353551537346456,2.6489662012664987
16.136000,2.4682993820096133,2.65140764476997
16.138000,2.448767833981842,2.7222095063706417
16.140000,2.3266956588082706,2.7270923933775846
16.142000,2.417029068436713,2.6489662012664987
16.144000,2.3559929808499276,2.5879301136797133
16.146000,2.4975967040512703,2.8223086900129704
16.148000,2.443884946974899,2.8027771419851986
16.150000,2.238803692683299,2.7563897154192416
16.152000,2.4707408255130847,2.6367589837491416
16.154000,2.448767833981842,2.8516060120546274
16.156000,2.2705424582284275,2.6172274357213703
16.158000,2.2192721446555277,2.7734798199435415
16.160000,2.495155260547799,2.575722896162356
16.162000,2.2485694666971847,2.712443732356756
16.164000,2.243686579690242,2.7905699244678415
16.166000,2.2168307011520563,2.8125429159990842
16.168000,2.4145876249332416,2.6758220798046843
16.170000,2.209506370641642,2.6074616617074846
16.172000,2.251010910200656,2.783245593957427
16.174000,2.2827496757457846,2.6025787747005418
16.176000,2.209506370641642,2.819867246509499
16.178000,2.329137102311742,2.6587319752803844
16.180000,2.4585336079957276,2.6025787747005418
16.182000,2.375524528877699,2.6294346532387274
16.184000,2.3193713282978563,2.575722896162356
16.186000,2.4145876249332416,2.866254673075456
16.188000,2.238803692683299,2.724650949874113
16.190000,2.2754253452353703,2.6074616617074846
16.192000,2.2290379186694134,2.783245593957427
16.194000,2.375524528877699,2.8027771419851986
16.196000,2.2778667887388417,2.5732814526588847
16.198000,2.2754253452353703,2.7100022888532846
16.200000,2.214389257648585,2.700236514839399
16.202000,2.409704737926299,2.8467231250476845
16.204000,2.3779659723811704,2.614785992217899
16.206000,2.260776684214542,2.700236514839399
16.208000,2.2778667887388417,2.8711375600823987
16.210000,2.4878309300373846,2.7612726024261844
16.212000,2.4390020599679563,2.6074616617074846
16.214000,2.482948043030442,2.639200427252613
16.216000,2.4878309300373846,2.644083314259556
16.218000,2.316929884794385,2.6929121843289847
16.220000,2.4316777294575416,2.580605783169299
16.222000,2.417029068436713,2.7100022888532846
16.224000,2.2925154497596703,2.819867246509499
16.226000,2.3852903028915846,2.7270923933775846
16.228000,2.260776684214542,2.656290531776913
16.230000,2.507362478065156,2.775921263447013
16.232000,2.4194705119401845,2.63431754024567
16.234000,2.5000381475547417,2.7661554894331273
16.236000,2.409704737926299,2.597695887693599
16.238000,2.4927138170443275,2.5903715571831847
16.240000,2.473182269016556,2.783245593957427
16.242000,2.324254215304799,2.7563897154192416
16.244000,2.3779659723811704,2.6123445487144275
16.246000,2.3389028763256277,2.63431754024567
16.248000,2.316929884794385,2.7954528114747843
16.250000,2.3779659723811704,2.63431754024567
16.252000,2.30960555428397,2.6758220798046843
16.254000,2.4316777294575416,2.5903715571831847
16.256000,2.4267948424505987,2.622110322728313
16.258000,2.2485694666971847,2.644083314259556
16.260000,2.392614633401999,2.8027771419851986
16.262000,2.4853894865339132,2.866254673075456
16.264000,2.358434424353399,2.7685969329365987
16.266000,2.2778667887388417,2.75394827191577
16.268000,2.4634164950026705,2.746623941405356
16.270000,2.417029068436713,2.844281681544213
16.272000,2.382848859388113,2.6831464103150986
16.274000,2.42923628595407,2.729533836881056
16.276000,2.392614633401999,2.656290531776913
16.278000,2.5146868085755703,2.7661554894331273
16.280000,2.3218127718013277,2.763714045929656
16.282000,2.2656595712214846,2.85648889906157
16.284000,2.358434424353399,2.8467231250476845
16.286000,2.3047226672770273,2.6660563057907987
16.288000,2.353551537346456,2.80521858548867
16.290000,2.290074006256199,2.8711375600823987
16.292000,2.4023804074158845,2.7148851758602275
16.294000,2.285191119249256,2.836957351033799
16.296000,2.2290379186694134,2.8809033340962844
16.298000,2.4853894865339132,2.7490653849088273
16.300000,2.4853894865339132,2.7075608453498132
16.302000,2.268101014724956,2.832074464026856
16.304000,2.4585336079957276,2.783245593957427
16.306000,2.251010910200656,2.631876096742199
16.308000,2.4145876249332416,2.705119401846342
16.310000,2.2876325627527274,2.597695887693599
16.312000,2.3852903028915846,2.66849774929427
16.314000,2.297398336766613,2.783245593957427
16.316000,2.2754253452353703,2.8516060120546274
16.318000,2.5220111390859845,2.7661554894331273
16.320000,2.363317311360342,2.87357900358587
16.322000,2.2705424582284275,2.680704966811627
16.324000,2.434119172961013,2.6294346532387274
16.326000,2.4756237125200276,2.85648889906157
16.328000,2.5049210345616846,2.8345159075303274
16.330000,2.4145876249332416,2.8589303425650416
16.332000,2.2363622491798276,2.6636148622873272
16.334000,2.473182269016556,2.8345159075303274
16.336000,2.524452582589456,2.775921263447013
16.338000,2.4756237125200276,2.8686961165789273
16.340000,2.502479591058213,2.6587319752803844
16.342000,2.3193713282978563,2.6025787747005418
16.344000,2.3657587548638133,2.7148851758602275
16.346000,2.2412451361867705,2.597695887693599
16.348000,2.490272373540856,2.6904707408255133
16.350000,2.255893797207599,2.7270923933775846
16.352000,2.4194705119401845,2.7148851758602275
16.354000,2.3047226672770273,2.712443732356756
16.356000,2.456092164492256,2.7148851758602275
16.358000,2.3218127718013277,2.800335698481727
16.360000,2.42923628595407,2.87357900358587
16.362000,2.302281223773556,2.7441824979018845
16.364000,2.507362478065156,2.7270923933775846
16.366000,2.4634164950026705,2.8467231250476845
16.368000,2.382848859388113,2.7392996108949417
16.370000,2.341344319829099,2.800335698481727
16.372000,2.238803692683299,2.6587319752803844
16.374000,2.2754253452353703,2.6636148622873272
16.376000,2.392614633401999,2.8857862211032272
16.378000,2.5000381475547417,2.6416418707560845
16.380000,2.3486686503395133,2.6001373311970704
16.382000,2.3901731898985275,2.6977950713359276
16.384000,2.453650720988785,2.6025787747005418
16.386000,2.2534523537041276,2.861371786068513
16.388000,2.2583352407110704,2.775921263447013
16.390000,2.4853894865339132,2.85648889906157
16.392000,2.4145876249332416,2.729533836881056
16.394000,2.434119172961013,2.827191577019913
16.396000,2.4023804074158845,2.6538490882734416
16.398000,2.4634164950026705,2.8686961165789273
16.400000,2.4023804074158845,2.8418402380407417
16.402000,2.329137102311742,2.85648889906157
16.404000,2.519569695582513,2.7734798199435415
16.406000,2.316929884794385,2.6709391927977415
16.408000,2.2656595712214846,2.6587319752803844
16.410000,2.3389028763256277,2.8174258030060275
16.412000,2.519569695582513,2.7441824979018845
16.414000,2.490272373540856,2.832074464026856
16.416000,2.375524528877699,2.8882276646066987
16.418000,2.3218127718013277,2.8760204470893416
16.420000,2.353551537346456,2.8516060120546274
16.422000,2.3266956588082706,2.622110322728313
16.424000,2.2485694666971847,2.814984359502556
16.426000,2.536659800106813,2.7905699244678415
16.428000,2.353551537346456,2.7222095063706417
16.430000,2.2925154497596703,2.6123445487144275
16.432000,2.3266956588082706,2.729533836881056
16.434000,2.375524528877699,2.717326619363699
16.436000,2.2705424582284275,2.7075608453498132
16.438000,2.502479591058213,2.8247501335164418
16.440000,2.3559929808499276,2.7905699244678415
16.442000,2.260776684214542,2.8857862211032272
16.444000,2.2949568932631417,2.6245517662317845
16.446000,2.3315785458152134,2.695353627832456
16.448000,2.3608758678568704,2.814984359502556
16.450000,2.465857938506142,2.6758220798046843
16.452000,2.478065156023499,2.6123445487144275
16.454000,2.302281223773556,2.9004348821240558
16.456000,2.2925154497596703,2.729533836881056
16.458000,2.392614633401999,2.775921263447013
16.460000,2.3144884412909135,2.854047455558099
16.462000,2.268101014724956,2.6977950713359276
16.464000,2.4682993820096133,2.734416723887999
16.466000,2.4512092774853134,2.8296330205233846
16.468000,2.3364614328221562,2.705119401846342
16.470000,2.4878309300373846,2.7368581673914703
16.472000,2.4145876249332416,2.6196688792248417
16.474000,2.5146868085755703,2.7661554894331273
16.476000,2.290074006256199,2.878461890592813
16.478000,2.4805065995269704,2.7661554894331273
16.480000,2.2632181277180132,2.609903105210956
16.482000,2.3852903028915846,2.631876096742199
16.484000,2.4853894865339132,2.8686961165789273
16.486000,2.465857938506142,2.7075608453498132
16.488000,2.272983901731899,2.758831158922713
16.490000,2.4267948424505987,2.780804150453956
16.492000,2.3559929808499276,2.902876325627527
16.494000,2.30960555428397,2.85648889906157
16.496000,2.5146868085755703,2.6758220798046843
16.498000,2.2827496757457846,2.895551995117113
16.500000,2.4853894865339132,2.6367589837491416
16.502000,2.4243533989471273,2.626993209735256
16.504000,2.4512092774853134,2.77103837644007
16.506000,2.5000381475547417,2.8418402380407417
16.508000,2.334019989318685,2.8760204470893416
16.510000,2.4975967040512703,2.626993209735256
16.512000,2.5000381475547417,2.8760204470893416
16.514000,2.42923628595407,2.6782635233081558
16.516000,2.353551537346456,2.8589303425650416
16.518000,2.4682993820096133,2.866254673075456
16.520000,2.495155260547799,2.6709391927977415
16.522000,2.507362478065156,2.66849774929427
16.524000,2.375524528877699,2.656290531776913
16.526000,2.524452582589456,2.8223086900129704
16.528000,2.421911955443656,2.7515068284122988
16.530000,2.541542687113756,2.7734798199435415
16.532000,2.302281223773556,2.9102006561379414
16.534000,2.3608758678568704,2.7222095063706417
16.536000,2.456092164492256,2.758831158922713
16.538000,2.2632181277180132,2.7515068284122988
16.540000,2.387731746395056,2.8223086900129704
16.542000,2.443884946974899,2.7685969329365987
16.544000,2.2656595712214846,2.8125429159990842
16.546000,2.3901731898985275,2.902876325627527
16.548000,2.4805065995269704,2.661173418783856
16.550000,2.456092164492256,2.712443732356756
16.552000,2.329137102311742,2.912642099641413
16.554000,2.5561913481345844,2.7563897154192416
16.556000,2.3901731898985275,2.7368581673914703
16.558000,2.3218127718013277,2.6489662012664987
16.560000,2.421911955443656,2.6489662012664987
16.562000,2.443884946974899,2.7905699244678415
16.564000,2.4023804074158845,2.673380636301213
16.566000,2.541542687113756,2.661173418783856
16.568000,2.3901731898985275,2.7734798199435415
16.570000,2.4927138170443275,2.8931105516136415
16.572000,2.5293354695963988,2.85648889906157
16.574000,2.2778667887388417,2.7978942549782557
16.576000,2.5293354695963988,2.895551995117113
16.578000,2.4072632944228274,2.6587319752803844
16.580000,2.4927138170443275,2.8857862211032272
16.582000,2.4707408255130847,2.78812848096437
16.584000,2.3266956588082706,2.8247501335164418
16.586000,2.536659800106813,2.622110322728313
16.588000,2.5391012436102844,2.800335698481727
16.590000,2.512245365072099,2.6904707408255133
16.592000,2.4145876249332416,2.7392996108949417
16.594000,2.456092164492256,2.8223086900129704
16.596000,2.316929884794385,2.8027771419851986
16.598000,2.5098039215686274,2.6929121843289847
16.600000,2.4853894865339132,2.7954528114747843
16.602000,2.434119172961013,2.6245517662317845
16.604000,2.358434424353399,2.7515068284122988
16.606000,2.453650720988785,2.626993209735256
16.608000,2.4267948424505987,2.78812848096437
16.610000,2.3730830853742275,2.6587319752803844
16.612000,2.42923628595407,2.8760204470893416
16.614000,2.4585336079957276,2.7441824979018845
16.616000,2.404821850919356,2.729533836881056
16.618000,2.460975051499199,2.902876325627527
16.620000,2.482948043030442,2.7368581673914703
16.622000,2.2925154497596703,2.717326619363699
16.624000,2.272983901731899,2.87357900358587
16.626000,2.490272373540856,2.9102006561379414
16.628000,2.2998397802700845,2.9053177691309986
16.630000,2.3047226672770273,2.77103837644007
16.632000,2.3486686503395133,2.8857862211032272
16.634000,2.5659571221484705,2.6636148622873272
16.636000,2.4975967040512703,2.814984359502556
16.638000,2.421911955443656,2.775921263447013
16.640000,2.5659571221484705,2.8345159075303274
16.642000,2.519569695582513,2.8686961165789273
16.644000,2.456092164492256,2.8125429159990842
16.646000,2.5513084611276415,2.844281681544213
16.648000,2.448767833981842,2.7270923933775846
16.650000,2.392614633401999,2.9004348821240558
16.652000,2.30960555428397,2.6709391927977415
16.654000,2.5659571221484705,2.8027771419851986
16.656000,2.4463263904783705,2.695353627832456
16.658000,2.502479591058213,2.6587319752803844
16.660000,2.4267948424505987,2.832074464026856
16.662000,2.460975051499199,2.866254673075456
16.664000,2.448767833981842,2.895551995117113
16.666000,2.524452582589456,2.688029297322042
16.668000,2.490272373540856,2.6929121843289847
16.670000,2.42923628595407,2.8760204470893416
16.672000,2.329137102311742,2.866254673075456
16.674000,2.53177691309987,2.8223086900129704
16.676000,2.563515678644999,2.8076600289921414
16.678000,2.4878309300373846,2.758831158922713
16.680000,2.3266956588082706,2.712443732356756
16.682000,2.4316777294575416,2.6660563057907987
16.684000,2.519569695582513,2.6636148622873272
16.686000,2.3266956588082706,2.7368581673914703
16.688000,2.4463263904783705,2.8247501335164418
16.690000,2.5000381475547417,2.7197680628671703
16.692000,2.2949568932631417,2.6636148622873272
16.694000,2.5171282520790417,2.6538490882734416
16.696000,2.341344319829099,2.75394827191577
16.698000,2.290074006256199,2.832074464026856
16.700000,2.3047226672770273,2.85648889906157
16.702000,2.3218127718013277,2.8711375600823987
16.704000,2.5708400091554133,2.800335698481727
16.706000,2.4365606164644844,2.80521858548867
16.708000,2.5561913481345844,2.90775921263447
16.710000,2.5000381475547417,2.7685969329365987
16.712000,2.4682993820096133,2.6538490882734416
16.714000,2.4365606164644844,2.7197680628671703
16.716000,2.5391012436102844,2.7100022888532846
16.718000,2.568398565651942,2.9102006561379414
16.720000,2.3657587548638133,2.77103837644007
16.722000,2.536659800106813,2.7148851758602275
16.724000,2.5268940260929273,2.712443732356756
16.726000,2.4975967040512703,2.7148851758602275
16.728000,2.4390020599679563,2.7783627069504844
16.730000,2.4878309300373846,2.793011367971313
16.732000,2.3266956588082706,2.8223086900129704
16.734000,2.443884946974899,2.7075608453498132
16.736000,2.3144884412909135,2.937056534676127
16.738000,2.3071641107804988,2.6636148622873272
16.740000,2.3682001983672847,2.800335698481727
16.742000,2.41214618142977,2.8638132295719845
16.744000,2.3779659723811704,2.9150835431448843
16.746000,2.302281223773556,2.8345159075303274
16.748000,2.5220111390859845,2.734416723887999
16.750000,2.382848859388113,2.8296330205233846
16.752000,2.5659571221484705,2.724650949874113
16.754000,2.4072632944228274,2.7222095063706417
16.756000,2.3608758678568704,2.929732204165713
16.758000,2.3315785458152134,2.746623941405356
16.760000,2.5391012436102844,2.7685969329365987
16.762000,2.2925154497596703,2.7270923933775846
16.764000,2.4682993820096133,2.929732204165713
16.766000,2.42923628595407,2.644083314259556
16.768000,2.358434424353399,2.758831158922713
16.770000,2.5708400091554133,2.7100022888532846
16.772000,2.3486686503395133,2.695353627832456
16.774000,2.553749904631113,2.741741054398413
16.776000,2.4365606164644844,2.7368581673914703
16.778000,2.5781643396658276,2.6465247577630273
16.780000,2.4365606164644844,2.9053177691309986
16.782000,2.5561913481345844,2.9102006561379414
16.784000,2.4756237125200276,2.661173418783856
16.786000,2.558632791638056,2.680704966811627
16.788000,2.3657587548638133,2.9004348821240558
16.790000,2.4414435034714277,2.75394827191577
16.792000,2.399938963912413,2.9102006561379414
16.794000,2.421911955443656,2.6465247577630273
16.796000,2.4585336079957276,2.8638132295719845
16.798000,2.417029068436713,2.6538490882734416
16.800000,2.5708400091554133,2.734416723887999
16.802000,2.4927138170443275,2.8076600289921414
16.804000,2.3779659723811704,2.7490653849088273
16.806000,2.5439841306172273,2.712443732356756
16.808000,2.392614633401999,2.946822308690013
16.810000,2.358434424353399,2.8467231250476845
16.812000,2.3730830853742275,2.7148851758602275
16.814000,2.5708400091554133,2.673380636301213
16.816000,2.404821850919356,2.9443808651865417
16.818000,2.5879301136797133,2.680704966811627
16.820000,2.3218127718013277,2.7392996108949417
16.822000,2.54886701762417,2.7490653849088273
16.824000,2.3608758678568704,2.8711375600823987
16.826000,2.443884946974899,2.724650949874113
16.828000,2.453650720988785,2.8393987945372703
16.830000,2.4365606164644844,2.7100022888532846
16.832000,2.4927138170443275,2.814984359502556
16.834000,2.592813000686656,2.6831464103150986
16.836000,2.4463263904783705,2.741741054398413
16.838000,2.5049210345616846,2.793011367971313
16.840000,2.5659571221484705,2.6538490882734416
16.842000,2.5830472266727704,2.793011367971313
16.844000,2.54886701762417,2.7954528114747843
16.846000,2.409704737926299,2.8516060120546274
16.848000,2.329137102311742,2.8174258030060275
16.850000,2.42923628595407,2.68558785381857
16.852000,2.4414435034714277,2.800335698481727
16.854000,2.5708400091554133,2.75394827191577
16.856000,2.4267948424505987,2.705119401846342
16.858000,2.5732814526588847,2.6977950713359276
16.860000,2.4267948424505987,2.700236514839399
16.862000,2.4194705119401845,2.80521858548867
16.864000,2.5342183566033416,2.741741054398413
16.866000,2.53177691309987,2.8247501335164418
16.868000,2.3779659723811704,2.6977950713359276
16.870000,2.448767833981842,2.712443732356756
16.872000,2.3511100938429847,2.85648889906157
16.874000,2.4390020599679563,2.895551995117113
16.876000,2.399938963912413,2.8125429159990842
16.878000,2.54886701762417,2.6904707408255133
16.880000,2.4927138170443275,2.8076600289921414
16.882000,2.3730830853742275,2.80521858548867
16.884000,2.4512092774853134,2.7685969329365987
16.886000,2.3218127718013277,2.800335698481727
16.888000,2.5781643396658276,2.8516060120546274
16.890000,2.4707408255130847,2.7563897154192416
16.892000,2.4756237125200276,2.832074464026856
16.894000,2.4878309300373846,2.932173647669184
16.896000,2.482948043030442,2.9346150911726556
16.898000,2.3193713282978563,2.673380636301213
16.900000,2.409704737926299,2.8686961165789273
16.902000,2.5903715571831847,2.80521858548867
16.904000,2.3120469977874416,2.8345159075303274
16.906000,2.3608758678568704,2.8296330205233846
16.908000,2.3852903028915846,2.66849774929427
16.910000,2.4634164950026705,2.937056534676127
16.912000,2.5220111390859845,2.9346150911726556
16.914000,2.453650720988785,2.7148851758602275
16.916000,2.502479591058213,2.8711375600823987
16.918000,2.41214618142977,2.932173647669184
16.920000,2.4634164950026705,2.9346150911726556
16.922000,2.443884946974899,2.951705195696956
16.924000,2.519569695582513,2.951705195696956
16.926000,2.370641641870756,2.7978942549782557
16.928000,2.3950560769054703,2.700236514839399
16.930000,2.3144884412909135,2.734416723887999
16.932000,2.605020218204013,2.844281681544213
16.934000,2.4390020599679563,2.8174258030060275
16.936000,2.3852903028915846,2.8516060120546274
16.938000,2.5293354695963988,2.7222095063706417
16.940000,2.4805065995269704,2.7978942549782557
16.942000,2.4243533989471273,2.85648889906157
16.944000,2.6025787747005418,2.6929121843289847
16.946000,2.4463263904783705,2.849164568551156
16.948000,2.568398565651942,2.956588082703899
16.950000,2.453650720988785,2.8979934386205843
16.952000,2.6074616617074846,2.956588082703899
16.954000,2.5464255741206987,2.895551995117113
16.956000,2.6025787747005418,2.712443732356756
16.958000,2.5830472266727704,2.717326619363699
16.960000,2.5952544441901275,2.9272907606622414
16.962000,2.3193713282978563,2.7734798199435415
16.964000,2.54886701762417,2.746623941405356
16.966000,2.6025787747005418,2.8076600289921414
16.968000,2.478065156023499,2.9590295262073703
16.970000,2.5708400091554133,2.866254673075456
16.972000,2.495155260547799,2.9663538567177845
16.974000,2.6001373311970704,2.9175249866483557
16.976000,2.605020218204013,2.8638132295719845
16.978000,2.482948043030442,2.902876325627527
16.980000,2.443884946974899,2.819867246509499
16.982000,2.5464255741206987,2.758831158922713
16.984000,2.6025787747005418,2.712443732356756
16.986000,2.5781643396658276,2.9590295262073703
16.988000,2.5830472266727704,2.8979934386205843
16.990000,2.346227206836042,2.7197680628671703
16.992000,2.4878309300373846,2.7905699244678415
16.994000,2.4878309300373846,2.7100022888532846
16.996000,2.5439841306172273,2.9346150911726556
16.998000,2.382848859388113,2.836957351033799
17.000000,2.4756237125200276,2.688029297322042
17.002000,2.465857938506142,2.8125429159990842
17.004000,2.346227206836042,2.8809033340962844
17.006000,2.456092164492256,2.6977950713359276
17.008000,2.363317311360342,2.814984359502556
17.010000,2.434119172961013,2.7270923933775846
17.012000,2.3486686503395133,2.7856870374608986
17.014000,2.3950560769054703,2.883344777599756
17.016000,2.3193713282978563,2.6758220798046843
17.018000,2.392614633401999,2.7734798199435415
17.020000,2.448767833981842,2.729533836881056
17.022000,2.568398565651942,2.8345159075303274
17.024000,2.3437857633325705,2.7515068284122988
17.026000,2.41214618142977,2.929732204165713
17.028000,2.4194705119401845,2.7954528114747843
17.030000,2.4805065995269704,2.680704966811627
17.032000,2.5268940260929273,2.85648889906157
17.034000,2.5293354695963988,2.87357900358587
17.036000,2.3852903028915846,2.775921263447013
17.038000,2.553749904631113,2.6904707408255133
17.040000,2.5830472266727704,2.9004348821240558
17.042000,2.524452582589456,2.9346150911726556
17.044000,2.6172274357213703,2.8076600289921414
17.046000,2.495155260547799,2.7490653849088273
17.048000,2.4927138170443275,2.80521858548867
17.050000,2.4805065995269704,2.724650949874113
17.052000,2.6074616617074846,2.861371786068513
17.054000,2.561074235141527,2.8076600289921414
17.056000,2.404821850919356,2.7515068284122988
17.058000,2.3389028763256277,2.7734798199435415
17.060000,2.4267948424505987,2.8589303425650416
17.062000,2.592813000686656,2.724650949874113
17.064000,2.456092164492256,2.866254673075456
17.066000,2.5342183566033416,2.912642099641413
17.068000,2.473182269016556,2.8247501335164418
17.070000,2.4512092774853134,2.78812848096437
17.072000,2.4463263904783705,2.9541466392004274
17.074000,2.4194705119401845,2.7954528114747843
17.076000,2.5098039215686274,2.783245593957427
17.078000,2.3486686503395133,2.7490653849088273
17.080000,2.334019989318685,2.849164568551156
17.082000,2.4878309300373846,2.7661554894331273
17.084000,2.382848859388113,2.68558785381857
17.086000,2.434119172961013,2.6904707408255133
17.088000,2.5879301136797133,2.819867246509499
17.090000,2.561074235141527,2.9443808651865417
17.092000,2.3364614328221562,2.68558785381857
17.094000,2.6123445487144275,2.758831158922713
17.096000,2.358434424353399,2.8076600289921414
17.098000,2.592813000686656,2.9614709697108417
17.100000,2.6074616617074846,2.836957351033799
17.102000,2.507362478065156,2.9053177691309986
17.104000,2.6025787747005418,2.895551995117113
17.106000,2.434119172961013,2.9443808651865417
17.108000,2.614785992217899,2.8393987945372703
17.110000,2.541542687113756,2.97611963073167
17.112000,2.524452582589456,2.932173647669184
17.114000,2.3974975204089417,2.7026779583428704
17.116000,2.4316777294575416,2.724650949874113
17.118000,2.490272373540856,2.849164568551156
17.120000,2.482948043030442,2.7685969329365987
17.122000,2.5146868085755703,2.7978942549782557
17.124000,2.341344319829099,2.968795300221256
17.126000,2.631876096742199,2.8882276646066987
17.128000,2.6074616617074846,2.844281681544213
17.130000,2.5708400091554133,2.9102006561379414
17.132000,2.592813000686656,2.8467231250476845
17.134000,2.370641641870756,2.9541466392004274
17.136000,2.478065156023499,2.7319752803845274
17.138000,2.631876096742199,2.9663538567177845
17.140000,2.4316777294575416,2.7368581673914703
17.142000,2.3657587548638133,2.939497978179599
17.144000,2.5171282520790417,2.9712367437247273
17.146000,2.5513084611276415,2.8027771419851986
17.148000,2.6196688792248417,2.8345159075303274
17.150000,2.631876096742199,2.7515068284122988
17.152000,2.5439841306172273,2.793011367971313
17.154000,2.5879301136797133,2.7563897154192416
17.156000,2.456092164492256,2.836957351033799
17.158000,2.3389028763256277,2.9224078736552985
17.160000,2.6367589837491416,2.939497978179599
17.162000,2.3779659723811704,2.800335698481727
17.164000,2.3657587548638133,2.836957351033799
17.166000,2.4927138170443275,2.861371786068513
17.168000,2.3682001983672847,2.8467231250476845
17.170000,2.5171282520790417,2.9150835431448843
17.172000,2.4853894865339132,2.7734798199435415
17.174000,2.507362478065156,2.75394827191577
17.176000,2.341344319829099,2.9614709697108417
17.178000,2.42923628595407,2.895551995117113
17.180000,2.346227206836042,2.810101472495613
17.182000,2.353551537346456,2.780804150453956
17.184000,2.6074616617074846,2.87357900358587
17.186000,2.609903105210956,2.8027771419851986
17.188000,2.519569695582513,2.854047455558099
17.190000,2.5171282520790417,2.981002517738613
17.192000,2.460975051499199,2.827191577019913
17.194000,2.5659571221484705,2.844281681544213
17.196000,2.580605783169299,2.7100022888532846
17.198000,2.622110322728313,2.866254673075456
17.200000,2.536659800106813,2.819867246509499
17.202000,2.54886701762417,2.695353627832456
17.204000,2.5293354695963988,2.8760204470893416
17.206000,2.3486686503395133,2.849164568551156
17.208000,2.592813000686656,2.9834439612420844
17.210000,2.460975051499199,2.9614709697108417
17.212000,2.6245517662317845,2.97611963073167
17.214000,2.553749904631113,2.7270923933775846
17.216000,2.4756237125200276,2.780804150453956
17.218000,2.4585336079957276,2.7685969329365987
17.220000,2.4927138170443275,2.9175249866483557
17.222000,2.3511100938429847,2.8979934386205843
17.224000,2.363317311360342,2.932173647669184
17.226000,2.541542687113756,2.8027771419851986
17.228000,2.5146868085755703,2.9150835431448843
17.230000,2.3974975204089417,2.9102006561379414
17.232000,2.626993209735256,2.902876325627527
17.234000,2.626993209735256,2.981002517738613
17.236000,2.42923628595407,2.9150835431448843
17.238000,2.3730830853742275,2.7563897154192416
17.240000,2.6416418707560845,2.9053177691309986
17.242000,2.5220111390859845,2.8516060120546274
17.244000,2.495155260547799,2.99320973525597
17.246000,2.5220111390859845,2.9907682917524987
17.248000,2.519569695582513,2.9590295262073703
17.250000,2.3608758678568704,2.9590295262073703
17.252000,2.4512092774853134,2.861371786068513
17.254000,2.4145876249332416,2.8125429159990842
17.256000,2.6001373311970704,2.8638132295719845
17.258000,2.3511100938429847,2.90775921263447
17.260000,2.465857938506142,2.9272907606622414
17.262000,2.561074235141527,2.951705195696956
17.264000,2.5464255741206987,2.8393987945372703
17.266000,2.404821850919356,2.7954528114747843
17.268000,2.4805065995269704,2.985885404745556
17.270000,2.353551537346456,2.919966430151827
17.272000,2.42923628595407,2.9785610742351416
17.274000,2.5391012436102844,2.8711375600823987
17.276000,2.6172274357213703,2.758831158922713
17.278000,2.6489662012664987,2.780804150453956
17.280000,2.490272373540856,2.7441824979018845
17.282000,2.5903715571831847,2.9272907606622414
17.284000,2.6001373311970704,2.7490653849088273
17.286000,2.585488670176242,2.87357900358587
17.288000,2.4975967040512703,2.9175249866483557
17.290000,2.3950560769054703,2.937056534676127
17.292000,2.558632791638056,2.758831158922713
17.294000,2.5513084611276415,2.9541466392004274
17.296000,2.478065156023499,2.758831158922713
17.298000,2.473182269016556,2.827191577019913
17.300000,2.4927138170443275,2.8247501335164418
17.302000,2.563515678644999,2.895551995117113
17.304000,2.4682993820096133,2.9346150911726556
17.306000,2.478065156023499,2.8809033340962844
17.308000,2.568398565651942,3.002975509269856
17.310000,2.6172274357213703,2.8174258030060275
17.312000,2.4072632944228274,2.7563897154192416
17.314000,2.5659571221484705,2.9907682917524987
17.316000,2.3682001983672847,2.8857862211032272
17.318000,2.63431754024567,2.937056534676127
17.320000,2.553749904631113,2.8638132295719845
17.322000,2.5171282520790417,2.8393987945372703
17.324000,2.42923628595407,2.9614709697108417
17.326000,2.6001373311970704,2.8857862211032272
17.328000,2.580605783169299,2.8686961165789273
17.330000,2.575722896162356,2.7222095063706417
17.332000,2.404821850919356,2.998092622262913
17.334000,2.575722896162356,2.8467231250476845
17.336000,2.644083314259556,2.895551995117113
17.338000,2.6587319752803844,2.9053177691309986
17.340000,2.6587319752803844,2.8882276646066987
17.342000,2.609903105210956,2.92484931715877
17.344000,2.558632791638056,2.7954528114747843
17.346000,2.65140764476997,2.724650949874113
17.348000,2.495155260547799,2.902876325627527
17.350000,2.5342183566033416,2.87357900358587
17.352000,2.644083314259556,2.8711375600823987
17.354000,2.605020218204013,2.7148851758602275
17.356000,2.448767833981842,2.810101472495613
17.358000,2.5391012436102844,2.7368581673914703
17.360000,2.3779659723811704,2.866254673075456
17.362000,2.5049210345616846,2.8857862211032272
17.364000,2.5732814526588847,2.810101472495613
17.366000,2.4585336079957276,2.9443808651865417
17.368000,2.5146868085755703,2.7661554894331273
17.370000,2.5439841306172273,2.8296330205233846
17.372000,2.409704737926299,3.015182726787213
17.374000,2.4072632944228274,2.946822308690013
17.376000,2.6074616617074846,2.7515068284122988
17.378000,2.6636148622873272,2.7661554894331273
17.380000,2.6538490882734416,2.9736781872281988
17.382000,2.4463263904783705,2.861371786068513
17.384000,2.6074616617074846,2.8809033340962844
17.386000,2.597695887693599,2.8296330205233846
17.388000,2.5000381475547417,2.7270923933775846
17.390000,2.3950560769054703,2.7954528114747843
17.392000,2.568398565651942,2.8296330205233846
17.394000,2.3974975204089417,2.985885404745556
17.396000,2.575722896162356,2.9956511787594415
17.398000,2.473182269016556,2.7734798199435415
17.400000,2.507362478065156,2.832074464026856
17.402000,2.5464255741206987,2.9956511787594415
17.404000,2.66849774929427,3.0127412832837415
17.406000,2.585488670176242,2.7222095063706417
17.408000,2.4878309300373846,2.8931105516136415
17.410000,2.460975051499199,3.01029983978027
17.412000,2.631876096742199,2.9004348821240558
17.414000,2.434119172961013,2.783245593957427
17.416000,2.561074235141527,2.9272907606622414
17.418000,2.478065156023499,3.002975509269856
17.420000,2.5903715571831847,2.758831158922713
17.422000,2.3950560769054703,2.7612726024261844
17.424000,2.622110322728313,2.9224078736552985
17.426000,2.434119172961013,2.844281681544213
17.428000,2.4145876249332416,2.7270923933775846
17.430000,2.482948043030442,2.8223086900129704
17.432000,2.4243533989471273,2.8638132295719845
17.434000,2.5220111390859845,3.005416952773327
17.436000,2.605020218204013,2.75394827191577
17.438000,2.417029068436713,3.015182726787213
17.440000,2.4072632944228274,2.9785610742351416
17.442000,2.5513084611276415,2.912642099641413
17.444000,2.6465247577630273,3.0200656137941557
17.446000,2.460975051499199,2.8393987945372703
17.448000,2.592813000686656,2.819867246509499
17.450000,2.580605783169299,2.919966430151827
17.452000,2.553749904631113,2.8882276646066987
17.454000,2.656290531776913,2.9492637521934846
17.456000,2.5830472266727704,2.793011367971313
17.458000,2.5464255741206987,2.746623941405356
17.460000,2.5146868085755703,2.9102006561379414
17.462000,2.5439841306172273,2.99320973525597
17.464000,2.639200427252613,3.0249485008010986
17.466000,2.673380636301213,2.919966430151827
17.468000,2.41214618142977,2.937056534676127
17.470000,2.5708400091554133,2.7856870374608986
17.472000,2.5439841306172273,2.849164568551156
17.474000,2.585488670176242,2.981002517738613
17.476000,2.4243533989471273,3.005416952773327
17.478000,2.3779659723811704,2.932173647669184
17.480000,2.4585336079957276,2.7612726024261844
17.482000,2.6782635233081558,3.0200656137941557
17.484000,2.6367589837491416,2.7392996108949417
17.486000,2.6001373311970704,2.7783627069504844
17.488000,2.4634164950026705,2.775921263447013
17.490000,2.409704737926299,2.8345159075303274
17.492000,2.519569695582513,2.883344777599756
17.494000,2.614785992217899,2.895551995117113
17.496000,2.5952544441901275,2.9492637521934846
17.498000,2.656290531776913,2.9590295262073703
17.500000,2.399938963912413,2.998092622262913
17.502000,2.4145876249332416,2.810101472495613
17.504000,2.4463263904783705,3.02738994430457
17.506000,2.568398565651942,2.9956511787594415
17.508000,2.4267948424505987,2.7661554894331273
17.510000,2.5439841306172273,2.9785610742351416
17.512000,2.4878309300373846,3.032272831311513
17.514000,2.6001373311970704,3.0005340657663844
17.516000,2.6196688792248417,2.7612726024261844
17.518000,2.4390020599679563,2.878461890592813
17.520000,2.5513084611276415,2.9834439612420844
17.522000,2.65140764476997,2.8125429159990842
17.524000,2.4975967040512703,2.8223086900129704
17.526000,2.5439841306172273,2.746623941405356
17.528000,2.6074616617074846,2.9663538567177845
17.530000,2.4682993820096133,2.9053177691309986
17.532000,2.404821850919356,2.90775921263447
17.534000,2.409704737926299,2.9736781872281988
17.536000,2.5391012436102844,2.92484931715877
17.538000,2.5439841306172273,2.8857862211032272
17.540000,2.631876096742199,2.7441824979018845
17.542000,2.605020218204013,2.902876325627527
17.544000,2.688029297322042,2.80521858548867
17.546000,2.5171282520790417,3.0249485008010986
17.548000,2.3950560769054703,2.741741054398413
17.550000,2.5879301136797133,2.985885404745556
17.552000,2.502479591058213,3.022507057297627
17.554000,2.4414435034714277,2.8418402380407417
17.556000,2.63431754024567,2.836957351033799
17.558000,2.680704966811627,2.780804150453956
17.560000,2.6660563057907987,2.8857862211032272
17.562000,2.4512092774853134,2.9956511787594415
17.564000,2.68558785381857,2.87357900358587
17.566000,2.6196688792248417,2.8711375600823987
17.568000,2.6123445487144275,2.932173647669184
17.570000,2.6074616617074846,2.741741054398413
17.572000,2.536659800106813,3.0127412832837415
17.574000,2.41214618142977,2.937056534676127
17.576000,2.42923628595407,2.827191577019913
17.578000,2.6465247577630273,2.8125429159990842
17.580000,2.5781643396658276,3.005416952773327
17.582000,2.456092164492256,2.854047455558099
17.584000,2.54886701762417,2.8760204470893416
17.586000,2.4975967040512703,2.9443808651865417
17.588000,2.6416418707560845,2.968795300221256
17.590000,2.6709391927977415,2.932173647669184
17.592000,2.4316777294575416,2.9004348821240558
17.594000,2.399938963912413,3.0298313878080414
17.596000,2.4145876249332416,3.0298313878080414
17.598000,2.399938963912413,3.002975509269856
17.600000,2.4365606164644844,2.929732204165713
17.602000,2.6025787747005418,2.814984359502556
17.604000,2.661173418783856,2.9834439612420844
17.606000,2.605020218204013,3.0249485008010986
17.608000,2.558632791638056,3.0347142748149842
17.610000,2.6538490882734416,2.8393987945372703
17.612000,2.41214618142977,2.90775921263447
17.614000,2.5464255741206987,2.8345159075303274
17.616000,2.5879301136797133,2.912642099641413
17.618000,2.6831464103150986,3.0005340657663844
17.620000,2.6538490882734416,2.8979934386205843
17.622000,2.6587319752803844,2.849164568551156
17.624000,2.4365606164644844,2.9907682917524987
17.626000,2.4512092774853134,2.9663538567177845
17.628000,2.399938963912413,2.854047455558099
17.630000,2.507362478065156,2.9834439612420844
17.632000,2.644083314259556,2.878461890592813
17.634000,2.4145876249332416,2.919966430151827
17.636000,2.453650720988785,2.902876325627527
17.638000,2.5268940260929273,2.8174258030060275
17.640000,2.6929121843289847,2.854047455558099
17.642000,2.553749904631113,2.844281681544213
17.644000,2.4585336079957276,2.937056534676127
17.646000,2.661173418783856,3.0005340657663844
17.648000,2.5000381475547417,2.9907682917524987
17.650000,2.609903105210956,3.0493629358358127
17.652000,2.622110322728313,2.832074464026856
17.654000,2.680704966811627,2.7905699244678415
17.656000,2.5830472266727704,2.919966430151827
17.658000,2.4927138170443275,2.919966430151827
17.660000,2.6587319752803844,2.9541466392004274
17.662000,2.688029297322042,3.0347142748149842
17.664000,2.6489662012664987,2.8247501335164418
17.666000,2.5781643396658276,3.0200656137941557
17.668000,2.6758220798046843,2.946822308690013
17.670000,2.614785992217899,2.878461890592813
17.672000,2.4267948424505987,2.985885404745556
17.674000,2.7026779583428704,3.0249485008010986
17.676000,2.4975967040512703,2.9224078736552985
17.678000,2.502479591058213,2.8247501335164418
17.680000,2.4243533989471273,3.0469214923323413
17.682000,2.5391012436102844,2.99320973525597
17.684000,2.626993209735256,2.919966430151827
17.686000,2.6758220798046843,3.0200656137941557
17.688000,2.448767833981842,2.8345159075303274
17.690000,2.4585336079957276,2.87357900358587
17.692000,2.4365606164644844,2.9712367437247273
17.694000,2.5952544441901275,2.7856870374608986
17.696000,2.42923628595407,2.9004348821240558
17.698000,2.478065156023499,2.951705195696956
17.700000,2.417029068436713,2.929732204165713
17.702000,2.605020218204013,2.878461890592813
17.704000,2.5171282520790417,3.0200656137941557
17.706000,2.609903105210956,2.8393987945372703
17.708000,2.4365606164644844,2.9224078736552985
17.710000,2.5659571221484705,2.9956511787594415
17.712000,2.4805065995269704,2.8027771419851986
17.714000,2.473182269016556,2.8882276646066987
17.716000,2.563515678644999,2.9419394216830703
17.718000,2.4756237125200276,2.9150835431448843
17.720000,2.4805065995269704,2.963912413214313
17.722000,2.6245517662317845,2.956588082703899
17.724000,2.6001373311970704,2.780804150453956
17.726000,2.66849774929427,2.780804150453956
17.728000,2.5391012436102844,3.022507057297627
17.730000,2.4414435034714277,2.998092622262913
17.732000,2.68558785381857,2.9004348821240558
17.734000,2.4267948424505987,2.7954528114747843
17.736000,2.5000381475547417,2.932173647669184
17.738000,2.4243533989471273,2.800335698481727
17.740000,2.6025787747005418,2.9272907606622414
17.742000,2.644083314259556,3.005416952773327
17.744000,2.456092164492256,2.968795300221256
17.746000,2.465857938506142,2.9541466392004274
17.748000,2.4512092774853134,2.912642099641413
17.750000,2.7075608453498132,3.06157015335317
17.752000,2.495155260547799,3.02738994430457
17.754000,2.4194705119401845,2.8686961165789273
17.756000,2.6367589837491416,2.7978942549782557
17.758000,2.6538490882734416,2.963912413214313
17.760000,2.605020218204013,2.8857862211032272
17.762000,2.5439841306172273,3.01029983978027
17.764000,2.512245365072099,2.8393987945372703
17.766000,2.5098039215686274,2.92484931715877
17.768000,2.4805065995269704,2.780804150453956
17.770000,2.6489662012664987,2.9834439612420844
17.772000,2.5439841306172273,2.8711375600823987
17.774000,2.4267948424505987,2.9614709697108417
17.776000,2.717326619363699,2.8345159075303274
17.778000,2.6172274357213703,2.968795300221256
17.780000,2.434119172961013,2.783245593957427
17.782000,2.705119401846342,2.8516060120546274
17.784000,2.5903715571831847,2.827191577019913
17.786000,2.5171282520790417,3.066453040360113
17.788000,2.456092164492256,3.0640115968566417
17.790000,2.490272373540856,3.0005340657663844
17.792000,2.5220111390859845,2.8809033340962844
17.794000,2.6074616617074846,2.99320973525597
17.796000,2.54886701762417,2.9663538567177845
17.798000,2.580605783169299,2.9590295262073703
17.800000,2.5342183566033416,3.005416952773327
17.802000,2.6294346532387274,3.02738994430457
17.804000,2.5293354695963988,2.912642099641413
17.806000,2.7026779583428704,2.97611963073167
17.808000,2.6904707408255133,2.9785610742351416
17.810000,2.4682993820096133,2.8711375600823987
17.812000,2.4756237125200276,3.0347142748149842
17.814000,2.585488670176242,2.89066910811017
17.816000,2.524452582589456,2.844281681544213
17.818000,2.4365606164644844,2.9590295262073703
17.820000,2.6904707408255133,2.9590295262073703
17.822000,2.6074616617074846,2.85648889906157
17.824000,2.460975051499199,2.8711375600823987
17.826000,2.5049210345616846,2.814984359502556
17.828000,2.6709391927977415,2.8296330205233846
17.830000,2.558632791638056,2.912642099641413
17.832000,2.712443732356756,2.937056534676127
17.834000,2.6587319752803844,3.022507057297627
17.836000,2.656290531776913,2.849164568551156
17.838000,2.6538490882734416,2.87357900358587
17.840000,2.6831464103150986,2.861371786068513
17.842000,2.5171282520790417,3.051804379339284
17.844000,2.6587319752803844,2.8857862211032272
17.846000,2.6709391927977415,2.8931105516136415
17.848000,2.63431754024567,3.0493629358358127
17.850000,2.644083314259556,3.0249485008010986
17.852000,2.592813000686656,3.0005340657663844
17.854000,2.443884946974899,2.8125429159990842
17.856000,2.561074235141527,2.810101472495613
17.858000,2.448767833981842,2.8027771419851986
17.860000,2.575722896162356,2.814984359502556
17.862000,2.563515678644999,2.7978942549782557
17.864000,2.4390020599679563,2.8857862211032272
17.866000,2.4805065995269704,2.9224078736552985
17.868000,2.536659800106813,3.0127412832837415
17.870000,2.563515678644999,2.78812848096437
17.872000,2.673380636301213,2.92484931715877
17.874000,2.7026779583428704,2.87357900358587
17.876000,2.5952544441901275,2.9907682917524987
17.878000,2.580605783169299,2.878461890592813
17.880000,2.626993209735256,2.895551995117113
17.882000,2.453650720988785,2.9956511787594415
17.884000,2.4390020599679563,3.0347142748149842
17.886000,2.524452582589456,2.8516060120546274
17.888000,2.63431754024567,3.039597161821927
17.890000,2.7026779583428704,2.8418402380407417
17.892000,2.680704966811627,2.9419394216830703
17.894000,2.6123445487144275,2.946822308690013
17.896000,2.6001373311970704,2.9492637521934846
17.898000,2.478065156023499,2.8418402380407417
17.900000,2.5049210345616846,3.0688944838635845
17.902000,2.605020218204013,2.8589303425650416
17.904000,2.6074616617074846,2.8027771419851986
17.906000,2.7100022888532846,3.0469214923323413
17.908000,2.609903105210956,3.0347142748149842
17.910000,2.729533836881056,2.878461890592813
17.912000,2.482948043030442,2.8247501335164418
17.914000,2.729533836881056,3.0640115968566417
17.916000,2.626993209735256,2.8467231250476845
17.918000,2.6782635233081558,2.9736781872281988
17.920000,2.465857938506142,3.076218814373999
17.922000,2.6758220798046843,2.9736781872281988
17.924000,2.626993209735256,2.8638132295719845
17.926000,2.6172274357213703,2.793011367971313
17.928000,2.5659571221484705,3.002975509269856
17.930000,2.4878309300373846,3.0542458228427556
17.932000,2.7222095063706417,2.9175249866483557
17.934000,2.5561913481345844,2.939497978179599
17.936000,2.7075608453498132,2.8076600289921414
17.938000,2.5732814526588847,2.946822308690013
17.940000,2.558632791638056,2.939497978179599
17.942000,2.524452582589456,2.939497978179599
17.944000,2.4512092774853134,3.0542458228427556
17.946000,2.575722896162356,2.981002517738613
17.948000,2.4756237125200276,3.0493629358358127
17.950000,2.626993209735256,2.883344777599756
17.952000,2.712443732356756,2.827191577019913
17.954000,2.729533836881056,2.8076600289921414
17.956000,2.4756237125200276,3.071335927367056
17.958000,2.688029297322042,2.985885404745556
17.960000,2.5732814526588847,3.015182726787213
17.962000,2.6904707408255133,3.0859845883878845
17.964000,2.568398565651942,2.9956511787594415
17.966000,2.688029297322042,2.89066910811017
17.968000,2.5659571221484705,3.0347142748149842
17.970000,2.6709391927977415,3.01029983978027
17.972000,2.7100022888532846,2.861371786068513
17.974000,2.478065156023499,2.8076600289921414
17.976000,2.453650720988785,2.99320973525597
17.978000,2.6489662012664987,2.9590295262073703
17.980000,2.6245517662317845,2.998092622262913
17.982000,2.5903715571831847,2.8979934386205843
17.984000,2.502479591058213,2.883344777599756
17.986000,2.6636148622873272,3.005416952773327
17.988000,2.7100022888532846,3.088426031891356
17.990000,2.53177691309987,2.9785610742351416
17.992000,2.5268940260929273,3.0347142748149842
17.994000,2.7148851758602275,2.9346150911726556
17.996000,2.7441824979018845,3.0688944838635845
17.998000,2.568398565651942,2.8809033340962844
18.000000,2.644083314259556,3.071335927367056
18.002000,2.5342183566033416,2.9272907606622414
18.004000,2.563515678644999,2.89066910811017
18.006000,2.6929121843289847,2.8467231250476845
18.008000,2.68558785381857,3.032272831311513
18.010000,2.448767833981842,3.0688944838635845
18.012000,2.639200427252613,2.878461890592813
18.014000,2.68558785381857,3.0420386053253985
18.016000,2.734416723887999,3.0200656137941557
18.018000,2.6294346532387274,2.8882276646066987
18.020000,2.7392996108949417,2.9663538567177845
18.022000,2.65140764476997,2.8345159075303274
18.024000,2.6123445487144275,2.8931105516136415
18.026000,2.5342183566033416,3.04448004882887
18.028000,2.5732814526588847,2.844281681544213
18.030000,2.561074235141527,3.0908674753948273
18.032000,2.478065156023499,2.8809033340962844
18.034000,2.63431754024567,2.8516060120546274
18.036000,2.631876096742199,3.051804379339284
18.038000,2.5732814526588847,2.8223086900129704
18.040000,2.7148851758602275,3.0469214923323413
18.042000,2.724650949874113,2.939497978179599
18.044000,2.502479591058213,2.8125429159990842
18.046000,2.6245517662317845,3.0469214923323413
18.048000,2.4805065995269704,3.0981918059052416
18.050000,2.524452582589456,2.8393987945372703
18.052000,2.688029297322042,3.002975509269856
18.054000,2.5464255741206987,2.929732204165713
18.056000,2.6758220798046843,2.8125429159990842
18.058000,2.4707408255130847,2.827191577019913
18.060000,2.705119401846342,2.854047455558099
18.062000,2.631876096742199,2.8125429159990842
18.064000,2.4805065995269704,2.814984359502556
18.066000,2.592813000686656,3.0981918059052416
18.068000,2.656290531776913,3.0005340657663844
18.070000,2.6123445487144275,2.814984359502556
18.072000,2.680704966811627,2.998092622262913
18.074000,2.4707408255130847,2.9614709697108417
18.076000,2.622110322728313,2.8516060120546274
18.078000,2.6196688792248417,2.9614709697108417
18.080000,2.5879301136797133,3.056687266346227
18.082000,2.592813000686656,3.100633249408713
18.084000,2.5098039215686274,2.819867246509499
18.086000,2.512245365072099,3.0493629358358127
18.088000,2.54886701762417,3.088426031891356
18.090000,2.5952544441901275,3.0542458228427556
18.092000,2.7026779583428704,2.97611963073167
18.094000,2.63431754024567,2.8393987945372703
18.096000,2.7270923933775846,3.0127412832837415
18.098000,2.6758220798046843,2.9346150911726556
18.100000,2.495155260547799,2.932173647669184
18.102000,2.6123445487144275,2.912642099641413
18.104000,2.688029297322042,2.929732204165713
18.106000,2.5293354695963988,3.0811017013809416
18.108000,2.626993209735256,2.985885404745556
18.110000,2.4756237125200276,2.836957351033799
18.112000,2.66849774929427,2.9272907606622414
18.114000,2.5268940260929273,2.8760204470893416
18.116000,2.5708400091554133,2.8809033340962844
18.118000,2.7490653849088273,2.9834439612420844
18.120000,2.622110322728313,2.912642099641413
18.122000,2.7197680628671703,2.854047455558099
18.124000,2.5561913481345844,3.0127412832837415
18.126000,2.626993209735256,3.083543144884413
18.128000,2.6709391927977415,3.088426031891356
18.130000,2.6025787747005418,2.99320973525597
18.132000,2.734416723887999,2.97611963073167
18.134000,2.561074235141527,2.9150835431448843
18.136000,2.524452582589456,2.968795300221256
18.138000,2.592813000686656,2.810101472495613
18.140000,2.5659571221484705,2.8418402380407417
18.142000,2.5000381475547417,3.0347142748149842
18.144000,2.6123445487144275,2.819867246509499
18.146000,2.6660563057907987,3.022507057297627
18.148000,2.4682993820096133,2.9785610742351416
18.150000,2.741741054398413,2.8345159075303274
18.152000,2.6660563057907987,3.0542458228427556
18.154000,2.7075608453498132,3.01029983978027
18.156000,2.6782635233081558,3.005416952773327
18.158000,2.563515678644999,2.8589303425650416
18.160000,2.63431754024567,3.0542458228427556
18.162000,2.7319752803845274,2.861371786068513
18.164000,2.575722896162356,2.89066910811017
18.166000,2.65140764476997,2.9272907606622414
18.168000,2.5439841306172273,3.032272831311513
18.170000,2.6929121843289847,3.015182726787213
18.172000,2.6123445487144275,2.87357900358587
18.174000,2.592813000686656,3.0249485008010986
18.176000,2.575722896162356,2.932173647669184
18.178000,2.4927138170443275,3.0591287098496984
18.180000,2.5171282520790417,2.8418402380407417
18.182000,2.4805065995269704,3.0176241702906843
18.184000,2.7197680628671703,2.866254673075456
18.186000,2.4707408255130847,2.9736781872281988
18.188000,2.705119401846342,2.932173647669184
18.190000,2.592813000686656,2.99320973525597
18.192000,2.6123445487144275,2.9907682917524987
18.194000,2.5708400091554133,2.895551995117113
18.196000,2.5464255741206987,2.97611963073167
18.198000,2.6660563057907987,3.0640115968566417
18.200000,2.7685969329365987,3.11284046692607
18.202000,2.6123445487144275,2.9224078736552985
18.204000,2.7612726024261844,2.8760204470893416
18.206000,2.5513084611276415,2.8931105516136415
18.208000,2.6929121843289847,2.9443808651865417
18.210000,2.7392996108949417,2.968795300221256
18.212000,2.553749904631113,3.0347142748149842
18.214000,2.7490653849088273,3.0493629358358127
18.216000,2.4975967040512703,2.99320973525597
18.218000,2.563515678644999,2.951705195696956
18.220000,2.68558785381857,2.998092622262913
18.222000,2.7612726024261844,2.8223086900129704
18.224000,2.575722896162356,3.076218814373999
18.226000,2.575722896162356,2.998092622262913
18.228000,2.695353627832456,2.8589303425650416
18.230000,2.592813000686656,2.85648889906157
18.232000,2.597695887693599,2.9956511787594415
18.234000,2.482948043030442,3.1152819104295415
18.236000,2.5268940260929273,2.8760204470893416
18.238000,2.66849774929427,3.02738994430457
18.240000,2.7661554894331273,2.92484931715877
18.242000,2.68558785381857,2.89066910811017
18.244000,2.536659800106813,2.85648889906157
18.246000,2.729533836881056,3.0640115968566417
18.248000,2.5781643396658276,2.956588082703899
18.250000,2.68558785381857,3.0078583962767986
18.252000,2.502479591058213,3.051804379339284
18.254000,2.7100022888532846,2.8931105516136415
18.256000,2.758831158922713,2.968795300221256
18.258000,2.65140764476997,2.939497978179599
18.260000,2.5903715571831847,3.005416952773327
18.262000,2.605020218204013,3.032272831311513
18.264000,2.6001373311970704,2.8467231250476845
18.266000,2.7783627069504844,2.8467231250476845
18.268000,2.746623941405356,2.832074464026856
18.270000,2.5391012436102844,2.9272907606622414
18.272000,2.5708400091554133,3.0200656137941557
18.274000,2.558632791638056,3.117723353933013
18.276000,2.54886701762417,3.0371557183184557
18.278000,2.7026779583428704,2.8979934386205843
18.280000,2.6196688792248417,2.9614709697108417
18.282000,2.592813000686656,3.066453040360113
18.284000,2.7515068284122988,2.8686961165789273
18.286000,2.580605783169299,2.85648889906157
18.288000,2.775921263447013,3.0078583962767986
18.290000,2.741741054398413,2.9492637521934846
18.292000,2.524452582589456,2.9175249866483557
18.294000,2.4853894865339132,2.844281681544213
18.296000,2.7197680628671703,2.912642099641413
18.298000,2.5268940260929273,3.015182726787213
18.300000,2.585488670176242,2.9419394216830703
18.302000,2.5513084611276415,3.002975509269856
18.304000,2.75394827191577,2.866254673075456
18.306000,2.626993209735256,2.9102006561379414
18.308000,2.490272373540856,3.0420386053253985
18.310000,2.5391012436102844,3.002975509269856
18.312000,2.5513084611276415,3.0078583962767986
18.314000,2.6782635233081558,2.9175249866483557
18.316000,2.65140764476997,3.06157015335317
18.318000,2.7100022888532846,2.981002517738613
18.320000,2.5098039215686274,3.0200656137941557
18.322000,2.54886701762417,3.11284046692607
18.324000,2.6123445487144275,2.92484931715877
18.326000,2.5049210345616846,3.039597161821927
18.328000,2.568398565651942,2.9346150911726556
18.330000,2.592813000686656,2.8857862211032272
18.332000,2.519569695582513,3.0347142748149842
18.334000,2.6904707408255133,3.0737773708705274
18.336000,2.7319752803845274,3.07866025787747
18.338000,2.6123445487144275,2.8857862211032272
18.340000,2.688029297322042,2.8760204470893416
18.342000,2.614785992217899,2.937056534676127
18.344000,2.5708400091554133,2.866254673075456
18.346000,2.78812848096437,3.0981918059052416
18.348000,2.7515068284122988,2.97611963073167
18.350000,2.7319752803845274,2.9346150911726556
18.352000,2.7148851758602275,2.9175249866483557
18.354000,2.712443732356756,3.076218814373999
18.356000,2.78812848096437,3.0005340657663844
18.358000,2.5342183566033416,2.883344777599756
18.360000,2.631876096742199,3.02738994430457
18.362000,2.6977950713359276,3.0859845883878845
18.364000,2.553749904631113,2.8760204470893416
18.366000,2.536659800106813,2.9663538567177845
18.368000,2.5000381475547417,2.8638132295719845
18.370000,2.580605783169299,2.919966430151827
18.372000,2.688029297322042,3.0737773708705274
18.374000,2.5952544441901275,2.866254673075456
18.376000,2.54886701762417,3.0005340657663844
18.378000,2.5098039215686274,3.117723353933013
18.380000,2.5098039215686274,3.0981918059052416
18.382000,2.7783627069504844,3.0078583962767986
18.384000,2.614785992217899,2.99320973525597
18.386000,2.7197680628671703,2.9443808651865417
18.388000,2.5098039215686274,3.0420386053253985
18.390000,2.639200427252613,2.849164568551156
18.392000,2.7661554894331273,3.09575036240177
18.394000,2.6025787747005418,2.895551995117113
18.396000,2.5146868085755703,3.06157015335317
18.398000,2.77103837644007,3.1201647974364843
18.400000,2.6172274357213703,3.0078583962767986
18.402000,2.644083314259556,3.0469214923323413
18.404000,2.758831158922713,2.9004348821240558
18.406000,2.6489662012664987,2.9712367437247273
18.408000,2.6294346532387274,3.056687266346227
18.410000,2.680704966811627,2.937056534676127
18.412000,2.717326619363699,2.939497978179599
18.414000,2.575722896162356,2.8857862211032272
18.416000,2.6123445487144275,3.0298313878080414
18.418000,2.712443732356756,2.985885404745556
18.420000,2.5561913481345844,2.8882276646066987
18.422000,2.78812848096437,3.1201647974364843
18.424000,2.502479591058213,3.12993057145037
18.426000,2.7197680628671703,2.9590295262073703
18.428000,2.65140764476997,2.9272907606622414
18.430000,2.7685969329365987,3.0811017013809416
18.432000,2.717326619363699,2.883344777599756
18.434000,2.6660563057907987,2.8638132295719845
18.436000,2.688029297322042,3.066453040360113
18.438000,2.5391012436102844,3.134813458457313
18.440000,2.6245517662317845,3.066453040360113
18.442000,2.688029297322042,2.97611963073167
18.444000,2.7783627069504844,2.8516060120546274
18.446000,2.6489662012664987,2.8711375600823987
18.448000,2.775921263447013,2.8882276646066987
18.450000,2.5708400091554133,3.022507057297627
18.452000,2.631876096742199,2.912642099641413
18.454000,2.541542687113756,2.985885404745556
18.456000,2.5391012436102844,2.8979934386205843
18.458000,2.605020218204013,2.878461890592813
18.460000,2.729533836881056,2.939497978179599
18.462000,2.7026779583428704,3.002975509269856
18.464000,2.7100022888532846,3.142137788967727
18.466000,2.54886701762417,3.022507057297627
18.468000,2.6929121843289847,3.005416952773327
18.470000,2.524452582589456,2.956588082703899
18.472000,2.626993209735256,3.1396963454642557
18.474000,2.561074235141527,2.919966430151827
18.476000,2.5268940260929273,3.117723353933013
18.478000,2.519569695582513,2.9785610742351416
18.480000,2.54886701762417,3.117723353933013
18.482000,2.524452582589456,3.039597161821927
18.484000,2.553749904631113,3.117723353933013
18.486000,2.553749904631113,2.946822308690013
18.488000,2.6489662012664987,2.861371786068513
18.490000,2.7661554894331273,3.015182726787213
18.492000,2.6416418707560845,2.9004348821240558
18.494000,2.644083314259556,3.0542458228427556
18.496000,2.77103837644007,3.0298313878080414
18.498000,2.5513084611276415,3.1396963454642557
18.500000,2.8027771419851986,2.99320973525597
18.502000,2.7612726024261844,2.939497978179599
18.504000,2.688029297322042,2.8809033340962844
18.506000,2.6782635233081558,2.9102006561379414
18.508000,2.512245365072099,3.06157015335317
18.510000,2.80521858548867,2.92484931715877
18.512000,2.5439841306172273,3.1494621194781414
18.514000,2.553749904631113,2.8809033340962844
18.516000,2.5732814526588847,3.1445792324711985
18.518000,2.783245593957427,2.912642099641413
18.520000,2.5781643396658276,2.9590295262073703
18.522000,2.5513084611276415,2.985885404745556
18.524000,2.700236514839399,3.142137788967727
18.526000,2.558632791638056,3.1103990234225987
18.528000,2.7515068284122988,3.0688944838635845
18.530000,2.66849774929427,2.985885404745556
18.532000,2.5781643396658276,2.9346150911726556
18.534000,2.7026779583428704,3.0005340657663844
18.536000,2.5439841306172273,2.8711375600823987
18.538000,2.563515678644999,2.9419394216830703
18.540000,2.810101472495613,3.12993057145037
18.542000,2.519569695582513,3.0420386053253985
18.544000,2.746623941405356,3.1030746929121844
18.546000,2.680704966811627,3.14702067597467
18.548000,2.7515068284122988,2.8686961165789273
18.550000,2.780804150453956,3.105516136415656
18.552000,2.644083314259556,2.9150835431448843
18.554000,2.561074235141527,2.8760204470893416
18.556000,2.7392996108949417,3.0420386053253985
18.558000,2.609903105210956,3.0542458228427556
18.560000,2.7734798199435415,2.968795300221256
18.562000,2.6538490882734416,3.0933089188982987
18.564000,2.592813000686656,2.9736781872281988
18.566000,2.597695887693599,3.0640115968566417
18.568000,2.7954528114747843,2.878461890592813
18.570000,2.6904707408255133,2.8809033340962844
18.572000,2.7148851758602275,3.1152819104295415
18.574000,2.6782635233081558,3.066453040360113
18.576000,2.8174258030060275,2.878461890592813
18.578000,2.6758220798046843,3.100633249408713
18.580000,2.6831464103150986,2.9956511787594415
18.582000,2.592813000686656,3.151903562981613
18.584000,2.53177691309987,3.142137788967727
18.586000,2.541542687113756,2.9224078736552985
18.588000,2.7197680628671703,3.0981918059052416
18.590000,2.558632791638056,3.07866025787747
18.592000,2.631876096742199,3.125047684443427
18.594000,2.597695887693599,2.956588082703899
18.596000,2.6465247577630273,2.883344777599756
18.598000,2.597695887693599,3.06157015335317
18.600000,2.8174258030060275,3.0542458228427556
18.602000,2.6758220798046843,3.039597161821927
18.604000,2.5439841306172273,3.0371557183184557
18.606000,2.688029297322042,3.0493629358358127
18.608000,2.6831464103150986,3.0640115968566417
18.610000,2.6587319752803844,3.0640115968566417
18.612000,2.673380636301213,2.9736781872281988
18.614000,2.77103837644007,2.9907682917524987
18.616000,2.8027771419851986,2.932173647669184
18.618000,2.580605783169299,2.92484931715877
18.620000,2.7148851758602275,3.1567864499885556
18.622000,2.661173418783856,3.088426031891356
18.624000,2.688029297322042,3.1103990234225987
18.626000,2.6416418707560845,3.1226062409399558
18.628000,2.6636148622873272,2.97611963073167
18.630000,2.741741054398413,2.9346150911726556
18.632000,2.553749904631113,3.0371557183184557
18.634000,2.78812848096437,3.002975509269856
18.636000,2.7368581673914703,3.151903562981613
18.638000,2.75394827191577,3.0469214923323413
18.640000,2.54886701762417,3.125047684443427
18.642000,2.793011367971313,2.9175249866483557
18.644000,2.558632791638056,3.0737773708705274
18.646000,2.5513084611276415,3.1689936675059127
18.648000,2.7905699244678415,3.1665522240024413
18.650000,2.819867246509499,3.1396963454642557
18.652000,2.6294346532387274,2.985885404745556
18.654000,2.77103837644007,2.998092622262913
18.656000,2.68558785381857,2.89066910811017
18.658000,2.673380636301213,3.105516136415656
18.660000,2.68558785381857,2.8979934386205843
18.662000,2.6758220798046843,2.939497978179599
18.664000,2.8247501335164418,3.1445792324711985
18.666000,2.734416723887999,3.1079575799191272
18.668000,2.656290531776913,3.0542458228427556
18.670000,2.680704966811627,3.1274891279468986
18.672000,2.5830472266727704,2.9175249866483557
18.674000,2.6904707408255133,3.002975509269856
18.676000,2.5903715571831847,2.9150835431448843
18.678000,2.575722896162356,3.0469214923323413
18.680000,2.6977950713359276,3.005416952773327
18.682000,2.5464255741206987,3.0859845883878845
18.684000,2.780804150453956,2.8931105516136415
18.686000,2.6416418707560845,3.0249485008010986
18.688000,2.626993209735256,3.11284046692607
18.690000,2.631876096742199,3.1738765545128556
18.692000,2.5781643396658276,3.125047684443427
18.694000,2.8345159075303274,3.0371557183184557
18.696000,2.6196688792248417,2.8857862211032272
18.698000,2.5781643396658276,2.946822308690013
18.700000,2.68558785381857,3.16411078049897
18.702000,2.763714045929656,3.0640115968566417
18.704000,2.6367589837491416,2.9834439612420844
18.706000,2.609903105210956,2.9175249866483557
18.708000,2.5464255741206987,2.939497978179599
18.710000,2.780804150453956,2.8857862211032272
18.712000,2.700236514839399,2.9004348821240558
18.714000,2.592813000686656,3.0420386053253985
18.716000,2.7197680628671703,3.125047684443427
18.718000,2.8223086900129704,3.100633249408713
18.720000,2.800335698481727,3.0078583962767986
18.722000,2.7954528114747843,3.1567864499885556
18.724000,2.6294346532387274,3.171435111009384
18.726000,2.65140764476997,2.895551995117113
18.728000,2.6977950713359276,3.04448004882887
18.730000,2.724650949874113,2.883344777599756
18.732000,2.729533836881056,2.9419394216830703
18.734000,2.605020218204013,2.946822308690013
18.736000,2.8223086900129704,3.0420386053253985
18.738000,2.5561913481345844,3.022507057297627
18.740000,2.626993209735256,2.9272907606622414
18.742000,2.700236514839399,2.9663538567177845
18.744000,2.6465247577630273,3.07866025787747
18.746000,2.63431754024567,3.1396963454642557
18.748000,2.705119401846342,2.956588082703899
18.750000,2.553749904631113,3.1689936675059127
18.752000,2.5561913481345844,3.088426031891356
18.754000,2.592813000686656,3.04448004882887
18.756000,2.6465247577630273,3.0859845883878845
18.758000,2.6587319752803844,3.0981918059052416
18.760000,2.597695887693599,3.0005340657663844
18.762000,2.7270923933775846,3.125047684443427
18.764000,2.814984359502556,2.985885404745556
18.766000,2.592813000686656,3.1689936675059127
18.768000,2.63431754024567,2.902876325627527
18.770000,2.580605783169299,2.9346150911726556
18.772000,2.5464255741206987,2.8931105516136415
18.774000,2.6636148622873272,2.9712367437247273
18.776000,2.656290531776913,2.956588082703899
18.778000,2.7026779583428704,3.07866025787747
18.780000,2.832074464026856,3.0981918059052416
18.782000,2.7783627069504844,3.1787594415197984
18.784000,2.717326619363699,3.0591287098496984
18.786000,2.700236514839399,2.981002517738613
18.788000,2.563515678644999,3.1494621194781414
18.790000,2.688029297322042,3.032272831311513
18.792000,2.7222095063706417,3.1103990234225987
18.794000,2.7856870374608986,3.1567864499885556
18.796000,2.78812848096437,2.9175249866483557
18.798000,2.7197680628671703,2.937056534676127
18.800000,2.7270923933775846,3.056687266346227
18.802000,2.783245593957427,3.032272831311513
18.804000,2.7515068284122988,3.0908674753948273
18.806000,2.5952544441901275,2.8931105516136415
18.808000,2.819867246509499,2.939497978179599
18.810000,2.568398565651942,3.0127412832837415
18.812000,2.705119401846342,2.9956511787594415
18.814000,2.8345159075303274,3.088426031891356
18.816000,2.5830472266727704,3.0005340657663844
18.818000,2.6416418707560845,2.9785610742351416
18.820000,2.729533836881056,2.981002517738613
18.822000,2.7612726024261844,3.0005340657663844
18.824000,2.8467231250476845,2.9175249866483557
18.826000,2.844281681544213,2.9053177691309986
18.828000,2.6245517662317845,2.90775921263447
18.830000,2.5732814526588847,2.9614709697108417
18.832000,2.8393987945372703,3.18120088502327
18.834000,2.712443732356756,2.951705195696956
18.836000,2.605020218204013,3.100633249408713
18.838000,2.622110322728313,3.039597161821927
18.840000,2.6025787747005418,2.90775921263447
18.842000,2.65140764476997,2.9590295262073703
18.844000,2.6587319752803844,2.929732204165713
18.846000,2.561074235141527,3.1665522240024413
18.848000,2.622110322728313,3.0811017013809416
18.850000,2.585488670176242,2.9004348821240558
18.852000,2.7197680628671703,3.0298313878080414
18.854000,2.8027771419851986,3.01029983978027
18.856000,2.724650949874113,2.946822308690013
18.858000,2.6001373311970704,3.0688944838635845
18.860000,2.7148851758602275,3.0469214923323413
18.862000,2.836957351033799,3.0688944838635845
18.864000,2.6709391927977415,3.0371557183184557
18.866000,2.5561913481345844,3.088426031891356
18.868000,2.7905699244678415,3.039597161821927
18.870000,2.7612726024261844,3.1226062409399558
18.872000,2.6367589837491416,3.1323720149538414
18.874000,2.819867246509499,3.0859845883878845
18.876000,2.844281681544213,3.11284046692607
18.878000,2.5879301136797133,3.0933089188982987
18.880000,2.6758220798046843,2.9541466392004274
18.882000,2.7490653849088273,3.0737773708705274
18.884000,2.8345159075303274,3.0811017013809416
18.886000,2.626993209735256,3.076218814373999
18.888000,2.6758220798046843,2.9102006561379414
18.890000,2.6904707408255133,2.998092622262913
18.892000,2.673380636301213,3.066453040360113
18.894000,2.5903715571831847,3.0908674753948273
18.896000,2.8027771419851986,3.0688944838635845
18.898000,2.8589303425650416,3.100633249408713
18.900000,2.6172274357213703,2.963912413214313
18.902000,2.63431754024567,3.1616693369954985
18.904000,2.631876096742199,3.066453040360113
18.906000,2.688029297322042,3.12993057145037
18.908000,2.639200427252613,3.09575036240177
18.910000,2.8418402380407417,3.151903562981613
18.912000,2.854047455558099,2.9590295262073703
18.914000,2.793011367971313,3.0859845883878845
18.916000,2.5879301136797133,3.154345006485084
18.918000,2.85648889906157,2.932173647669184
18.920000,2.6904707408255133,2.9053177691309986
18.922000,2.6074616617074846,3.1103990234225987
18.924000,2.8345159075303274,2.937056534676127
18.926000,2.609903105210956,3.171435111009384
18.928000,2.5830472266727704,2.90775921263447
18.930000,2.7026779583428704,3.1030746929121844
18.932000,2.7148851758602275,3.1567864499885556
18.934000,2.6538490882734416,3.1934081025406273
18.936000,2.5659571221484705,3.1494621194781414
18.938000,2.814984359502556,2.9834439612420844
18.940000,2.741741054398413,2.9614709697108417
18.942000,2.854047455558099,3.04448004882887
18.944000,2.644083314259556,2.912642099641413
18.946000,2.729533836881056,2.9785610742351416
18.948000,2.8223086900129704,3.203173876554513
18.950000,2.800335698481727,2.90775921263447
18.952000,2.7368581673914703,3.11284046692607
18.954000,2.780804150453956,3.0737773708705274
18.956000,2.7612726024261844,3.1567864499885556
18.958000,2.673380636301213,3.159227893492027
18.960000,2.8296330205233846,3.16411078049897
18.962000,2.724650949874113,3.071335927367056
18.964000,2.63431754024567,2.9419394216830703
18.966000,2.8296330205233846,2.9590295262073703
18.968000,2.6904707408255133,3.002975509269856
18.970000,2.609903105210956,2.9956511787594415
18.972000,2.7661554894331273,3.022507057297627
18.974000,2.644083314259556,3.0737773708705274
18.976000,2.700236514839399,3.02738994430457
18.978000,2.6123445487144275,2.9590295262073703
18.980000,2.700236514839399,3.1201647974364843
18.982000,2.866254673075456,3.051804379339284
18.984000,2.7515068284122988,3.1958495460440988
18.986000,2.793011367971313,3.022507057297627
18.988000,2.729533836881056,2.956588082703899
18.990000,2.7515068284122988,2.9150835431448843
18.992000,2.8345159075303274,3.039597161821927
18.994000,2.705119401846342,3.134813458457313
18.996000,2.6465247577630273,3.0737773708705274
18.998000,2.77103837644007,3.105516136415656
19.000000,2.626993209735256,2.932173647669184
19.002000,2.7270923933775846,3.083543144884413
19.004000,2.758831158922713,2.937056534676127
19.006000,2.7319752803845274,2.956588082703899
19.008000,2.75394827191577,2.9883268482490273
19.010000,2.849164568551156,3.088426031891356
19.012000,2.705119401846342,3.022507057297627
19.014000,2.7661554894331273,3.1226062409399558
19.016000,2.6416418707560845,3.2007324330510416
19.018000,2.8711375600823987,2.946822308690013
19.020000,2.844281681544213,3.01029983978027
19.022000,2.7100022888532846,3.2129396505683987
19.024000,2.7661554894331273,3.0127412832837415
19.026000,2.7685969329365987,2.99320973525597
19.028000,2.849164568551156,3.0420386053253985
19.030000,2.5830472266727704,3.09575036240177
19.032000,2.8711375600823987,3.0298313878080414
19.034000,2.66849774929427,3.0127412832837415
19.036000,2.5830472266727704,3.1885252155336845
19.038000,2.63431754024567,3.0176241702906843
19.040000,2.800335698481727,3.1738765545128556
19.042000,2.6904707408255133,2.9907682917524987
19.044000,2.8418402380407417,2.968795300221256
19.046000,2.6977950713359276,3.18120088502327
19.048000,2.5879301136797133,2.9663538567177845
19.050000,2.6929121843289847,2.9956511787594415
19.052000,2.7270923933775846,3.0200656137941557
19.054000,2.6172274357213703,3.02738994430457
19.056000,2.75394827191577,3.0542458228427556
19.058000,2.7905699244678415,3.0933089188982987
19.060000,2.8589303425650416,3.1738765545128556
19.062000,2.866254673075456,2.998092622262913
19.064000,2.6904707408255133,3.171435111009384
19.066000,2.8809033340962844,3.015182726787213
19.068000,2.8174258030060275,2.9956511787594415
19.070000,2.6660563057907987,2.99320973525597
19.072000,2.8174258030060275,3.142137788967727
19.074000,2.631876096742199,3.0493629358358127
19.076000,2.639200427252613,2.9541466392004274
19.078000,2.7661554894331273,3.002975509269856
19.080000,2.7441824979018845,3.0078583962767986
19.082000,2.8760204470893416,3.18120088502327
19.084000,2.724650949874113,3.2227054245822844
19.086000,2.7319752803845274,3.151903562981613
19.088000,2.6123445487144275,3.21538109407187
19.090000,2.6929121843289847,3.1494621194781414
19.092000,2.7148851758602275,3.125047684443427
19.094000,2.622110322728313,3.190966659037156
19.096000,2.819867246509499,3.0176241702906843
19.098000,2.661173418783856,3.1787594415197984
19.100000,2.6758220798046843,3.015182726787213
19.102000,2.7368581673914703,3.2227054245822844
19.104000,2.741741054398413,3.134813458457313
19.106000,2.6172274357213703,3.2056153200579844
19.108000,2.6489662012664987,3.2007324330510416
19.110000,2.6636148622873272,2.9712367437247273
19.112000,2.631876096742199,3.02738994430457
19.114000,2.592813000686656,3.0688944838635845
19.116000,2.7026779583428704,3.1885252155336845
19.118000,2.614785992217899,3.1836423285267412
19.120000,2.717326619363699,3.0298313878080414
19.122000,2.741741054398413,3.0371557183184557
19.124000,2.8760204470893416,3.088426031891356
19.126000,2.844281681544213,3.16411078049897
19.128000,2.7734798199435415,3.2129396505683987
19.130000,2.849164568551156,3.1567864499885556
19.132000,2.680704966811627,2.937056534676127
19.134000,2.6538490882734416,3.1616693369954985
19.136000,2.7954528114747843,3.18120088502327
19.138000,2.639200427252613,2.9590295262073703
19.140000,2.639200427252613,2.9712367437247273
19.142000,2.8882276646066987,3.18120088502327
19.144000,2.65140764476997,3.1103990234225987
19.146000,2.8589303425650416,2.9907682917524987
19.148000,2.656290531776913,3.02738994430457
19.150000,2.622110322728313,3.0298313878080414
19.152000,2.8223086900129704,3.0176241702906843
19.154000,2.6538490882734416,3.0811017013809416
19.156000,2.724650949874113,3.1934081025406273
19.158000,2.626993209735256,3.015182726787213
19.160000,2.6294346532387274,2.9834439612420844
19.162000,2.836957351033799,3.051804379339284
19.164000,2.8882276646066987,2.9834439612420844
19.166000,2.7197680628671703,3.1738765545128556
19.168000,2.8638132295719845,3.0933089188982987
19.170000,2.7368581673914703,3.1738765545128556
19.172000,2.8027771419851986,2.9590295262073703
19.174000,2.6294346532387274,3.1323720149538414
19.176000,2.866254673075456,3.1274891279468986
19.178000,2.63431754024567,3.134813458457313
19.180000,2.6904707408255133,3.07866025787747
19.182000,2.7075608453498132,3.2056153200579844
19.184000,2.6489662012664987,3.1860837720302126
19.186000,2.78812848096437,3.1738765545128556
19.188000,2.6660563057907987,3.203173876554513
19.190000,2.7563897154192416,3.1494621194781414
19.192000,2.746623941405356,3.1445792324711985
19.194000,2.6587319752803844,3.134813458457313
19.196000,2.866254673075456,3.015182726787213
19.198000,2.8393987945372703,3.0298313878080414
19.200000,2.80521858548867,3.0688944838635845
19.202000,2.6929121843289847,3.0640115968566417
19.204000,2.8589303425650416,3.1934081025406273
19.206000,2.775921263447013,3.237354085603113
19.208000,2.7197680628671703,3.0371557183184557
19.210000,2.7270923933775846,2.9443808651865417
19.212000,2.741741054398413,3.0176241702906843
19.214000,2.7148851758602275,3.0420386053253985
19.216000,2.793011367971313,3.0200656137941557
19.218000,2.656290531776913,3.0640115968566417
19.220000,2.626993209735256,3.1103990234225987
19.222000,2.7197680628671703,3.0859845883878845
19.224000,2.8467231250476845,3.0933089188982987
19.226000,2.6977950713359276,3.23247119859617
19.228000,2.6123445487144275,3.1201647974364843
19.230000,2.8076600289921414,3.1103990234225987
19.232000,2.7515068284122988,3.088426031891356
19.234000,2.6416418707560845,3.21538109407187
19.236000,2.644083314259556,3.0371557183184557
19.238000,2.609903105210956,3.015182726787213
19.240000,2.8223086900129704,3.176317998016327
19.242000,2.7978942549782557,3.2300297550926986
19.244000,2.866254673075456,3.051804379339284
19.246000,2.6977950713359276,3.071335927367056
19.248000,2.622110322728313,2.9956511787594415
19.250000,2.712443732356756,2.963912413214313
19.252000,2.656290531776913,3.14702067597467
19.254000,2.800335698481727,2.9492637521934846
19.256000,2.6294346532387274,3.2104982070649273
19.258000,2.780804150453956,3.0298313878080414
19.260000,2.8393987945372703,3.02738994430457
19.262000,2.6196688792248417,3.2056153200579844
19.264000,2.80521858548867,3.21538109407187
19.266000,2.7612726024261844,3.1616693369954985
19.268000,2.7148851758602275,2.9883268482490273
19.270000,2.814984359502556,3.2007324330510416
19.272000,2.8589303425650416,3.071335927367056
19.274000,2.8467231250476845,3.1567864499885556
19.276000,2.639200427252613,3.02738994430457
19.278000,2.895551995117113,3.2397955291065843
19.280000,2.6782635233081558,3.0688944838635845
19.282000,2.85648889906157,3.2397955291065843
19.284000,2.6196688792248417,3.1787594415197984
19.286000,2.8809033340962844,3.1738765545128556
19.288000,2.6636148622873272,3.0640115968566417
19.290000,2.78812848096437,2.9712367437247273
19.292000,2.8882276646066987,2.998092622262913
19.294000,2.7685969329365987,3.117723353933013
19.296000,2.7441824979018845,3.002975509269856
19.298000,2.6758220798046843,3.203173876554513
19.300000,2.854047455558099,3.18120088502327
19.302000,2.7685969329365987,3.032272831311513
19.304000,2.783245593957427,3.227588311589227
19.306000,2.6245517662317845,2.9492637521934846
19.308000,2.6587319752803844,3.022507057297627
19.310000,2.8467231250476845,3.203173876554513
19.312000,2.866254673075456,2.9834439612420844
19.314000,2.7392996108949417,3.2178225375753415
19.316000,2.814984359502556,3.002975509269856
19.318000,2.734416723887999,3.002975509269856
19.320000,2.89066910811017,3.203173876554513
19.322000,2.6416418707560845,3.066453040360113
19.324000,2.814984359502556,3.225146868085756
19.326000,2.741741054398413,2.9541466392004274
19.328000,2.912642099641413,2.9834439612420844
19.330000,2.6587319752803844,3.1958495460440988
19.332000,2.661173418783856,3.0811017013809416
19.334000,2.6465247577630273,2.956588082703899
19.336000,2.8223086900129704,3.0371557183184557
19.338000,2.8247501335164418,2.99320973525597
19.340000,2.746623941405356,3.0493629358358127
19.342000,2.8931105516136415,3.225146868085756
19.344000,2.775921263447013,3.16411078049897
19.346000,2.6587319752803844,2.9883268482490273
19.348000,2.7515068284122988,2.956588082703899
19.350000,2.6367589837491416,3.1934081025406273
19.352000,2.6245517662317845,3.06157015335317
19.354000,2.9102006561379414,3.176317998016327
19.356000,2.8076600289921414,3.244678416113527
19.358000,2.8223086900129704,3.134813458457313
19.360000,2.729533836881056,3.1738765545128556
19.362000,2.729533836881056,3.159227893492027
19.364000,2.7661554894331273,2.985885404745556
19.366000,2.8223086900129704,3.134813458457313
19.368000,2.878461890592813,3.18120088502327
19.370000,2.6977950713359276,3.2300297550926986
19.372000,2.8467231250476845,3.056687266346227
19.374000,2.6636148622873272,2.97611963073167
19.376000,2.85648889906157,3.2227054245822844
19.378000,2.6538490882734416,3.0933089188982987
19.380000,2.6660563057907987,3.0078583962767986
19.382000,2.7563897154192416,3.005416952773327
19.384000,2.6489662012664987,3.06157015335317
19.386000,2.712443732356756,3.0249485008010986
19.388000,2.8638132295719845,3.1152819104295415
19.390000,2.8979934386205843,3.1885252155336845
19.392000,2.78812848096437,3.0811017013809416
19.394000,2.6538490882734416,2.9663538567177845
19.396000,2.712443732356756,3.1372549019607843
19.398000,2.661173418783856,3.1323720149538414
19.400000,2.819867246509499,3.220263981078813
19.402000,2.7270923933775846,3.1665522240024413
19.404000,2.7222095063706417,3.2227054245822844
19.406000,2.8931105516136415,3.04448004882887
19.408000,2.639200427252613,3.154345006485084
19.410000,2.8174258030060275,3.0420386053253985
19.412000,2.9175249866483557,3.0542458228427556
19.414000,2.8638132295719845,3.21538109407187
19.416000,2.8223086900129704,3.105516136415656
19.418000,2.7100022888532846,3.09575036240177
19.420000,2.810101472495613,3.1372549019607843
19.422000,2.7441824979018845,3.24956130312047
19.424000,2.7490653849088273,3.1885252155336845
19.426000,2.8467231250476845,3.254444190127413
19.428000,2.7685969329365987,3.0981918059052416
19.430000,2.63431754024567,3.12993057145037
19.432000,2.7905699244678415,3.0981918059052416
19.434000,2.854047455558099,3.0640115968566417
19.436000,2.861371786068513,3.0640115968566417
19.438000,2.705119401846342,3.117723353933013
19.440000,2.8174258030060275,3.0371557183184557
19.442000,2.68558785381857,3.100633249408713
19.444000,2.783245593957427,3.2397955291065843
19.446000,2.9224078736552985,3.1030746929121844
19.448000,2.6758220798046843,3.18120088502327
19.450000,2.717326619363699,3.1323720149538414
19.452000,2.895551995117113,3.2422369726100557
19.454000,2.6367589837491416,3.1665522240024413
19.456000,2.844281681544213,3.1689936675059127
19.458000,2.866254673075456,3.0200656137941557
19.460000,2.7270923933775846,2.9785610742351416
19.462000,2.7978942549782557,3.01029983978027
19.464000,2.9053177691309986,3.1445792324711985
19.466000,2.7612726024261844,3.0469214923323413
19.468000,2.66849774929427,3.23247119859617
19.470000,2.929732204165713,3.2007324330510416
19.472000,2.866254673075456,3.0371557183184557
19.474000,2.7392996108949417,3.0908674753948273
19.476000,2.866254673075456,3.0298313878080414
19.478000,2.7905699244678415,3.159227893492027
19.480000,2.9053177691309986,3.06157015335317
19.482000,2.89066910811017,3.0347142748149842
19.484000,2.89066910811017,3.0005340657663844
19.486000,2.7515068284122988,3.09575036240177
19.488000,2.68558785381857,3.07866025787747
19.490000,2.919966430151827,3.2129396505683987
19.492000,2.7978942549782557,3.11284046692607
19.494000,2.8174258030060275,2.9736781872281988
19.496000,2.65140764476997,3.1787594415197984
19.498000,2.783245593957427,3.0933089188982987
19.500000,2.8760204470893416,3.11284046692607
19.502000,2.780804150453956,3.0005340657663844
19.504000,2.8247501335164418,3.100633249408713
19.506000,2.912642099641413,2.998092622262913
19.508000,2.688029297322042,3.032272831311513
19.510000,2.8296330205233846,2.985885404745556
19.512000,2.688029297322042,3.203173876554513
19.514000,2.8345159075303274,3.1665522240024413
19.516000,2.6831464103150986,3.11284046692607
19.518000,2.854047455558099,3.2056153200579844
19.520000,2.746623941405356,3.0591287098496984
19.522000,2.661173418783856,3.1494621194781414
19.524000,2.7148851758602275,3.1738765545128556
19.526000,2.8467231250476845,3.2227054245822844
19.528000,2.68558785381857,3.0933089188982987
19.530000,2.6929121843289847,3.04448004882887
19.532000,2.836957351033799,3.220263981078813
19.534000,2.883344777599756,3.1396963454642557
19.536000,2.7075608453498132,3.2593270771343557
19.538000,2.8809033340962844,3.2642099641412985
19.540000,2.7954528114747843,3.1860837720302126
19.542000,2.6929121843289847,3.0908674753948273
19.544000,2.6660563057907987,3.2471198596169986
19.546000,2.7978942549782557,3.14702067597467
19.548000,2.8857862211032272,3.015182726787213
19.550000,2.9150835431448843,3.066453040360113
19.552000,2.8809033340962844,3.0347142748149842
19.554000,2.6929121843289847,3.203173876554513
19.556000,2.932173647669184,3.071335927367056
19.558000,2.939497978179599,3.0737773708705274
19.560000,2.741741054398413,3.1787594415197984
19.562000,2.9175249866483557,3.203173876554513
19.564000,2.92484931715877,3.11284046692607
19.566000,2.849164568551156,3.0493629358358127
19.568000,2.8027771419851986,3.032272831311513
19.570000,2.6660563057907987,2.99320973525597
19.572000,2.6538490882734416,3.0688944838635845
19.574000,2.8345159075303274,3.0981918059052416
19.576000,2.85648889906157,3.2178225375753415
19.578000,2.783245593957427,3.0542458228427556
19.580000,2.7368581673914703,3.2764171816586556
19.582000,2.7954528114747843,3.16411078049897
19.584000,2.90775921263447,3.0127412832837415
19.586000,2.758831158922713,3.005416952773327
19.588000,2.8345159075303274,3.2471198596169986
19.590000,2.746623941405356,3.0493629358358127
19.592000,2.819867246509499,3.1958495460440988
19.594000,2.729533836881056,3.12993057145037
19.596000,2.734416723887999,3.176317998016327
19.598000,2.7905699244678415,3.066453040360113
