# Nama Perenang,tes_pad1_00
# Gaya,Bebas
# Jarak,50m
# Tanggal,2026-05-12 13:33:30
timestamp_s,ai0_V,ai1_V
0.000000,0.0016416793285394249,0.003268863971641167
0.002000,0.0016416793285394249,0.003268863971641167
0.004000,0.0016416793285394249,-0.0018269294185202511
0.006000,0.0016416793285394249,0.003268863971641167
0.008000,0.0016416793285394249,0.003268863971641167
0.010000,0.0016416793285394249,-0.0018269294185202511
0.012000,0.0016416793285394249,0.003268863971641167
0.014000,0.0016416793285394249,-0.0018269294185202511
0.016000,0.0016416793285394249,0.003268863971641167
0.018000,0.0016416793285394249,0.003268863971641167
0.020000,0.0016416793285394249,0.003268863971641167
0.022000,0.0016416793285394249,0.003268863971641167
0.024000,0.0016416793285394249,0.003268863971641167
0.026000,0.0016416793285394249,0.003268863971641167
0.028000,0.0016416793285394249,0.003268863971641167
0.030000,0.0016416793285394249,-0.0018269294185202511
0.032000,0.0016416793285394249,-0.0018269294185202511
0.034000,0.0016416793285394249,0.003268863971641167
0.036000,0.0016416793285394249,0.003268863971641167
0.038000,0.0016416793285394249,-0.0018269294185202511
0.040000,0.0016416793285394249,0.003268863971641167
0.042000,0.0016416793285394249,0.003268863971641167
0.044000,0.0016416793285394249,-0.0018269294185202511
0.046000,0.0016416793285394249,-0.0018269294185202511
0.048000,0.0016416793285394249,0.003268863971641167
0.050000,0.0016416793285394249,-0.0018269294185202511
0.052000,0.0016416793285394249,0.003268863971641167
0.054000,0.0016416793285394249,0.003268863971641167
0.056000,0.0016416793285394249,0.003268863971641167
0.058000,0.0016416793285394249,0.003268863971641167
0.060000,0.0016416793285394249,-0.0018269294185202511
0.062000,0.0016416793285394249,-0.0018269294185202511
0.064000,0.0016416793285394249,-0.0018269294185202511
0.066000,0.0016416793285394249,0.003268863971641167
0.068000,0.0016416793285394249,0.003268863971641167
0.070000,0.0016416793285394249,0.003268863971641167
0.072000,0.0016416793285394249,0.003268863971641167
0.074000,0.0016416793285394249,0.003268863971641167
0.076000,0.0016416793285394249,-0.0018269294185202511
0.078000,0.0016416793285394249,0.003268863971641167
0.080000,0.0016416793285394249,0.003268863971641167
0.082000,0.0016416793285394249,0.003268863971641167
0.084000,0.0016416793285394249,0.003268863971641167
0.086000,0.0016416793285394249,0.003268863971641167
0.088000,0.0016416793285394249,0.003268863971641167
0.090000,0.0016416793285394249,0.003268863971641167
0.092000,0.0016416793285394249,-0.0018269294185202511
0.094000,0.0016416793285394249,0.003268863971641167
0.096000,0.0016416793285394249,0.003268863971641167
0.098000,0.0016416793285394249,-0.0018269294185202511
0.100000,0.0016416793285394249,0.003268863971641167
0.102000,0.0016416793285394249,0.003268863971641167
0.104000,0.0016416793285394249,0.003268863971641167
0.106000,0.0016416793285394249,0.003268863971641167
0.108000,0.0016416793285394249,0.003268863971641167
0.110000,0.0016416793285394249,0.003268863971641167
0.112000,0.0016416793285394249,0.003268863971641167
0.114000,0.0016416793285394249,0.003268863971641167
0.116000,0.0016416793285394249,0.003268863971641167
0.118000,0.0016416793285394249,0.003268863971641167
0.120000,0.0016416793285394249,0.003268863971641167
0.122000,0.0016416793285394249,0.003268863971641167
0.124000,0.0016416793285394249,0.003268863971641167
0.126000,0.0016416793285394249,0.003268863971641167
0.128000,0.0016416793285394249,-0.0018269294185202511
0.130000,0.0016416793285394249,0.003268863971641167
0.132000,0.0016416793285394249,0.003268863971641167
0.134000,0.0016416793285394249,0.003268863971641167
0.136000,0.0016416793285394249,-0.0018269294185202511
0.138000,0.0016416793285394249,0.003268863971641167
0.140000,0.0016416793285394249,0.003268863971641167
0.142000,0.0016416793285394249,0.003268863971641167
0.144000,0.0016416793285394249,-0.0018269294185202511
0.146000,0.0016416793285394249,0.003268863971641167
0.148000,0.0016416793285394249,0.003268863971641167
0.150000,0.0016416793285394249,-0.0018269294185202511
0.152000,0.0016416793285394249,0.003268863971641167
0.154000,0.0016416793285394249,0.003268863971641167
0.156000,0.0016416793285394249,-0.0018269294185202511
0.158000,0.0016416793285394249,-0.0018269294185202511
0.160000,0.0016416793285394249,0.003268863971641167
0.162000,0.0016416793285394249,0.003268863971641167
0.164000,0.0016416793285394249,-0.0018269294185202511
0.166000,0.0016416793285394249,0.003268863971641167
0.168000,0.0016416793285394249,-0.0018269294185202511
0.170000,0.0016416793285394249,0.003268863971641167
0.172000,0.0016416793285394249,0.003268863971641167
0.174000,0.0016416793285394249,0.003268863971641167
0.176000,0.0016416793285394249,0.003268863971641167
0.178000,0.0016416793285394249,0.003268863971641167
0.180000,0.0016416793285394249,0.003268863971641167
0.182000,0.0016416793285394249,0.003268863971641167
0.184000,0.0016416793285394249,0.003268863971641167
0.186000,0.0016416793285394249,0.003268863971641167
0.188000,0.0016416793285394249,0.003268863971641167
0.190000,0.0016416793285394249,0.003268863971641167
0.192000,0.0016416793285394249,0.003268863971641167
0.194000,0.0016416793285394249,0.003268863971641167
0.196000,0.0016416793285394249,0.003268863971641167
0.198000,0.0016416793285394249,0.003268863971641167
0.200000,0.0016416793285394249,-0.0018269294185202511
0.202000,0.0016416793285394249,0.003268863971641167
0.204000,0.0016416793285394249,0.003268863971641167
0.206000,0.0016416793285394249,0.003268863971641167
0.208000,0.0016416793285394249,0.003268863971641167
0.210000,0.0016416793285394249,0.003268863971641167
0.212000,0.0016416793285394249,0.003268863971641167
0.214000,0.0016416793285394249,0.003268863971641167
0.216000,0.0016416793285394249,-0.0018269294185202511
0.218000,0.0016416793285394249,-0.0018269294185202511
0.220000,0.0016416793285394249,0.003268863971641167
0.222000,0.0016416793285394249,0.003268863971641167
0.224000,0.0016416793285394249,0.003268863971641167
0.226000,0.0016416793285394249,0.003268863971641167
0.228000,0.0016416793285394249,0.003268863971641167
0.230000,0.0016416793285394249,0.003268863971641167
0.232000,0.0016416793285394249,0.003268863971641167
0.234000,0.0016416793285394249,0.003268863971641167
0.236000,0.0016416793285394249,0.003268863971641167
0.238000,0.0016416793285394249,0.003268863971641167
0.240000,0.0016416793285394249,-0.0018269294185202511
0.242000,0.0016416793285394249,0.003268863971641167
0.244000,0.0016416793285394249,0.003268863971641167
0.246000,0.0016416793285394249,0.003268863971641167
0.248000,0.0016416793285394249,-0.0018269294185202511
0.250000,0.0016416793285394249,0.003268863971641167
0.252000,0.0016416793285394249,0.003268863971641167
0.254000,0.0016416793285394249,0.003268863971641167
0.256000,0.0016416793285394249,-0.0018269294185202511
0.258000,0.0016416793285394249,-0.0018269294185202511
0.260000,0.0016416793285394249,0.003268863971641167
0.262000,0.0016416793285394249,-0.0018269294185202511
0.264000,0.0016416793285394249,-0.0018269294185202511
0.266000,0.0016416793285394249,-0.0018269294185202511
0.268000,0.0016416793285394249,0.003268863971641167
0.270000,0.0016416793285394249,-0.0018269294185202511
0.272000,0.0016416793285394249,0.003268863971641167
0.274000,0.0016416793285394249,0.003268863971641167
0.276000,0.0016416793285394249,0.003268863971641167
0.278000,0.0016416793285394249,0.003268863971641167
0.280000,0.0016416793285394249,0.003268863971641167
0.282000,0.0016416793285394249,-0.0018269294185202511
0.284000,0.0016416793285394249,0.003268863971641167
0.286000,0.0016416793285394249,0.003268863971641167
0.288000,0.0016416793285394249,0.003268863971641167
0.290000,0.0016416793285394249,-0.0018269294185202511
0.292000,0.0016416793285394249,0.003268863971641167
0.294000,0.0016416793285394249,0.003268863971641167
0.296000,0.0016416793285394249,0.003268863971641167
0.298000,0.0016416793285394249,0.003268863971641167
0.300000,0.0016416793285394249,0.003268863971641167
0.302000,0.0016416793285394249,0.003268863971641167
0.304000,0.0016416793285394249,0.003268863971641167
0.306000,0.0016416793285394249,-0.0018269294185202511
0.308000,0.0016416793285394249,0.003268863971641167
0.310000,0.0016416793285394249,0.003268863971641167
0.312000,0.0016416793285394249,0.003268863971641167
0.314000,0.0016416793285394249,0.003268863971641167
0.316000,0.0016416793285394249,0.003268863971641167
0.318000,0.0016416793285394249,0.003268863971641167
0.320000,0.0016416793285394249,0.003268863971641167
0.322000,0.0016416793285394249,0.003268863971641167
0.324000,0.0016416793285394249,0.003268863971641167
0.326000,0.0016416793285394249,0.003268863971641167
0.328000,0.0016416793285394249,0.003268863971641167
0.330000,0.0016416793285394249,0.003268863971641167
0.332000,0.0016416793285394249,0.003268863971641167
0.334000,0.0016416793285394249,0.003268863971641167
0.336000,0.0016416793285394249,-0.0018269294185202511
0.338000,0.0016416793285394249,0.003268863971641167
0.340000,0.0016416793285394249,0.003268863971641167
0.342000,0.0016416793285394249,-0.0018269294185202511
0.344000,0.0016416793285394249,0.003268863971641167
0.346000,0.0016416793285394249,0.003268863971641167
0.348000,0.0016416793285394249,-0.0018269294185202511
0.350000,0.0016416793285394249,0.003268863971641167
0.352000,0.0016416793285394249,0.003268863971641167
0.354000,0.0016416793285394249,0.003268863971641167
0.356000,0.0016416793285394249,0.003268863971641167
0.358000,0.0016416793285394249,-0.0018269294185202511
0.360000,0.0016416793285394249,0.003268863971641167
0.362000,0.0016416793285394249,-0.0018269294185202511
0.364000,0.0016416793285394249,0.003268863971641167
0.366000,0.0016416793285394249,0.003268863971641167
0.368000,0.0016416793285394249,0.003268863971641167
0.370000,0.0016416793285394249,0.003268863971641167
0.372000,0.0016416793285394249,-0.0018269294185202511
0.374000,0.0016416793285394249,-0.0018269294185202511
0.376000,0.0016416793285394249,0.003268863971641167
0.378000,0.0016416793285394249,0.003268863971641167
0.380000,0.0016416793285394249,-0.0018269294185202511
0.382000,0.0016416793285394249,-0.0018269294185202511
0.384000,0.0016416793285394249,0.003268863971641167
0.386000,0.0016416793285394249,0.003268863971641167
0.388000,0.0016416793285394249,-0.0018269294185202511
0.390000,0.0016416793285394249,0.003268863971641167
0.392000,0.0016416793285394249,0.003268863971641167
0.394000,0.0016416793285394249,-0.0018269294185202511
0.396000,0.0016416793285394249,-0.0018269294185202511
0.398000,0.0016416793285394249,-0.0018269294185202511
0.400000,0.0016416793285394249,-0.0018269294185202511
0.402000,0.0016416793285394249,-0.0018269294185202511
0.404000,0.0016416793285394249,-0.0018269294185202511
0.406000,0.0016416793285394249,0.003268863971641167
0.408000,0.0016416793285394249,-0.0018269294185202511
0.410000,0.0016416793285394249,0.003268863971641167
0.412000,0.0016416793285394249,-0.0018269294185202511
0.414000,0.0016416793285394249,0.003268863971641167
0.416000,0.0016416793285394249,0.003268863971641167
0.418000,0.0016416793285394249,0.003268863971641167
0.420000,0.0016416793285394249,0.003268863971641167
0.422000,0.0016416793285394249,0.003268863971641167
0.424000,0.0016416793285394249,0.003268863971641167
0.426000,0.0016416793285394249,0.003268863971641167
0.428000,0.0016416793285394249,0.003268863971641167
0.430000,0.0016416793285394249,0.003268863971641167
0.432000,0.0016416793285394249,-0.0018269294185202511
0.434000,0.0016416793285394249,0.003268863971641167
0.436000,0.0016416793285394249,-0.0018269294185202511
0.438000,0.0016416793285394249,0.003268863971641167
0.440000,0.0016416793285394249,0.003268863971641167
0.442000,0.0016416793285394249,-0.0018269294185202511
0.444000,0.0016416793285394249,0.003268863971641167
0.446000,0.0016416793285394249,0.003268863971641167
0.448000,0.0016416793285394249,0.003268863971641167
0.450000,0.0016416793285394249,0.003268863971641167
0.452000,0.0016416793285394249,0.003268863971641167
0.454000,0.0016416793285394249,0.003268863971641167
0.456000,0.0016416793285394249,0.003268863971641167
0.458000,0.0016416793285394249,0.003268863971641167
0.460000,0.0016416793285394249,0.003268863971641167
0.462000,0.0016416793285394249,0.003268863971641167
0.464000,0.0016416793285394249,0.003268863971641167
0.466000,0.0016416793285394249,-0.0018269294185202511
0.468000,0.0016416793285394249,0.003268863971641167
0.470000,0.0016416793285394249,0.003268863971641167
0.472000,0.0016416793285394249,0.003268863971641167
0.474000,0.0016416793285394249,0.003268863971641167
0.476000,0.0016416793285394249,0.003268863971641167
0.478000,0.0016416793285394249,-0.0018269294185202511
0.480000,0.0016416793285394249,0.003268863971641167
0.482000,0.0016416793285394249,-0.0018269294185202511
0.484000,0.0016416793285394249,-0.0018269294185202511
0.486000,0.0016416793285394249,0.003268863971641167
0.488000,0.0016416793285394249,0.003268863971641167
0.490000,0.0016416793285394249,-0.0018269294185202511
0.492000,0.0016416793285394249,-0.0018269294185202511
0.494000,0.0016416793285394249,0.003268863971641167
0.496000,0.0016416793285394249,0.003268863971641167
0.498000,0.0016416793285394249,0.003268863971641167
0.500000,0.0016416793285394249,0.003268863971641167
0.502000,0.0016416793285394249,0.003268863971641167
0.504000,0.0016416793285394249,0.003268863971641167
0.506000,0.0016416793285394249,-0.0018269294185202511
0.508000,0.0016416793285394249,0.003268863971641167
0.510000,0.0016416793285394249,-0.0018269294185202511
0.512000,0.0016416793285394249,-0.0018269294185202511
0.514000,0.0016416793285394249,0.003268863971641167
0.516000,0.0016416793285394249,0.003268863971641167
0.518000,0.0016416793285394249,0.003268863971641167
0.520000,0.0016416793285394249,0.003268863971641167
0.522000,0.0016416793285394249,0.003268863971641167
0.524000,0.0016416793285394249,-0.0018269294185202511
0.526000,0.0016416793285394249,0.003268863971641167
0.528000,0.0016416793285394249,-0.0018269294185202511
0.530000,0.0016416793285394249,-0.0018269294185202511
0.532000,0.0016416793285394249,0.003268863971641167
0.534000,0.0016416793285394249,-0.0018269294185202511
0.536000,0.0016416793285394249,0.003268863971641167
0.538000,0.0016416793285394249,0.003268863971641167
0.540000,0.0016416793285394249,-0.0018269294185202511
0.542000,0.0016416793285394249,-0.0018269294185202511
0.544000,0.0016416793285394249,-0.0018269294185202511
0.546000,0.0016416793285394249,0.003268863971641167
0.548000,0.0016416793285394249,0.003268863971641167
0.550000,0.0016416793285394249,-0.0018269294185202511
0.552000,0.0016416793285394249,-0.0018269294185202511
0.554000,0.0016416793285394249,0.003268863971641167
0.556000,0.0016416793285394249,0.003268863971641167
0.558000,0.0016416793285394249,0.003268863971641167
0.560000,0.0016416793285394249,0.003268863971641167
0.562000,0.0016416793285394249,0.003268863971641167
0.564000,0.0016416793285394249,0.003268863971641167
0.566000,0.0016416793285394249,0.003268863971641167
0.568000,0.0016416793285394249,0.003268863971641167
0.570000,0.0016416793285394249,0.003268863971641167
0.572000,0.0016416793285394249,-0.0018269294185202511
0.574000,0.0016416793285394249,0.003268863971641167
0.576000,0.0016416793285394249,0.003268863971641167
0.578000,0.0016416793285394249,-0.0018269294185202511
0.580000,0.0016416793285394249,0.003268863971641167
0.582000,0.0016416793285394249,0.003268863971641167
0.584000,0.0016416793285394249,0.003268863971641167
0.586000,0.0016416793285394249,-0.0018269294185202511
0.588000,0.0016416793285394249,0.003268863971641167
0.590000,0.0016416793285394249,-0.0018269294185202511
0.592000,0.0016416793285394249,-0.0018269294185202511
0.594000,0.0016416793285394249,0.003268863971641167
0.596000,0.0016416793285394249,-0.0018269294185202511
0.598000,0.0016416793285394249,0.003268863971641167
0.600000,0.0016416793285394249,0.003268863971641167
0.602000,0.0016416793285394249,0.003268863971641167
0.604000,0.0016416793285394249,-0.0018269294185202511
0.606000,0.0016416793285394249,-0.0018269294185202511
0.608000,0.0016416793285394249,0.003268863971641167
0.610000,0.0016416793285394249,0.003268863971641167
0.612000,0.0016416793285394249,0.003268863971641167
0.614000,0.0016416793285394249,0.003268863971641167
0.616000,0.0016416793285394249,0.003268863971641167
0.618000,0.0016416793285394249,0.003268863971641167
0.620000,0.0016416793285394249,-0.0018269294185202511
0.622000,0.0016416793285394249,-0.0018269294185202511
0.624000,0.0016416793285394249,-0.0018269294185202511
0.626000,0.0016416793285394249,0.003268863971641167
0.628000,0.0016416793285394249,0.003268863971641167
0.630000,0.0016416793285394249,-0.0018269294185202511
0.632000,0.0016416793285394249,-0.0018269294185202511
0.634000,0.0016416793285394249,0.003268863971641167
0.636000,0.0016416793285394249,0.003268863971641167
0.638000,0.0016416793285394249,0.003268863971641167
0.640000,0.0016416793285394249,0.003268863971641167
0.642000,0.0016416793285394249,0.003268863971641167
0.644000,0.0016416793285394249,0.003268863971641167
0.646000,0.0016416793285394249,-0.0018269294185202511
0.648000,0.0016416793285394249,0.003268863971641167
0.650000,0.0016416793285394249,0.003268863971641167
0.652000,0.0016416793285394249,0.003268863971641167
0.654000,0.0016416793285394249,-0.0018269294185202511
0.656000,0.0016416793285394249,0.003268863971641167
0.658000,0.0016416793285394249,0.003268863971641167
0.660000,0.0016416793285394249,-0.0018269294185202511
0.662000,0.0016416793285394249,0.003268863971641167
0.664000,0.0016416793285394249,-0.0018269294185202511
0.666000,0.0016416793285394249,0.003268863971641167
0.668000,0.0016416793285394249,0.003268863971641167
0.670000,0.0016416793285394249,0.003268863971641167
0.672000,0.0016416793285394249,-0.0018269294185202511
0.674000,0.0016416793285394249,0.003268863971641167
0.676000,0.0016416793285394249,0.003268863971641167
0.678000,0.0016416793285394249,0.003268863971641167
0.680000,0.0016416793285394249,0.003268863971641167
0.682000,0.0016416793285394249,-0.0018269294185202511
0.684000,0.0016416793285394249,0.003268863971641167
0.686000,0.0016416793285394249,0.003268863971641167
0.688000,0.0016416793285394249,0.003268863971641167
0.690000,0.0016416793285394249,-0.0018269294185202511
0.692000,0.0016416793285394249,0.003268863971641167
0.694000,0.0016416793285394249,-0.0018269294185202511
0.696000,0.0016416793285394249,0.003268863971641167
0.698000,0.0016416793285394249,0.003268863971641167
0.700000,0.0016416793285394249,0.003268863971641167
0.702000,0.0016416793285394249,0.003268863971641167
0.704000,0.0016416793285394249,0.003268863971641167
0.706000,0.0016416793285394249,-0.0018269294185202511
0.708000,0.0016416793285394249,0.003268863971641167
0.710000,0.0016416793285394249,-0.0018269294185202511
0.712000,0.0016416793285394249,0.003268863971641167
0.714000,0.0016416793285394249,0.003268863971641167
0.716000,0.0016416793285394249,0.003268863971641167
0.718000,0.0016416793285394249,0.003268863971641167
0.720000,0.0016416793285394249,0.003268863971641167
0.722000,0.0016416793285394249,0.003268863971641167
0.724000,0.0016416793285394249,0.003268863971641167
0.726000,0.0016416793285394249,-0.0018269294185202511
0.728000,0.0016416793285394249,0.003268863971641167
0.730000,0.0016416793285394249,0.003268863971641167
0.732000,0.0016416793285394249,0.003268863971641167
0.734000,0.0016416793285394249,0.003268863971641167
0.736000,0.0016416793285394249,0.003268863971641167
0.738000,0.0016416793285394249,0.003268863971641167
0.740000,0.0016416793285394249,0.003268863971641167
0.742000,0.0016416793285394249,0.003268863971641167
0.744000,0.0016416793285394249,0.003268863971641167
0.746000,0.0016416793285394249,0.003268863971641167
0.748000,0.0016416793285394249,0.003268863971641167
0.750000,0.0016416793285394249,0.003268863971641167
0.752000,0.0016416793285394249,0.003268863971641167
0.754000,0.0016416793285394249,-0.0018269294185202511
0.756000,0.0016416793285394249,-0.0018269294185202511
0.758000,0.0016416793285394249,0.003268863971641167
0.760000,0.0016416793285394249,0.003268863971641167
0.762000,0.0016416793285394249,0.003268863971641167
0.764000,0.0016416793285394249,0.003268863971641167
0.766000,0.0016416793285394249,0.003268863971641167
0.768000,0.0016416793285394249,0.003268863971641167
0.770000,0.0016416793285394249,-0.0018269294185202511
0.772000,0.0016416793285394249,0.003268863971641167
0.774000,0.0016416793285394249,0.003268863971641167
0.776000,0.0016416793285394249,0.003268863971641167
0.778000,0.0016416793285394249,0.003268863971641167
0.780000,0.0016416793285394249,-0.0018269294185202511
0.782000,0.0016416793285394249,0.003268863971641167
0.784000,0.0016416793285394249,0.003268863971641167
0.786000,0.0016416793285394249,0.003268863971641167
0.788000,0.0016416793285394249,0.003268863971641167
0.790000,0.0016416793285394249,-0.0018269294185202511
0.792000,0.0016416793285394249,-0.0018269294185202511
0.794000,0.0016416793285394249,0.003268863971641167
0.796000,0.0016416793285394249,-0.0018269294185202511
0.798000,0.0016416793285394249,0.003268863971641167
0.800000,0.0016416793285394249,-0.0018269294185202511
0.802000,0.0016416793285394249,-0.0018269294185202511
0.804000,0.0016416793285394249,-0.0018269294185202511
0.806000,0.0016416793285394249,-0.0018269294185202511
0.808000,0.0016416793285394249,0.003268863971641167
0.810000,0.0016416793285394249,0.003268863971641167
0.812000,0.0016416793285394249,0.003268863971641167
0.814000,0.0016416793285394249,0.003268863971641167
0.816000,0.0016416793285394249,-0.0018269294185202511
0.818000,0.0016416793285394249,-0.0018269294185202511
0.820000,0.0016416793285394249,-0.0018269294185202511
0.822000,0.0016416793285394249,0.003268863971641167
0.824000,0.0016416793285394249,0.003268863971641167
0.826000,0.0016416793285394249,0.003268863971641167
0.828000,0.0016416793285394249,0.003268863971641167
0.830000,0.0016416793285394249,0.003268863971641167
0.832000,0.0016416793285394249,0.003268863971641167
0.834000,0.0016416793285394249,0.003268863971641167
0.836000,0.0016416793285394249,0.003268863971641167
0.838000,0.0016416793285394249,-0.0018269294185202511
0.840000,0.0016416793285394249,-0.0018269294185202511
0.842000,0.0016416793285394249,0.003268863971641167
0.844000,0.0016416793285394249,0.003268863971641167
0.846000,0.0016416793285394249,0.003268863971641167
0.848000,0.0016416793285394249,-0.0018269294185202511
0.850000,0.0016416793285394249,-0.0018269294185202511
0.852000,0.0016416793285394249,0.003268863971641167
0.854000,0.0016416793285394249,-0.0018269294185202511
0.856000,0.0016416793285394249,0.003268863971641167
0.858000,0.0016416793285394249,0.003268863971641167
0.860000,0.0016416793285394249,0.003268863971641167
0.862000,0.0016416793285394249,0.003268863971641167
0.864000,0.0016416793285394249,-0.0018269294185202511
0.866000,0.0016416793285394249,0.003268863971641167
0.868000,0.0016416793285394249,0.003268863971641167
0.870000,0.0016416793285394249,0.003268863971641167
0.872000,0.0016416793285394249,-0.0018269294185202511
0.874000,0.0016416793285394249,0.003268863971641167
0.876000,0.0016416793285394249,0.003268863971641167
0.878000,0.0016416793285394249,0.003268863971641167
0.880000,0.0016416793285394249,-0.0018269294185202511
0.882000,0.0016416793285394249,0.003268863971641167
0.884000,0.0016416793285394249,0.003268863971641167
0.886000,0.0016416793285394249,0.003268863971641167
0.888000,0.0016416793285394249,-0.0018269294185202511
0.890000,0.0016416793285394249,0.003268863971641167
0.892000,0.0016416793285394249,0.003268863971641167
0.894000,0.0016416793285394249,0.003268863971641167
0.896000,0.0016416793285394249,0.003268863971641167
0.898000,0.0016416793285394249,-0.0018269294185202511
0.900000,0.0016416793285394249,0.003268863971641167
0.902000,0.0016416793285394249,-0.0018269294185202511
0.904000,0.0016416793285394249,0.003268863971641167
0.906000,0.0016416793285394249,0.003268863971641167
0.908000,0.0016416793285394249,0.003268863971641167
0.910000,0.0016416793285394249,-0.0018269294185202511
0.912000,0.0016416793285394249,0.003268863971641167
0.914000,0.0016416793285394249,0.003268863971641167
0.916000,0.0016416793285394249,0.003268863971641167
0.918000,0.0016416793285394249,-0.0018269294185202511
0.920000,0.0016416793285394249,0.003268863971641167
0.922000,0.0016416793285394249,-0.0018269294185202511
0.924000,0.0016416793285394249,0.003268863971641167
0.926000,0.0016416793285394249,0.003268863971641167
0.928000,0.0016416793285394249,0.003268863971641167
0.930000,0.0016416793285394249,0.003268863971641167
0.932000,0.0016416793285394249,-0.0018269294185202511
0.934000,0.0016416793285394249,0.003268863971641167
0.936000,0.0016416793285394249,0.003268863971641167
0.938000,0.0016416793285394249,-0.0018269294185202511
0.940000,0.0016416793285394249,-0.0018269294185202511
0.942000,0.0016416793285394249,0.003268863971641167
0.944000,0.0016416793285394249,-0.0018269294185202511
0.946000,0.0016416793285394249,0.003268863971641167
0.948000,0.0016416793285394249,0.003268863971641167
0.950000,0.0016416793285394249,0.003268863971641167
0.952000,0.0016416793285394249,0.003268863971641167
0.954000,0.0016416793285394249,-0.0018269294185202511
0.956000,0.0016416793285394249,0.003268863971641167
0.958000,0.0016416793285394249,0.003268863971641167
0.960000,0.0016416793285394249,0.003268863971641167
0.962000,0.0016416793285394249,-0.0018269294185202511
0.964000,0.0016416793285394249,0.003268863971641167
0.966000,0.0016416793285394249,0.003268863971641167
0.968000,0.0016416793285394249,0.003268863971641167
0.970000,0.0016416793285394249,0.003268863971641167
0.972000,0.0016416793285394249,0.003268863971641167
0.974000,0.0016416793285394249,0.003268863971641167
0.976000,0.0016416793285394249,0.003268863971641167
0.978000,0.0016416793285394249,-0.0018269294185202511
0.980000,0.0016416793285394249,0.003268863971641167
0.982000,0.0016416793285394249,0.003268863971641167
0.984000,0.0016416793285394249,-0.0018269294185202511
0.986000,0.0016416793285394249,0.003268863971641167
0.988000,0.0016416793285394249,-0.0018269294185202511
0.990000,0.0016416793285394249,-0.0018269294185202511
0.992000,0.0016416793285394249,0.003268863971641167
0.994000,0.0016416793285394249,0.003268863971641167
0.996000,0.0016416793285394249,0.003268863971641167
0.998000,0.0016416793285394249,-0.0018269294185202511
1.000000,0.0016416793285394249,0.003268863971641167
1.002000,0.0016416793285394249,-0.0018269294185202511
1.004000,0.0016416793285394249,0.003268863971641167
1.006000,0.0016416793285394249,0.003268863971641167
1.008000,0.0016416793285394249,0.003268863971641167
1.010000,0.0016416793285394249,0.003268863971641167
1.012000,-0.0034483407048870873,-0.0018269294185202511
1.014000,0.0016416793285394249,0.003268863971641167
1.016000,0.0016416793285394249,0.003268863971641167
1.018000,0.0016416793285394249,0.003268863971641167
1.020000,0.0016416793285394249,0.003268863971641167
1.022000,0.0016416793285394249,-0.0018269294185202511
1.024000,0.0016416793285394249,0.003268863971641167
1.026000,0.0016416793285394249,0.003268863971641167
1.028000,0.0016416793285394249,0.003268863971641167
1.030000,0.0016416793285394249,0.003268863971641167
1.032000,0.0016416793285394249,-0.0018269294185202511
1.034000,0.0016416793285394249,0.003268863971641167
1.036000,0.0016416793285394249,0.003268863971641167
1.038000,0.0016416793285394249,-0.0018269294185202511
1.040000,0.0016416793285394249,0.003268863971641167
1.042000,0.0016416793285394249,-0.0018269294185202511
1.044000,0.0016416793285394249,-0.0018269294185202511
1.046000,0.0016416793285394249,-0.0018269294185202511
1.048000,0.0016416793285394249,0.003268863971641167
1.050000,0.0016416793285394249,0.003268863971641167
1.052000,0.0016416793285394249,-0.0018269294185202511
1.054000,0.0016416793285394249,-0.0018269294185202511
1.056000,0.0016416793285394249,0.003268863971641167
1.058000,0.0016416793285394249,0.003268863971641167
1.060000,0.0016416793285394249,0.003268863971641167
1.062000,0.0016416793285394249,0.003268863971641167
1.064000,0.0016416793285394249,0.003268863971641167
1.066000,0.0016416793285394249,-0.0018269294185202511
1.068000,0.0016416793285394249,-0.0018269294185202511
1.070000,0.0016416793285394249,-0.0018269294185202511
1.072000,0.0016416793285394249,0.003268863971641167
1.074000,0.0016416793285394249,0.003268863971641167
1.076000,0.0016416793285394249,0.003268863971641167
1.078000,0.0016416793285394249,0.003268863971641167
1.080000,0.0016416793285394249,-0.0018269294185202511
1.082000,0.0016416793285394249,0.003268863971641167
1.084000,0.0016416793285394249,0.003268863971641167
1.086000,0.0016416793285394249,0.003268863971641167
1.088000,0.0016416793285394249,-0.0018269294185202511
1.090000,0.0016416793285394249,0.003268863971641167
1.092000,0.0016416793285394249,0.003268863971641167
1.094000,0.0016416793285394249,-0.0018269294185202511
1.096000,0.0016416793285394249,-0.0018269294185202511
1.098000,0.0016416793285394249,0.003268863971641167
1.100000,0.0016416793285394249,0.003268863971641167
1.102000,0.0016416793285394249,0.003268863971641167
1.104000,0.0016416793285394249,-0.0018269294185202511
1.106000,0.0016416793285394249,0.003268863971641167
1.108000,0.0016416793285394249,0.003268863971641167
1.110000,0.0016416793285394249,0.003268863971641167
1.112000,0.0016416793285394249,-0.0018269294185202511
1.114000,0.0016416793285394249,-0.0018269294185202511
1.116000,0.0016416793285394249,0.003268863971641167
1.118000,0.0016416793285394249,-0.0018269294185202511
1.120000,0.0016416793285394249,0.003268863971641167
1.122000,0.0016416793285394249,0.003268863971641167
1.124000,0.0016416793285394249,-0.0018269294185202511
1.126000,0.0016416793285394249,0.003268863971641167
1.128000,0.0016416793285394249,-0.0018269294185202511
1.130000,0.0016416793285394249,-0.0018269294185202511
1.132000,0.0016416793285394249,0.003268863971641167
1.134000,0.0016416793285394249,0.003268863971641167
1.136000,0.0016416793285394249,-0.0018269294185202511
1.138000,0.0016416793285394249,0.003268863971641167
1.140000,0.0016416793285394249,0.003268863971641167
1.142000,0.0016416793285394249,-0.0018269294185202511
1.144000,0.0016416793285394249,0.003268863971641167
1.146000,0.0016416793285394249,-0.0018269294185202511
1.148000,0.0016416793285394249,0.003268863971641167
1.150000,0.0016416793285394249,-0.0018269294185202511
1.152000,0.0016416793285394249,0.003268863971641167
1.154000,0.0016416793285394249,0.003268863971641167
1.156000,0.0016416793285394249,0.003268863971641167
1.158000,0.0016416793285394249,0.003268863971641167
1.160000,0.0016416793285394249,0.003268863971641167
1.162000,0.0016416793285394249,0.003268863971641167
1.164000,0.0016416793285394249,0.003268863971641167
1.166000,0.0016416793285394249,0.003268863971641167
1.168000,0.0016416793285394249,0.003268863971641167
1.170000,0.0016416793285394249,0.003268863971641167
1.172000,0.0016416793285394249,-0.0018269294185202511
1.174000,0.0016416793285394249,0.003268863971641167
1.176000,0.0016416793285394249,-0.0018269294185202511
1.178000,0.0016416793285394249,0.003268863971641167
1.180000,0.0016416793285394249,0.003268863971641167
1.182000,0.0016416793285394249,-0.0018269294185202511
1.184000,0.0016416793285394249,0.003268863971641167
1.186000,0.0016416793285394249,0.003268863971641167
1.188000,0.0016416793285394249,0.003268863971641167
1.190000,0.0016416793285394249,-0.0018269294185202511
1.192000,0.0016416793285394249,0.003268863971641167
1.194000,0.0016416793285394249,0.003268863971641167
1.196000,0.0016416793285394249,0.003268863971641167
1.198000,0.0016416793285394249,0.003268863971641167
1.200000,0.0016416793285394249,0.003268863971641167
1.202000,0.0016416793285394249,0.003268863971641167
1.204000,0.0016416793285394249,0.003268863971641167
1.206000,0.0016416793285394249,0.003268863971641167
1.208000,0.0016416793285394249,0.003268863971641167
1.210000,0.0016416793285394249,0.003268863971641167
1.212000,0.0016416793285394249,0.003268863971641167
1.214000,0.0016416793285394249,0.003268863971641167
1.216000,0.0016416793285394249,0.003268863971641167
1.218000,0.0016416793285394249,0.003268863971641167
1.220000,0.0016416793285394249,0.003268863971641167
1.222000,0.0016416793285394249,0.003268863971641167
1.224000,0.0016416793285394249,0.003268863971641167
1.226000,0.0016416793285394249,0.003268863971641167
1.228000,0.0016416793285394249,0.003268863971641167
1.230000,0.0016416793285394249,-0.0018269294185202511
1.232000,0.0016416793285394249,0.003268863971641167
1.234000,0.0016416793285394249,0.003268863971641167
1.236000,0.0016416793285394249,0.003268863971641167
1.238000,0.0016416793285394249,-0.0018269294185202511
1.240000,0.0016416793285394249,0.003268863971641167
1.242000,0.0016416793285394249,0.003268863971641167
1.244000,0.0016416793285394249,0.003268863971641167
1.246000,0.0016416793285394249,0.003268863971641167
1.248000,0.0016416793285394249,0.003268863971641167
1.250000,0.0016416793285394249,-0.0018269294185202511
1.252000,0.0016416793285394249,0.003268863971641167
1.254000,0.0016416793285394249,0.003268863971641167
1.256000,0.0016416793285394249,0.003268863971641167
1.258000,0.0016416793285394249,-0.0018269294185202511
1.260000,0.0016416793285394249,0.003268863971641167
1.262000,0.0016416793285394249,0.003268863971641167
1.264000,0.0016416793285394249,-0.0018269294185202511
1.266000,0.0016416793285394249,0.003268863971641167
1.268000,0.0016416793285394249,0.003268863971641167
1.270000,0.0016416793285394249,0.003268863971641167
1.272000,0.0016416793285394249,0.003268863971641167
1.274000,0.0016416793285394249,0.003268863971641167
1.276000,0.0016416793285394249,0.003268863971641167
1.278000,0.0016416793285394249,0.003268863971641167
1.280000,0.0016416793285394249,-0.0018269294185202511
1.282000,0.0016416793285394249,0.003268863971641167
1.284000,0.0016416793285394249,0.003268863971641167
1.286000,0.0016416793285394249,0.003268863971641167
1.288000,0.0016416793285394249,0.003268863971641167
1.290000,0.0016416793285394249,0.003268863971641167
1.292000,0.0016416793285394249,0.003268863971641167
1.294000,0.0016416793285394249,0.003268863971641167
1.296000,0.0016416793285394249,0.003268863971641167
1.298000,0.0016416793285394249,0.003268863971641167
1.300000,0.0016416793285394249,-0.0018269294185202511
1.302000,0.0016416793285394249,0.003268863971641167
1.304000,0.0016416793285394249,0.003268863971641167
1.306000,0.0016416793285394249,0.003268863971641167
1.308000,0.0016416793285394249,0.003268863971641167
1.310000,0.0016416793285394249,0.003268863971641167
1.312000,0.0016416793285394249,0.003268863971641167
1.314000,0.0016416793285394249,-0.0018269294185202511
1.316000,0.0016416793285394249,0.003268863971641167
1.318000,0.0016416793285394249,0.003268863971641167
1.320000,0.0016416793285394249,0.003268863971641167
1.322000,0.0016416793285394249,-0.0018269294185202511
1.324000,0.0016416793285394249,0.003268863971641167
1.326000,0.0016416793285394249,0.003268863971641167
1.328000,0.0016416793285394249,-0.0018269294185202511
1.330000,0.0016416793285394249,-0.0018269294185202511
1.332000,0.0016416793285394249,-0.0018269294185202511
1.334000,0.0016416793285394249,0.003268863971641167
1.336000,0.0016416793285394249,-0.0018269294185202511
1.338000,0.0016416793285394249,0.003268863971641167
1.340000,0.0016416793285394249,-0.0018269294185202511
1.342000,0.0016416793285394249,0.003268863971641167
1.344000,0.0016416793285394249,0.003268863971641167
1.346000,0.0016416793285394249,0.003268863971641167
1.348000,0.0016416793285394249,0.003268863971641167
1.350000,0.0016416793285394249,0.003268863971641167
1.352000,0.0016416793285394249,0.003268863971641167
1.354000,0.0016416793285394249,0.003268863971641167
1.356000,0.0016416793285394249,0.003268863971641167
1.358000,0.0016416793285394249,-0.0018269294185202511
1.360000,0.0016416793285394249,0.003268863971641167
1.362000,0.0016416793285394249,0.003268863971641167
1.364000,0.0016416793285394249,0.003268863971641167
1.366000,0.0016416793285394249,-0.0018269294185202511
1.368000,0.0016416793285394249,-0.0018269294185202511
1.370000,0.0016416793285394249,0.003268863971641167
1.372000,0.0016416793285394249,0.003268863971641167
1.374000,0.0016416793285394249,0.003268863971641167
1.376000,0.0016416793285394249,0.003268863971641167
1.378000,0.0016416793285394249,0.003268863971641167
1.380000,0.0016416793285394249,0.003268863971641167
1.382000,0.0016416793285394249,-0.0018269294185202511
1.384000,0.0016416793285394249,0.003268863971641167
1.386000,0.0016416793285394249,0.003268863971641167
1.388000,0.0016416793285394249,0.003268863971641167
1.390000,0.0016416793285394249,0.003268863971641167
1.392000,0.0016416793285394249,-0.0018269294185202511
1.394000,0.0016416793285394249,-0.0018269294185202511
1.396000,0.0016416793285394249,-0.0018269294185202511
1.398000,0.0016416793285394249,0.003268863971641167
1.400000,0.0016416793285394249,0.003268863971641167
1.402000,0.0016416793285394249,0.003268863971641167
1.404000,0.0016416793285394249,0.003268863971641167
1.406000,0.0016416793285394249,-0.0018269294185202511
1.408000,0.0016416793285394249,0.003268863971641167
1.410000,0.0016416793285394249,0.003268863971641167
1.412000,0.0016416793285394249,-0.0018269294185202511
1.414000,0.0016416793285394249,0.003268863971641167
1.416000,0.0016416793285394249,0.003268863971641167
1.418000,0.0016416793285394249,-0.0018269294185202511
1.420000,0.0016416793285394249,0.003268863971641167
1.422000,0.0016416793285394249,0.003268863971641167
1.424000,0.0016416793285394249,0.003268863971641167
1.426000,0.0016416793285394249,0.003268863971641167
1.428000,0.0016416793285394249,0.003268863971641167
1.430000,0.0016416793285394249,-0.0018269294185202511
1.432000,0.0016416793285394249,0.003268863971641167
1.434000,0.0016416793285394249,0.003268863971641167
1.436000,0.0016416793285394249,0.003268863971641167
1.438000,0.0016416793285394249,-0.0018269294185202511
1.440000,0.0016416793285394249,0.003268863971641167
1.442000,0.0016416793285394249,0.003268863971641167
1.444000,0.0016416793285394249,0.003268863971641167
1.446000,0.0016416793285394249,-0.0018269294185202511
1.448000,0.0016416793285394249,0.003268863971641167
1.450000,0.0016416793285394249,-0.0018269294185202511
1.452000,0.0016416793285394249,0.003268863971641167
1.454000,0.0016416793285394249,0.003268863971641167
1.456000,0.0016416793285394249,0.003268863971641167
1.458000,0.0016416793285394249,0.003268863971641167
1.460000,0.0016416793285394249,0.003268863971641167
1.462000,0.0016416793285394249,0.003268863971641167
1.464000,0.0016416793285394249,-0.0018269294185202511
1.466000,0.0016416793285394249,-0.0018269294185202511
1.468000,0.0016416793285394249,0.003268863971641167
1.470000,0.0016416793285394249,0.003268863971641167
1.472000,0.0016416793285394249,0.003268863971641167
1.474000,0.0016416793285394249,0.003268863971641167
1.476000,0.0016416793285394249,0.003268863971641167
1.478000,0.0016416793285394249,0.003268863971641167
1.480000,0.0016416793285394249,-0.0018269294185202511
1.482000,0.0016416793285394249,0.003268863971641167
1.484000,0.0016416793285394249,-0.0018269294185202511
1.486000,0.0016416793285394249,0.003268863971641167
1.488000,0.0016416793285394249,0.003268863971641167
1.490000,0.0016416793285394249,0.003268863971641167
1.492000,0.0016416793285394249,-0.0018269294185202511
1.494000,0.0016416793285394249,0.003268863971641167
1.496000,0.0016416793285394249,0.003268863971641167
1.498000,0.0016416793285394249,0.003268863971641167
1.500000,0.0016416793285394249,0.003268863971641167
1.502000,0.0016416793285394249,0.003268863971641167
1.504000,0.0016416793285394249,0.003268863971641167
1.506000,0.0016416793285394249,0.003268863971641167
1.508000,0.0016416793285394249,0.003268863971641167
1.510000,0.0016416793285394249,0.003268863971641167
1.512000,0.0016416793285394249,0.003268863971641167
1.514000,0.0016416793285394249,0.003268863971641167
1.516000,0.0016416793285394249,-0.0018269294185202511
1.518000,0.0016416793285394249,-0.0018269294185202511
1.520000,0.0016416793285394249,0.003268863971641167
1.522000,0.0016416793285394249,-0.0018269294185202511
1.524000,0.0016416793285394249,0.003268863971641167
1.526000,0.0016416793285394249,0.003268863971641167
1.528000,0.0016416793285394249,0.003268863971641167
1.530000,0.0016416793285394249,0.003268863971641167
1.532000,0.0016416793285394249,0.003268863971641167
1.534000,0.0016416793285394249,0.003268863971641167
1.536000,0.0016416793285394249,-0.0018269294185202511
1.538000,0.0016416793285394249,0.003268863971641167
1.540000,0.0016416793285394249,0.003268863971641167
1.542000,0.0016416793285394249,0.003268863971641167
1.544000,0.0016416793285394249,0.003268863971641167
1.546000,0.0016416793285394249,0.003268863971641167
1.548000,0.0016416793285394249,0.003268863971641167
1.550000,0.0016416793285394249,-0.0018269294185202511
1.552000,0.0016416793285394249,0.003268863971641167
1.554000,0.0016416793285394249,-0.0018269294185202511
1.556000,0.0016416793285394249,0.003268863971641167
1.558000,0.0016416793285394249,0.003268863971641167
1.560000,0.0016416793285394249,0.003268863971641167
1.562000,0.0016416793285394249,0.003268863971641167
1.564000,0.0016416793285394249,0.003268863971641167
1.566000,0.0016416793285394249,0.003268863971641167
1.568000,0.0016416793285394249,-0.0018269294185202511
1.570000,0.0016416793285394249,-0.0018269294185202511
1.572000,0.0016416793285394249,-0.0018269294185202511
1.574000,0.0016416793285394249,-0.0018269294185202511
1.576000,0.0016416793285394249,-0.0018269294185202511
1.578000,0.0016416793285394249,-0.0018269294185202511
1.580000,0.0016416793285394249,0.003268863971641167
1.582000,0.0016416793285394249,0.003268863971641167
1.584000,0.0016416793285394249,0.003268863971641167
1.586000,0.0016416793285394249,-0.0018269294185202511
1.588000,0.0016416793285394249,0.003268863971641167
1.590000,0.0016416793285394249,-0.0018269294185202511
1.592000,0.0016416793285394249,0.003268863971641167
1.594000,0.0016416793285394249,-0.0018269294185202511
1.596000,0.0016416793285394249,0.003268863971641167
1.598000,0.0016416793285394249,0.003268863971641167
1.600000,0.0016416793285394249,0.003268863971641167
1.602000,0.0016416793285394249,0.003268863971641167
1.604000,0.0016416793285394249,0.003268863971641167
1.606000,0.0016416793285394249,0.003268863971641167
1.608000,0.0016416793285394249,-0.0018269294185202511
1.610000,0.0016416793285394249,0.003268863971641167
1.612000,0.0016416793285394249,0.003268863971641167
1.614000,0.0016416793285394249,-0.0018269294185202511
1.616000,0.0016416793285394249,0.003268863971641167
1.618000,0.0016416793285394249,0.003268863971641167
1.620000,0.0016416793285394249,0.003268863971641167
1.622000,0.0016416793285394249,0.003268863971641167
1.624000,0.0016416793285394249,0.003268863971641167
1.626000,0.0016416793285394249,0.003268863971641167
1.628000,0.0016416793285394249,0.003268863971641167
1.630000,0.0016416793285394249,0.003268863971641167
1.632000,0.0016416793285394249,0.003268863971641167
1.634000,0.0016416793285394249,-0.0018269294185202511
1.636000,0.0016416793285394249,-0.0018269294185202511
1.638000,0.0016416793285394249,0.003268863971641167
1.640000,0.0016416793285394249,-0.0018269294185202511
1.642000,0.0016416793285394249,0.003268863971641167
1.644000,0.0016416793285394249,0.003268863971641167
1.646000,0.0016416793285394249,0.003268863971641167
1.648000,0.0016416793285394249,0.003268863971641167
1.650000,0.0016416793285394249,0.003268863971641167
1.652000,0.0016416793285394249,0.003268863971641167
1.654000,0.0016416793285394249,0.003268863971641167
1.656000,0.0016416793285394249,0.003268863971641167
1.658000,0.0016416793285394249,0.003268863971641167
1.660000,0.0016416793285394249,0.003268863971641167
1.662000,0.0016416793285394249,0.003268863971641167
1.664000,0.0016416793285394249,0.003268863971641167
1.666000,0.0016416793285394249,0.003268863971641167
1.668000,0.0016416793285394249,0.003268863971641167
1.670000,0.0016416793285394249,0.003268863971641167
1.672000,0.0016416793285394249,0.003268863971641167
1.674000,0.0016416793285394249,0.003268863971641167
1.676000,0.0016416793285394249,0.003268863971641167
1.678000,0.0016416793285394249,0.003268863971641167
1.680000,0.0016416793285394249,0.003268863971641167
1.682000,0.0016416793285394249,0.003268863971641167
1.684000,0.0016416793285394249,0.003268863971641167
1.686000,0.0016416793285394249,0.003268863971641167
1.688000,0.006731699361965937,0.003268863971641167
1.690000,0.0016416793285394249,0.003268863971641167
1.692000,0.0016416793285394249,0.003268863971641167
1.694000,0.0016416793285394249,0.003268863971641167
1.696000,0.0016416793285394249,0.003268863971641167
1.698000,0.0016416793285394249,0.003268863971641167
1.700000,0.0016416793285394249,-0.0018269294185202511
1.702000,0.0016416793285394249,0.003268863971641167
1.704000,0.0016416793285394249,-0.0018269294185202511
1.706000,0.0016416793285394249,0.003268863971641167
1.708000,0.0016416793285394249,0.003268863971641167
1.710000,0.0016416793285394249,-0.0018269294185202511
1.712000,0.0016416793285394249,-0.0018269294185202511
1.714000,0.0016416793285394249,-0.0018269294185202511
1.716000,0.0016416793285394249,0.003268863971641167
1.718000,0.0016416793285394249,0.003268863971641167
1.720000,0.0016416793285394249,0.003268863971641167
1.722000,0.0016416793285394249,-0.0018269294185202511
1.724000,0.0016416793285394249,-0.0018269294185202511
1.726000,0.0016416793285394249,0.003268863971641167
1.728000,0.0016416793285394249,0.003268863971641167
1.730000,0.0016416793285394249,0.003268863971641167
1.732000,0.0016416793285394249,0.003268863971641167
1.734000,0.0016416793285394249,0.003268863971641167
1.736000,0.0016416793285394249,0.003268863971641167
1.738000,0.0016416793285394249,0.003268863971641167
1.740000,0.0016416793285394249,0.003268863971641167
1.742000,0.0016416793285394249,-0.0018269294185202511
1.744000,0.0016416793285394249,0.003268863971641167
1.746000,0.0016416793285394249,0.003268863971641167
1.748000,0.0016416793285394249,0.003268863971641167
1.750000,0.0016416793285394249,0.003268863971641167
1.752000,0.0016416793285394249,0.003268863971641167
1.754000,0.0016416793285394249,0.003268863971641167
1.756000,0.0016416793285394249,0.003268863971641167
1.758000,0.0016416793285394249,0.003268863971641167
1.760000,0.0016416793285394249,-0.0018269294185202511
1.762000,0.0016416793285394249,0.003268863971641167
1.764000,0.0016416793285394249,-0.0018269294185202511
1.766000,0.0016416793285394249,-0.0018269294185202511
1.768000,0.0016416793285394249,0.003268863971641167
1.770000,0.0016416793285394249,0.003268863971641167
1.772000,0.0016416793285394249,0.003268863971641167
1.774000,0.0016416793285394249,0.003268863971641167
1.776000,0.0016416793285394249,0.003268863971641167
1.778000,0.0016416793285394249,-0.0018269294185202511
1.780000,0.0016416793285394249,0.003268863971641167
1.782000,0.0016416793285394249,0.003268863971641167
1.784000,0.0016416793285394249,-0.0018269294185202511
1.786000,0.0016416793285394249,0.003268863971641167
1.788000,0.0016416793285394249,-0.0018269294185202511
1.790000,0.0016416793285394249,0.003268863971641167
1.792000,0.0016416793285394249,0.003268863971641167
1.794000,0.0016416793285394249,0.003268863971641167
1.796000,0.0016416793285394249,0.003268863971641167
1.798000,0.0016416793285394249,0.003268863971641167
1.800000,0.0016416793285394249,0.003268863971641167
1.802000,0.0016416793285394249,-0.0018269294185202511
1.804000,0.0016416793285394249,0.003268863971641167
1.806000,0.0016416793285394249,0.003268863971641167
1.808000,0.0016416793285394249,-0.0018269294185202511
1.810000,0.0016416793285394249,0.003268863971641167
1.812000,0.0016416793285394249,0.003268863971641167
1.814000,0.0016416793285394249,0.003268863971641167
1.816000,0.0016416793285394249,-0.0018269294185202511
1.818000,0.0016416793285394249,0.003268863971641167
1.820000,0.0016416793285394249,0.003268863971641167
1.822000,0.0016416793285394249,0.003268863971641167
1.824000,0.0016416793285394249,0.003268863971641167
1.826000,0.0016416793285394249,-0.0018269294185202511
1.828000,0.0016416793285394249,0.003268863971641167
1.830000,0.0016416793285394249,0.003268863971641167
1.832000,0.0016416793285394249,-0.0018269294185202511
1.834000,0.0016416793285394249,0.003268863971641167
1.836000,0.0016416793285394249,-0.0018269294185202511
1.838000,0.0016416793285394249,0.003268863971641167
1.840000,0.0016416793285394249,0.003268863971641167
1.842000,0.0016416793285394249,0.003268863971641167
1.844000,0.0016416793285394249,0.003268863971641167
1.846000,0.0016416793285394249,0.003268863971641167
1.848000,0.0016416793285394249,0.003268863971641167
1.850000,0.0016416793285394249,0.003268863971641167
1.852000,0.0016416793285394249,0.003268863971641167
1.854000,0.0016416793285394249,0.003268863971641167
1.856000,0.0016416793285394249,-0.0018269294185202511
1.858000,0.0016416793285394249,0.003268863971641167
1.860000,0.0016416793285394249,0.003268863971641167
1.862000,0.0016416793285394249,-0.0018269294185202511
1.864000,0.0016416793285394249,-0.0018269294185202511
1.866000,0.0016416793285394249,0.003268863971641167
1.868000,0.0016416793285394249,0.003268863971641167
1.870000,0.0016416793285394249,0.003268863971641167
1.872000,0.0016416793285394249,0.003268863971641167
1.874000,0.0016416793285394249,-0.0018269294185202511
1.876000,0.0016416793285394249,0.003268863971641167
1.878000,0.0016416793285394249,0.003268863971641167
1.880000,0.0016416793285394249,-0.0018269294185202511
1.882000,0.0016416793285394249,-0.0018269294185202511
1.884000,0.0016416793285394249,0.003268863971641167
1.886000,0.0016416793285394249,0.003268863971641167
1.888000,0.0016416793285394249,0.003268863971641167
1.890000,0.0016416793285394249,-0.0018269294185202511
1.892000,0.0016416793285394249,0.003268863971641167
1.894000,0.0016416793285394249,0.003268863971641167
1.896000,0.0016416793285394249,-0.0018269294185202511
1.898000,0.0016416793285394249,0.003268863971641167
1.900000,0.0016416793285394249,0.003268863971641167
1.902000,0.0016416793285394249,-0.0018269294185202511
1.904000,0.0016416793285394249,0.003268863971641167
1.906000,0.0016416793285394249,0.003268863971641167
1.908000,0.0016416793285394249,0.003268863971641167
1.910000,0.0016416793285394249,0.003268863971641167
1.912000,0.0016416793285394249,0.003268863971641167
1.914000,0.0016416793285394249,0.003268863971641167
1.916000,0.0016416793285394249,0.003268863971641167
1.918000,0.0016416793285394249,0.003268863971641167
1.920000,0.0016416793285394249,0.003268863971641167
1.922000,0.0016416793285394249,0.003268863971641167
1.924000,0.0016416793285394249,-0.0018269294185202511
1.926000,0.0016416793285394249,0.003268863971641167
1.928000,0.0016416793285394249,-0.0018269294185202511
1.930000,0.0016416793285394249,0.003268863971641167
1.932000,0.0016416793285394249,-0.0018269294185202511
1.934000,0.0016416793285394249,0.003268863971641167
1.936000,0.0016416793285394249,0.003268863971641167
1.938000,0.0016416793285394249,0.003268863971641167
1.940000,0.0016416793285394249,0.003268863971641167
1.942000,0.0016416793285394249,-0.0018269294185202511
1.944000,0.0016416793285394249,0.003268863971641167
1.946000,0.0016416793285394249,0.003268863971641167
1.948000,0.0016416793285394249,0.003268863971641167
1.950000,0.0016416793285394249,0.003268863971641167
1.952000,0.0016416793285394249,-0.0018269294185202511
1.954000,0.0016416793285394249,0.003268863971641167
1.956000,0.0016416793285394249,0.003268863971641167
1.958000,0.0016416793285394249,0.003268863971641167
1.960000,0.0016416793285394249,0.003268863971641167
1.962000,0.0016416793285394249,0.003268863971641167
1.964000,0.0016416793285394249,-0.0018269294185202511
1.966000,0.0016416793285394249,0.003268863971641167
1.968000,0.0016416793285394249,0.003268863971641167
1.970000,0.0016416793285394249,0.003268863971641167
1.972000,0.0016416793285394249,0.003268863971641167
1.974000,0.0016416793285394249,0.003268863971641167
1.976000,0.0016416793285394249,0.003268863971641167
1.978000,0.0016416793285394249,0.003268863971641167
1.980000,0.0016416793285394249,0.003268863971641167
1.982000,0.0016416793285394249,0.003268863971641167
1.984000,0.0016416793285394249,-0.0018269294185202511
1.986000,0.0016416793285394249,0.003268863971641167
1.988000,0.0016416793285394249,0.003268863971641167
1.990000,0.0016416793285394249,-0.0018269294185202511
1.992000,0.0016416793285394249,0.003268863971641167
1.994000,0.0016416793285394249,0.003268863971641167
1.996000,0.0016416793285394249,-0.0018269294185202511
1.998000,0.0016416793285394249,0.003268863971641167
2.000000,0.0016416793285394249,0.003268863971641167
2.002000,0.0016416793285394249,0.003268863971641167
2.004000,0.0016416793285394249,-0.0018269294185202511
2.006000,0.0016416793285394249,0.003268863971641167
2.008000,0.0016416793285394249,0.003268863971641167
2.010000,0.0016416793285394249,0.003268863971641167
2.012000,0.0016416793285394249,0.003268863971641167
2.014000,0.0016416793285394249,0.003268863971641167
2.016000,0.0016416793285394249,-0.0018269294185202511
2.018000,0.0016416793285394249,0.003268863971641167
2.020000,0.0016416793285394249,0.003268863971641167
2.022000,0.0016416793285394249,0.003268863971641167
2.024000,0.0016416793285394249,0.003268863971641167
2.026000,0.0016416793285394249,0.003268863971641167
2.028000,0.0016416793285394249,-0.0018269294185202511
2.030000,0.0016416793285394249,0.003268863971641167
2.032000,0.0016416793285394249,0.003268863971641167
2.034000,0.0016416793285394249,0.003268863971641167
2.036000,0.0016416793285394249,0.003268863971641167
2.038000,0.0016416793285394249,0.003268863971641167
2.040000,0.0016416793285394249,0.003268863971641167
2.042000,0.0016416793285394249,-0.0018269294185202511
2.044000,0.0016416793285394249,0.003268863971641167
2.046000,0.0016416793285394249,0.003268863971641167
2.048000,0.0016416793285394249,0.003268863971641167
2.050000,0.0016416793285394249,0.003268863971641167
2.052000,0.0016416793285394249,0.003268863971641167
2.054000,0.0016416793285394249,0.003268863971641167
2.056000,0.0016416793285394249,0.003268863971641167
2.058000,0.0016416793285394249,0.003268863971641167
2.060000,0.0016416793285394249,0.003268863971641167
2.062000,0.0016416793285394249,0.003268863971641167
2.064000,0.0016416793285394249,-0.0018269294185202511
2.066000,0.0016416793285394249,0.003268863971641167
2.068000,0.0016416793285394249,0.003268863971641167
2.070000,0.0016416793285394249,0.003268863971641167
2.072000,0.0016416793285394249,-0.0018269294185202511
2.074000,0.0016416793285394249,0.003268863971641167
2.076000,0.0016416793285394249,-0.0018269294185202511
2.078000,0.0016416793285394249,0.003268863971641167
2.080000,0.0016416793285394249,0.003268863971641167
2.082000,0.0016416793285394249,0.003268863971641167
2.084000,0.0016416793285394249,0.003268863971641167
2.086000,0.0016416793285394249,0.003268863971641167
2.088000,0.0016416793285394249,0.003268863971641167
2.090000,0.0016416793285394249,-0.0018269294185202511
2.092000,0.0016416793285394249,0.003268863971641167
2.094000,0.0016416793285394249,0.003268863971641167
2.096000,0.0016416793285394249,0.003268863971641167
2.098000,0.0016416793285394249,0.003268863971641167
2.100000,0.0016416793285394249,0.003268863971641167
2.102000,0.0016416793285394249,0.003268863971641167
2.104000,0.0016416793285394249,0.003268863971641167
2.106000,0.0016416793285394249,0.003268863971641167
2.108000,0.0016416793285394249,-0.0018269294185202511
2.110000,0.0016416793285394249,-0.0018269294185202511
2.112000,0.0016416793285394249,0.003268863971641167
2.114000,0.0016416793285394249,0.003268863971641167
2.116000,0.0016416793285394249,0.003268863971641167
2.118000,0.0016416793285394249,0.003268863971641167
2.120000,0.0016416793285394249,0.003268863971641167
2.122000,0.0016416793285394249,0.003268863971641167
2.124000,0.0016416793285394249,0.003268863971641167
2.126000,0.0016416793285394249,0.003268863971641167
2.128000,0.0016416793285394249,-0.0018269294185202511
2.130000,0.0016416793285394249,0.003268863971641167
2.132000,0.0016416793285394249,0.003268863971641167
2.134000,0.0016416793285394249,0.003268863971641167
2.136000,0.0016416793285394249,-0.0018269294185202511
2.138000,0.0016416793285394249,0.003268863971641167
2.140000,0.0016416793285394249,-0.0018269294185202511
2.142000,0.0016416793285394249,0.003268863971641167
2.144000,0.0016416793285394249,-0.0018269294185202511
2.146000,0.0016416793285394249,0.003268863971641167
2.148000,0.0016416793285394249,0.003268863971641167
2.150000,0.0016416793285394249,0.003268863971641167
2.152000,0.0016416793285394249,0.003268863971641167
2.154000,0.0016416793285394249,0.003268863971641167
2.156000,0.0016416793285394249,0.003268863971641167
2.158000,0.0016416793285394249,-0.0018269294185202511
2.160000,0.0016416793285394249,0.003268863971641167
2.162000,0.0016416793285394249,0.003268863971641167
2.164000,0.0016416793285394249,-0.0018269294185202511
2.166000,0.0016416793285394249,0.003268863971641167
2.168000,0.0016416793285394249,0.003268863971641167
2.170000,0.0016416793285394249,0.003268863971641167
2.172000,0.0016416793285394249,0.003268863971641167
2.174000,0.0016416793285394249,-0.0018269294185202511
2.176000,0.0016416793285394249,0.003268863971641167
2.178000,0.0016416793285394249,0.003268863971641167
2.180000,0.0016416793285394249,0.003268863971641167
2.182000,0.0016416793285394249,0.003268863971641167
2.184000,0.0016416793285394249,0.003268863971641167
2.186000,0.0016416793285394249,0.003268863971641167
2.188000,0.0016416793285394249,-0.0018269294185202511
2.190000,0.0016416793285394249,0.003268863971641167
2.192000,0.0016416793285394249,0.003268863971641167
2.194000,0.0016416793285394249,0.003268863971641167
2.196000,0.0016416793285394249,0.003268863971641167
2.198000,0.0016416793285394249,0.003268863971641167
2.200000,0.0016416793285394249,0.003268863971641167
2.202000,0.0016416793285394249,0.003268863971641167
2.204000,0.0016416793285394249,0.003268863971641167
2.206000,0.0016416793285394249,0.003268863971641167
2.208000,0.0016416793285394249,-0.0018269294185202511
2.210000,0.0016416793285394249,0.003268863971641167
2.212000,0.0016416793285394249,0.003268863971641167
2.214000,0.0016416793285394249,0.003268863971641167
2.216000,0.0016416793285394249,0.003268863971641167
2.218000,0.0016416793285394249,0.003268863971641167
2.220000,0.0016416793285394249,0.003268863971641167
2.222000,0.0016416793285394249,0.003268863971641167
2.224000,0.0016416793285394249,0.003268863971641167
2.226000,0.0016416793285394249,-0.0018269294185202511
2.228000,0.0016416793285394249,0.003268863971641167
2.230000,0.0016416793285394249,0.003268863971641167
2.232000,0.0016416793285394249,0.003268863971641167
2.234000,0.0016416793285394249,0.003268863971641167
2.236000,0.0016416793285394249,-0.0018269294185202511
2.238000,0.0016416793285394249,0.003268863971641167
2.240000,0.0016416793285394249,0.003268863971641167
2.242000,0.0016416793285394249,0.003268863971641167
2.244000,0.0016416793285394249,0.003268863971641167
2.246000,0.0016416793285394249,0.003268863971641167
2.248000,0.0016416793285394249,0.003268863971641167
2.250000,0.0016416793285394249,0.003268863971641167
2.252000,0.0016416793285394249,0.003268863971641167
2.254000,0.0016416793285394249,-0.0018269294185202511
2.256000,0.0016416793285394249,0.003268863971641167
2.258000,0.0016416793285394249,0.003268863971641167
2.260000,0.0016416793285394249,-0.0018269294185202511
2.262000,0.0016416793285394249,0.003268863971641167
2.264000,0.0016416793285394249,-0.0018269294185202511
2.266000,0.0016416793285394249,0.003268863971641167
2.268000,0.0016416793285394249,0.003268863971641167
2.270000,0.0016416793285394249,0.003268863971641167
2.272000,0.0016416793285394249,0.003268863971641167
2.274000,0.0016416793285394249,-0.0018269294185202511
2.276000,0.0016416793285394249,0.003268863971641167
2.278000,0.0016416793285394249,0.003268863971641167
2.280000,0.0016416793285394249,0.003268863971641167
2.282000,0.0016416793285394249,-0.0018269294185202511
2.284000,0.0016416793285394249,0.003268863971641167
2.286000,0.0016416793285394249,0.003268863971641167
2.288000,0.0016416793285394249,0.003268863971641167
2.290000,0.0016416793285394249,-0.0018269294185202511
2.292000,0.0016416793285394249,0.003268863971641167
2.294000,0.0016416793285394249,0.003268863971641167
2.296000,0.0016416793285394249,-0.0018269294185202511
2.298000,0.0016416793285394249,0.003268863971641167
2.300000,0.0016416793285394249,0.003268863971641167
2.302000,0.0016416793285394249,0.003268863971641167
2.304000,0.0016416793285394249,-0.0018269294185202511
2.306000,0.0016416793285394249,0.003268863971641167
2.308000,0.0016416793285394249,0.003268863971641167
2.310000,0.0016416793285394249,-0.0018269294185202511
2.312000,0.0016416793285394249,0.003268863971641167
2.314000,0.0016416793285394249,0.003268863971641167
2.316000,0.0016416793285394249,0.003268863971641167
2.318000,0.0016416793285394249,0.003268863971641167
2.320000,0.0016416793285394249,0.003268863971641167
2.322000,0.0016416793285394249,0.003268863971641167
2.324000,0.0016416793285394249,0.003268863971641167
2.326000,0.0016416793285394249,0.003268863971641167
2.328000,0.0016416793285394249,0.003268863971641167
2.330000,0.0016416793285394249,0.003268863971641167
2.332000,0.0016416793285394249,-0.0018269294185202511
2.334000,0.0016416793285394249,0.003268863971641167
2.336000,0.0016416793285394249,-0.0018269294185202511
2.338000,0.0016416793285394249,0.003268863971641167
2.340000,0.0016416793285394249,0.003268863971641167
2.342000,0.0016416793285394249,0.003268863971641167
2.344000,0.0016416793285394249,0.003268863971641167
2.346000,0.0016416793285394249,-0.0018269294185202511
2.348000,0.0016416793285394249,0.003268863971641167
2.350000,0.0016416793285394249,0.003268863971641167
2.352000,0.0016416793285394249,-0.0018269294185202511
2.354000,0.0016416793285394249,0.003268863971641167
2.356000,0.0016416793285394249,0.003268863971641167
2.358000,0.0016416793285394249,0.003268863971641167
2.360000,0.0016416793285394249,-0.0018269294185202511
2.362000,0.0016416793285394249,0.003268863971641167
2.364000,0.0016416793285394249,0.003268863971641167
2.366000,0.0016416793285394249,0.003268863971641167
2.368000,0.0016416793285394249,0.003268863971641167
2.370000,0.0016416793285394249,0.003268863971641167
2.372000,0.0016416793285394249,0.003268863971641167
2.374000,0.0016416793285394249,-0.0018269294185202511
2.376000,0.0016416793285394249,0.003268863971641167
2.378000,0.0016416793285394249,0.003268863971641167
2.380000,0.0016416793285394249,0.003268863971641167
2.382000,0.0016416793285394249,0.003268863971641167
2.384000,0.0016416793285394249,0.003268863971641167
2.386000,0.0016416793285394249,0.003268863971641167
2.388000,0.0016416793285394249,0.003268863971641167
2.390000,0.0016416793285394249,0.003268863971641167
2.392000,0.0016416793285394249,0.003268863971641167
2.394000,0.0016416793285394249,-0.0018269294185202511
2.396000,0.0016416793285394249,0.003268863971641167
2.398000,0.0016416793285394249,0.003268863971641167
2.400000,0.0016416793285394249,0.003268863971641167
2.402000,0.0016416793285394249,0.003268863971641167
2.404000,0.0016416793285394249,0.003268863971641167
2.406000,0.0016416793285394249,0.003268863971641167
2.408000,0.0016416793285394249,-0.0018269294185202511
2.410000,0.0016416793285394249,0.003268863971641167
2.412000,0.0016416793285394249,-0.0018269294185202511
2.414000,0.0016416793285394249,-0.0018269294185202511
2.416000,0.0016416793285394249,0.003268863971641167
2.418000,0.0016416793285394249,0.003268863971641167
2.420000,0.0016416793285394249,0.003268863971641167
2.422000,0.0016416793285394249,0.003268863971641167
2.424000,0.0016416793285394249,0.003268863971641167
2.426000,0.0016416793285394249,0.003268863971641167
2.428000,0.0016416793285394249,-0.0018269294185202511
2.430000,0.0016416793285394249,0.003268863971641167
2.432000,0.0016416793285394249,-0.0018269294185202511
2.434000,0.0016416793285394249,-0.0018269294185202511
2.436000,0.0016416793285394249,0.003268863971641167
2.438000,0.0016416793285394249,0.003268863971641167
2.440000,0.0016416793285394249,0.003268863971641167
2.442000,0.0016416793285394249,0.003268863971641167
2.444000,0.0016416793285394249,0.003268863971641167
2.446000,0.0016416793285394249,0.003268863971641167
2.448000,0.0016416793285394249,0.003268863971641167
2.450000,0.0016416793285394249,0.003268863971641167
2.452000,0.0016416793285394249,0.003268863971641167
2.454000,0.0016416793285394249,-0.0018269294185202511
2.456000,0.0016416793285394249,0.003268863971641167
2.458000,0.0016416793285394249,0.003268863971641167
2.460000,0.0016416793285394249,0.003268863971641167
2.462000,0.0016416793285394249,0.003268863971641167
2.464000,0.0016416793285394249,0.003268863971641167
2.466000,0.0016416793285394249,0.003268863971641167
2.468000,0.0016416793285394249,-0.0018269294185202511
2.470000,0.0016416793285394249,0.003268863971641167
2.472000,0.0016416793285394249,0.003268863971641167
2.474000,0.0016416793285394249,-0.0018269294185202511
2.476000,0.0016416793285394249,0.003268863971641167
2.478000,0.0016416793285394249,0.003268863971641167
2.480000,0.0016416793285394249,-0.0018269294185202511
2.482000,0.0016416793285394249,0.003268863971641167
2.484000,0.0016416793285394249,-0.0018269294185202511
2.486000,0.0016416793285394249,0.003268863971641167
2.488000,0.0016416793285394249,0.003268863971641167
2.490000,0.0016416793285394249,0.003268863971641167
2.492000,0.0016416793285394249,-0.0018269294185202511
2.494000,0.0016416793285394249,0.003268863971641167
2.496000,0.0016416793285394249,0.003268863971641167
2.498000,0.0016416793285394249,0.003268863971641167
2.500000,0.0016416793285394249,0.003268863971641167
2.502000,0.0016416793285394249,0.003268863971641167
2.504000,0.0016416793285394249,0.003268863971641167
2.506000,0.0016416793285394249,-0.0018269294185202511
2.508000,0.0016416793285394249,0.003268863971641167
2.510000,0.0016416793285394249,-0.0018269294185202511
2.512000,0.0016416793285394249,0.003268863971641167
2.514000,0.0016416793285394249,0.003268863971641167
2.516000,0.0016416793285394249,0.003268863971641167
2.518000,0.0016416793285394249,0.003268863971641167
2.520000,0.0016416793285394249,0.003268863971641167
2.522000,0.0016416793285394249,0.003268863971641167
2.524000,0.0016416793285394249,0.003268863971641167
2.526000,0.0016416793285394249,0.003268863971641167
2.528000,0.0016416793285394249,0.003268863971641167
2.530000,0.0016416793285394249,0.003268863971641167
2.532000,0.0016416793285394249,0.003268863971641167
2.534000,0.0016416793285394249,0.003268863971641167
2.536000,0.0016416793285394249,0.003268863971641167
2.538000,0.0016416793285394249,0.003268863971641167
2.540000,0.0016416793285394249,0.003268863971641167
2.542000,0.0016416793285394249,-0.0018269294185202511
2.544000,0.0016416793285394249,-0.0018269294185202511
2.546000,0.0016416793285394249,0.003268863971641167
2.548000,0.0016416793285394249,0.003268863971641167
2.550000,0.0016416793285394249,0.003268863971641167
2.552000,0.0016416793285394249,-0.0018269294185202511
2.554000,0.0016416793285394249,0.003268863971641167
2.556000,0.0016416793285394249,-0.0018269294185202511
2.558000,0.0016416793285394249,0.003268863971641167
2.560000,0.0016416793285394249,0.003268863971641167
2.562000,0.0016416793285394249,0.003268863971641167
2.564000,0.0016416793285394249,0.003268863971641167
2.566000,0.0016416793285394249,0.003268863971641167
2.568000,0.0016416793285394249,-0.0018269294185202511
2.570000,0.0016416793285394249,0.003268863971641167
2.572000,0.0016416793285394249,-0.0018269294185202511
2.574000,0.0016416793285394249,0.003268863971641167
2.576000,0.0016416793285394249,0.003268863971641167
2.578000,0.0016416793285394249,0.003268863971641167
2.580000,0.0016416793285394249,0.003268863971641167
2.582000,0.0016416793285394249,-0.0018269294185202511
2.584000,0.0016416793285394249,0.003268863971641167
2.586000,0.0016416793285394249,0.003268863971641167
2.588000,0.0016416793285394249,0.003268863971641167
2.590000,0.0016416793285394249,0.003268863971641167
2.592000,0.0016416793285394249,0.003268863971641167
2.594000,0.0016416793285394249,0.003268863971641167
2.596000,0.0016416793285394249,-0.0018269294185202511
2.598000,0.0016416793285394249,0.003268863971641167
2.600000,0.0016416793285394249,0.003268863971641167
2.602000,0.0016416793285394249,0.003268863971641167
2.604000,0.0016416793285394249,0.003268863971641167
2.606000,0.0016416793285394249,0.003268863971641167
2.608000,0.0016416793285394249,0.003268863971641167
2.610000,0.0016416793285394249,0.003268863971641167
2.612000,0.0016416793285394249,-0.0018269294185202511
2.614000,0.0016416793285394249,0.003268863971641167
2.616000,0.0016416793285394249,-0.0018269294185202511
2.618000,0.0016416793285394249,-0.0018269294185202511
2.620000,0.0016416793285394249,0.003268863971641167
2.622000,0.0016416793285394249,0.003268863971641167
2.624000,0.0016416793285394249,0.003268863971641167
2.626000,0.0016416793285394249,0.003268863971641167
2.628000,0.0016416793285394249,0.003268863971641167
2.630000,0.0016416793285394249,-0.0018269294185202511
2.632000,0.0016416793285394249,0.003268863971641167
2.634000,0.0016416793285394249,0.003268863971641167
2.636000,0.0016416793285394249,0.003268863971641167
2.638000,0.0016416793285394249,0.003268863971641167
2.640000,0.0016416793285394249,0.003268863971641167
2.642000,0.0016416793285394249,-0.0018269294185202511
2.644000,0.0016416793285394249,-0.0018269294185202511
2.646000,0.0016416793285394249,0.003268863971641167
2.648000,0.0016416793285394249,0.003268863971641167
2.650000,0.0016416793285394249,0.003268863971641167
2.652000,0.0016416793285394249,0.003268863971641167
2.654000,0.0016416793285394249,0.003268863971641167
2.656000,0.0016416793285394249,0.003268863971641167
2.658000,0.0016416793285394249,-0.0018269294185202511
2.660000,0.0016416793285394249,0.003268863971641167
2.662000,0.0016416793285394249,0.003268863971641167
2.664000,0.0016416793285394249,-0.0018269294185202511
2.666000,0.0016416793285394249,0.003268863971641167
2.668000,0.0016416793285394249,0.003268863971641167
2.670000,0.0016416793285394249,0.003268863971641167
2.672000,0.0016416793285394249,-0.0018269294185202511
2.674000,0.0016416793285394249,0.003268863971641167
2.676000,0.0016416793285394249,0.003268863971641167
2.678000,0.0016416793285394249,-0.0018269294185202511
2.680000,0.0016416793285394249,0.003268863971641167
2.682000,0.0016416793285394249,0.003268863971641167
2.684000,0.0016416793285394249,0.003268863971641167
2.686000,0.0016416793285394249,-0.0018269294185202511
2.688000,0.0016416793285394249,0.003268863971641167
2.690000,0.0016416793285394249,0.003268863971641167
2.692000,0.0016416793285394249,0.003268863971641167
2.694000,0.0016416793285394249,0.003268863971641167
2.696000,0.0016416793285394249,0.003268863971641167
2.698000,0.0016416793285394249,-0.0018269294185202511
2.700000,0.0016416793285394249,-0.0018269294185202511
2.702000,0.0016416793285394249,0.003268863971641167
2.704000,0.0016416793285394249,-0.0018269294185202511
2.706000,0.0016416793285394249,0.003268863971641167
2.708000,0.0016416793285394249,0.003268863971641167
2.710000,0.0016416793285394249,0.003268863971641167
2.712000,0.0016416793285394249,-0.0018269294185202511
2.714000,0.0016416793285394249,-0.0018269294185202511
2.716000,0.0016416793285394249,-0.0018269294185202511
2.718000,0.0016416793285394249,-0.0018269294185202511
2.720000,0.0016416793285394249,0.003268863971641167
2.722000,0.0016416793285394249,0.003268863971641167
2.724000,0.0016416793285394249,0.003268863971641167
2.726000,0.0016416793285394249,-0.0018269294185202511
2.728000,0.0016416793285394249,-0.0018269294185202511
2.730000,0.0016416793285394249,-0.0018269294185202511
2.732000,0.0016416793285394249,-0.0018269294185202511
2.734000,0.0016416793285394249,0.003268863971641167
2.736000,0.0016416793285394249,0.003268863971641167
2.738000,0.0016416793285394249,-0.0018269294185202511
2.740000,0.0016416793285394249,0.003268863971641167
2.742000,0.0016416793285394249,0.003268863971641167
2.744000,0.0016416793285394249,0.003268863971641167
2.746000,0.0016416793285394249,0.003268863971641167
2.748000,0.0016416793285394249,-0.0018269294185202511
2.750000,0.0016416793285394249,0.003268863971641167
2.752000,0.0016416793285394249,0.003268863971641167
2.754000,0.0016416793285394249,0.003268863971641167
2.756000,0.0016416793285394249,0.003268863971641167
2.758000,0.0016416793285394249,0.003268863971641167
2.760000,0.0016416793285394249,0.003268863971641167
2.762000,0.0016416793285394249,0.003268863971641167
2.764000,0.0016416793285394249,0.003268863971641167
2.766000,0.0016416793285394249,0.003268863971641167
2.768000,0.0016416793285394249,-0.0018269294185202511
2.770000,0.006731699361965937,0.003268863971641167
2.772000,0.0016416793285394249,0.003268863971641167
2.774000,0.0016416793285394249,0.003268863971641167
2.776000,0.0016416793285394249,0.003268863971641167
2.778000,0.006731699361965937,0.003268863971641167
2.780000,0.0016416793285394249,0.003268863971641167
2.782000,0.0016416793285394249,0.003268863971641167
2.784000,0.0016416793285394249,0.003268863971641167
2.786000,0.0016416793285394249,0.003268863971641167
2.788000,0.0016416793285394249,-0.0018269294185202511
2.790000,0.0016416793285394249,-0.0018269294185202511
2.792000,0.0016416793285394249,0.003268863971641167
2.794000,0.0016416793285394249,-0.0018269294185202511
2.796000,0.0016416793285394249,0.003268863971641167
2.798000,0.0016416793285394249,0.003268863971641167
2.800000,0.0016416793285394249,-0.0018269294185202511
2.802000,0.0016416793285394249,0.003268863971641167
2.804000,0.0016416793285394249,0.003268863971641167
2.806000,0.0016416793285394249,0.003268863971641167
2.808000,0.0016416793285394249,-0.0018269294185202511
2.810000,0.0016416793285394249,0.003268863971641167
2.812000,0.0016416793285394249,0.003268863971641167
2.814000,0.0016416793285394249,0.003268863971641167
2.816000,0.0016416793285394249,-0.0018269294185202511
2.818000,0.006731699361965937,0.003268863971641167
2.820000,0.0016416793285394249,0.003268863971641167
2.822000,0.0016416793285394249,0.003268863971641167
2.824000,0.0016416793285394249,-0.0018269294185202511
2.826000,0.0016416793285394249,0.003268863971641167
2.828000,0.006731699361965937,0.003268863971641167
2.830000,0.0016416793285394249,0.003268863971641167
2.832000,0.006731699361965937,-0.0018269294185202511
2.834000,0.0016416793285394249,0.003268863971641167
2.836000,0.0016416793285394249,0.003268863971641167
2.838000,0.0016416793285394249,0.003268863971641167
2.840000,0.0016416793285394249,-0.0018269294185202511
2.842000,0.0016416793285394249,0.003268863971641167
2.844000,0.006731699361965937,0.003268863971641167
2.846000,0.0016416793285394249,0.003268863971641167
2.848000,0.0016416793285394249,0.003268863971641167
2.850000,0.0016416793285394249,0.003268863971641167
2.852000,0.0016416793285394249,-0.0018269294185202511
2.854000,0.0016416793285394249,0.003268863971641167
2.856000,0.0016416793285394249,0.003268863971641167
2.858000,0.0016416793285394249,0.003268863971641167
2.860000,0.0016416793285394249,0.003268863971641167
2.862000,0.0016416793285394249,-0.0018269294185202511
2.864000,0.006731699361965937,0.003268863971641167
2.866000,0.006731699361965937,0.003268863971641167
2.868000,0.0016416793285394249,0.003268863971641167
2.870000,0.0016416793285394249,-0.0018269294185202511
2.872000,0.006731699361965937,0.003268863971641167
2.874000,0.006731699361965937,0.003268863971641167
2.876000,0.006731699361965937,0.003268863971641167
2.878000,0.006731699361965937,0.003268863971641167
2.880000,0.006731699361965937,0.003268863971641167
2.882000,0.006731699361965937,-0.0018269294185202511
2.884000,0.006731699361965937,0.003268863971641167
2.886000,0.006731699361965937,-0.0018269294185202511
2.888000,0.006731699361965937,0.003268863971641167
2.890000,0.006731699361965937,0.003268863971641167
2.892000,0.006731699361965937,0.003268863971641167
2.894000,0.006731699361965937,0.003268863971641167
2.896000,0.006731699361965937,0.003268863971641167
2.898000,0.006731699361965937,-0.0018269294185202511
2.900000,0.006731699361965937,-0.0018269294185202511
2.902000,0.006731699361965937,0.003268863971641167
2.904000,0.006731699361965937,-0.0018269294185202511
2.906000,0.006731699361965937,-0.0018269294185202511
2.908000,0.006731699361965937,-0.0018269294185202511
2.910000,0.006731699361965937,0.003268863971641167
2.912000,0.006731699361965937,0.003268863971641167
2.914000,0.006731699361965937,-0.0018269294185202511
2.916000,0.006731699361965937,0.003268863971641167
2.918000,0.006731699361965937,0.003268863971641167
2.920000,0.006731699361965937,0.003268863971641167
2.922000,0.006731699361965937,0.003268863971641167
2.924000,0.006731699361965937,0.003268863971641167
2.926000,0.006731699361965937,0.003268863971641167
2.928000,0.006731699361965937,0.003268863971641167
2.930000,0.006731699361965937,-0.0018269294185202511
2.932000,0.006731699361965937,0.003268863971641167
2.934000,0.006731699361965937,0.003268863971641167
2.936000,0.011821719395394226,0.003268863971641167
2.938000,0.011821719395394226,-0.0018269294185202511
2.940000,0.011821719395394226,0.003268863971641167
2.942000,0.006731699361965937,0.003268863971641167
2.944000,0.006731699361965937,0.003268863971641167
2.946000,0.006731699361965937,0.003268863971641167
2.948000,0.006731699361965937,-0.0018269294185202511
2.950000,0.011821719395394226,-0.0018269294185202511
2.952000,0.011821719395394226,-0.0018269294185202511
2.954000,0.011821719395394226,0.003268863971641167
2.956000,0.011821719395394226,0.003268863971641167
2.958000,0.011821719395394226,0.003268863971641167
2.960000,0.011821719395394226,-0.0018269294185202511
2.962000,0.011821719395394226,0.003268863971641167
2.964000,0.011821719395394226,0.003268863971641167
2.966000,0.011821719395394226,0.003268863971641167
2.968000,0.011821719395394226,-0.0018269294185202511
2.970000,0.011821719395394226,0.003268863971641167
2.972000,0.011821719395394226,0.003268863971641167
2.974000,0.011821719395394226,-0.0018269294185202511
2.976000,0.011821719395394226,0.003268863971641167
2.978000,0.011821719395394226,0.003268863971641167
2.980000,0.011821719395394226,0.003268863971641167
2.982000,0.016911739428820738,-0.0018269294185202511
2.984000,0.011821719395394226,-0.0018269294185202511
2.986000,0.011821719395394226,0.003268863971641167
2.988000,0.016911739428820738,-0.0018269294185202511
2.990000,0.011821719395394226,0.003268863971641167
2.992000,0.016911739428820738,0.003268863971641167
2.994000,0.011821719395394226,-0.0018269294185202511
2.996000,0.016911739428820738,-0.0018269294185202511
2.998000,0.016911739428820738,0.003268863971641167
3.000000,0.016911739428820738,0.003268863971641167
3.002000,0.016911739428820738,-0.0018269294185202511
3.004000,0.016911739428820738,0.003268863971641167
3.006000,0.016911739428820738,0.003268863971641167
3.008000,0.016911739428820738,-0.0018269294185202511
3.010000,0.016911739428820738,0.003268863971641167
3.012000,0.016911739428820738,0.003268863971641167
3.014000,0.016911739428820738,0.003268863971641167
3.016000,0.016911739428820738,0.003268863971641167
3.018000,0.011821719395394226,0.003268863971641167
3.020000,0.011821719395394226,0.003268863971641167
3.022000,0.016911739428820738,0.003268863971641167
3.024000,0.016911739428820738,0.003268863971641167
3.026000,0.016911739428820738,0.003268863971641167
3.028000,0.016911739428820738,0.003268863971641167
3.030000,0.016911739428820738,0.003268863971641167
3.032000,0.016911739428820738,0.003268863971641167
3.034000,0.016911739428820738,-0.0018269294185202511
3.036000,0.016911739428820738,0.003268863971641167
3.038000,0.016911739428820738,0.003268863971641167
3.040000,0.016911739428820738,-0.0018269294185202511
3.042000,0.016911739428820738,-0.0018269294185202511
3.044000,0.016911739428820738,0.003268863971641167
3.046000,0.016911739428820738,0.003268863971641167
3.048000,0.016911739428820738,0.003268863971641167
3.050000,0.016911739428820738,-0.0018269294185202511
3.052000,0.016911739428820738,-0.0018269294185202511
3.054000,0.016911739428820738,0.003268863971641167
3.056000,0.016911739428820738,0.003268863971641167
3.058000,0.016911739428820738,0.003268863971641167
3.060000,0.016911739428820738,-0.0018269294185202511
3.062000,0.016911739428820738,0.003268863971641167
3.064000,0.016911739428820738,0.003268863971641167
3.066000,0.016911739428820738,0.003268863971641167
3.068000,0.016911739428820738,-0.0018269294185202511
3.070000,0.016911739428820738,0.003268863971641167
3.072000,0.016911739428820738,0.003268863971641167
3.074000,0.016911739428820738,-0.0018269294185202511
3.076000,0.016911739428820738,-0.0018269294185202511
3.078000,0.016911739428820738,-0.0018269294185202511
3.080000,0.016911739428820738,-0.0018269294185202511
3.082000,0.016911739428820738,-0.0018269294185202511
3.084000,0.016911739428820738,0.003268863971641167
3.086000,0.016911739428820738,0.003268863971641167
3.088000,0.016911739428820738,0.003268863971641167
3.090000,0.016911739428820738,0.003268863971641167
3.092000,0.016911739428820738,-0.0018269294185202511
3.094000,0.016911739428820738,0.003268863971641167
3.096000,0.016911739428820738,0.003268863971641167
3.098000,0.016911739428820738,0.003268863971641167
3.100000,0.016911739428820738,0.003268863971641167
3.102000,0.016911739428820738,-0.0018269294185202511
3.104000,0.016911739428820738,0.003268863971641167
3.106000,0.016911739428820738,0.003268863971641167
3.108000,0.016911739428820738,0.003268863971641167
3.110000,0.016911739428820738,0.003268863971641167
3.112000,0.016911739428820738,0.003268863971641167
3.114000,0.016911739428820738,0.003268863971641167
3.116000,0.016911739428820738,0.003268863971641167
3.118000,0.016911739428820738,0.003268863971641167
3.120000,0.016911739428820738,0.003268863971641167
3.122000,0.016911739428820738,0.003268863971641167
3.124000,0.016911739428820738,0.003268863971641167
3.126000,0.016911739428820738,-0.0018269294185202511
3.128000,0.016911739428820738,0.003268863971641167
3.130000,0.016911739428820738,0.003268863971641167
3.132000,0.016911739428820738,-0.0018269294185202511
3.134000,0.016911739428820738,0.003268863971641167
3.136000,0.016911739428820738,0.003268863971641167
3.138000,0.016911739428820738,-0.0018269294185202511
3.140000,0.016911739428820738,-0.0018269294185202511
3.142000,0.016911739428820738,0.003268863971641167
3.144000,0.016911739428820738,0.003268863971641167
3.146000,0.016911739428820738,-0.0018269294185202511
3.148000,0.016911739428820738,-0.0018269294185202511
3.150000,0.016911739428820738,0.003268863971641167
3.152000,0.016911739428820738,0.003268863971641167
3.154000,0.016911739428820738,0.003268863971641167
3.156000,0.016911739428820738,-0.0018269294185202511
3.158000,0.016911739428820738,0.003268863971641167
3.160000,0.016911739428820738,0.003268863971641167
3.162000,0.016911739428820738,-0.0018269294185202511
3.164000,0.016911739428820738,0.003268863971641167
3.166000,0.016911739428820738,-0.0018269294185202511
3.168000,0.011821719395394226,0.003268863971641167
3.170000,0.011821719395394226,0.003268863971641167
3.172000,0.016911739428820738,0.003268863971641167
3.174000,0.016911739428820738,0.003268863971641167
3.176000,0.016911739428820738,0.003268863971641167
3.178000,0.011821719395394226,0.003268863971641167
3.180000,0.011821719395394226,0.003268863971641167
3.182000,0.011821719395394226,0.003268863971641167
3.184000,0.011821719395394226,-0.0018269294185202511
3.186000,0.011821719395394226,0.003268863971641167
3.188000,0.011821719395394226,0.003268863971641167
3.190000,0.011821719395394226,-0.0018269294185202511
3.192000,0.011821719395394226,-0.0018269294185202511
3.194000,0.011821719395394226,0.003268863971641167
3.196000,0.011821719395394226,0.003268863971641167
3.198000,0.011821719395394226,0.003268863971641167
3.200000,0.006731699361965937,-0.0018269294185202511
3.202000,0.006731699361965937,0.003268863971641167
3.204000,0.006731699361965937,0.003268863971641167
3.206000,0.011821719395394226,0.003268863971641167
3.208000,0.011821719395394226,0.003268863971641167
3.210000,0.006731699361965937,0.003268863971641167
3.212000,0.006731699361965937,0.003268863971641167
3.214000,0.006731699361965937,0.003268863971641167
3.216000,0.006731699361965937,0.003268863971641167
3.218000,0.006731699361965937,-0.0018269294185202511
3.220000,0.006731699361965937,0.003268863971641167
3.222000,0.006731699361965937,0.003268863971641167
3.224000,0.006731699361965937,0.003268863971641167
3.226000,0.006731699361965937,0.003268863971641167
3.228000,0.006731699361965937,0.003268863971641167
3.230000,0.006731699361965937,0.003268863971641167
3.232000,0.006731699361965937,-0.0018269294185202511
3.234000,0.0016416793285394249,-0.0018269294185202511
3.236000,0.006731699361965937,0.003268863971641167
3.238000,0.0016416793285394249,-0.0018269294185202511
3.240000,0.0016416793285394249,0.003268863971641167
3.242000,0.0016416793285394249,-0.0018269294185202511
3.244000,0.0016416793285394249,0.003268863971641167
3.246000,0.0016416793285394249,0.003268863971641167
3.248000,0.0016416793285394249,0.003268863971641167
3.250000,0.0016416793285394249,0.003268863971641167
3.252000,0.0016416793285394249,0.003268863971641167
3.254000,0.0016416793285394249,0.003268863971641167
3.256000,0.0016416793285394249,-0.0018269294185202511
3.258000,0.0016416793285394249,0.003268863971641167
3.260000,0.0016416793285394249,-0.0018269294185202511
3.262000,0.0016416793285394249,0.003268863971641167
3.264000,0.0016416793285394249,0.003268863971641167
3.266000,0.0016416793285394249,0.003268863971641167
3.268000,0.0016416793285394249,0.003268863971641167
3.270000,0.0016416793285394249,0.003268863971641167
3.272000,0.0016416793285394249,0.003268863971641167
3.274000,0.0016416793285394249,0.003268863971641167
3.276000,0.0016416793285394249,0.003268863971641167
3.278000,0.0016416793285394249,0.003268863971641167
3.280000,0.0016416793285394249,-0.0018269294185202511
3.282000,0.0016416793285394249,0.003268863971641167
3.284000,0.0016416793285394249,-0.0018269294185202511
3.286000,0.0016416793285394249,0.003268863971641167
3.288000,0.0016416793285394249,0.003268863971641167
3.290000,0.0016416793285394249,0.003268863971641167
3.292000,0.0016416793285394249,0.003268863971641167
3.294000,0.0016416793285394249,0.003268863971641167
3.296000,0.0016416793285394249,0.003268863971641167
3.298000,0.0016416793285394249,-0.0018269294185202511
3.300000,0.0016416793285394249,0.003268863971641167
3.302000,0.0016416793285394249,0.003268863971641167
3.304000,0.0016416793285394249,0.003268863971641167
3.306000,0.0016416793285394249,-0.0018269294185202511
3.308000,0.0016416793285394249,0.003268863971641167
3.310000,0.0016416793285394249,0.003268863971641167
3.312000,0.0016416793285394249,0.003268863971641167
3.314000,0.0016416793285394249,0.003268863971641167
3.316000,0.0016416793285394249,0.003268863971641167
3.318000,0.0016416793285394249,-0.0018269294185202511
3.320000,0.0016416793285394249,-0.0018269294185202511
3.322000,0.0016416793285394249,0.003268863971641167
3.324000,0.0016416793285394249,0.003268863971641167
3.326000,0.0016416793285394249,-0.0018269294185202511
3.328000,0.0016416793285394249,0.003268863971641167
3.330000,0.0016416793285394249,0.003268863971641167
3.332000,0.0016416793285394249,0.003268863971641167
3.334000,0.0016416793285394249,0.003268863971641167
3.336000,0.0016416793285394249,0.003268863971641167
3.338000,0.0016416793285394249,0.003268863971641167
3.340000,0.0016416793285394249,0.003268863971641167
3.342000,-0.0034483407048870873,0.003268863971641167
3.344000,0.0016416793285394249,-0.0018269294185202511
3.346000,0.0016416793285394249,-0.0018269294185202511
3.348000,0.0016416793285394249,-0.0018269294185202511
3.350000,0.0016416793285394249,0.003268863971641167
3.352000,0.0016416793285394249,0.003268863971641167
3.354000,0.0016416793285394249,0.003268863971641167
3.356000,0.0016416793285394249,0.003268863971641167
3.358000,0.0016416793285394249,0.003268863971641167
3.360000,0.0016416793285394249,0.003268863971641167
3.362000,0.0016416793285394249,-0.0018269294185202511
3.364000,0.0016416793285394249,0.003268863971641167
3.366000,0.0016416793285394249,-0.0018269294185202511
3.368000,0.0016416793285394249,0.003268863971641167
3.370000,0.0016416793285394249,-0.0018269294185202511
3.372000,0.0016416793285394249,0.003268863971641167
3.374000,0.0016416793285394249,-0.0018269294185202511
3.376000,0.0016416793285394249,0.003268863971641167
3.378000,0.0016416793285394249,-0.0018269294185202511
3.380000,0.0016416793285394249,0.003268863971641167
3.382000,0.0016416793285394249,0.003268863971641167
3.384000,0.0016416793285394249,0.003268863971641167
3.386000,0.0016416793285394249,0.003268863971641167
3.388000,0.0016416793285394249,-0.0018269294185202511
3.390000,0.0016416793285394249,0.003268863971641167
3.392000,0.0016416793285394249,-0.0018269294185202511
3.394000,0.0016416793285394249,0.003268863971641167
3.396000,0.0016416793285394249,0.003268863971641167
3.398000,0.0016416793285394249,0.003268863971641167
3.400000,0.0016416793285394249,0.003268863971641167
3.402000,0.0016416793285394249,0.003268863971641167
3.404000,0.0016416793285394249,0.003268863971641167
3.406000,0.0016416793285394249,0.003268863971641167
3.408000,0.0016416793285394249,0.003268863971641167
3.410000,0.0016416793285394249,0.003268863971641167
3.412000,0.0016416793285394249,0.003268863971641167
3.414000,0.0016416793285394249,-0.0018269294185202511
3.416000,0.0016416793285394249,-0.0018269294185202511
3.418000,0.0016416793285394249,0.003268863971641167
3.420000,0.0016416793285394249,0.003268863971641167
3.422000,0.0016416793285394249,0.003268863971641167
3.424000,0.0016416793285394249,0.003268863971641167
3.426000,0.0016416793285394249,-0.0018269294185202511
3.428000,0.0016416793285394249,0.003268863971641167
3.430000,0.0016416793285394249,-0.0018269294185202511
3.432000,0.0016416793285394249,0.003268863971641167
3.434000,0.0016416793285394249,0.003268863971641167
3.436000,0.0016416793285394249,0.003268863971641167
3.438000,0.0016416793285394249,0.003268863971641167
3.440000,0.0016416793285394249,0.003268863971641167
3.442000,0.0016416793285394249,-0.0018269294185202511
3.444000,0.0016416793285394249,0.003268863971641167
3.446000,0.0016416793285394249,0.003268863971641167
3.448000,0.0016416793285394249,0.003268863971641167
3.450000,0.0016416793285394249,0.003268863971641167
3.452000,0.0016416793285394249,0.003268863971641167
3.454000,0.0016416793285394249,0.003268863971641167
3.456000,0.0016416793285394249,0.003268863971641167
3.458000,0.0016416793285394249,0.003268863971641167
3.460000,0.0016416793285394249,0.003268863971641167
3.462000,0.0016416793285394249,0.003268863971641167
3.464000,0.0016416793285394249,0.003268863971641167
3.466000,0.0016416793285394249,0.003268863971641167
3.468000,0.0016416793285394249,0.003268863971641167
3.470000,0.0016416793285394249,0.003268863971641167
3.472000,0.0016416793285394249,0.003268863971641167
3.474000,0.0016416793285394249,0.003268863971641167
3.476000,0.0016416793285394249,0.003268863971641167
3.478000,-0.0034483407048870873,0.003268863971641167
3.480000,0.0016416793285394249,0.003268863971641167
3.482000,0.0016416793285394249,0.003268863971641167
3.484000,0.0016416793285394249,-0.0018269294185202511
3.486000,0.0016416793285394249,0.003268863971641167
3.488000,0.0016416793285394249,0.003268863971641167
3.490000,0.0016416793285394249,0.003268863971641167
3.492000,0.0016416793285394249,0.003268863971641167
3.494000,0.0016416793285394249,0.003268863971641167
3.496000,0.0016416793285394249,0.003268863971641167
3.498000,0.0016416793285394249,-0.0018269294185202511
3.500000,0.0016416793285394249,-0.0018269294185202511
3.502000,0.0016416793285394249,0.003268863971641167
3.504000,0.0016416793285394249,0.003268863971641167
3.506000,-0.0034483407048870873,-0.0018269294185202511
3.508000,0.0016416793285394249,0.003268863971641167
3.510000,0.0016416793285394249,0.003268863971641167
3.512000,0.0016416793285394249,0.003268863971641167
3.514000,0.0016416793285394249,0.003268863971641167
3.516000,0.0016416793285394249,-0.0018269294185202511
3.518000,0.0016416793285394249,0.003268863971641167
3.520000,0.0016416793285394249,0.003268863971641167
3.522000,0.0016416793285394249,-0.0018269294185202511
3.524000,0.0016416793285394249,0.003268863971641167
3.526000,0.0016416793285394249,-0.0018269294185202511
3.528000,0.0016416793285394249,0.003268863971641167
3.530000,0.0016416793285394249,0.003268863971641167
3.532000,-0.0034483407048870873,0.003268863971641167
3.534000,0.0016416793285394249,0.003268863971641167
3.536000,0.0016416793285394249,0.003268863971641167
3.538000,0.0016416793285394249,0.003268863971641167
3.540000,0.0016416793285394249,0.003268863971641167
3.542000,0.0016416793285394249,0.003268863971641167
3.544000,0.0016416793285394249,0.003268863971641167
3.546000,0.0016416793285394249,0.003268863971641167
3.548000,0.0016416793285394249,0.003268863971641167
3.550000,0.0016416793285394249,0.003268863971641167
3.552000,0.0016416793285394249,0.003268863971641167
3.554000,0.0016416793285394249,0.003268863971641167
3.556000,0.0016416793285394249,-0.0018269294185202511
3.558000,0.0016416793285394249,0.003268863971641167
3.560000,0.0016416793285394249,-0.0018269294185202511
3.562000,-0.0034483407048870873,0.003268863971641167
3.564000,0.0016416793285394249,0.003268863971641167
3.566000,0.0016416793285394249,0.003268863971641167
3.568000,0.0016416793285394249,0.003268863971641167
3.570000,0.0016416793285394249,0.003268863971641167
3.572000,0.0016416793285394249,-0.0018269294185202511
3.574000,0.0016416793285394249,0.003268863971641167
3.576000,0.0016416793285394249,-0.0018269294185202511
3.578000,-0.0034483407048870873,-0.0018269294185202511
3.580000,0.0016416793285394249,0.003268863971641167
3.582000,0.0016416793285394249,0.003268863971641167
3.584000,0.0016416793285394249,0.003268863971641167
3.586000,0.0016416793285394249,-0.0018269294185202511
3.588000,0.0016416793285394249,0.003268863971641167
3.590000,0.0016416793285394249,0.003268863971641167
3.592000,0.0016416793285394249,0.003268863971641167
3.594000,0.0016416793285394249,0.003268863971641167
3.596000,0.0016416793285394249,0.003268863971641167
3.598000,0.0016416793285394249,0.003268863971641167
3.600000,0.0016416793285394249,0.003268863971641167
3.602000,0.0016416793285394249,0.003268863971641167
3.604000,0.0016416793285394249,0.003268863971641167
3.606000,0.0016416793285394249,0.003268863971641167
3.608000,0.0016416793285394249,0.003268863971641167
3.610000,0.0016416793285394249,0.003268863971641167
3.612000,0.0016416793285394249,0.003268863971641167
3.614000,0.0016416793285394249,0.003268863971641167
3.616000,0.0016416793285394249,0.003268863971641167
3.618000,0.0016416793285394249,0.003268863971641167
3.620000,0.0016416793285394249,0.003268863971641167
3.622000,0.0016416793285394249,-0.0018269294185202511
3.624000,0.0016416793285394249,-0.0018269294185202511
3.626000,0.0016416793285394249,0.003268863971641167
3.628000,0.0016416793285394249,0.003268863971641167
3.630000,0.0016416793285394249,-0.0018269294185202511
3.632000,0.0016416793285394249,-0.0018269294185202511
3.634000,0.0016416793285394249,0.003268863971641167
3.636000,0.0016416793285394249,0.003268863971641167
3.638000,0.0016416793285394249,0.003268863971641167
3.640000,0.0016416793285394249,0.003268863971641167
3.642000,0.0016416793285394249,0.003268863971641167
3.644000,0.0016416793285394249,0.003268863971641167
3.646000,0.0016416793285394249,-0.0018269294185202511
3.648000,0.0016416793285394249,-0.0018269294185202511
3.650000,0.0016416793285394249,-0.0018269294185202511
3.652000,0.0016416793285394249,0.003268863971641167
3.654000,0.0016416793285394249,0.003268863971641167
3.656000,0.0016416793285394249,0.003268863971641167
3.658000,0.0016416793285394249,0.003268863971641167
3.660000,0.0016416793285394249,0.003268863971641167
3.662000,0.0016416793285394249,0.003268863971641167
3.664000,0.0016416793285394249,0.003268863971641167
3.666000,0.0016416793285394249,0.003268863971641167
3.668000,0.0016416793285394249,0.003268863971641167
3.670000,0.0016416793285394249,0.003268863971641167
3.672000,0.0016416793285394249,0.003268863971641167
3.674000,0.0016416793285394249,0.003268863971641167
3.676000,0.0016416793285394249,0.003268863971641167
3.678000,0.0016416793285394249,0.003268863971641167
3.680000,0.0016416793285394249,-0.0018269294185202511
3.682000,0.0016416793285394249,0.003268863971641167
3.684000,0.0016416793285394249,0.003268863971641167
3.686000,0.0016416793285394249,0.003268863971641167
3.688000,0.0016416793285394249,0.003268863971641167
3.690000,0.0016416793285394249,0.003268863971641167
3.692000,0.006731699361965937,0.003268863971641167
3.694000,0.0016416793285394249,0.003268863971641167
3.696000,0.0016416793285394249,0.003268863971641167
3.698000,0.0016416793285394249,0.003268863971641167
3.700000,0.0016416793285394249,0.003268863971641167
3.702000,0.006731699361965937,0.003268863971641167
3.704000,0.006731699361965937,0.003268863971641167
3.706000,0.0016416793285394249,0.003268863971641167
3.708000,0.006731699361965937,-0.0018269294185202511
3.710000,0.006731699361965937,-0.0018269294185202511
3.712000,0.006731699361965937,-0.0018269294185202511
3.714000,0.006731699361965937,0.003268863971641167
3.716000,0.006731699361965937,0.003268863971641167
3.718000,0.006731699361965937,0.003268863971641167
3.720000,0.006731699361965937,0.003268863971641167
3.722000,0.0016416793285394249,0.003268863971641167
3.724000,0.006731699361965937,-0.0018269294185202511
3.726000,0.006731699361965937,-0.0018269294185202511
3.728000,0.006731699361965937,0.003268863971641167
3.730000,0.006731699361965937,0.003268863971641167
3.732000,0.006731699361965937,-0.0018269294185202511
3.734000,0.006731699361965937,0.003268863971641167
3.736000,0.006731699361965937,-0.0018269294185202511
3.738000,0.006731699361965937,-0.0018269294185202511
3.740000,0.006731699361965937,0.003268863971641167
3.742000,0.006731699361965937,0.003268863971641167
3.744000,0.006731699361965937,0.003268863971641167
3.746000,0.006731699361965937,0.003268863971641167
3.748000,0.006731699361965937,0.003268863971641167
3.750000,0.006731699361965937,0.003268863971641167
3.752000,0.006731699361965937,0.003268863971641167
3.754000,0.006731699361965937,0.003268863971641167
3.756000,0.006731699361965937,0.003268863971641167
3.758000,0.006731699361965937,0.003268863971641167
3.760000,0.006731699361965937,0.003268863971641167
3.762000,0.006731699361965937,0.003268863971641167
3.764000,0.011821719395394226,-0.0018269294185202511
3.766000,0.006731699361965937,0.003268863971641167
3.768000,0.011821719395394226,0.003268863971641167
3.770000,0.011821719395394226,0.003268863971641167
3.772000,0.006731699361965937,0.003268863971641167
3.774000,0.011821719395394226,0.003268863971641167
3.776000,0.006731699361965937,0.003268863971641167
3.778000,0.011821719395394226,0.003268863971641167
3.780000,0.011821719395394226,0.003268863971641167
3.782000,0.011821719395394226,-0.0018269294185202511
3.784000,0.011821719395394226,0.003268863971641167
3.786000,0.011821719395394226,0.003268863971641167
3.788000,0.011821719395394226,0.003268863971641167
3.790000,0.011821719395394226,0.003268863971641167
3.792000,0.011821719395394226,0.003268863971641167
3.794000,0.011821719395394226,-0.0018269294185202511
3.796000,0.011821719395394226,0.003268863971641167
3.798000,0.011821719395394226,0.003268863971641167
3.800000,0.016911739428820738,-0.0018269294185202511
3.802000,0.016911739428820738,0.003268863971641167
3.804000,0.016911739428820738,-0.0018269294185202511
3.806000,0.016911739428820738,0.003268863971641167
3.808000,0.016911739428820738,0.003268863971641167
3.810000,0.016911739428820738,0.003268863971641167
3.812000,0.016911739428820738,0.003268863971641167
3.814000,0.016911739428820738,0.003268863971641167
3.816000,0.016911739428820738,0.003268863971641167
3.818000,0.016911739428820738,-0.0018269294185202511
3.820000,0.016911739428820738,0.003268863971641167
3.822000,0.016911739428820738,-0.0018269294185202511
3.824000,0.02200175946224725,-0.0018269294185202511
3.826000,0.016911739428820738,0.003268863971641167
3.828000,0.02200175946224725,-0.0018269294185202511
3.830000,0.016911739428820738,0.003268863971641167
3.832000,0.02200175946224725,0.003268863971641167
3.834000,0.02200175946224725,0.003268863971641167
3.836000,0.02200175946224725,0.003268863971641167
3.838000,0.02200175946224725,0.003268863971641167
3.840000,0.02200175946224725,0.003268863971641167
3.842000,0.02200175946224725,0.003268863971641167
3.844000,0.02200175946224725,0.003268863971641167
3.846000,0.02200175946224725,0.003268863971641167
3.848000,0.02200175946224725,-0.0018269294185202511
3.850000,0.02200175946224725,0.003268863971641167
3.852000,0.02200175946224725,0.003268863971641167
3.854000,0.02200175946224725,0.003268863971641167
3.856000,0.02200175946224725,0.003268863971641167
3.858000,0.027091779495673762,0.003268863971641167
3.860000,0.027091779495673762,-0.0018269294185202511
3.862000,0.02200175946224725,-0.0018269294185202511
3.864000,0.027091779495673762,0.003268863971641167
3.866000,0.027091779495673762,0.003268863971641167
3.868000,0.027091779495673762,0.003268863971641167
3.870000,0.027091779495673762,0.003268863971641167
3.872000,0.027091779495673762,0.003268863971641167
3.874000,0.027091779495673762,0.003268863971641167
3.876000,0.027091779495673762,0.003268863971641167
3.878000,0.027091779495673762,0.003268863971641167
3.880000,0.027091779495673762,0.003268863971641167
3.882000,0.027091779495673762,-0.0018269294185202511
3.884000,0.027091779495673762,0.003268863971641167
3.886000,0.027091779495673762,0.003268863971641167
3.888000,0.027091779495673762,0.003268863971641167
3.890000,0.027091779495673762,0.003268863971641167
3.892000,0.027091779495673762,0.003268863971641167
3.894000,0.032181799529100275,0.003268863971641167
3.896000,0.032181799529100275,0.003268863971641167
3.898000,0.032181799529100275,0.003268863971641167
3.900000,0.032181799529100275,0.003268863971641167
3.902000,0.032181799529100275,0.003268863971641167
3.904000,0.032181799529100275,-0.0018269294185202511
3.906000,0.032181799529100275,0.003268863971641167
3.908000,0.032181799529100275,0.003268863971641167
3.910000,0.032181799529100275,0.003268863971641167
3.912000,0.032181799529100275,0.003268863971641167
3.914000,0.032181799529100275,0.003268863971641167
3.916000,0.03727181956252679,-0.0018269294185202511
3.918000,0.032181799529100275,0.003268863971641167
3.920000,0.03727181956252679,0.003268863971641167
3.922000,0.032181799529100275,-0.0018269294185202511
3.924000,0.03727181956252679,-0.0018269294185202511
3.926000,0.03727181956252679,-0.0018269294185202511
3.928000,0.03727181956252679,0.003268863971641167
3.930000,0.03727181956252679,0.003268863971641167
3.932000,0.03727181956252679,-0.0018269294185202511
3.934000,0.0423618395959533,0.003268863971641167
3.936000,0.0423618395959533,-0.0018269294185202511
3.938000,0.0423618395959533,-0.0018269294185202511
3.940000,0.0423618395959533,-0.0018269294185202511
3.942000,0.0423618395959533,0.003268863971641167
3.944000,0.0423618395959533,0.003268863971641167
3.946000,0.0423618395959533,0.003268863971641167
3.948000,0.0423618395959533,0.003268863971641167
3.950000,0.0423618395959533,0.003268863971641167
3.952000,0.0423618395959533,0.003268863971641167
3.954000,0.04745185962938159,0.003268863971641167
3.956000,0.04745185962938159,0.003268863971641167
3.958000,0.04745185962938159,0.003268863971641167
3.960000,0.04745185962938159,0.003268863971641167
3.962000,0.04745185962938159,-0.0018269294185202511
3.964000,0.04745185962938159,0.003268863971641167
3.966000,0.04745185962938159,0.003268863971641167
3.968000,0.04745185962938159,0.003268863971641167
3.970000,0.04745185962938159,0.003268863971641167
3.972000,0.04745185962938159,0.003268863971641167
3.974000,0.04745185962938159,-0.0018269294185202511
3.976000,0.04745185962938159,0.003268863971641167
3.978000,0.04745185962938159,0.003268863971641167
3.980000,0.04745185962938159,0.003268863971641167
3.982000,0.04745185962938159,0.003268863971641167
3.984000,0.04745185962938159,0.003268863971641167
3.986000,0.04745185962938159,0.003268863971641167
3.988000,0.04745185962938159,0.003268863971641167
3.990000,0.0525418796628081,0.003268863971641167
3.992000,0.0525418796628081,-0.0018269294185202511
3.994000,0.04745185962938159,0.003268863971641167
3.996000,0.04745185962938159,0.003268863971641167
3.998000,0.0525418796628081,0.003268863971641167
4.000000,0.04745185962938159,0.003268863971641167
4.002000,0.04745185962938159,-0.0018269294185202511
4.004000,0.0525418796628081,-0.0018269294185202511
4.006000,0.0525418796628081,0.003268863971641167
4.008000,0.0525418796628081,-0.0018269294185202511
4.010000,0.0525418796628081,0.003268863971641167
4.012000,0.04745185962938159,-0.0018269294185202511
4.014000,0.04745185962938159,0.003268863971641167
4.016000,0.0525418796628081,-0.0018269294185202511
4.018000,0.0525418796628081,0.003268863971641167
4.020000,0.04745185962938159,0.003268863971641167
4.022000,0.0525418796628081,-0.0018269294185202511
4.024000,0.04745185962938159,0.003268863971641167
4.026000,0.04745185962938159,0.003268863971641167
4.028000,0.04745185962938159,0.003268863971641167
4.030000,0.04745185962938159,0.003268863971641167
4.032000,0.04745185962938159,0.003268863971641167
4.034000,0.04745185962938159,-0.0018269294185202511
4.036000,0.04745185962938159,-0.0018269294185202511
4.038000,0.04745185962938159,0.003268863971641167
4.040000,0.04745185962938159,-0.0018269294185202511
4.042000,0.04745185962938159,-0.0018269294185202511
4.044000,0.04745185962938159,-0.0018269294185202511
4.046000,0.04745185962938159,0.003268863971641167
4.048000,0.0423618395959533,0.003268863971641167
4.050000,0.0423618395959533,0.003268863971641167
4.052000,0.0423618395959533,0.003268863971641167
4.054000,0.0423618395959533,0.003268863971641167
4.056000,0.03727181956252679,0.003268863971641167
4.058000,0.0423618395959533,0.003268863971641167
4.060000,0.03727181956252679,0.003268863971641167
4.062000,0.03727181956252679,0.003268863971641167
4.064000,0.03727181956252679,0.003268863971641167
4.066000,0.032181799529100275,0.003268863971641167
4.068000,0.032181799529100275,0.003268863971641167
4.070000,0.032181799529100275,0.003268863971641167
4.072000,0.032181799529100275,0.003268863971641167
4.074000,0.032181799529100275,0.003268863971641167
4.076000,0.032181799529100275,0.003268863971641167
4.078000,0.027091779495673762,0.003268863971641167
4.080000,0.032181799529100275,0.003268863971641167
4.082000,0.027091779495673762,0.003268863971641167
4.084000,0.027091779495673762,0.003268863971641167
4.086000,0.027091779495673762,-0.0018269294185202511
4.088000,0.027091779495673762,-0.0018269294185202511
4.090000,0.027091779495673762,0.003268863971641167
4.092000,0.027091779495673762,0.003268863971641167
4.094000,0.027091779495673762,-0.0018269294185202511
4.096000,0.027091779495673762,-0.0018269294185202511
4.098000,0.027091779495673762,0.003268863971641167
4.100000,0.027091779495673762,-0.0018269294185202511
4.102000,0.02200175946224725,0.003268863971641167
4.104000,0.02200175946224725,-0.0018269294185202511
4.106000,0.02200175946224725,-0.0018269294185202511
4.108000,0.02200175946224725,-0.0018269294185202511
4.110000,0.02200175946224725,-0.0018269294185202511
4.112000,0.02200175946224725,0.003268863971641167
4.114000,0.02200175946224725,-0.0018269294185202511
4.116000,0.02200175946224725,0.003268863971641167
4.118000,0.02200175946224725,0.003268863971641167
4.120000,0.02200175946224725,0.003268863971641167
4.122000,0.02200175946224725,0.003268863971641167
4.124000,0.02200175946224725,-0.0018269294185202511
4.126000,0.016911739428820738,0.003268863971641167
4.128000,0.016911739428820738,-0.0018269294185202511
4.130000,0.016911739428820738,-0.0018269294185202511
4.132000,0.016911739428820738,0.003268863971641167
4.134000,0.016911739428820738,-0.0018269294185202511
4.136000,0.016911739428820738,0.003268863971641167
4.138000,0.016911739428820738,0.003268863971641167
4.140000,0.016911739428820738,-0.0018269294185202511
4.142000,0.016911739428820738,0.003268863971641167
4.144000,0.011821719395394226,0.003268863971641167
4.146000,0.016911739428820738,0.003268863971641167
4.148000,0.011821719395394226,-0.0018269294185202511
4.150000,0.011821719395394226,0.003268863971641167
4.152000,0.011821719395394226,-0.0018269294185202511
4.154000,0.011821719395394226,0.003268863971641167
4.156000,0.006731699361965937,0.003268863971641167
4.158000,0.011821719395394226,0.003268863971641167
4.160000,0.006731699361965937,0.003268863971641167
4.162000,0.006731699361965937,-0.0018269294185202511
4.164000,0.006731699361965937,0.003268863971641167
4.166000,0.006731699361965937,0.003268863971641167
4.168000,0.006731699361965937,0.003268863971641167
4.170000,0.006731699361965937,0.003268863971641167
4.172000,0.006731699361965937,-0.0018269294185202511
4.174000,0.006731699361965937,-0.0018269294185202511
4.176000,0.006731699361965937,-0.0018269294185202511
4.178000,0.006731699361965937,0.003268863971641167
4.180000,0.006731699361965937,0.003268863971641167
4.182000,0.006731699361965937,0.003268863971641167
4.184000,0.006731699361965937,0.003268863971641167
4.186000,0.006731699361965937,0.003268863971641167
4.188000,0.006731699361965937,-0.0018269294185202511
4.190000,0.006731699361965937,-0.0018269294185202511
4.192000,0.006731699361965937,0.003268863971641167
4.194000,0.0016416793285394249,0.003268863971641167
4.196000,0.0016416793285394249,0.003268863971641167
4.198000,0.0016416793285394249,0.003268863971641167
4.200000,0.0016416793285394249,0.003268863971641167
4.202000,0.0016416793285394249,0.003268863971641167
4.204000,0.0016416793285394249,-0.0018269294185202511
4.206000,0.0016416793285394249,0.003268863971641167
4.208000,0.0016416793285394249,0.003268863971641167
4.210000,0.0016416793285394249,0.003268863971641167
4.212000,0.0016416793285394249,-0.0018269294185202511
4.214000,0.0016416793285394249,0.003268863971641167
4.216000,0.0016416793285394249,0.003268863971641167
4.218000,0.0016416793285394249,-0.0018269294185202511
4.220000,0.0016416793285394249,0.003268863971641167
4.222000,0.0016416793285394249,0.003268863971641167
4.224000,0.0016416793285394249,-0.0018269294185202511
4.226000,0.0016416793285394249,0.003268863971641167
4.228000,0.0016416793285394249,0.003268863971641167
4.230000,0.0016416793285394249,0.003268863971641167
4.232000,0.0016416793285394249,0.003268863971641167
4.234000,0.0016416793285394249,0.003268863971641167
4.236000,0.0016416793285394249,0.003268863971641167
4.238000,0.0016416793285394249,0.003268863971641167
4.240000,0.0016416793285394249,-0.0018269294185202511
4.242000,0.0016416793285394249,0.003268863971641167
4.244000,0.0016416793285394249,-0.0018269294185202511
4.246000,0.0016416793285394249,-0.0018269294185202511
4.248000,0.0016416793285394249,0.003268863971641167
4.250000,-0.0034483407048870873,0.003268863971641167
4.252000,0.0016416793285394249,0.003268863971641167
4.254000,-0.0034483407048870873,0.003268863971641167
4.256000,0.0016416793285394249,0.003268863971641167
4.258000,0.0016416793285394249,-0.0018269294185202511
4.260000,-0.0034483407048870873,0.003268863971641167
4.262000,0.0016416793285394249,0.003268863971641167
4.264000,0.0016416793285394249,0.003268863971641167
4.266000,-0.0034483407048870873,0.003268863971641167
4.268000,0.0016416793285394249,0.003268863971641167
4.270000,-0.0034483407048870873,0.003268863971641167
4.272000,-0.0034483407048870873,-0.0018269294185202511
4.274000,-0.0034483407048870873,0.003268863971641167
4.276000,-0.0034483407048870873,0.003268863971641167
4.278000,-0.0034483407048870873,0.003268863971641167
4.280000,-0.0034483407048870873,0.003268863971641167
4.282000,-0.0034483407048870873,-0.0018269294185202511
4.284000,-0.0034483407048870873,0.003268863971641167
4.286000,-0.0034483407048870873,0.003268863971641167
4.288000,0.0016416793285394249,0.003268863971641167
4.290000,-0.0034483407048870873,0.003268863971641167
4.292000,-0.0034483407048870873,-0.0018269294185202511
4.294000,-0.0034483407048870873,0.003268863971641167
4.296000,-0.0034483407048870873,0.003268863971641167
4.298000,-0.0034483407048870873,-0.0018269294185202511
4.300000,-0.0034483407048870873,0.003268863971641167
4.302000,-0.0034483407048870873,0.003268863971641167
4.304000,-0.0034483407048870873,0.003268863971641167
4.306000,-0.0034483407048870873,0.003268863971641167
4.308000,-0.0034483407048870873,0.003268863971641167
4.310000,-0.0034483407048870873,0.003268863971641167
4.312000,-0.0034483407048870873,0.003268863971641167
4.314000,-0.0034483407048870873,-0.0018269294185202511
4.316000,-0.0034483407048870873,0.003268863971641167
4.318000,-0.0034483407048870873,-0.0018269294185202511
4.320000,-0.0034483407048870873,-0.0018269294185202511
4.322000,-0.0034483407048870873,0.003268863971641167
4.324000,-0.0034483407048870873,0.003268863971641167
4.326000,-0.0034483407048870873,-0.0018269294185202511
4.328000,-0.0034483407048870873,0.003268863971641167
4.330000,-0.0034483407048870873,0.003268863971641167
4.332000,-0.0034483407048870873,0.003268863971641167
4.334000,-0.0034483407048870873,-0.0018269294185202511
4.336000,-0.0034483407048870873,0.003268863971641167
4.338000,-0.0034483407048870873,0.003268863971641167
4.340000,-0.0034483407048870873,0.003268863971641167
4.342000,-0.0034483407048870873,-0.0018269294185202511
4.344000,-0.0034483407048870873,0.003268863971641167
4.346000,-0.0034483407048870873,0.003268863971641167
4.348000,-0.0034483407048870873,0.003268863971641167
4.350000,-0.0034483407048870873,0.003268863971641167
4.352000,-0.0034483407048870873,-0.0018269294185202511
4.354000,-0.0034483407048870873,0.003268863971641167
4.356000,-0.0034483407048870873,0.003268863971641167
4.358000,-0.0034483407048870873,0.003268863971641167
4.360000,-0.0034483407048870873,0.003268863971641167
4.362000,-0.0034483407048870873,0.003268863971641167
4.364000,-0.0034483407048870873,0.003268863971641167
4.366000,-0.0034483407048870873,0.003268863971641167
4.368000,-0.0034483407048870873,0.003268863971641167
4.370000,-0.0034483407048870873,-0.0018269294185202511
4.372000,-0.0034483407048870873,0.003268863971641167
4.374000,-0.0034483407048870873,0.003268863971641167
4.376000,-0.0034483407048870873,0.003268863971641167
4.378000,-0.0034483407048870873,0.003268863971641167
4.380000,-0.0034483407048870873,0.003268863971641167
4.382000,-0.0034483407048870873,-0.0018269294185202511
4.384000,-0.0034483407048870873,-0.0018269294185202511
4.386000,-0.0034483407048870873,0.003268863971641167
4.388000,-0.0034483407048870873,0.003268863971641167
4.390000,-0.0034483407048870873,0.003268863971641167
4.392000,-0.0034483407048870873,0.003268863971641167
4.394000,-0.0034483407048870873,0.003268863971641167
4.396000,-0.0034483407048870873,0.003268863971641167
4.398000,-0.0034483407048870873,0.003268863971641167
4.400000,-0.0034483407048870873,0.003268863971641167
4.402000,-0.0034483407048870873,0.003268863971641167
4.404000,-0.0034483407048870873,0.003268863971641167
4.406000,-0.0034483407048870873,-0.0018269294185202511
4.408000,-0.0034483407048870873,0.003268863971641167
4.410000,-0.0034483407048870873,0.003268863971641167
4.412000,-0.0034483407048870873,0.003268863971641167
4.414000,-0.0034483407048870873,0.003268863971641167
4.416000,-0.0034483407048870873,0.003268863971641167
4.418000,-0.0034483407048870873,0.003268863971641167
4.420000,-0.0034483407048870873,0.003268863971641167
4.422000,-0.0034483407048870873,0.003268863971641167
4.424000,-0.0034483407048870873,0.003268863971641167
4.426000,-0.0034483407048870873,0.003268863971641167
4.428000,-0.0034483407048870873,0.003268863971641167
4.430000,-0.0034483407048870873,-0.0018269294185202511
4.432000,-0.0034483407048870873,0.003268863971641167
4.434000,-0.0034483407048870873,0.003268863971641167
4.436000,-0.0034483407048870873,0.003268863971641167
4.438000,-0.0034483407048870873,0.003268863971641167
4.440000,-0.0034483407048870873,0.003268863971641167
4.442000,-0.0034483407048870873,-0.0018269294185202511
4.444000,-0.0034483407048870873,0.003268863971641167
4.446000,-0.0034483407048870873,-0.0018269294185202511
4.448000,-0.0034483407048870873,0.003268863971641167
4.450000,-0.0034483407048870873,0.003268863971641167
4.452000,-0.0034483407048870873,-0.0018269294185202511
4.454000,-0.0034483407048870873,0.003268863971641167
4.456000,-0.0034483407048870873,0.003268863971641167
4.458000,-0.0034483407048870873,-0.0018269294185202511
4.460000,-0.0034483407048870873,0.003268863971641167
4.462000,-0.0034483407048870873,0.003268863971641167
4.464000,-0.0034483407048870873,0.003268863971641167
4.466000,-0.0034483407048870873,-0.0018269294185202511
4.468000,-0.0034483407048870873,-0.0018269294185202511
4.470000,-0.0034483407048870873,0.003268863971641167
4.472000,-0.0034483407048870873,0.003268863971641167
4.474000,-0.0034483407048870873,0.003268863971641167
4.476000,-0.0034483407048870873,0.003268863971641167
4.478000,-0.0034483407048870873,0.003268863971641167
4.480000,-0.0034483407048870873,0.003268863971641167
4.482000,-0.0034483407048870873,-0.0018269294185202511
4.484000,-0.0034483407048870873,0.003268863971641167
4.486000,-0.0034483407048870873,-0.0018269294185202511
4.488000,-0.0034483407048870873,0.003268863971641167
4.490000,-0.0034483407048870873,0.003268863971641167
4.492000,-0.0034483407048870873,0.003268863971641167
4.494000,-0.0034483407048870873,0.003268863971641167
4.496000,-0.0034483407048870873,0.003268863971641167
4.498000,-0.0034483407048870873,0.003268863971641167
4.500000,-0.0034483407048870873,-0.0018269294185202511
4.502000,-0.0034483407048870873,0.003268863971641167
4.504000,-0.0034483407048870873,0.003268863971641167
4.506000,-0.0034483407048870873,0.003268863971641167
4.508000,-0.0034483407048870873,0.003268863971641167
4.510000,-0.0034483407048870873,0.003268863971641167
4.512000,-0.0034483407048870873,-0.0018269294185202511
4.514000,-0.0034483407048870873,0.003268863971641167
4.516000,-0.0034483407048870873,0.003268863971641167
4.518000,-0.0034483407048870873,0.003268863971641167
4.520000,-0.0034483407048870873,0.003268863971641167
4.522000,-0.0034483407048870873,0.003268863971641167
4.524000,-0.0034483407048870873,-0.0018269294185202511
4.526000,-0.0034483407048870873,0.003268863971641167
4.528000,-0.0034483407048870873,0.003268863971641167
4.530000,-0.0034483407048870873,0.003268863971641167
4.532000,-0.0034483407048870873,0.003268863971641167
4.534000,-0.0034483407048870873,0.003268863971641167
4.536000,-0.0034483407048870873,0.003268863971641167
4.538000,-0.0034483407048870873,-0.0018269294185202511
4.540000,-0.0034483407048870873,0.003268863971641167
4.542000,-0.0034483407048870873,0.003268863971641167
4.544000,-0.0034483407048870873,-0.0018269294185202511
4.546000,-0.0034483407048870873,0.003268863971641167
4.548000,-0.0034483407048870873,0.003268863971641167
4.550000,-0.0034483407048870873,0.003268863971641167
4.552000,-0.0034483407048870873,0.003268863971641167
4.554000,-0.0034483407048870873,0.003268863971641167
4.556000,-0.0034483407048870873,0.003268863971641167
4.558000,-0.0034483407048870873,0.003268863971641167
4.560000,-0.0034483407048870873,-0.0018269294185202511
4.562000,-0.0034483407048870873,0.003268863971641167
4.564000,-0.0034483407048870873,-0.0018269294185202511
4.566000,-0.0034483407048870873,0.003268863971641167
4.568000,-0.0034483407048870873,0.003268863971641167
4.570000,-0.0034483407048870873,0.003268863971641167
4.572000,-0.0034483407048870873,0.003268863971641167
4.574000,-0.0034483407048870873,0.003268863971641167
4.576000,-0.0034483407048870873,0.003268863971641167
4.578000,-0.0034483407048870873,0.003268863971641167
4.580000,-0.0034483407048870873,0.003268863971641167
4.582000,-0.0034483407048870873,0.003268863971641167
4.584000,-0.0034483407048870873,0.003268863971641167
4.586000,-0.0034483407048870873,0.003268863971641167
4.588000,-0.0034483407048870873,0.003268863971641167
4.590000,-0.0034483407048870873,-0.0018269294185202511
4.592000,-0.0034483407048870873,0.003268863971641167
4.594000,-0.0034483407048870873,0.003268863971641167
4.596000,-0.0034483407048870873,0.003268863971641167
4.598000,-0.0034483407048870873,-0.0018269294185202511
4.600000,-0.0034483407048870873,0.003268863971641167
4.602000,-0.0034483407048870873,0.003268863971641167
4.604000,-0.0034483407048870873,0.003268863971641167
4.606000,-0.0034483407048870873,0.003268863971641167
4.608000,-0.0034483407048870873,0.003268863971641167
4.610000,-0.0034483407048870873,-0.0018269294185202511
4.612000,-0.0034483407048870873,0.003268863971641167
4.614000,-0.0034483407048870873,0.003268863971641167
4.616000,-0.0034483407048870873,-0.0018269294185202511
4.618000,-0.0034483407048870873,0.003268863971641167
4.620000,-0.0034483407048870873,0.003268863971641167
4.622000,-0.0034483407048870873,0.003268863971641167
4.624000,-0.0034483407048870873,0.003268863971641167
4.626000,-0.0034483407048870873,0.003268863971641167
4.628000,-0.0034483407048870873,-0.0018269294185202511
4.630000,-0.0034483407048870873,0.003268863971641167
4.632000,-0.0034483407048870873,0.003268863971641167
4.634000,-0.0034483407048870873,0.003268863971641167
4.636000,-0.0034483407048870873,-0.0018269294185202511
4.638000,-0.0034483407048870873,0.003268863971641167
4.640000,-0.0034483407048870873,0.003268863971641167
4.642000,-0.0034483407048870873,0.003268863971641167
4.644000,-0.0034483407048870873,0.003268863971641167
4.646000,-0.0034483407048870873,0.003268863971641167
4.648000,-0.0034483407048870873,0.003268863971641167
4.650000,-0.0034483407048870873,-0.0018269294185202511
4.652000,-0.0034483407048870873,0.003268863971641167
4.654000,-0.0034483407048870873,0.003268863971641167
4.656000,-0.0034483407048870873,0.003268863971641167
4.658000,-0.0034483407048870873,0.003268863971641167
4.660000,-0.0034483407048870873,0.003268863971641167
4.662000,-0.0034483407048870873,0.003268863971641167
4.664000,-0.0034483407048870873,0.003268863971641167
4.666000,-0.0034483407048870873,0.003268863971641167
4.668000,-0.0034483407048870873,0.003268863971641167
4.670000,-0.0034483407048870873,0.003268863971641167
4.672000,-0.0034483407048870873,0.003268863971641167
4.674000,-0.0034483407048870873,0.003268863971641167
4.676000,-0.0034483407048870873,0.003268863971641167
4.678000,-0.0034483407048870873,0.003268863971641167
4.680000,-0.0034483407048870873,-0.0018269294185202511
4.682000,-0.0034483407048870873,0.003268863971641167
4.684000,-0.0034483407048870873,0.003268863971641167
4.686000,-0.0034483407048870873,0.003268863971641167
4.688000,-0.0034483407048870873,0.003268863971641167
4.690000,-0.0034483407048870873,0.003268863971641167
4.692000,-0.0034483407048870873,-0.0018269294185202511
4.694000,-0.0034483407048870873,0.003268863971641167
4.696000,-0.0034483407048870873,0.003268863971641167
4.698000,-0.0034483407048870873,0.003268863971641167
4.700000,-0.0034483407048870873,-0.0018269294185202511
4.702000,-0.0034483407048870873,0.003268863971641167
4.704000,-0.0034483407048870873,-0.0018269294185202511
4.706000,-0.0034483407048870873,-0.0018269294185202511
4.708000,-0.0034483407048870873,0.003268863971641167
4.710000,-0.0034483407048870873,0.003268863971641167
4.712000,-0.0034483407048870873,0.003268863971641167
4.714000,-0.0034483407048870873,0.003268863971641167
4.716000,-0.0034483407048870873,0.003268863971641167
4.718000,-0.0034483407048870873,0.003268863971641167
4.720000,-0.0034483407048870873,-0.0018269294185202511
4.722000,-0.0034483407048870873,0.003268863971641167
4.724000,-0.0034483407048870873,0.003268863971641167
4.726000,-0.0034483407048870873,-0.0018269294185202511
4.728000,-0.0034483407048870873,-0.0018269294185202511
4.730000,-0.0034483407048870873,-0.0018269294185202511
4.732000,-0.0034483407048870873,0.003268863971641167
4.734000,-0.0034483407048870873,0.003268863971641167
4.736000,-0.0034483407048870873,0.003268863971641167
4.738000,-0.0034483407048870873,0.003268863971641167
4.740000,-0.0034483407048870873,0.003268863971641167
4.742000,-0.0034483407048870873,0.003268863971641167
4.744000,-0.0034483407048870873,0.003268863971641167
4.746000,-0.0034483407048870873,0.003268863971641167
4.748000,-0.0034483407048870873,0.003268863971641167
4.750000,-0.0034483407048870873,0.003268863971641167
4.752000,-0.0034483407048870873,0.003268863971641167
4.754000,-0.0034483407048870873,0.003268863971641167
4.756000,-0.0034483407048870873,0.003268863971641167
4.758000,-0.0034483407048870873,0.003268863971641167
4.760000,-0.0034483407048870873,0.003268863971641167
4.762000,-0.0034483407048870873,0.003268863971641167
4.764000,0.0016416793285394249,0.003268863971641167
4.766000,-0.0034483407048870873,-0.0018269294185202511
4.768000,-0.0034483407048870873,0.003268863971641167
4.770000,-0.0034483407048870873,0.003268863971641167
4.772000,0.0016416793285394249,0.003268863971641167
4.774000,0.0016416793285394249,0.003268863971641167
4.776000,0.0016416793285394249,0.003268863971641167
4.778000,0.0016416793285394249,0.003268863971641167
4.780000,0.0016416793285394249,0.003268863971641167
4.782000,0.0016416793285394249,0.003268863971641167
4.784000,0.0016416793285394249,-0.0018269294185202511
4.786000,0.0016416793285394249,0.003268863971641167
4.788000,0.0016416793285394249,0.003268863971641167
4.790000,0.0016416793285394249,-0.0018269294185202511
4.792000,0.0016416793285394249,0.003268863971641167
4.794000,0.0016416793285394249,0.003268863971641167
4.796000,0.0016416793285394249,0.003268863971641167
4.798000,0.0016416793285394249,0.003268863971641167
4.800000,0.0016416793285394249,0.003268863971641167
4.802000,0.0016416793285394249,-0.0018269294185202511
4.804000,0.0016416793285394249,0.003268863971641167
4.806000,0.0016416793285394249,0.003268863971641167
4.808000,0.0016416793285394249,0.003268863971641167
4.810000,0.006731699361965937,-0.0018269294185202511
4.812000,0.006731699361965937,-0.0018269294185202511
4.814000,0.006731699361965937,0.003268863971641167
4.816000,0.006731699361965937,0.003268863971641167
4.818000,0.006731699361965937,0.003268863971641167
4.820000,0.006731699361965937,-0.0018269294185202511
4.822000,0.006731699361965937,0.003268863971641167
4.824000,0.006731699361965937,0.003268863971641167
4.826000,0.006731699361965937,0.003268863971641167
4.828000,0.006731699361965937,-0.0018269294185202511
4.830000,0.006731699361965937,0.003268863971641167
4.832000,0.006731699361965937,0.003268863971641167
4.834000,0.006731699361965937,0.003268863971641167
4.836000,0.006731699361965937,-0.0018269294185202511
4.838000,0.006731699361965937,0.003268863971641167
4.840000,0.006731699361965937,0.003268863971641167
4.842000,0.006731699361965937,0.003268863971641167
4.844000,0.006731699361965937,-0.0018269294185202511
4.846000,0.006731699361965937,-0.0018269294185202511
4.848000,0.006731699361965937,-0.0018269294185202511
4.850000,0.006731699361965937,0.003268863971641167
4.852000,0.006731699361965937,0.003268863971641167
4.854000,0.006731699361965937,0.003268863971641167
4.856000,0.006731699361965937,-0.0018269294185202511
4.858000,0.006731699361965937,-0.0018269294185202511
4.860000,0.006731699361965937,-0.0018269294185202511
4.862000,0.006731699361965937,0.003268863971641167
4.864000,0.006731699361965937,0.003268863971641167
4.866000,0.006731699361965937,0.003268863971641167
4.868000,0.006731699361965937,0.003268863971641167
4.870000,0.006731699361965937,0.003268863971641167
4.872000,0.006731699361965937,-0.0018269294185202511
4.874000,0.006731699361965937,0.003268863971641167
4.876000,0.006731699361965937,0.003268863971641167
4.878000,0.006731699361965937,0.003268863971641167
4.880000,0.006731699361965937,0.003268863971641167
4.882000,0.006731699361965937,0.003268863971641167
4.884000,0.011821719395394226,0.003268863971641167
4.886000,0.011821719395394226,0.003268863971641167
4.888000,0.006731699361965937,-0.0018269294185202511
4.890000,0.006731699361965937,-0.0018269294185202511
4.892000,0.011821719395394226,0.003268863971641167
4.894000,0.011821719395394226,0.003268863971641167
4.896000,0.011821719395394226,0.003268863971641167
4.898000,0.011821719395394226,0.003268863971641167
4.900000,0.011821719395394226,0.003268863971641167
4.902000,0.011821719395394226,0.003268863971641167
4.904000,0.011821719395394226,0.003268863971641167
4.906000,0.011821719395394226,0.003268863971641167
4.908000,0.016911739428820738,0.003268863971641167
4.910000,0.011821719395394226,-0.0018269294185202511
4.912000,0.011821719395394226,-0.0018269294185202511
4.914000,0.016911739428820738,0.003268863971641167
4.916000,0.016911739428820738,0.003268863971641167
4.918000,0.011821719395394226,0.003268863971641167
4.920000,0.016911739428820738,0.003268863971641167
4.922000,0.016911739428820738,0.003268863971641167
4.924000,0.016911739428820738,-0.0018269294185202511
4.926000,0.016911739428820738,0.003268863971641167
4.928000,0.016911739428820738,0.003268863971641167
4.930000,0.016911739428820738,0.003268863971641167
4.932000,0.016911739428820738,0.003268863971641167
4.934000,0.016911739428820738,0.003268863971641167
4.936000,0.016911739428820738,0.003268863971641167
4.938000,0.016911739428820738,0.003268863971641167
4.940000,0.016911739428820738,0.003268863971641167
4.942000,0.02200175946224725,0.003268863971641167
4.944000,0.016911739428820738,0.003268863971641167
4.946000,0.016911739428820738,0.003268863971641167
4.948000,0.02200175946224725,0.003268863971641167
4.950000,0.02200175946224725,0.003268863971641167
4.952000,0.02200175946224725,-0.0018269294185202511
4.954000,0.02200175946224725,0.003268863971641167
4.956000,0.02200175946224725,0.003268863971641167
4.958000,0.02200175946224725,0.003268863971641167
4.960000,0.02200175946224725,0.003268863971641167
4.962000,0.02200175946224725,0.003268863971641167
4.964000,0.02200175946224725,0.003268863971641167
4.966000,0.02200175946224725,0.003268863971641167
4.968000,0.027091779495673762,0.003268863971641167
4.970000,0.02200175946224725,-0.0018269294185202511
4.972000,0.02200175946224725,0.003268863971641167
4.974000,0.02200175946224725,0.003268863971641167
4.976000,0.027091779495673762,-0.0018269294185202511
4.978000,0.027091779495673762,-0.0018269294185202511
4.980000,0.027091779495673762,0.003268863971641167
4.982000,0.027091779495673762,-0.0018269294185202511
4.984000,0.027091779495673762,0.003268863971641167
4.986000,0.027091779495673762,0.003268863971641167
4.988000,0.027091779495673762,-0.0018269294185202511
4.990000,0.027091779495673762,0.003268863971641167
4.992000,0.027091779495673762,0.003268863971641167
4.994000,0.027091779495673762,0.003268863971641167
4.996000,0.027091779495673762,0.003268863971641167
4.998000,0.027091779495673762,-0.0018269294185202511
5.000000,0.027091779495673762,-0.0018269294185202511
5.002000,0.027091779495673762,0.003268863971641167
5.004000,0.032181799529100275,0.003268863971641167
5.006000,0.032181799529100275,0.003268863971641167
5.008000,0.032181799529100275,-0.0018269294185202511
5.010000,0.032181799529100275,0.003268863971641167
5.012000,0.032181799529100275,0.003268863971641167
5.014000,0.032181799529100275,-0.0018269294185202511
5.016000,0.032181799529100275,-0.0018269294185202511
5.018000,0.032181799529100275,-0.0018269294185202511
5.020000,0.032181799529100275,0.003268863971641167
5.022000,0.03727181956252679,-0.0018269294185202511
5.024000,0.03727181956252679,0.003268863971641167
5.026000,0.03727181956252679,0.003268863971641167
5.028000,0.03727181956252679,0.003268863971641167
5.030000,0.03727181956252679,0.003268863971641167
5.032000,0.0423618395959533,0.003268863971641167
5.034000,0.0423618395959533,0.003268863971641167
5.036000,0.0423618395959533,0.003268863971641167
5.038000,0.0423618395959533,-0.0018269294185202511
5.040000,0.0423618395959533,0.003268863971641167
5.042000,0.0423618395959533,0.003268863971641167
5.044000,0.0423618395959533,0.003268863971641167
5.046000,0.0423618395959533,0.003268863971641167
5.048000,0.0423618395959533,0.003268863971641167
5.050000,0.0423618395959533,0.003268863971641167
5.052000,0.0423618395959533,0.003268863971641167
5.054000,0.0423618395959533,0.003268863971641167
5.056000,0.04745185962938159,-0.0018269294185202511
5.058000,0.0423618395959533,-0.0018269294185202511
5.060000,0.0423618395959533,0.003268863971641167
5.062000,0.04745185962938159,0.003268863971641167
5.064000,0.04745185962938159,0.003268863971641167
5.066000,0.0423618395959533,-0.0018269294185202511
5.068000,0.04745185962938159,-0.0018269294185202511
5.070000,0.04745185962938159,-0.0018269294185202511
5.072000,0.04745185962938159,0.003268863971641167
5.074000,0.04745185962938159,0.003268863971641167
5.076000,0.04745185962938159,0.003268863971641167
5.078000,0.04745185962938159,0.003268863971641167
5.080000,0.04745185962938159,0.003268863971641167
5.082000,0.04745185962938159,0.003268863971641167
5.084000,0.04745185962938159,0.003268863971641167
5.086000,0.04745185962938159,0.003268863971641167
5.088000,0.04745185962938159,-0.0018269294185202511
5.090000,0.04745185962938159,-0.0018269294185202511
5.092000,0.04745185962938159,0.003268863971641167
5.094000,0.04745185962938159,-0.0018269294185202511
5.096000,0.04745185962938159,0.003268863971641167
5.098000,0.04745185962938159,0.003268863971641167
5.100000,0.04745185962938159,0.003268863971641167
5.102000,0.04745185962938159,-0.0018269294185202511
5.104000,0.04745185962938159,0.003268863971641167
5.106000,0.04745185962938159,-0.0018269294185202511
5.108000,0.04745185962938159,0.003268863971641167
5.110000,0.04745185962938159,0.003268863971641167
5.112000,0.04745185962938159,0.003268863971641167
5.114000,0.04745185962938159,0.003268863971641167
5.116000,0.04745185962938159,0.003268863971641167
5.118000,0.04745185962938159,0.003268863971641167
5.120000,0.04745185962938159,0.003268863971641167
5.122000,0.04745185962938159,0.003268863971641167
5.124000,0.04745185962938159,0.003268863971641167
5.126000,0.04745185962938159,0.003268863971641167
5.128000,0.04745185962938159,0.003268863971641167
5.130000,0.04745185962938159,0.003268863971641167
5.132000,0.0423618395959533,0.003268863971641167
5.134000,0.04745185962938159,0.003268863971641167
5.136000,0.0423618395959533,0.003268863971641167
5.138000,0.0423618395959533,-0.0018269294185202511
5.140000,0.0423618395959533,0.003268863971641167
5.142000,0.0423618395959533,0.003268863971641167
5.144000,0.0423618395959533,-0.0018269294185202511
5.146000,0.0423618395959533,0.003268863971641167
5.148000,0.0423618395959533,-0.0018269294185202511
5.150000,0.0423618395959533,0.003268863971641167
5.152000,0.0423618395959533,0.003268863971641167
5.154000,0.0423618395959533,0.003268863971641167
5.156000,0.0423618395959533,-0.0018269294185202511
5.158000,0.0423618395959533,-0.0018269294185202511
5.160000,0.03727181956252679,0.003268863971641167
5.162000,0.03727181956252679,-0.0018269294185202511
5.164000,0.03727181956252679,0.003268863971641167
5.166000,0.03727181956252679,0.003268863971641167
5.168000,0.03727181956252679,0.003268863971641167
5.170000,0.032181799529100275,-0.0018269294185202511
5.172000,0.03727181956252679,-0.0018269294185202511
5.174000,0.032181799529100275,0.003268863971641167
5.176000,0.032181799529100275,0.003268863971641167
5.178000,0.032181799529100275,0.003268863971641167
5.180000,0.032181799529100275,-0.0018269294185202511
5.182000,0.032181799529100275,-0.0018269294185202511
5.184000,0.027091779495673762,0.003268863971641167
5.186000,0.027091779495673762,-0.0018269294185202511
5.188000,0.027091779495673762,0.003268863971641167
5.190000,0.027091779495673762,-0.0018269294185202511
5.192000,0.027091779495673762,0.003268863971641167
5.194000,0.027091779495673762,0.003268863971641167
5.196000,0.027091779495673762,0.003268863971641167
5.198000,0.027091779495673762,0.003268863971641167
5.200000,0.027091779495673762,0.003268863971641167
5.202000,0.027091779495673762,0.003268863971641167
5.204000,0.027091779495673762,-0.0018269294185202511
5.206000,0.027091779495673762,0.003268863971641167
5.208000,0.027091779495673762,0.003268863971641167
5.210000,0.027091779495673762,0.003268863971641167
5.212000,0.02200175946224725,0.003268863971641167
5.214000,0.027091779495673762,0.003268863971641167
5.216000,0.02200175946224725,0.003268863971641167
5.218000,0.027091779495673762,0.003268863971641167
5.220000,0.027091779495673762,0.003268863971641167
5.222000,0.027091779495673762,-0.0018269294185202511
5.224000,0.027091779495673762,0.003268863971641167
5.226000,0.02200175946224725,-0.0018269294185202511
5.228000,0.02200175946224725,0.003268863971641167
5.230000,0.02200175946224725,0.003268863971641167
5.232000,0.02200175946224725,0.003268863971641167
5.234000,0.02200175946224725,0.003268863971641167
5.236000,0.02200175946224725,0.003268863971641167
5.238000,0.02200175946224725,0.003268863971641167
5.240000,0.02200175946224725,-0.0018269294185202511
5.242000,0.02200175946224725,0.003268863971641167
5.244000,0.016911739428820738,0.003268863971641167
5.246000,0.02200175946224725,0.003268863971641167
5.248000,0.02200175946224725,0.003268863971641167
5.250000,0.02200175946224725,0.003268863971641167
5.252000,0.016911739428820738,-0.0018269294185202511
5.254000,0.016911739428820738,0.003268863971641167
5.256000,0.016911739428820738,0.003268863971641167
5.258000,0.016911739428820738,0.003268863971641167
5.260000,0.016911739428820738,0.003268863971641167
5.262000,0.016911739428820738,0.003268863971641167
5.264000,0.011821719395394226,0.003268863971641167
5.266000,0.016911739428820738,0.003268863971641167
5.268000,0.011821719395394226,0.003268863971641167
5.270000,0.011821719395394226,0.003268863971641167
5.272000,0.011821719395394226,-0.0018269294185202511
5.274000,0.011821719395394226,-0.0018269294185202511
5.276000,0.011821719395394226,0.003268863971641167
5.278000,0.011821719395394226,-0.0018269294185202511
5.280000,0.006731699361965937,-0.0018269294185202511
5.282000,0.006731699361965937,0.003268863971641167
5.284000,0.006731699361965937,0.003268863971641167
5.286000,0.006731699361965937,0.003268863971641167
5.288000,0.006731699361965937,0.003268863971641167
5.290000,0.006731699361965937,0.003268863971641167
5.292000,0.006731699361965937,0.003268863971641167
5.294000,0.006731699361965937,0.003268863971641167
5.296000,0.006731699361965937,0.003268863971641167
5.298000,0.006731699361965937,0.003268863971641167
5.300000,0.0016416793285394249,0.003268863971641167
5.302000,0.006731699361965937,0.003268863971641167
5.304000,0.0016416793285394249,0.003268863971641167
5.306000,0.0016416793285394249,0.003268863971641167
5.308000,0.0016416793285394249,-0.0018269294185202511
5.310000,0.0016416793285394249,0.003268863971641167
5.312000,0.0016416793285394249,0.003268863971641167
5.314000,0.0016416793285394249,0.003268863971641167
5.316000,0.0016416793285394249,0.003268863971641167
5.318000,0.0016416793285394249,0.003268863971641167
5.320000,0.0016416793285394249,-0.0018269294185202511
5.322000,-0.0034483407048870873,0.003268863971641167
5.324000,-0.0034483407048870873,0.003268863971641167
5.326000,-0.0034483407048870873,0.003268863971641167
5.328000,-0.0034483407048870873,0.003268863971641167
5.330000,-0.0034483407048870873,0.003268863971641167
5.332000,-0.0034483407048870873,0.003268863971641167
5.334000,-0.0034483407048870873,0.003268863971641167
5.336000,-0.0034483407048870873,0.003268863971641167
5.338000,-0.0034483407048870873,0.003268863971641167
5.340000,-0.0034483407048870873,0.003268863971641167
5.342000,-0.0034483407048870873,0.003268863971641167
5.344000,-0.0034483407048870873,0.003268863971641167
5.346000,-0.0034483407048870873,0.003268863971641167
5.348000,-0.0034483407048870873,-0.0018269294185202511
5.350000,-0.0085383607383136,0.003268863971641167
5.352000,-0.0034483407048870873,-0.0018269294185202511
5.354000,-0.0034483407048870873,-0.0018269294185202511
5.356000,-0.0034483407048870873,-0.0018269294185202511
5.358000,-0.0085383607383136,0.003268863971641167
5.360000,-0.0085383607383136,0.003268863971641167
5.362000,-0.0085383607383136,0.003268863971641167
5.364000,-0.0034483407048870873,0.003268863971641167
5.366000,-0.0085383607383136,0.003268863971641167
5.368000,-0.0085383607383136,0.003268863971641167
5.370000,-0.0034483407048870873,0.003268863971641167
5.372000,-0.0085383607383136,0.003268863971641167
5.374000,-0.0085383607383136,0.003268863971641167
5.376000,-0.0085383607383136,-0.0018269294185202511
5.378000,-0.0085383607383136,0.003268863971641167
5.380000,-0.0085383607383136,0.003268863971641167
5.382000,-0.0085383607383136,0.003268863971641167
5.384000,-0.0085383607383136,0.003268863971641167
5.386000,-0.0085383607383136,0.003268863971641167
5.388000,-0.0085383607383136,0.003268863971641167
5.390000,-0.0085383607383136,0.003268863971641167
5.392000,-0.0085383607383136,-0.0018269294185202511
5.394000,-0.0085383607383136,-0.0018269294185202511
5.396000,-0.0085383607383136,0.003268863971641167
5.398000,-0.0085383607383136,0.003268863971641167
5.400000,-0.0085383607383136,0.003268863971641167
5.402000,-0.0085383607383136,0.003268863971641167
5.404000,-0.0085383607383136,-0.0018269294185202511
5.406000,-0.0085383607383136,-0.0018269294185202511
5.408000,-0.0085383607383136,0.003268863971641167
5.410000,-0.0085383607383136,-0.0018269294185202511
5.412000,-0.0085383607383136,0.003268863971641167
5.414000,-0.0085383607383136,-0.0018269294185202511
5.416000,-0.0085383607383136,0.003268863971641167
5.418000,-0.0085383607383136,0.003268863971641167
5.420000,-0.0085383607383136,0.003268863971641167
5.422000,-0.0085383607383136,0.003268863971641167
5.424000,-0.0085383607383136,0.003268863971641167
5.426000,-0.0085383607383136,-0.0018269294185202511
5.428000,-0.0085383607383136,0.003268863971641167
5.430000,-0.0085383607383136,0.003268863971641167
5.432000,-0.0085383607383136,0.003268863971641167
5.434000,-0.0085383607383136,0.003268863971641167
5.436000,-0.0085383607383136,0.003268863971641167
5.438000,-0.0085383607383136,-0.0018269294185202511
5.440000,-0.0085383607383136,0.003268863971641167
5.442000,-0.0085383607383136,-0.0018269294185202511
5.444000,-0.0085383607383136,0.003268863971641167
5.446000,-0.0085383607383136,0.003268863971641167
5.448000,-0.0085383607383136,0.003268863971641167
5.450000,-0.0085383607383136,-0.0018269294185202511
5.452000,-0.0085383607383136,0.003268863971641167
5.454000,-0.0085383607383136,0.003268863971641167
5.456000,-0.0085383607383136,0.003268863971641167
5.458000,-0.0085383607383136,-0.0018269294185202511
5.460000,-0.0085383607383136,0.003268863971641167
5.462000,-0.0085383607383136,-0.0018269294185202511
5.464000,-0.0085383607383136,0.003268863971641167
5.466000,-0.0085383607383136,0.003268863971641167
5.468000,-0.0085383607383136,0.003268863971641167
5.470000,-0.0085383607383136,0.003268863971641167
5.472000,-0.0085383607383136,0.003268863971641167
5.474000,-0.0085383607383136,0.003268863971641167
5.476000,-0.0085383607383136,0.003268863971641167
5.478000,-0.0085383607383136,-0.0018269294185202511
5.480000,-0.0085383607383136,0.003268863971641167
5.482000,-0.0085383607383136,0.003268863971641167
5.484000,-0.0085383607383136,0.003268863971641167
5.486000,-0.0085383607383136,0.003268863971641167
5.488000,-0.0085383607383136,0.003268863971641167
5.490000,-0.0085383607383136,-0.0018269294185202511
5.492000,-0.0085383607383136,-0.0018269294185202511
5.494000,-0.0085383607383136,0.003268863971641167
5.496000,-0.0085383607383136,0.003268863971641167
5.498000,-0.0085383607383136,-0.0018269294185202511
5.500000,-0.0085383607383136,0.003268863971641167
5.502000,-0.0085383607383136,0.003268863971641167
5.504000,-0.0085383607383136,0.003268863971641167
5.506000,-0.0085383607383136,-0.0018269294185202511
5.508000,-0.0085383607383136,0.003268863971641167
5.510000,-0.0085383607383136,0.003268863971641167
5.512000,-0.0085383607383136,0.003268863971641167
5.514000,-0.0085383607383136,0.003268863971641167
5.516000,-0.0085383607383136,0.003268863971641167
5.518000,-0.0085383607383136,0.003268863971641167
5.520000,-0.0085383607383136,0.003268863971641167
5.522000,-0.0085383607383136,0.003268863971641167
5.524000,-0.0085383607383136,0.003268863971641167
5.526000,-0.0085383607383136,0.003268863971641167
5.528000,-0.0085383607383136,0.003268863971641167
5.530000,-0.0085383607383136,0.003268863971641167
5.532000,-0.0085383607383136,0.003268863971641167
5.534000,-0.0085383607383136,0.003268863971641167
5.536000,-0.0085383607383136,0.003268863971641167
5.538000,-0.0085383607383136,0.003268863971641167
5.540000,-0.0085383607383136,0.003268863971641167
5.542000,-0.0085383607383136,0.003268863971641167
5.544000,-0.0085383607383136,-0.0018269294185202511
5.546000,-0.0085383607383136,0.003268863971641167
5.548000,-0.0085383607383136,-0.0018269294185202511
5.550000,-0.0085383607383136,0.003268863971641167
5.552000,-0.0085383607383136,0.003268863971641167
5.554000,-0.0085383607383136,-0.0018269294185202511
5.556000,-0.0085383607383136,0.003268863971641167
5.558000,-0.0085383607383136,-0.0018269294185202511
5.560000,-0.0085383607383136,0.003268863971641167
5.562000,-0.0085383607383136,0.003268863971641167
5.564000,-0.0085383607383136,0.003268863971641167
5.566000,-0.0085383607383136,0.003268863971641167
5.568000,-0.0085383607383136,0.003268863971641167
5.570000,-0.0085383607383136,0.003268863971641167
5.572000,-0.0085383607383136,0.003268863971641167
5.574000,-0.0085383607383136,0.003268863971641167
5.576000,-0.0085383607383136,-0.0018269294185202511
5.578000,-0.0085383607383136,0.003268863971641167
5.580000,-0.0085383607383136,0.003268863971641167
5.582000,-0.0085383607383136,0.003268863971641167
5.584000,-0.0085383607383136,0.003268863971641167
5.586000,-0.0085383607383136,0.003268863971641167
5.588000,-0.0085383607383136,-0.0018269294185202511
5.590000,-0.0085383607383136,0.003268863971641167
5.592000,-0.0085383607383136,0.003268863971641167
5.594000,-0.0085383607383136,0.003268863971641167
5.596000,-0.0085383607383136,0.003268863971641167
5.598000,-0.0085383607383136,0.003268863971641167
5.600000,-0.0085383607383136,0.003268863971641167
5.602000,-0.0085383607383136,0.003268863971641167
5.604000,-0.0085383607383136,0.003268863971641167
5.606000,-0.0085383607383136,0.003268863971641167
5.608000,-0.0085383607383136,0.003268863971641167
5.610000,-0.0085383607383136,0.003268863971641167
5.612000,-0.0085383607383136,0.003268863971641167
5.614000,-0.0085383607383136,0.003268863971641167
5.616000,-0.0085383607383136,0.003268863971641167
5.618000,-0.0085383607383136,0.003268863971641167
5.620000,-0.0085383607383136,0.003268863971641167
5.622000,-0.0085383607383136,0.003268863971641167
5.624000,-0.0085383607383136,0.003268863971641167
5.626000,-0.0085383607383136,0.003268863971641167
5.628000,-0.0085383607383136,0.003268863971641167
5.630000,-0.0085383607383136,-0.0018269294185202511
5.632000,-0.0085383607383136,0.003268863971641167
5.634000,-0.0085383607383136,0.003268863971641167
5.636000,-0.0085383607383136,-0.0018269294185202511
5.638000,-0.0085383607383136,-0.0018269294185202511
5.640000,-0.0085383607383136,0.003268863971641167
5.642000,-0.0085383607383136,0.003268863971641167
5.644000,-0.0085383607383136,0.003268863971641167
5.646000,-0.0085383607383136,0.003268863971641167
5.648000,-0.0085383607383136,0.003268863971641167
5.650000,-0.0085383607383136,-0.0018269294185202511
5.652000,-0.0085383607383136,-0.0018269294185202511
5.654000,-0.0085383607383136,0.003268863971641167
5.656000,-0.0085383607383136,0.003268863971641167
5.658000,-0.0085383607383136,0.003268863971641167
5.660000,-0.0085383607383136,-0.0018269294185202511
5.662000,-0.0085383607383136,0.003268863971641167
5.664000,-0.0085383607383136,0.003268863971641167
5.666000,-0.0085383607383136,-0.0018269294185202511
5.668000,-0.0085383607383136,0.003268863971641167
5.670000,-0.0085383607383136,-0.0018269294185202511
5.672000,-0.0085383607383136,-0.0018269294185202511
5.674000,-0.0085383607383136,0.003268863971641167
5.676000,-0.0085383607383136,-0.0018269294185202511
5.678000,-0.0085383607383136,-0.0018269294185202511
5.680000,-0.0085383607383136,0.003268863971641167
5.682000,-0.0085383607383136,0.003268863971641167
5.684000,-0.0085383607383136,0.003268863971641167
5.686000,-0.0085383607383136,0.003268863971641167
5.688000,-0.0085383607383136,0.003268863971641167
5.690000,-0.0085383607383136,0.003268863971641167
5.692000,-0.0085383607383136,0.003268863971641167
5.694000,-0.0085383607383136,0.003268863971641167
5.696000,-0.0085383607383136,0.003268863971641167
5.698000,-0.0085383607383136,0.003268863971641167
5.700000,-0.0085383607383136,0.003268863971641167
5.702000,-0.0085383607383136,0.003268863971641167
5.704000,-0.0085383607383136,-0.0018269294185202511
5.706000,-0.0085383607383136,0.003268863971641167
5.708000,-0.0085383607383136,0.003268863971641167
5.710000,-0.0085383607383136,0.003268863971641167
5.712000,-0.0085383607383136,-0.0018269294185202511
5.714000,-0.0085383607383136,-0.0018269294185202511
5.716000,-0.0085383607383136,0.003268863971641167
5.718000,-0.0085383607383136,0.003268863971641167
5.720000,-0.0085383607383136,0.003268863971641167
5.722000,-0.0085383607383136,-0.0018269294185202511
5.724000,-0.0085383607383136,0.003268863971641167
5.726000,-0.0085383607383136,0.003268863971641167
5.728000,-0.0085383607383136,0.003268863971641167
5.730000,-0.0085383607383136,0.003268863971641167
5.732000,-0.0085383607383136,0.003268863971641167
5.734000,-0.0085383607383136,0.003268863971641167
5.736000,-0.0085383607383136,0.003268863971641167
5.738000,-0.0085383607383136,0.003268863971641167
5.740000,-0.0085383607383136,0.003268863971641167
5.742000,-0.0085383607383136,0.003268863971641167
5.744000,-0.0085383607383136,0.003268863971641167
5.746000,-0.0085383607383136,-0.0018269294185202511
5.748000,-0.0085383607383136,0.003268863971641167
5.750000,-0.0085383607383136,0.003268863971641167
5.752000,-0.0085383607383136,0.003268863971641167
5.754000,-0.0085383607383136,0.003268863971641167
5.756000,-0.0085383607383136,0.003268863971641167
5.758000,-0.0085383607383136,0.003268863971641167
5.760000,-0.0085383607383136,0.003268863971641167
5.762000,-0.0085383607383136,0.003268863971641167
5.764000,-0.0085383607383136,0.003268863971641167
5.766000,-0.0085383607383136,0.003268863971641167
5.768000,-0.0085383607383136,0.003268863971641167
5.770000,-0.0085383607383136,0.003268863971641167
5.772000,-0.0085383607383136,0.003268863971641167
5.774000,-0.0085383607383136,0.003268863971641167
5.776000,-0.0085383607383136,0.003268863971641167
5.778000,-0.0085383607383136,0.003268863971641167
5.780000,-0.0085383607383136,0.003268863971641167
5.782000,-0.0085383607383136,-0.0018269294185202511
5.784000,-0.0085383607383136,0.003268863971641167
5.786000,-0.0085383607383136,-0.0018269294185202511
5.788000,-0.0085383607383136,0.003268863971641167
5.790000,-0.0085383607383136,0.003268863971641167
5.792000,-0.0085383607383136,0.003268863971641167
5.794000,-0.0085383607383136,-0.0018269294185202511
5.796000,-0.0085383607383136,0.003268863971641167
5.798000,-0.0085383607383136,0.003268863971641167
5.800000,-0.0085383607383136,0.003268863971641167
5.802000,-0.0085383607383136,-0.0018269294185202511
5.804000,-0.0085383607383136,0.003268863971641167
5.806000,-0.0085383607383136,-0.0018269294185202511
5.808000,-0.0085383607383136,0.003268863971641167
5.810000,-0.0085383607383136,0.003268863971641167
5.812000,-0.0085383607383136,0.003268863971641167
5.814000,-0.0085383607383136,0.003268863971641167
5.816000,-0.0085383607383136,-0.0018269294185202511
5.818000,-0.0085383607383136,0.003268863971641167
5.820000,-0.0085383607383136,0.003268863971641167
5.822000,-0.0085383607383136,0.003268863971641167
5.824000,-0.0085383607383136,0.003268863971641167
5.826000,-0.0085383607383136,0.003268863971641167
5.828000,-0.0085383607383136,0.003268863971641167
5.830000,-0.0085383607383136,-0.0018269294185202511
5.832000,-0.0085383607383136,-0.0018269294185202511
5.834000,-0.0085383607383136,-0.0018269294185202511
5.836000,-0.0085383607383136,0.003268863971641167
5.838000,-0.0085383607383136,0.003268863971641167
5.840000,-0.0085383607383136,0.003268863971641167
5.842000,-0.0085383607383136,0.003268863971641167
5.844000,-0.0085383607383136,0.003268863971641167
5.846000,-0.0085383607383136,0.003268863971641167
5.848000,-0.0085383607383136,-0.0018269294185202511
5.850000,-0.0085383607383136,0.003268863971641167
5.852000,-0.0085383607383136,0.003268863971641167
5.854000,-0.0085383607383136,-0.0018269294185202511
5.856000,-0.0085383607383136,0.003268863971641167
5.858000,-0.0085383607383136,0.003268863971641167
5.860000,-0.0085383607383136,0.003268863971641167
5.862000,-0.0085383607383136,0.003268863971641167
5.864000,-0.0085383607383136,0.003268863971641167
5.866000,-0.0085383607383136,-0.0018269294185202511
5.868000,-0.0085383607383136,0.003268863971641167
5.870000,-0.0085383607383136,0.003268863971641167
5.872000,-0.0085383607383136,-0.0018269294185202511
5.874000,-0.0085383607383136,0.003268863971641167
5.876000,-0.0085383607383136,0.003268863971641167
5.878000,-0.0085383607383136,0.003268863971641167
5.880000,-0.0085383607383136,-0.0018269294185202511
5.882000,-0.0085383607383136,0.003268863971641167
5.884000,-0.0085383607383136,0.003268863971641167
5.886000,-0.0085383607383136,-0.0018269294185202511
5.888000,-0.0085383607383136,-0.0018269294185202511
5.890000,-0.0085383607383136,0.003268863971641167
5.892000,-0.0085383607383136,0.003268863971641167
5.894000,-0.0085383607383136,0.003268863971641167
5.896000,-0.0085383607383136,-0.0018269294185202511
5.898000,-0.0085383607383136,0.003268863971641167
5.900000,-0.0085383607383136,0.003268863971641167
5.902000,-0.0085383607383136,0.003268863971641167
5.904000,-0.0085383607383136,0.003268863971641167
5.906000,-0.0085383607383136,0.003268863971641167
5.908000,-0.0085383607383136,0.003268863971641167
5.910000,-0.0085383607383136,-0.0018269294185202511
5.912000,-0.0085383607383136,0.003268863971641167
5.914000,-0.0085383607383136,0.003268863971641167
5.916000,-0.0085383607383136,0.003268863971641167
5.918000,-0.0085383607383136,0.003268863971641167
5.920000,-0.0085383607383136,-0.0018269294185202511
5.922000,-0.0085383607383136,0.003268863971641167
5.924000,-0.0085383607383136,0.003268863971641167
5.926000,-0.0085383607383136,0.003268863971641167
5.928000,-0.0085383607383136,0.003268863971641167
5.930000,-0.0085383607383136,0.003268863971641167
5.932000,-0.0085383607383136,-0.0018269294185202511
5.934000,-0.0085383607383136,0.003268863971641167
5.936000,-0.0085383607383136,-0.0018269294185202511
5.938000,-0.0085383607383136,-0.0018269294185202511
5.940000,-0.0085383607383136,-0.0018269294185202511
5.942000,-0.0085383607383136,0.003268863971641167
5.944000,-0.0085383607383136,0.003268863971641167
5.946000,-0.0085383607383136,0.003268863971641167
5.948000,-0.0085383607383136,-0.0018269294185202511
5.950000,-0.0085383607383136,0.003268863971641167
5.952000,-0.0085383607383136,0.003268863971641167
5.954000,-0.0085383607383136,0.003268863971641167
5.956000,-0.0085383607383136,0.003268863971641167
5.958000,-0.0085383607383136,0.003268863971641167
5.960000,-0.0085383607383136,-0.0018269294185202511
5.962000,-0.0085383607383136,0.003268863971641167
5.964000,-0.0085383607383136,0.003268863971641167
5.966000,-0.0085383607383136,0.003268863971641167
5.968000,-0.0085383607383136,0.003268863971641167
5.970000,-0.0085383607383136,0.003268863971641167
5.972000,-0.0085383607383136,0.003268863971641167
5.974000,-0.0085383607383136,0.003268863971641167
5.976000,-0.0085383607383136,-0.0018269294185202511
5.978000,-0.0085383607383136,0.003268863971641167
5.980000,-0.0085383607383136,0.003268863971641167
5.982000,-0.0085383607383136,0.003268863971641167
5.984000,-0.0085383607383136,0.003268863971641167
5.986000,-0.0085383607383136,0.003268863971641167
5.988000,-0.0085383607383136,0.003268863971641167
5.990000,-0.0085383607383136,0.003268863971641167
5.992000,-0.0085383607383136,0.003268863971641167
5.994000,-0.0085383607383136,-0.0018269294185202511
5.996000,-0.0085383607383136,0.003268863971641167
5.998000,-0.0085383607383136,-0.0018269294185202511
6.000000,-0.0085383607383136,0.003268863971641167
6.002000,-0.0085383607383136,0.003268863971641167
6.004000,-0.0085383607383136,0.003268863971641167
6.006000,-0.0085383607383136,-0.0018269294185202511
6.008000,-0.0085383607383136,0.003268863971641167
6.010000,-0.0085383607383136,-0.0018269294185202511
6.012000,-0.0085383607383136,0.003268863971641167
6.014000,-0.0085383607383136,-0.0018269294185202511
6.016000,-0.0085383607383136,-0.0018269294185202511
6.018000,-0.0085383607383136,0.003268863971641167
6.020000,-0.0085383607383136,0.003268863971641167
6.022000,-0.0085383607383136,0.003268863971641167
6.024000,-0.0085383607383136,0.003268863971641167
6.026000,-0.0085383607383136,0.003268863971641167
6.028000,-0.0085383607383136,0.003268863971641167
6.030000,-0.0085383607383136,0.003268863971641167
6.032000,-0.0085383607383136,0.003268863971641167
6.034000,-0.0085383607383136,-0.0018269294185202511
6.036000,-0.0085383607383136,0.003268863971641167
6.038000,-0.0085383607383136,0.003268863971641167
6.040000,-0.0085383607383136,0.003268863971641167
6.042000,-0.0085383607383136,-0.0018269294185202511
6.044000,-0.0085383607383136,-0.0018269294185202511
6.046000,-0.0085383607383136,0.003268863971641167
6.048000,-0.0085383607383136,0.003268863971641167
6.050000,-0.0085383607383136,0.003268863971641167
6.052000,-0.0085383607383136,0.003268863971641167
6.054000,-0.0085383607383136,-0.0018269294185202511
6.056000,-0.0085383607383136,0.003268863971641167
6.058000,-0.0085383607383136,0.003268863971641167
6.060000,-0.0085383607383136,0.003268863971641167
6.062000,-0.0085383607383136,0.003268863971641167
6.064000,-0.0085383607383136,-0.0018269294185202511
6.066000,-0.0085383607383136,-0.0018269294185202511
6.068000,-0.0085383607383136,0.003268863971641167
6.070000,-0.0085383607383136,0.003268863971641167
6.072000,-0.0085383607383136,0.003268863971641167
6.074000,-0.0085383607383136,-0.0018269294185202511
6.076000,-0.0085383607383136,0.003268863971641167
6.078000,-0.0085383607383136,-0.0018269294185202511
6.080000,-0.0085383607383136,-0.0018269294185202511
6.082000,-0.0085383607383136,0.003268863971641167
6.084000,-0.0085383607383136,0.003268863971641167
6.086000,-0.0085383607383136,0.003268863971641167
6.088000,-0.0085383607383136,-0.0018269294185202511
6.090000,-0.0085383607383136,-0.0018269294185202511
6.092000,-0.0085383607383136,0.003268863971641167
6.094000,-0.0085383607383136,0.003268863971641167
6.096000,-0.0085383607383136,0.003268863971641167
6.098000,-0.0085383607383136,0.003268863971641167
6.100000,-0.0085383607383136,0.003268863971641167
6.102000,-0.0085383607383136,0.003268863971641167
6.104000,-0.0085383607383136,0.003268863971641167
6.106000,-0.0085383607383136,0.003268863971641167
6.108000,-0.0085383607383136,0.003268863971641167
6.110000,-0.0085383607383136,0.003268863971641167
6.112000,-0.0085383607383136,0.003268863971641167
6.114000,-0.0085383607383136,0.003268863971641167
6.116000,-0.0085383607383136,-0.0018269294185202511
6.118000,-0.0085383607383136,-0.0018269294185202511
6.120000,-0.0085383607383136,0.003268863971641167
6.122000,-0.0085383607383136,0.003268863971641167
6.124000,-0.0085383607383136,-0.0018269294185202511
6.126000,-0.0085383607383136,0.003268863971641167
6.128000,-0.0085383607383136,0.003268863971641167
6.130000,-0.0085383607383136,0.003268863971641167
6.132000,-0.0085383607383136,0.003268863971641167
6.134000,-0.0085383607383136,0.003268863971641167
6.136000,-0.0085383607383136,0.003268863971641167
6.138000,-0.0085383607383136,0.003268863971641167
6.140000,-0.0085383607383136,-0.0018269294185202511
6.142000,-0.0085383607383136,-0.0018269294185202511
6.144000,-0.0085383607383136,0.003268863971641167
6.146000,-0.0085383607383136,0.003268863971641167
6.148000,-0.0085383607383136,0.003268863971641167
6.150000,-0.0085383607383136,-0.0018269294185202511
6.152000,-0.0085383607383136,0.003268863971641167
6.154000,-0.0085383607383136,0.003268863971641167
6.156000,-0.0034483407048870873,0.003268863971641167
6.158000,-0.0085383607383136,0.003268863971641167
6.160000,-0.0085383607383136,0.003268863971641167
6.162000,-0.0034483407048870873,-0.0018269294185202511
6.164000,-0.0085383607383136,-0.0018269294185202511
6.166000,-0.0085383607383136,0.003268863971641167
6.168000,-0.0085383607383136,-0.0018269294185202511
6.170000,-0.0034483407048870873,0.003268863971641167
6.172000,-0.0085383607383136,0.003268863971641167
6.174000,-0.0085383607383136,0.003268863971641167
6.176000,-0.0034483407048870873,0.003268863971641167
6.178000,-0.0085383607383136,0.003268863971641167
6.180000,-0.0085383607383136,0.003268863971641167
6.182000,-0.0085383607383136,0.003268863971641167
6.184000,-0.0085383607383136,0.003268863971641167
6.186000,-0.0034483407048870873,-0.0018269294185202511
6.188000,-0.0034483407048870873,-0.0018269294185202511
6.190000,-0.0034483407048870873,0.003268863971641167
6.192000,-0.0034483407048870873,0.003268863971641167
6.194000,-0.0034483407048870873,0.003268863971641167
6.196000,-0.0034483407048870873,0.003268863971641167
6.198000,-0.0034483407048870873,0.003268863971641167
6.200000,-0.0034483407048870873,-0.0018269294185202511
6.202000,-0.0034483407048870873,0.003268863971641167
6.204000,-0.0034483407048870873,0.003268863971641167
6.206000,-0.0034483407048870873,0.003268863971641167
6.208000,-0.0034483407048870873,0.003268863971641167
6.210000,-0.0034483407048870873,-0.0018269294185202511
6.212000,-0.0034483407048870873,-0.0018269294185202511
6.214000,-0.0034483407048870873,0.003268863971641167
6.216000,-0.0034483407048870873,0.003268863971641167
6.218000,-0.0034483407048870873,0.003268863971641167
6.220000,-0.0034483407048870873,0.003268863971641167
6.222000,-0.0034483407048870873,-0.0018269294185202511
6.224000,-0.0034483407048870873,-0.0018269294185202511
6.226000,-0.0034483407048870873,0.003268863971641167
6.228000,-0.0034483407048870873,-0.0018269294185202511
6.230000,-0.0034483407048870873,-0.0018269294185202511
6.232000,-0.0034483407048870873,0.003268863971641167
6.234000,-0.0034483407048870873,0.003268863971641167
6.236000,-0.0034483407048870873,0.003268863971641167
6.238000,-0.0034483407048870873,-0.0018269294185202511
6.240000,-0.0034483407048870873,0.003268863971641167
6.242000,-0.0034483407048870873,0.003268863971641167
6.244000,-0.0034483407048870873,0.003268863971641167
6.246000,-0.0034483407048870873,-0.0018269294185202511
6.248000,-0.0034483407048870873,0.003268863971641167
6.250000,-0.0034483407048870873,0.003268863971641167
6.252000,-0.0034483407048870873,0.003268863971641167
6.254000,-0.0034483407048870873,0.003268863971641167
6.256000,-0.0034483407048870873,0.003268863971641167
6.258000,-0.0034483407048870873,0.003268863971641167
6.260000,0.0016416793285394249,-0.0018269294185202511
6.262000,-0.0034483407048870873,0.003268863971641167
6.264000,-0.0034483407048870873,0.003268863971641167
6.266000,0.0016416793285394249,-0.0018269294185202511
6.268000,0.0016416793285394249,0.003268863971641167
6.270000,0.0016416793285394249,0.003268863971641167
6.272000,0.0016416793285394249,0.003268863971641167
6.274000,0.0016416793285394249,0.003268863971641167
6.276000,0.0016416793285394249,-0.0018269294185202511
6.278000,0.0016416793285394249,0.003268863971641167
6.280000,0.0016416793285394249,0.003268863971641167
6.282000,0.0016416793285394249,0.003268863971641167
6.284000,0.0016416793285394249,-0.0018269294185202511
6.286000,0.0016416793285394249,-0.0018269294185202511
6.288000,0.0016416793285394249,-0.0018269294185202511
6.290000,0.0016416793285394249,0.003268863971641167
6.292000,0.0016416793285394249,0.003268863971641167
6.294000,0.006731699361965937,0.003268863971641167
6.296000,0.0016416793285394249,-0.0018269294185202511
6.298000,0.006731699361965937,-0.0018269294185202511
6.300000,0.006731699361965937,0.003268863971641167
6.302000,0.006731699361965937,0.003268863971641167
6.304000,0.006731699361965937,0.003268863971641167
6.306000,0.006731699361965937,0.003268863971641167
6.308000,0.006731699361965937,-0.0018269294185202511
6.310000,0.006731699361965937,0.003268863971641167
6.312000,0.006731699361965937,0.003268863971641167
6.314000,0.006731699361965937,0.003268863971641167
6.316000,0.006731699361965937,-0.0018269294185202511
6.318000,0.006731699361965937,0.003268863971641167
6.320000,0.006731699361965937,0.003268863971641167
6.322000,0.006731699361965937,0.003268863971641167
6.324000,0.006731699361965937,0.003268863971641167
6.326000,0.006731699361965937,0.003268863971641167
6.328000,0.006731699361965937,0.003268863971641167
6.330000,0.006731699361965937,0.003268863971641167
6.332000,0.006731699361965937,0.003268863971641167
6.334000,0.006731699361965937,0.003268863971641167
6.336000,0.006731699361965937,-0.0018269294185202511
6.338000,0.006731699361965937,0.003268863971641167
6.340000,0.011821719395394226,0.003268863971641167
6.342000,0.011821719395394226,0.003268863971641167
6.344000,0.006731699361965937,0.003268863971641167
6.346000,0.006731699361965937,0.003268863971641167
6.348000,0.011821719395394226,-0.0018269294185202511
6.350000,0.011821719395394226,0.003268863971641167
6.352000,0.011821719395394226,0.003268863971641167
6.354000,0.011821719395394226,0.003268863971641167
6.356000,0.011821719395394226,0.003268863971641167
6.358000,0.011821719395394226,0.003268863971641167
6.360000,0.011821719395394226,0.003268863971641167
6.362000,0.011821719395394226,0.003268863971641167
6.364000,0.011821719395394226,-0.0018269294185202511
6.366000,0.016911739428820738,0.003268863971641167
6.368000,0.016911739428820738,0.003268863971641167
6.370000,0.016911739428820738,0.003268863971641167
6.372000,0.016911739428820738,-0.0018269294185202511
6.374000,0.016911739428820738,0.003268863971641167
6.376000,0.016911739428820738,-0.0018269294185202511
6.378000,0.016911739428820738,-0.0018269294185202511
6.380000,0.016911739428820738,-0.0018269294185202511
6.382000,0.016911739428820738,0.003268863971641167
6.384000,0.016911739428820738,0.003268863971641167
6.386000,0.016911739428820738,0.003268863971641167
6.388000,0.016911739428820738,0.003268863971641167
6.390000,0.016911739428820738,-0.0018269294185202511
6.392000,0.02200175946224725,-0.0018269294185202511
6.394000,0.016911739428820738,0.003268863971641167
6.396000,0.016911739428820738,0.003268863971641167
6.398000,0.016911739428820738,-0.0018269294185202511
6.400000,0.016911739428820738,-0.0018269294185202511
6.402000,0.02200175946224725,-0.0018269294185202511
6.404000,0.02200175946224725,0.003268863971641167
6.406000,0.016911739428820738,0.003268863971641167
6.408000,0.02200175946224725,0.003268863971641167
6.410000,0.016911739428820738,-0.0018269294185202511
6.412000,0.02200175946224725,0.003268863971641167
6.414000,0.02200175946224725,0.003268863971641167
6.416000,0.02200175946224725,0.003268863971641167
6.418000,0.02200175946224725,0.003268863971641167
6.420000,0.02200175946224725,0.003268863971641167
6.422000,0.016911739428820738,0.003268863971641167
6.424000,0.02200175946224725,0.003268863971641167
6.426000,0.02200175946224725,0.003268863971641167
6.428000,0.02200175946224725,0.003268863971641167
6.430000,0.02200175946224725,0.003268863971641167
6.432000,0.02200175946224725,0.003268863971641167
6.434000,0.02200175946224725,-0.0018269294185202511
6.436000,0.02200175946224725,-0.0018269294185202511
6.438000,0.02200175946224725,0.003268863971641167
6.440000,0.02200175946224725,0.003268863971641167
6.442000,0.02200175946224725,-0.0018269294185202511
6.444000,0.02200175946224725,-0.0018269294185202511
6.446000,0.02200175946224725,0.003268863971641167
6.448000,0.02200175946224725,0.003268863971641167
6.450000,0.02200175946224725,0.003268863971641167
6.452000,0.02200175946224725,0.003268863971641167
6.454000,0.02200175946224725,0.003268863971641167
6.456000,0.02200175946224725,0.003268863971641167
6.458000,0.02200175946224725,0.003268863971641167
6.460000,0.02200175946224725,0.003268863971641167
6.462000,0.02200175946224725,0.003268863971641167
6.464000,0.02200175946224725,0.003268863971641167
6.466000,0.02200175946224725,0.003268863971641167
6.468000,0.02200175946224725,0.003268863971641167
6.470000,0.02200175946224725,0.003268863971641167
6.472000,0.02200175946224725,0.003268863971641167
6.474000,0.02200175946224725,-0.0018269294185202511
6.476000,0.02200175946224725,0.003268863971641167
6.478000,0.02200175946224725,0.003268863971641167
6.480000,0.02200175946224725,0.003268863971641167
6.482000,0.02200175946224725,-0.0018269294185202511
6.484000,0.02200175946224725,-0.0018269294185202511
6.486000,0.02200175946224725,0.003268863971641167
6.488000,0.02200175946224725,0.003268863971641167
6.490000,0.02200175946224725,0.003268863971641167
6.492000,0.027091779495673762,0.003268863971641167
6.494000,0.02200175946224725,-0.0018269294185202511
6.496000,0.02200175946224725,-0.0018269294185202511
6.498000,0.027091779495673762,0.003268863971641167
6.500000,0.027091779495673762,0.003268863971641167
6.502000,0.02200175946224725,0.003268863971641167
6.504000,0.027091779495673762,0.003268863971641167
6.506000,0.027091779495673762,0.003268863971641167
6.508000,0.027091779495673762,0.003268863971641167
6.510000,0.027091779495673762,-0.0018269294185202511
6.512000,0.02200175946224725,0.003268863971641167
6.514000,0.027091779495673762,0.003268863971641167
6.516000,0.027091779495673762,0.003268863971641167
6.518000,0.027091779495673762,0.003268863971641167
6.520000,0.027091779495673762,0.003268863971641167
6.522000,0.027091779495673762,0.003268863971641167
6.524000,0.027091779495673762,0.003268863971641167
6.526000,0.027091779495673762,-0.0018269294185202511
6.528000,0.027091779495673762,0.003268863971641167
6.530000,0.027091779495673762,0.003268863971641167
6.532000,0.027091779495673762,-0.0018269294185202511
6.534000,0.027091779495673762,-0.0018269294185202511
6.536000,0.027091779495673762,0.003268863971641167
6.538000,0.027091779495673762,-0.0018269294185202511
6.540000,0.027091779495673762,0.003268863971641167
6.542000,0.027091779495673762,0.003268863971641167
6.544000,0.027091779495673762,0.003268863971641167
6.546000,0.027091779495673762,0.003268863971641167
6.548000,0.02200175946224725,0.003268863971641167
6.550000,0.02200175946224725,0.003268863971641167
6.552000,0.027091779495673762,0.003268863971641167
6.554000,0.027091779495673762,-0.0018269294185202511
6.556000,0.027091779495673762,0.003268863971641167
6.558000,0.02200175946224725,0.003268863971641167
6.560000,0.027091779495673762,0.003268863971641167
6.562000,0.02200175946224725,0.003268863971641167
6.564000,0.02200175946224725,0.003268863971641167
6.566000,0.02200175946224725,0.003268863971641167
6.568000,0.02200175946224725,-0.0018269294185202511
6.570000,0.02200175946224725,0.003268863971641167
6.572000,0.02200175946224725,0.003268863971641167
6.574000,0.02200175946224725,0.003268863971641167
6.576000,0.02200175946224725,0.003268863971641167
6.578000,0.02200175946224725,-0.0018269294185202511
6.580000,0.02200175946224725,0.003268863971641167
6.582000,0.02200175946224725,0.003268863971641167
6.584000,0.02200175946224725,-0.0018269294185202511
6.586000,0.02200175946224725,0.003268863971641167
6.588000,0.02200175946224725,0.003268863971641167
6.590000,0.02200175946224725,0.003268863971641167
6.592000,0.02200175946224725,0.003268863971641167
6.594000,0.02200175946224725,-0.0018269294185202511
6.596000,0.02200175946224725,0.003268863971641167
6.598000,0.02200175946224725,0.003268863971641167
6.600000,0.02200175946224725,0.003268863971641167
6.602000,0.02200175946224725,0.003268863971641167
6.604000,0.02200175946224725,0.003268863971641167
6.606000,0.016911739428820738,0.003268863971641167
6.608000,0.02200175946224725,-0.0018269294185202511
6.610000,0.02200175946224725,0.003268863971641167
6.612000,0.02200175946224725,0.003268863971641167
6.614000,0.016911739428820738,0.003268863971641167
6.616000,0.016911739428820738,-0.0018269294185202511
6.618000,0.02200175946224725,-0.0018269294185202511
6.620000,0.02200175946224725,0.003268863971641167
6.622000,0.02200175946224725,0.003268863971641167
6.624000,0.02200175946224725,0.003268863971641167
6.626000,0.016911739428820738,0.003268863971641167
6.628000,0.016911739428820738,0.003268863971641167
6.630000,0.016911739428820738,0.003268863971641167
6.632000,0.016911739428820738,0.003268863971641167
6.634000,0.016911739428820738,0.003268863971641167
6.636000,0.016911739428820738,0.003268863971641167
6.638000,0.016911739428820738,-0.0018269294185202511
6.640000,0.016911739428820738,0.003268863971641167
6.642000,0.016911739428820738,0.003268863971641167
6.644000,0.016911739428820738,0.003268863971641167
6.646000,0.016911739428820738,0.003268863971641167
6.648000,0.011821719395394226,0.003268863971641167
6.650000,0.016911739428820738,0.003268863971641167
6.652000,0.016911739428820738,0.003268863971641167
6.654000,0.011821719395394226,0.003268863971641167
6.656000,0.011821719395394226,-0.0018269294185202511
6.658000,0.011821719395394226,0.003268863971641167
6.660000,0.011821719395394226,-0.0018269294185202511
6.662000,0.006731699361965937,0.003268863971641167
6.664000,0.006731699361965937,0.003268863971641167
6.666000,0.006731699361965937,0.003268863971641167
6.668000,0.006731699361965937,0.003268863971641167
6.670000,0.006731699361965937,0.003268863971641167
6.672000,0.006731699361965937,0.003268863971641167
6.674000,0.006731699361965937,0.003268863971641167
6.676000,0.006731699361965937,0.003268863971641167
6.678000,0.006731699361965937,0.003268863971641167
6.680000,0.006731699361965937,0.003268863971641167
6.682000,0.006731699361965937,0.003268863971641167
6.684000,0.006731699361965937,0.003268863971641167
6.686000,0.0016416793285394249,0.003268863971641167
6.688000,0.006731699361965937,0.003268863971641167
6.690000,0.0016416793285394249,0.003268863971641167
6.692000,0.0016416793285394249,-0.0018269294185202511
6.694000,0.0016416793285394249,0.003268863971641167
6.696000,0.0016416793285394249,0.003268863971641167
6.698000,0.0016416793285394249,-0.0018269294185202511
6.700000,0.0016416793285394249,-0.0018269294185202511
6.702000,0.0016416793285394249,0.003268863971641167
6.704000,0.0016416793285394249,0.003268863971641167
6.706000,0.0016416793285394249,0.003268863971641167
6.708000,0.0016416793285394249,-0.0018269294185202511
6.710000,0.0016416793285394249,0.003268863971641167
6.712000,0.0016416793285394249,0.003268863971641167
6.714000,0.0016416793285394249,0.003268863971641167
6.716000,-0.0034483407048870873,0.003268863971641167
6.718000,-0.0034483407048870873,0.003268863971641167
6.720000,-0.0034483407048870873,0.003268863971641167
6.722000,-0.0034483407048870873,0.003268863971641167
6.724000,-0.0034483407048870873,0.003268863971641167
6.726000,-0.0034483407048870873,0.003268863971641167
6.728000,-0.0034483407048870873,0.003268863971641167
6.730000,-0.0034483407048870873,0.003268863971641167
6.732000,-0.0034483407048870873,0.003268863971641167
6.734000,-0.0034483407048870873,-0.0018269294185202511
6.736000,-0.0034483407048870873,-0.0018269294185202511
6.738000,-0.0034483407048870873,0.003268863971641167
6.740000,-0.0034483407048870873,-0.0018269294185202511
6.742000,-0.0034483407048870873,0.003268863971641167
6.744000,-0.0034483407048870873,0.003268863971641167
6.746000,-0.0034483407048870873,-0.0018269294185202511
6.748000,-0.0085383607383136,0.003268863971641167
6.750000,-0.0034483407048870873,0.003268863971641167
6.752000,-0.0034483407048870873,0.003268863971641167
6.754000,-0.0085383607383136,0.003268863971641167
6.756000,-0.0085383607383136,-0.0018269294185202511
6.758000,-0.0085383607383136,0.003268863971641167
6.760000,-0.0085383607383136,0.003268863971641167
6.762000,-0.0034483407048870873,0.003268863971641167
6.764000,-0.0085383607383136,0.003268863971641167
6.766000,-0.0085383607383136,0.003268863971641167
6.768000,-0.0034483407048870873,0.003268863971641167
6.770000,-0.0085383607383136,0.003268863971641167
6.772000,-0.0085383607383136,-0.0018269294185202511
6.774000,-0.0085383607383136,0.003268863971641167
6.776000,-0.0085383607383136,0.003268863971641167
6.778000,-0.0034483407048870873,0.003268863971641167
6.780000,-0.0085383607383136,0.003268863971641167
6.782000,-0.0085383607383136,0.003268863971641167
6.784000,-0.0034483407048870873,0.003268863971641167
6.786000,-0.0085383607383136,-0.0018269294185202511
6.788000,-0.0085383607383136,0.003268863971641167
6.790000,-0.0085383607383136,0.003268863971641167
6.792000,-0.0085383607383136,0.003268863971641167
6.794000,-0.0085383607383136,0.003268863971641167
6.796000,-0.0085383607383136,0.003268863971641167
6.798000,-0.0085383607383136,-0.0018269294185202511
6.800000,-0.0085383607383136,0.003268863971641167
6.802000,-0.0085383607383136,0.003268863971641167
6.804000,-0.0085383607383136,-0.0018269294185202511
6.806000,-0.0085383607383136,0.003268863971641167
6.808000,-0.0085383607383136,0.003268863971641167
6.810000,-0.0085383607383136,0.003268863971641167
6.812000,-0.0085383607383136,0.003268863971641167
6.814000,-0.0085383607383136,0.003268863971641167
6.816000,-0.0085383607383136,0.003268863971641167
6.818000,-0.0085383607383136,-0.0018269294185202511
6.820000,-0.0085383607383136,0.003268863971641167
6.822000,-0.0085383607383136,0.003268863971641167
6.824000,-0.0085383607383136,0.003268863971641167
6.826000,-0.0085383607383136,0.003268863971641167
6.828000,-0.0085383607383136,0.003268863971641167
6.830000,-0.0085383607383136,0.003268863971641167
6.832000,-0.0085383607383136,-0.0018269294185202511
6.834000,-0.0085383607383136,0.003268863971641167
6.836000,-0.0085383607383136,0.003268863971641167
6.838000,-0.0085383607383136,0.003268863971641167
6.840000,-0.0085383607383136,0.003268863971641167
6.842000,-0.0085383607383136,0.003268863971641167
6.844000,-0.0085383607383136,-0.0018269294185202511
6.846000,-0.0085383607383136,0.003268863971641167
6.848000,-0.0085383607383136,-0.0018269294185202511
6.850000,-0.0085383607383136,0.003268863971641167
6.852000,-0.0085383607383136,0.003268863971641167
6.854000,-0.0085383607383136,0.003268863971641167
6.856000,-0.0085383607383136,0.003268863971641167
6.858000,-0.0085383607383136,0.003268863971641167
6.860000,-0.0085383607383136,0.003268863971641167
6.862000,-0.0085383607383136,0.003268863971641167
6.864000,-0.0085383607383136,0.003268863971641167
6.866000,-0.0085383607383136,0.003268863971641167
6.868000,-0.0085383607383136,0.003268863971641167
6.870000,-0.0085383607383136,0.003268863971641167
6.872000,-0.0085383607383136,-0.0018269294185202511
6.874000,-0.0085383607383136,-0.0018269294185202511
6.876000,-0.0085383607383136,0.003268863971641167
6.878000,-0.0085383607383136,0.003268863971641167
6.880000,-0.0085383607383136,0.003268863971641167
6.882000,-0.0085383607383136,-0.0018269294185202511
6.884000,-0.0085383607383136,0.003268863971641167
6.886000,-0.0085383607383136,0.003268863971641167
6.888000,-0.0085383607383136,0.003268863971641167
6.890000,-0.0085383607383136,-0.0018269294185202511
6.892000,-0.0085383607383136,0.003268863971641167
6.894000,-0.0085383607383136,0.003268863971641167
6.896000,-0.0085383607383136,0.003268863971641167
6.898000,-0.0085383607383136,0.003268863971641167
6.900000,-0.0085383607383136,0.003268863971641167
6.902000,-0.0085383607383136,-0.0018269294185202511
6.904000,-0.0085383607383136,-0.0018269294185202511
6.906000,-0.0085383607383136,-0.0018269294185202511
6.908000,-0.0085383607383136,0.003268863971641167
6.910000,-0.0085383607383136,0.003268863971641167
6.912000,-0.0085383607383136,0.003268863971641167
6.914000,-0.0085383607383136,0.003268863971641167
6.916000,-0.0085383607383136,-0.0018269294185202511
6.918000,-0.0085383607383136,-0.0018269294185202511
6.920000,-0.0085383607383136,-0.0018269294185202511
6.922000,-0.0085383607383136,0.003268863971641167
6.924000,-0.0085383607383136,0.003268863971641167
6.926000,-0.0085383607383136,0.003268863971641167
6.928000,-0.0085383607383136,0.003268863971641167
6.930000,-0.0085383607383136,0.003268863971641167
6.932000,-0.0085383607383136,0.003268863971641167
6.934000,-0.0085383607383136,0.003268863971641167
6.936000,-0.0085383607383136,0.003268863971641167
6.938000,-0.0085383607383136,0.003268863971641167
6.940000,-0.0085383607383136,0.003268863971641167
6.942000,-0.0085383607383136,0.003268863971641167
6.944000,-0.0085383607383136,0.003268863971641167
6.946000,-0.0085383607383136,-0.0018269294185202511
6.948000,-0.0085383607383136,0.003268863971641167
6.950000,-0.0085383607383136,0.003268863971641167
6.952000,-0.0085383607383136,0.003268863971641167
6.954000,-0.0085383607383136,0.003268863971641167
6.956000,-0.0085383607383136,0.003268863971641167
6.958000,-0.0085383607383136,0.003268863971641167
6.960000,-0.0085383607383136,0.003268863971641167
6.962000,-0.0085383607383136,0.003268863971641167
6.964000,-0.0085383607383136,0.003268863971641167
6.966000,-0.0085383607383136,0.003268863971641167
6.968000,-0.0085383607383136,-0.0018269294185202511
6.970000,-0.0085383607383136,0.003268863971641167
6.972000,-0.0085383607383136,0.003268863971641167
6.974000,-0.0085383607383136,0.003268863971641167
6.976000,-0.0085383607383136,-0.0018269294185202511
6.978000,-0.0085383607383136,0.003268863971641167
6.980000,-0.0085383607383136,0.003268863971641167
6.982000,-0.0085383607383136,0.003268863971641167
6.984000,-0.0085383607383136,0.003268863971641167
6.986000,-0.0085383607383136,0.003268863971641167
6.988000,-0.0085383607383136,0.003268863971641167
6.990000,-0.0085383607383136,0.003268863971641167
6.992000,-0.0085383607383136,0.003268863971641167
6.994000,-0.0085383607383136,-0.0018269294185202511
6.996000,-0.0085383607383136,0.003268863971641167
6.998000,-0.0085383607383136,0.003268863971641167
7.000000,-0.0085383607383136,0.003268863971641167
7.002000,-0.0085383607383136,0.003268863971641167
7.004000,-0.0085383607383136,0.003268863971641167
7.006000,-0.0085383607383136,-0.0018269294185202511
7.008000,-0.0085383607383136,0.003268863971641167
7.010000,-0.0085383607383136,0.003268863971641167
7.012000,-0.0085383607383136,0.003268863971641167
7.014000,-0.0085383607383136,-0.0018269294185202511
7.016000,-0.0085383607383136,0.003268863971641167
7.018000,-0.0085383607383136,0.003268863971641167
7.020000,-0.0085383607383136,0.003268863971641167
7.022000,-0.0085383607383136,-0.0018269294185202511
7.024000,-0.0085383607383136,0.003268863971641167
7.026000,-0.0085383607383136,0.003268863971641167
7.028000,-0.0085383607383136,0.003268863971641167
7.030000,-0.0085383607383136,-0.0018269294185202511
7.032000,-0.0085383607383136,0.003268863971641167
7.034000,-0.0085383607383136,0.003268863971641167
7.036000,-0.0085383607383136,0.003268863971641167
7.038000,-0.0085383607383136,0.003268863971641167
7.040000,-0.0085383607383136,0.003268863971641167
7.042000,-0.0085383607383136,0.003268863971641167
7.044000,-0.0085383607383136,0.003268863971641167
7.046000,-0.0085383607383136,0.003268863971641167
7.048000,-0.0085383607383136,0.003268863971641167
7.050000,-0.0085383607383136,0.003268863971641167
7.052000,-0.0085383607383136,0.003268863971641167
7.054000,-0.0085383607383136,-0.0018269294185202511
7.056000,-0.0085383607383136,-0.0018269294185202511
7.058000,-0.0085383607383136,0.003268863971641167
7.060000,-0.0085383607383136,0.003268863971641167
7.062000,-0.0085383607383136,0.003268863971641167
7.064000,-0.0085383607383136,0.003268863971641167
7.066000,-0.0085383607383136,0.003268863971641167
7.068000,-0.0085383607383136,0.003268863971641167
7.070000,-0.0085383607383136,-0.0018269294185202511
7.072000,-0.0085383607383136,-0.0018269294185202511
7.074000,-0.0085383607383136,-0.0018269294185202511
7.076000,-0.0085383607383136,0.003268863971641167
7.078000,-0.0085383607383136,0.003268863971641167
7.080000,-0.0085383607383136,0.003268863971641167
7.082000,-0.0085383607383136,0.003268863971641167
7.084000,-0.0085383607383136,-0.0018269294185202511
7.086000,-0.0085383607383136,0.003268863971641167
7.088000,-0.0085383607383136,0.003268863971641167
7.090000,-0.0085383607383136,0.003268863971641167
7.092000,-0.0085383607383136,0.003268863971641167
7.094000,-0.0085383607383136,-0.0018269294185202511
7.096000,-0.0085383607383136,-0.0018269294185202511
7.098000,-0.0085383607383136,0.003268863971641167
7.100000,-0.0085383607383136,0.003268863971641167
7.102000,-0.0085383607383136,-0.0018269294185202511
7.104000,-0.0085383607383136,0.003268863971641167
7.106000,-0.0085383607383136,-0.0018269294185202511
7.108000,-0.0085383607383136,0.003268863971641167
7.110000,-0.0085383607383136,0.003268863971641167
7.112000,-0.0085383607383136,0.003268863971641167
7.114000,-0.0085383607383136,0.003268863971641167
7.116000,-0.0085383607383136,0.003268863971641167
7.118000,-0.0085383607383136,0.003268863971641167
7.120000,-0.0085383607383136,-0.0018269294185202511
7.122000,-0.0085383607383136,0.003268863971641167
7.124000,-0.0085383607383136,0.003268863971641167
7.126000,-0.0085383607383136,0.003268863971641167
7.128000,-0.0085383607383136,0.003268863971641167
7.130000,-0.0085383607383136,-0.0018269294185202511
7.132000,-0.0085383607383136,0.003268863971641167
7.134000,-0.0085383607383136,0.003268863971641167
7.136000,-0.0085383607383136,0.003268863971641167
7.138000,-0.0085383607383136,0.003268863971641167
7.140000,-0.0085383607383136,0.003268863971641167
7.142000,-0.0085383607383136,0.003268863971641167
7.144000,-0.0085383607383136,-0.0018269294185202511
7.146000,-0.0085383607383136,0.003268863971641167
7.148000,-0.0085383607383136,0.003268863971641167
7.150000,-0.0085383607383136,0.003268863971641167
7.152000,-0.0085383607383136,0.003268863971641167
7.154000,-0.0085383607383136,0.003268863971641167
7.156000,-0.0085383607383136,0.003268863971641167
7.158000,-0.0085383607383136,0.003268863971641167
7.160000,-0.0085383607383136,-0.0018269294185202511
7.162000,-0.0085383607383136,0.003268863971641167
7.164000,-0.0085383607383136,-0.0018269294185202511
7.166000,-0.0085383607383136,-0.0018269294185202511
7.168000,-0.0085383607383136,0.003268863971641167
7.170000,-0.0085383607383136,0.003268863971641167
7.172000,-0.0085383607383136,0.003268863971641167
7.174000,-0.0085383607383136,0.003268863971641167
7.176000,-0.0085383607383136,0.003268863971641167
7.178000,-0.0085383607383136,0.003268863971641167
7.180000,-0.0085383607383136,0.003268863971641167
7.182000,-0.0085383607383136,0.003268863971641167
7.184000,-0.0085383607383136,-0.0018269294185202511
7.186000,-0.0085383607383136,0.003268863971641167
7.188000,-0.0085383607383136,0.003268863971641167
7.190000,-0.0085383607383136,0.003268863971641167
7.192000,-0.0085383607383136,-0.0018269294185202511
7.194000,-0.0085383607383136,0.003268863971641167
7.196000,-0.0085383607383136,-0.0018269294185202511
7.198000,-0.0085383607383136,0.003268863971641167
7.200000,-0.0085383607383136,0.003268863971641167
7.202000,-0.0085383607383136,0.003268863971641167
7.204000,-0.0085383607383136,0.003268863971641167
7.206000,-0.0085383607383136,0.003268863971641167
7.208000,-0.0085383607383136,-0.0018269294185202511
7.210000,-0.0085383607383136,0.003268863971641167
7.212000,-0.0085383607383136,0.003268863971641167
7.214000,-0.0085383607383136,0.003268863971641167
7.216000,-0.0085383607383136,0.003268863971641167
7.218000,-0.0085383607383136,-0.0018269294185202511
7.220000,-0.0085383607383136,-0.0018269294185202511
7.222000,-0.0085383607383136,0.003268863971641167
7.224000,-0.0085383607383136,0.003268863971641167
7.226000,-0.0085383607383136,0.003268863971641167
7.228000,-0.0085383607383136,0.003268863971641167
7.230000,-0.0085383607383136,0.003268863971641167
7.232000,-0.0085383607383136,0.003268863971641167
7.234000,-0.0085383607383136,0.003268863971641167
7.236000,-0.0085383607383136,-0.0018269294185202511
7.238000,-0.0085383607383136,0.003268863971641167
7.240000,-0.0085383607383136,0.003268863971641167
7.242000,-0.0085383607383136,0.003268863971641167
7.244000,-0.0085383607383136,0.003268863971641167
7.246000,-0.0085383607383136,0.003268863971641167
7.248000,-0.0085383607383136,-0.0018269294185202511
7.250000,-0.0085383607383136,0.003268863971641167
7.252000,-0.0034483407048870873,0.003268863971641167
7.254000,-0.0085383607383136,0.003268863971641167
7.256000,-0.0085383607383136,0.003268863971641167
7.258000,-0.0085383607383136,-0.0018269294185202511
7.260000,-0.0085383607383136,0.003268863971641167
7.262000,-0.0085383607383136,0.003268863971641167
7.264000,-0.0085383607383136,0.003268863971641167
7.266000,-0.0085383607383136,0.003268863971641167
7.268000,-0.0085383607383136,0.003268863971641167
7.270000,-0.0085383607383136,-0.0018269294185202511
7.272000,-0.0085383607383136,-0.0018269294185202511
7.274000,-0.0085383607383136,0.003268863971641167
7.276000,-0.0085383607383136,0.003268863971641167
7.278000,-0.0085383607383136,0.003268863971641167
7.280000,-0.0085383607383136,0.003268863971641167
7.282000,-0.0085383607383136,0.003268863971641167
7.284000,-0.0085383607383136,-0.0018269294185202511
7.286000,-0.0085383607383136,0.003268863971641167
7.288000,-0.0085383607383136,-0.0018269294185202511
7.290000,-0.0085383607383136,0.003268863971641167
7.292000,-0.0085383607383136,-0.0018269294185202511
7.294000,-0.0085383607383136,0.003268863971641167
7.296000,-0.0085383607383136,0.003268863971641167
7.298000,-0.0085383607383136,0.003268863971641167
7.300000,-0.0085383607383136,0.003268863971641167
7.302000,-0.0085383607383136,-0.0018269294185202511
7.304000,-0.0085383607383136,0.003268863971641167
7.306000,-0.0085383607383136,0.003268863971641167
7.308000,-0.0085383607383136,0.003268863971641167
7.310000,-0.0085383607383136,-0.0018269294185202511
7.312000,-0.0085383607383136,0.003268863971641167
7.314000,-0.0085383607383136,0.003268863971641167
7.316000,-0.0085383607383136,0.003268863971641167
7.318000,-0.0085383607383136,-0.0018269294185202511
7.320000,-0.0085383607383136,0.003268863971641167
7.322000,-0.0085383607383136,-0.0018269294185202511
7.324000,-0.0085383607383136,0.003268863971641167
7.326000,-0.0085383607383136,0.003268863971641167
7.328000,-0.0085383607383136,0.003268863971641167
7.330000,-0.0085383607383136,0.003268863971641167
7.332000,-0.0085383607383136,0.003268863971641167
7.334000,-0.0085383607383136,0.003268863971641167
7.336000,-0.0085383607383136,0.003268863971641167
7.338000,-0.0085383607383136,0.003268863971641167
7.340000,-0.0085383607383136,0.003268863971641167
7.342000,-0.0085383607383136,0.003268863971641167
7.344000,-0.0085383607383136,-0.0018269294185202511
7.346000,-0.0085383607383136,0.003268863971641167
7.348000,-0.0085383607383136,0.003268863971641167
7.350000,-0.0085383607383136,0.003268863971641167
7.352000,-0.0085383607383136,-0.0018269294185202511
7.354000,-0.0085383607383136,0.003268863971641167
7.356000,-0.0085383607383136,0.003268863971641167
7.358000,-0.0034483407048870873,0.003268863971641167
7.360000,-0.0085383607383136,-0.0018269294185202511
7.362000,-0.0085383607383136,0.003268863971641167
7.364000,-0.0085383607383136,0.003268863971641167
7.366000,-0.0085383607383136,0.003268863971641167
7.368000,-0.0085383607383136,0.003268863971641167
7.370000,-0.0085383607383136,0.003268863971641167
7.372000,-0.0085383607383136,0.003268863971641167
7.374000,-0.0085383607383136,-0.0018269294185202511
7.376000,-0.0085383607383136,0.003268863971641167
7.378000,-0.0034483407048870873,0.003268863971641167
7.380000,-0.0085383607383136,0.003268863971641167
7.382000,-0.0085383607383136,0.003268863971641167
7.384000,-0.0085383607383136,0.003268863971641167
7.386000,-0.0085383607383136,0.003268863971641167
7.388000,-0.0034483407048870873,0.003268863971641167
7.390000,-0.0085383607383136,0.003268863971641167
7.392000,-0.0085383607383136,-0.0018269294185202511
7.394000,-0.0085383607383136,0.003268863971641167
7.396000,-0.0085383607383136,-0.0018269294185202511
7.398000,-0.0085383607383136,0.003268863971641167
7.400000,-0.0085383607383136,-0.0018269294185202511
7.402000,-0.0085383607383136,0.003268863971641167
7.404000,-0.0085383607383136,0.003268863971641167
7.406000,-0.0085383607383136,0.003268863971641167
7.408000,-0.0085383607383136,0.003268863971641167
7.410000,-0.0085383607383136,0.003268863971641167
7.412000,-0.0085383607383136,-0.0018269294185202511
7.414000,-0.0085383607383136,0.003268863971641167
7.416000,-0.0085383607383136,0.003268863971641167
7.418000,-0.0085383607383136,0.003268863971641167
7.420000,-0.0085383607383136,0.003268863971641167
7.422000,-0.0085383607383136,0.003268863971641167
7.424000,-0.0085383607383136,0.003268863971641167
7.426000,-0.0085383607383136,0.003268863971641167
7.428000,-0.0085383607383136,0.003268863971641167
7.430000,-0.0085383607383136,0.003268863971641167
7.432000,-0.0034483407048870873,-0.0018269294185202511
7.434000,-0.0034483407048870873,0.003268863971641167
7.436000,-0.0085383607383136,0.003268863971641167
7.438000,-0.0085383607383136,0.003268863971641167
7.440000,-0.0034483407048870873,-0.0018269294185202511
7.442000,-0.0085383607383136,-0.0018269294185202511
7.444000,-0.0085383607383136,0.003268863971641167
7.446000,-0.0085383607383136,0.003268863971641167
7.448000,-0.0085383607383136,0.003268863971641167
7.450000,-0.0085383607383136,0.003268863971641167
7.452000,-0.0085383607383136,0.003268863971641167
7.454000,-0.0085383607383136,-0.0018269294185202511
7.456000,-0.0085383607383136,0.003268863971641167
7.458000,-0.0085383607383136,-0.0018269294185202511
7.460000,-0.0085383607383136,-0.0018269294185202511
7.462000,-0.0085383607383136,0.003268863971641167
7.464000,-0.0085383607383136,0.003268863971641167
7.466000,-0.0085383607383136,0.003268863971641167
7.468000,-0.0034483407048870873,0.003268863971641167
7.470000,-0.0085383607383136,-0.0018269294185202511
7.472000,-0.0085383607383136,-0.0018269294185202511
7.474000,-0.0085383607383136,0.003268863971641167
7.476000,-0.0085383607383136,-0.0018269294185202511
7.478000,-0.0085383607383136,0.003268863971641167
7.480000,-0.0085383607383136,-0.0018269294185202511
7.482000,-0.0085383607383136,0.003268863971641167
7.484000,-0.0085383607383136,0.003268863971641167
7.486000,-0.0085383607383136,0.003268863971641167
7.488000,-0.0085383607383136,0.003268863971641167
7.490000,-0.0034483407048870873,0.003268863971641167
7.492000,-0.0085383607383136,-0.0018269294185202511
7.494000,-0.0085383607383136,0.003268863971641167
7.496000,-0.0034483407048870873,0.003268863971641167
7.498000,-0.0085383607383136,0.003268863971641167
7.500000,-0.0085383607383136,0.003268863971641167
7.502000,-0.0085383607383136,0.003268863971641167
7.504000,-0.0085383607383136,-0.0018269294185202511
7.506000,-0.0085383607383136,0.003268863971641167
7.508000,-0.0085383607383136,0.003268863971641167
7.510000,-0.0085383607383136,-0.0018269294185202511
7.512000,-0.0034483407048870873,-0.0018269294185202511
7.514000,-0.0085383607383136,0.003268863971641167
7.516000,-0.0085383607383136,-0.0018269294185202511
7.518000,-0.0034483407048870873,0.003268863971641167
7.520000,-0.0085383607383136,0.003268863971641167
7.522000,-0.0034483407048870873,0.003268863971641167
7.524000,-0.0085383607383136,0.003268863971641167
7.526000,-0.0034483407048870873,0.003268863971641167
7.528000,-0.0085383607383136,0.003268863971641167
7.530000,-0.0085383607383136,-0.0018269294185202511
7.532000,-0.0085383607383136,-0.0018269294185202511
7.534000,-0.0085383607383136,-0.0018269294185202511
7.536000,-0.0085383607383136,-0.0018269294185202511
7.538000,-0.0085383607383136,0.003268863971641167
7.540000,-0.0085383607383136,0.003268863971641167
7.542000,-0.0085383607383136,-0.0018269294185202511
7.544000,-0.0034483407048870873,0.003268863971641167
7.546000,-0.0085383607383136,0.003268863971641167
7.548000,-0.0034483407048870873,-0.0018269294185202511
7.550000,-0.0085383607383136,0.003268863971641167
7.552000,-0.0085383607383136,0.003268863971641167
7.554000,-0.0085383607383136,0.003268863971641167
7.556000,-0.0034483407048870873,0.003268863971641167
7.558000,-0.0034483407048870873,0.003268863971641167
7.560000,-0.0085383607383136,-0.0018269294185202511
7.562000,-0.0085383607383136,-0.0018269294185202511
7.564000,-0.0034483407048870873,0.003268863971641167
7.566000,-0.0085383607383136,0.003268863971641167
7.568000,-0.0034483407048870873,0.003268863971641167
7.570000,-0.0085383607383136,-0.0018269294185202511
7.572000,-0.0034483407048870873,0.003268863971641167
7.574000,-0.0085383607383136,0.003268863971641167
7.576000,-0.0085383607383136,0.003268863971641167
7.578000,-0.0034483407048870873,0.003268863971641167
7.580000,-0.0034483407048870873,0.003268863971641167
7.582000,-0.0085383607383136,0.003268863971641167
7.584000,-0.0034483407048870873,-0.0018269294185202511
7.586000,-0.0085383607383136,-0.0018269294185202511
7.588000,-0.0085383607383136,0.003268863971641167
7.590000,-0.0085383607383136,0.003268863971641167
7.592000,-0.0085383607383136,0.003268863971641167
7.594000,-0.0085383607383136,0.003268863971641167
7.596000,-0.0034483407048870873,-0.0018269294185202511
7.598000,-0.0085383607383136,0.003268863971641167
7.600000,-0.0085383607383136,0.003268863971641167
7.602000,-0.0034483407048870873,0.003268863971641167
7.604000,-0.0085383607383136,0.003268863971641167
7.606000,-0.0085383607383136,-0.0018269294185202511
7.608000,-0.0085383607383136,0.003268863971641167
7.610000,-0.0085383607383136,-0.0018269294185202511
7.612000,-0.0085383607383136,0.003268863971641167
7.614000,-0.0085383607383136,0.003268863971641167
7.616000,-0.0085383607383136,0.003268863971641167
7.618000,-0.0085383607383136,0.003268863971641167
7.620000,-0.0034483407048870873,0.003268863971641167
7.622000,-0.0085383607383136,-0.0018269294185202511
7.624000,-0.0085383607383136,0.003268863971641167
7.626000,-0.0034483407048870873,-0.0018269294185202511
7.628000,-0.0085383607383136,0.003268863971641167
7.630000,-0.0085383607383136,-0.0018269294185202511
7.632000,-0.0085383607383136,-0.0018269294185202511
7.634000,-0.0085383607383136,-0.0018269294185202511
7.636000,-0.0085383607383136,0.003268863971641167
7.638000,-0.0034483407048870873,-0.0018269294185202511
7.640000,-0.0085383607383136,-0.0018269294185202511
7.642000,-0.0085383607383136,-0.0018269294185202511
7.644000,-0.0085383607383136,0.003268863971641167
7.646000,-0.0085383607383136,-0.0018269294185202511
7.648000,-0.0034483407048870873,0.003268863971641167
7.650000,-0.0034483407048870873,0.003268863971641167
7.652000,-0.0085383607383136,0.003268863971641167
7.654000,-0.0085383607383136,0.003268863971641167
7.656000,-0.0034483407048870873,0.003268863971641167
7.658000,-0.0085383607383136,0.003268863971641167
7.660000,-0.0034483407048870873,-0.0018269294185202511
7.662000,-0.0085383607383136,0.003268863971641167
7.664000,-0.0085383607383136,0.003268863971641167
7.666000,-0.0085383607383136,-0.0018269294185202511
7.668000,-0.0085383607383136,0.003268863971641167
7.670000,-0.0085383607383136,0.003268863971641167
7.672000,-0.0034483407048870873,-0.0018269294185202511
7.674000,-0.0085383607383136,0.003268863971641167
7.676000,-0.0085383607383136,0.003268863971641167
7.678000,-0.0085383607383136,-0.0018269294185202511
7.680000,-0.0034483407048870873,0.003268863971641167
7.682000,-0.0034483407048870873,0.003268863971641167
7.684000,-0.0034483407048870873,0.003268863971641167
7.686000,-0.0034483407048870873,-0.0018269294185202511
7.688000,-0.0085383607383136,0.003268863971641167
7.690000,-0.0034483407048870873,0.003268863971641167
7.692000,-0.0034483407048870873,0.003268863971641167
7.694000,-0.0085383607383136,0.003268863971641167
7.696000,-0.0085383607383136,0.003268863971641167
7.698000,-0.0085383607383136,0.003268863971641167
7.700000,-0.0034483407048870873,0.003268863971641167
7.702000,-0.0034483407048870873,0.003268863971641167
7.704000,-0.0085383607383136,0.003268863971641167
7.706000,-0.0034483407048870873,0.003268863971641167
7.708000,-0.0085383607383136,0.003268863971641167
7.710000,-0.0034483407048870873,-0.0018269294185202511
7.712000,-0.0034483407048870873,-0.0018269294185202511
7.714000,-0.0034483407048870873,0.003268863971641167
7.716000,-0.0034483407048870873,0.003268863971641167
7.718000,-0.0034483407048870873,-0.0018269294185202511
7.720000,-0.0085383607383136,0.003268863971641167
7.722000,-0.0034483407048870873,0.003268863971641167
7.724000,-0.0034483407048870873,0.003268863971641167
7.726000,-0.0085383607383136,0.003268863971641167
7.728000,-0.0034483407048870873,0.003268863971641167
7.730000,-0.0034483407048870873,-0.0018269294185202511
7.732000,-0.0085383607383136,-0.0018269294185202511
7.734000,-0.0085383607383136,-0.0018269294185202511
7.736000,-0.0034483407048870873,0.003268863971641167
7.738000,-0.0034483407048870873,0.003268863971641167
7.740000,-0.0034483407048870873,0.003268863971641167
7.742000,-0.0034483407048870873,0.003268863971641167
7.744000,-0.0034483407048870873,0.003268863971641167
7.746000,-0.0034483407048870873,0.003268863971641167
7.748000,-0.0034483407048870873,0.003268863971641167
7.750000,-0.0085383607383136,0.003268863971641167
7.752000,-0.0085383607383136,0.003268863971641167
7.754000,-0.0085383607383136,0.003268863971641167
7.756000,-0.0034483407048870873,-0.0018269294185202511
7.758000,-0.0085383607383136,-0.0018269294185202511
7.760000,-0.0085383607383136,0.003268863971641167
7.762000,-0.0085383607383136,0.003268863971641167
7.764000,-0.0034483407048870873,0.003268863971641167
7.766000,-0.0085383607383136,-0.0018269294185202511
7.768000,-0.0034483407048870873,0.003268863971641167
7.770000,-0.0085383607383136,0.003268863971641167
7.772000,-0.0034483407048870873,0.003268863971641167
7.774000,-0.0034483407048870873,0.003268863971641167
7.776000,-0.0034483407048870873,0.003268863971641167
7.778000,-0.0085383607383136,0.003268863971641167
7.780000,-0.0034483407048870873,0.003268863971641167
7.782000,-0.0085383607383136,-0.0018269294185202511
7.784000,-0.0085383607383136,0.003268863971641167
7.786000,-0.0085383607383136,0.003268863971641167
7.788000,-0.0085383607383136,-0.0018269294185202511
7.790000,-0.0034483407048870873,0.003268863971641167
7.792000,-0.0034483407048870873,0.003268863971641167
7.794000,-0.0034483407048870873,0.003268863971641167
7.796000,-0.0085383607383136,0.003268863971641167
7.798000,-0.0034483407048870873,0.003268863971641167
7.800000,-0.0085383607383136,-0.0018269294185202511
7.802000,-0.0034483407048870873,0.003268863971641167
7.804000,-0.0034483407048870873,0.003268863971641167
7.806000,-0.0034483407048870873,0.003268863971641167
7.808000,-0.0085383607383136,-0.0018269294185202511
7.810000,-0.0085383607383136,0.003268863971641167
7.812000,-0.0034483407048870873,0.003268863971641167
7.814000,-0.0034483407048870873,0.003268863971641167
7.816000,-0.0085383607383136,0.003268863971641167
7.818000,-0.0034483407048870873,0.003268863971641167
7.820000,-0.0085383607383136,0.003268863971641167
7.822000,-0.0034483407048870873,0.003268863971641167
7.824000,-0.0034483407048870873,0.003268863971641167
7.826000,-0.0034483407048870873,0.003268863971641167
7.828000,-0.0034483407048870873,0.003268863971641167
7.830000,-0.0034483407048870873,0.003268863971641167
7.832000,-0.0034483407048870873,0.003268863971641167
7.834000,-0.0034483407048870873,0.003268863971641167
7.836000,-0.0034483407048870873,-0.0018269294185202511
7.838000,-0.0034483407048870873,0.003268863971641167
7.840000,-0.0034483407048870873,0.003268863971641167
7.842000,-0.0034483407048870873,0.003268863971641167
7.844000,-0.0085383607383136,0.003268863971641167
7.846000,-0.0034483407048870873,0.003268863971641167
7.848000,-0.0034483407048870873,0.003268863971641167
7.850000,-0.0034483407048870873,0.003268863971641167
7.852000,-0.0034483407048870873,0.003268863971641167
7.854000,-0.0085383607383136,0.003268863971641167
7.856000,-0.0034483407048870873,-0.0018269294185202511
7.858000,-0.0085383607383136,0.003268863971641167
7.860000,-0.0034483407048870873,0.003268863971641167
7.862000,-0.0085383607383136,0.003268863971641167
7.864000,-0.0085383607383136,0.003268863971641167
7.866000,-0.0034483407048870873,0.003268863971641167
7.868000,-0.0034483407048870873,0.003268863971641167
7.870000,-0.0085383607383136,0.003268863971641167
7.872000,-0.0034483407048870873,0.003268863971641167
7.874000,-0.0034483407048870873,-0.0018269294185202511
7.876000,-0.0034483407048870873,0.003268863971641167
7.878000,-0.0034483407048870873,0.003268863971641167
7.880000,-0.0085383607383136,0.003268863971641167
7.882000,-0.0085383607383136,-0.0018269294185202511
7.884000,-0.0034483407048870873,0.003268863971641167
7.886000,-0.0034483407048870873,0.003268863971641167
7.888000,-0.0034483407048870873,0.003268863971641167
7.890000,-0.0034483407048870873,-0.0018269294185202511
7.892000,-0.0034483407048870873,-0.0018269294185202511
7.894000,-0.0085383607383136,0.003268863971641167
7.896000,-0.0034483407048870873,0.003268863971641167
7.898000,-0.0034483407048870873,0.003268863971641167
7.900000,-0.0034483407048870873,0.003268863971641167
7.902000,-0.0034483407048870873,0.003268863971641167
7.904000,-0.0034483407048870873,0.003268863971641167
7.906000,-0.0034483407048870873,0.003268863971641167
7.908000,-0.0034483407048870873,0.003268863971641167
7.910000,-0.0034483407048870873,0.003268863971641167
7.912000,-0.0034483407048870873,0.003268863971641167
7.914000,-0.0034483407048870873,0.003268863971641167
7.916000,-0.0085383607383136,-0.0018269294185202511
7.918000,-0.0034483407048870873,0.003268863971641167
7.920000,-0.0034483407048870873,0.003268863971641167
7.922000,-0.0085383607383136,-0.0018269294185202511
7.924000,-0.0034483407048870873,0.003268863971641167
7.926000,-0.0034483407048870873,0.003268863971641167
7.928000,-0.0034483407048870873,0.003268863971641167
7.930000,-0.0034483407048870873,-0.0018269294185202511
7.932000,-0.0034483407048870873,-0.0018269294185202511
7.934000,-0.0034483407048870873,0.003268863971641167
7.936000,-0.0034483407048870873,0.003268863971641167
7.938000,-0.0034483407048870873,0.003268863971641167
7.940000,-0.0034483407048870873,-0.0018269294185202511
7.942000,-0.0034483407048870873,0.003268863971641167
7.944000,-0.0034483407048870873,0.003268863971641167
7.946000,-0.0034483407048870873,0.003268863971641167
7.948000,-0.0034483407048870873,0.003268863971641167
7.950000,-0.0034483407048870873,0.003268863971641167
7.952000,-0.0034483407048870873,0.003268863971641167
7.954000,-0.0034483407048870873,0.003268863971641167
7.956000,-0.0034483407048870873,0.003268863971641167
7.958000,-0.0034483407048870873,0.003268863971641167
7.960000,-0.0034483407048870873,0.003268863971641167
7.962000,-0.0034483407048870873,-0.0018269294185202511
7.964000,-0.0034483407048870873,-0.0018269294185202511
7.966000,-0.0034483407048870873,0.003268863971641167
7.968000,-0.0034483407048870873,0.003268863971641167
7.970000,-0.0034483407048870873,0.003268863971641167
7.972000,-0.0034483407048870873,0.003268863971641167
7.974000,-0.0034483407048870873,0.003268863971641167
7.976000,-0.0034483407048870873,0.003268863971641167
7.978000,-0.0034483407048870873,0.003268863971641167
7.980000,-0.0034483407048870873,0.003268863971641167
7.982000,-0.0034483407048870873,-0.0018269294185202511
7.984000,-0.0034483407048870873,0.003268863971641167
7.986000,-0.0034483407048870873,0.003268863971641167
7.988000,-0.0034483407048870873,0.003268863971641167
7.990000,-0.0034483407048870873,-0.0018269294185202511
7.992000,-0.0034483407048870873,0.003268863971641167
7.994000,-0.0034483407048870873,0.003268863971641167
7.996000,-0.0034483407048870873,0.003268863971641167
7.998000,-0.0034483407048870873,0.003268863971641167
8.000000,-0.0034483407048870873,0.003268863971641167
8.002000,-0.0034483407048870873,0.003268863971641167
8.004000,-0.0034483407048870873,0.003268863971641167
8.006000,-0.0034483407048870873,0.003268863971641167
8.008000,-0.0034483407048870873,0.003268863971641167
8.010000,-0.0034483407048870873,0.003268863971641167
8.012000,-0.0034483407048870873,0.003268863971641167
8.014000,-0.0034483407048870873,0.003268863971641167
8.016000,-0.0034483407048870873,0.003268863971641167
8.018000,-0.0034483407048870873,0.003268863971641167
8.020000,-0.0034483407048870873,0.003268863971641167
8.022000,-0.0034483407048870873,-0.0018269294185202511
8.024000,-0.0034483407048870873,0.003268863971641167
8.026000,-0.0034483407048870873,0.003268863971641167
8.028000,-0.0034483407048870873,0.003268863971641167
8.030000,-0.0034483407048870873,0.003268863971641167
8.032000,-0.0034483407048870873,0.003268863971641167
8.034000,-0.0034483407048870873,0.003268863971641167
8.036000,-0.0034483407048870873,-0.0018269294185202511
8.038000,-0.0034483407048870873,0.003268863971641167
8.040000,-0.0034483407048870873,0.003268863971641167
8.042000,-0.0034483407048870873,-0.0018269294185202511
8.044000,-0.0034483407048870873,-0.0018269294185202511
8.046000,-0.0034483407048870873,0.003268863971641167
8.048000,-0.0034483407048870873,0.003268863971641167
8.050000,-0.0034483407048870873,0.003268863971641167
8.052000,-0.0034483407048870873,-0.0018269294185202511
8.054000,-0.0034483407048870873,-0.0018269294185202511
8.056000,-0.0034483407048870873,0.003268863971641167
8.058000,-0.0034483407048870873,0.003268863971641167
8.060000,-0.0034483407048870873,0.003268863971641167
8.062000,-0.0034483407048870873,-0.0018269294185202511
8.064000,-0.0034483407048870873,0.003268863971641167
8.066000,-0.0034483407048870873,0.003268863971641167
8.068000,-0.0034483407048870873,0.003268863971641167
8.070000,-0.0034483407048870873,0.003268863971641167
8.072000,-0.0034483407048870873,-0.0018269294185202511
8.074000,-0.0034483407048870873,0.003268863971641167
8.076000,-0.0034483407048870873,0.003268863971641167
8.078000,-0.0034483407048870873,0.003268863971641167
8.080000,-0.0034483407048870873,0.003268863971641167
8.082000,-0.0034483407048870873,-0.0018269294185202511
8.084000,-0.0034483407048870873,0.003268863971641167
8.086000,-0.0034483407048870873,0.003268863971641167
8.088000,-0.0034483407048870873,0.003268863971641167
8.090000,-0.0034483407048870873,0.003268863971641167
8.092000,-0.0034483407048870873,0.003268863971641167
8.094000,-0.0034483407048870873,-0.0018269294185202511
8.096000,-0.0034483407048870873,-0.0018269294185202511
8.098000,-0.0034483407048870873,-0.0018269294185202511
8.100000,-0.0085383607383136,0.003268863971641167
8.102000,-0.0034483407048870873,0.003268863971641167
8.104000,-0.0034483407048870873,0.003268863971641167
8.106000,-0.0034483407048870873,0.003268863971641167
8.108000,-0.0034483407048870873,0.003268863971641167
8.110000,-0.0034483407048870873,0.003268863971641167
8.112000,-0.0034483407048870873,0.003268863971641167
8.114000,-0.0034483407048870873,0.003268863971641167
8.116000,-0.0034483407048870873,0.003268863971641167
8.118000,-0.0034483407048870873,0.003268863971641167
8.120000,-0.0034483407048870873,-0.0018269294185202511
8.122000,-0.0034483407048870873,-0.0018269294185202511
8.124000,-0.0034483407048870873,0.003268863971641167
8.126000,-0.0034483407048870873,0.003268863971641167
8.128000,-0.0034483407048870873,0.003268863971641167
8.130000,-0.0034483407048870873,0.003268863971641167
8.132000,-0.0034483407048870873,0.003268863971641167
8.134000,-0.0034483407048870873,-0.0018269294185202511
8.136000,-0.0034483407048870873,-0.0018269294185202511
8.138000,-0.0034483407048870873,0.003268863971641167
8.140000,-0.0034483407048870873,0.003268863971641167
8.142000,-0.0034483407048870873,-0.0018269294185202511
8.144000,-0.0034483407048870873,0.003268863971641167
8.146000,-0.0034483407048870873,0.003268863971641167
8.148000,-0.0034483407048870873,-0.0018269294185202511
8.150000,-0.0034483407048870873,-0.0018269294185202511
8.152000,-0.0034483407048870873,0.003268863971641167
8.154000,-0.0034483407048870873,0.003268863971641167
8.156000,-0.0034483407048870873,0.003268863971641167
8.158000,-0.0034483407048870873,0.003268863971641167
8.160000,-0.0034483407048870873,0.003268863971641167
8.162000,-0.0034483407048870873,0.003268863971641167
8.164000,-0.0034483407048870873,0.003268863971641167
8.166000,-0.0034483407048870873,0.003268863971641167
8.168000,-0.0034483407048870873,0.003268863971641167
8.170000,-0.0034483407048870873,-0.0018269294185202511
8.172000,-0.0034483407048870873,-0.0018269294185202511
8.174000,-0.0034483407048870873,-0.0018269294185202511
8.176000,-0.0034483407048870873,-0.0018269294185202511
8.178000,-0.0034483407048870873,0.003268863971641167
8.180000,-0.0034483407048870873,0.003268863971641167
8.182000,-0.0034483407048870873,-0.0018269294185202511
8.184000,-0.0034483407048870873,-0.0018269294185202511
8.186000,-0.0034483407048870873,0.003268863971641167
8.188000,-0.0034483407048870873,0.003268863971641167
8.190000,-0.0034483407048870873,-0.0018269294185202511
8.192000,-0.0034483407048870873,0.003268863971641167
8.194000,-0.0034483407048870873,0.003268863971641167
8.196000,-0.0034483407048870873,0.003268863971641167
8.198000,-0.0034483407048870873,0.003268863971641167
8.200000,-0.0034483407048870873,0.003268863971641167
8.202000,-0.0034483407048870873,-0.0018269294185202511
8.204000,-0.0034483407048870873,0.003268863971641167
8.206000,-0.0034483407048870873,-0.0018269294185202511
8.208000,-0.0034483407048870873,0.003268863971641167
8.210000,-0.0034483407048870873,-0.0018269294185202511
8.212000,-0.0034483407048870873,0.003268863971641167
8.214000,-0.0034483407048870873,0.003268863971641167
8.216000,-0.0034483407048870873,0.003268863971641167
8.218000,-0.0034483407048870873,-0.0018269294185202511
8.220000,-0.0034483407048870873,0.003268863971641167
8.222000,-0.0034483407048870873,0.003268863971641167
8.224000,-0.0034483407048870873,0.003268863971641167
8.226000,-0.0034483407048870873,0.003268863971641167
8.228000,-0.0034483407048870873,-0.0018269294185202511
8.230000,-0.0034483407048870873,0.003268863971641167
8.232000,-0.0034483407048870873,0.003268863971641167
8.234000,-0.0034483407048870873,-0.0018269294185202511
8.236000,-0.0034483407048870873,0.003268863971641167
8.238000,-0.0034483407048870873,-0.0018269294185202511
8.240000,-0.0034483407048870873,-0.0018269294185202511
8.242000,-0.0034483407048870873,0.003268863971641167
8.244000,-0.0034483407048870873,0.003268863971641167
8.246000,-0.0034483407048870873,0.003268863971641167
8.248000,-0.0034483407048870873,-0.0018269294185202511
8.250000,-0.0034483407048870873,0.003268863971641167
8.252000,-0.0034483407048870873,0.003268863971641167
8.254000,-0.0034483407048870873,0.003268863971641167
8.256000,-0.0034483407048870873,0.003268863971641167
8.258000,-0.0034483407048870873,-0.0018269294185202511
8.260000,-0.0034483407048870873,0.003268863971641167
8.262000,-0.0034483407048870873,0.003268863971641167
8.264000,-0.0034483407048870873,-0.0018269294185202511
8.266000,-0.0034483407048870873,-0.0018269294185202511
8.268000,-0.0034483407048870873,0.003268863971641167
8.270000,-0.0034483407048870873,0.003268863971641167
8.272000,-0.0034483407048870873,0.003268863971641167
8.274000,-0.0034483407048870873,-0.0018269294185202511
8.276000,-0.0034483407048870873,0.003268863971641167
8.278000,-0.0034483407048870873,0.003268863971641167
8.280000,-0.0034483407048870873,0.003268863971641167
8.282000,-0.0034483407048870873,0.003268863971641167
8.284000,-0.0034483407048870873,0.003268863971641167
8.286000,-0.0034483407048870873,0.003268863971641167
8.288000,-0.0034483407048870873,-0.0018269294185202511
8.290000,-0.0034483407048870873,0.003268863971641167
8.292000,-0.0034483407048870873,-0.0018269294185202511
8.294000,-0.0034483407048870873,0.003268863971641167
8.296000,-0.0034483407048870873,0.003268863971641167
8.298000,-0.0034483407048870873,-0.0018269294185202511
8.300000,-0.0034483407048870873,0.003268863971641167
8.302000,-0.0034483407048870873,0.003268863971641167
8.304000,-0.0034483407048870873,0.003268863971641167
8.306000,-0.0034483407048870873,0.003268863971641167
8.308000,-0.0034483407048870873,-0.0018269294185202511
8.310000,-0.0034483407048870873,0.003268863971641167
8.312000,-0.0034483407048870873,0.003268863971641167
8.314000,-0.0034483407048870873,0.003268863971641167
8.316000,-0.0034483407048870873,0.003268863971641167
8.318000,-0.0034483407048870873,0.003268863971641167
8.320000,-0.0034483407048870873,0.003268863971641167
8.322000,-0.0034483407048870873,-0.0018269294185202511
8.324000,-0.0034483407048870873,0.003268863971641167
8.326000,-0.0034483407048870873,0.003268863971641167
8.328000,-0.0034483407048870873,-0.0018269294185202511
8.330000,-0.0034483407048870873,0.003268863971641167
8.332000,-0.0034483407048870873,0.003268863971641167
8.334000,-0.0034483407048870873,0.003268863971641167
8.336000,-0.0034483407048870873,0.003268863971641167
8.338000,-0.0034483407048870873,0.003268863971641167
8.340000,-0.0034483407048870873,0.003268863971641167
8.342000,-0.0034483407048870873,0.003268863971641167
8.344000,-0.0034483407048870873,0.003268863971641167
8.346000,-0.0034483407048870873,-0.0018269294185202511
8.348000,-0.0034483407048870873,0.003268863971641167
8.350000,-0.0034483407048870873,0.003268863971641167
8.352000,-0.0034483407048870873,-0.0018269294185202511
8.354000,-0.0034483407048870873,0.003268863971641167
8.356000,-0.0034483407048870873,-0.0018269294185202511
8.358000,-0.0034483407048870873,0.003268863971641167
8.360000,-0.0034483407048870873,0.003268863971641167
8.362000,-0.0034483407048870873,0.003268863971641167
8.364000,-0.0034483407048870873,0.003268863971641167
8.366000,-0.0034483407048870873,0.003268863971641167
8.368000,-0.0034483407048870873,0.003268863971641167
8.370000,-0.0034483407048870873,0.003268863971641167
8.372000,-0.0034483407048870873,0.003268863971641167
8.374000,-0.0034483407048870873,0.003268863971641167
8.376000,-0.0034483407048870873,0.003268863971641167
8.378000,-0.0034483407048870873,0.003268863971641167
8.380000,-0.0034483407048870873,-0.0018269294185202511
8.382000,-0.0034483407048870873,-0.0018269294185202511
8.384000,-0.0034483407048870873,0.003268863971641167
8.386000,-0.0034483407048870873,0.003268863971641167
8.388000,-0.0034483407048870873,0.003268863971641167
8.390000,-0.0034483407048870873,0.003268863971641167
8.392000,-0.0034483407048870873,-0.0018269294185202511
8.394000,-0.0034483407048870873,-0.0018269294185202511
8.396000,-0.0034483407048870873,0.003268863971641167
8.398000,-0.0034483407048870873,0.003268863971641167
8.400000,-0.0034483407048870873,0.003268863971641167
8.402000,-0.0034483407048870873,-0.0018269294185202511
8.404000,-0.0034483407048870873,0.003268863971641167
8.406000,-0.0034483407048870873,0.003268863971641167
8.408000,-0.0034483407048870873,0.003268863971641167
8.410000,-0.0034483407048870873,0.003268863971641167
8.412000,-0.0034483407048870873,0.003268863971641167
8.414000,-0.0034483407048870873,0.003268863971641167
8.416000,-0.0034483407048870873,0.003268863971641167
8.418000,-0.0034483407048870873,-0.0018269294185202511
8.420000,-0.0034483407048870873,0.003268863971641167
8.422000,-0.0034483407048870873,0.003268863971641167
8.424000,-0.0034483407048870873,0.003268863971641167
8.426000,-0.0034483407048870873,0.003268863971641167
8.428000,-0.0034483407048870873,0.003268863971641167
8.430000,-0.0034483407048870873,-0.0018269294185202511
8.432000,-0.0034483407048870873,-0.0018269294185202511
8.434000,-0.0034483407048870873,-0.0018269294185202511
8.436000,-0.0034483407048870873,0.003268863971641167
8.438000,-0.0034483407048870873,0.003268863971641167
8.440000,-0.0034483407048870873,0.003268863971641167
8.442000,-0.0034483407048870873,0.003268863971641167
8.444000,-0.0034483407048870873,-0.0018269294185202511
8.446000,-0.0034483407048870873,-0.0018269294185202511
8.448000,-0.0034483407048870873,-0.0018269294185202511
8.450000,-0.0034483407048870873,0.003268863971641167
8.452000,-0.0034483407048870873,0.003268863971641167
8.454000,-0.0034483407048870873,0.003268863971641167
8.456000,-0.0034483407048870873,-0.0018269294185202511
8.458000,-0.0034483407048870873,0.003268863971641167
8.460000,-0.0034483407048870873,0.003268863971641167
8.462000,-0.0034483407048870873,-0.0018269294185202511
8.464000,-0.0034483407048870873,0.003268863971641167
8.466000,-0.0034483407048870873,0.003268863971641167
8.468000,-0.0034483407048870873,0.003268863971641167
8.470000,-0.0034483407048870873,0.003268863971641167
8.472000,-0.0034483407048870873,0.003268863971641167
8.474000,-0.0034483407048870873,0.003268863971641167
8.476000,-0.0034483407048870873,-0.0018269294185202511
8.478000,-0.0034483407048870873,0.003268863971641167
8.480000,-0.0034483407048870873,0.003268863971641167
8.482000,-0.0034483407048870873,0.003268863971641167
8.484000,-0.0034483407048870873,0.003268863971641167
8.486000,-0.0034483407048870873,0.003268863971641167
8.488000,-0.0034483407048870873,-0.0018269294185202511
8.490000,-0.0034483407048870873,0.003268863971641167
8.492000,-0.0034483407048870873,0.003268863971641167
8.494000,-0.0034483407048870873,0.003268863971641167
8.496000,-0.0034483407048870873,0.003268863971641167
8.498000,-0.0034483407048870873,-0.0018269294185202511
8.500000,-0.0034483407048870873,0.003268863971641167
8.502000,-0.0034483407048870873,0.003268863971641167
8.504000,-0.0034483407048870873,0.003268863971641167
8.506000,-0.0034483407048870873,0.003268863971641167
8.508000,-0.0034483407048870873,0.003268863971641167
8.510000,-0.0034483407048870873,0.003268863971641167
8.512000,-0.0034483407048870873,0.003268863971641167
8.514000,-0.0034483407048870873,0.003268863971641167
8.516000,-0.0034483407048870873,0.003268863971641167
8.518000,-0.0034483407048870873,0.003268863971641167
8.520000,-0.0034483407048870873,-0.0018269294185202511
8.522000,-0.0034483407048870873,0.003268863971641167
8.524000,-0.0034483407048870873,0.003268863971641167
8.526000,-0.0034483407048870873,0.003268863971641167
8.528000,-0.0034483407048870873,-0.0018269294185202511
8.530000,-0.0034483407048870873,0.003268863971641167
8.532000,-0.0034483407048870873,-0.0018269294185202511
8.534000,-0.0034483407048870873,0.003268863971641167
8.536000,-0.0034483407048870873,-0.0018269294185202511
8.538000,-0.0034483407048870873,-0.0018269294185202511
8.540000,-0.0034483407048870873,-0.0018269294185202511
8.542000,-0.0034483407048870873,0.003268863971641167
8.544000,-0.0034483407048870873,0.003268863971641167
8.546000,-0.0034483407048870873,-0.0018269294185202511
8.548000,-0.0034483407048870873,-0.0018269294185202511
8.550000,-0.0034483407048870873,0.003268863971641167
8.552000,-0.0034483407048870873,0.003268863971641167
8.554000,-0.0034483407048870873,0.003268863971641167
8.556000,-0.0034483407048870873,0.003268863971641167
8.558000,-0.0034483407048870873,-0.0018269294185202511
8.560000,0.0016416793285394249,0.003268863971641167
8.562000,0.0016416793285394249,-0.0018269294185202511
8.564000,0.0016416793285394249,-0.0018269294185202511
8.566000,0.0016416793285394249,0.003268863971641167
8.568000,0.006731699361965937,0.003268863971641167
8.570000,0.0016416793285394249,0.003268863971641167
8.572000,0.006731699361965937,-0.0018269294185202511
8.574000,0.006731699361965937,0.003268863971641167
8.576000,0.006731699361965937,0.003268863971641167
8.578000,0.006731699361965937,0.003268863971641167
8.580000,0.006731699361965937,0.003268863971641167
8.582000,0.006731699361965937,0.003268863971641167
8.584000,0.006731699361965937,-0.0018269294185202511
8.586000,0.006731699361965937,0.003268863971641167
8.588000,0.006731699361965937,0.003268863971641167
8.590000,0.006731699361965937,0.003268863971641167
8.592000,0.006731699361965937,0.003268863971641167
8.594000,0.006731699361965937,-0.0018269294185202511
8.596000,0.006731699361965937,0.003268863971641167
8.598000,0.006731699361965937,0.003268863971641167
8.600000,0.006731699361965937,0.003268863971641167
8.602000,0.006731699361965937,0.003268863971641167
8.604000,0.006731699361965937,0.003268863971641167
8.606000,0.006731699361965937,0.003268863971641167
8.608000,0.011821719395394226,0.003268863971641167
8.610000,0.011821719395394226,0.003268863971641167
8.612000,0.011821719395394226,-0.0018269294185202511
8.614000,0.011821719395394226,-0.0018269294185202511
8.616000,0.011821719395394226,0.003268863971641167
8.618000,0.011821719395394226,0.003268863971641167
8.620000,0.011821719395394226,0.003268863971641167
8.622000,0.011821719395394226,-0.0018269294185202511
8.624000,0.011821719395394226,0.003268863971641167
8.626000,0.011821719395394226,0.003268863971641167
8.628000,0.011821719395394226,-0.0018269294185202511
8.630000,0.011821719395394226,-0.0018269294185202511
8.632000,0.011821719395394226,0.003268863971641167
8.634000,0.016911739428820738,0.003268863971641167
8.636000,0.011821719395394226,0.003268863971641167
8.638000,0.011821719395394226,-0.0018269294185202511
8.640000,0.016911739428820738,0.003268863971641167
8.642000,0.016911739428820738,0.003268863971641167
8.644000,0.016911739428820738,0.003268863971641167
8.646000,0.016911739428820738,-0.0018269294185202511
8.648000,0.016911739428820738,0.003268863971641167
8.650000,0.016911739428820738,-0.0018269294185202511
8.652000,0.016911739428820738,0.003268863971641167
8.654000,0.016911739428820738,0.003268863971641167
8.656000,0.016911739428820738,-0.0018269294185202511
8.658000,0.016911739428820738,0.003268863971641167
8.660000,0.016911739428820738,0.003268863971641167
8.662000,0.016911739428820738,0.003268863971641167
8.664000,0.016911739428820738,0.003268863971641167
8.666000,0.02200175946224725,0.003268863971641167
8.668000,0.02200175946224725,0.003268863971641167
8.670000,0.02200175946224725,0.003268863971641167
8.672000,0.02200175946224725,0.003268863971641167
8.674000,0.02200175946224725,0.003268863971641167
8.676000,0.02200175946224725,0.003268863971641167
8.678000,0.02200175946224725,-0.0018269294185202511
8.680000,0.02200175946224725,0.003268863971641167
8.682000,0.02200175946224725,0.003268863971641167
8.684000,0.02200175946224725,0.003268863971641167
8.686000,0.02200175946224725,0.003268863971641167
8.688000,0.02200175946224725,0.003268863971641167
8.690000,0.02200175946224725,-0.0018269294185202511
8.692000,0.02200175946224725,0.003268863971641167
8.694000,0.027091779495673762,0.003268863971641167
8.696000,0.02200175946224725,0.003268863971641167
8.698000,0.027091779495673762,-0.0018269294185202511
8.700000,0.027091779495673762,0.003268863971641167
8.702000,0.027091779495673762,0.003268863971641167
8.704000,0.027091779495673762,-0.0018269294185202511
8.706000,0.027091779495673762,0.003268863971641167
8.708000,0.027091779495673762,0.003268863971641167
8.710000,0.027091779495673762,0.003268863971641167
8.712000,0.027091779495673762,0.003268863971641167
8.714000,0.027091779495673762,0.003268863971641167
8.716000,0.027091779495673762,-0.0018269294185202511
8.718000,0.027091779495673762,0.003268863971641167
8.720000,0.027091779495673762,0.003268863971641167
8.722000,0.032181799529100275,0.003268863971641167
8.724000,0.032181799529100275,-0.0018269294185202511
8.726000,0.032181799529100275,0.003268863971641167
8.728000,0.032181799529100275,0.003268863971641167
8.730000,0.032181799529100275,0.003268863971641167
8.732000,0.032181799529100275,0.003268863971641167
8.734000,0.032181799529100275,0.003268863971641167
8.736000,0.03727181956252679,0.003268863971641167
8.738000,0.03727181956252679,0.003268863971641167
8.740000,0.03727181956252679,-0.0018269294185202511
8.742000,0.03727181956252679,0.003268863971641167
8.744000,0.03727181956252679,0.003268863971641167
8.746000,0.03727181956252679,0.003268863971641167
8.748000,0.03727181956252679,0.003268863971641167
8.750000,0.03727181956252679,0.003268863971641167
8.752000,0.0423618395959533,-0.0018269294185202511
8.754000,0.03727181956252679,0.003268863971641167
8.756000,0.0423618395959533,-0.0018269294185202511
8.758000,0.0423618395959533,-0.0018269294185202511
8.760000,0.0423618395959533,0.003268863971641167
8.762000,0.0423618395959533,0.003268863971641167
8.764000,0.0423618395959533,0.003268863971641167
8.766000,0.0423618395959533,0.003268863971641167
8.768000,0.0423618395959533,0.003268863971641167
8.770000,0.0423618395959533,-0.0018269294185202511
8.772000,0.0423618395959533,-0.0018269294185202511
8.774000,0.0423618395959533,0.003268863971641167
8.776000,0.0423618395959533,0.003268863971641167
8.778000,0.0423618395959533,0.003268863971641167
8.780000,0.04745185962938159,-0.0018269294185202511
8.782000,0.04745185962938159,-0.0018269294185202511
8.784000,0.04745185962938159,0.003268863971641167
8.786000,0.04745185962938159,0.003268863971641167
8.788000,0.04745185962938159,-0.0018269294185202511
8.790000,0.04745185962938159,0.003268863971641167
8.792000,0.04745185962938159,0.003268863971641167
8.794000,0.04745185962938159,0.003268863971641167
8.796000,0.04745185962938159,0.003268863971641167
8.798000,0.04745185962938159,0.003268863971641167
8.800000,0.04745185962938159,0.003268863971641167
8.802000,0.04745185962938159,0.003268863971641167
8.804000,0.04745185962938159,0.003268863971641167
8.806000,0.04745185962938159,-0.0018269294185202511
8.808000,0.04745185962938159,0.003268863971641167
8.810000,0.04745185962938159,0.003268863971641167
8.812000,0.04745185962938159,0.003268863971641167
8.814000,0.04745185962938159,-0.0018269294185202511
8.816000,0.04745185962938159,0.003268863971641167
8.818000,0.04745185962938159,-0.0018269294185202511
8.820000,0.04745185962938159,-0.0018269294185202511
8.822000,0.04745185962938159,0.003268863971641167
8.824000,0.04745185962938159,0.003268863971641167
8.826000,0.04745185962938159,0.003268863971641167
8.828000,0.04745185962938159,-0.0018269294185202511
8.830000,0.04745185962938159,-0.0018269294185202511
8.832000,0.04745185962938159,0.003268863971641167
8.834000,0.04745185962938159,0.003268863971641167
8.836000,0.0423618395959533,0.003268863971641167
8.838000,0.04745185962938159,0.003268863971641167
8.840000,0.0423618395959533,0.003268863971641167
8.842000,0.0423618395959533,0.003268863971641167
8.844000,0.0423618395959533,0.003268863971641167
8.846000,0.0423618395959533,-0.0018269294185202511
8.848000,0.0423618395959533,-0.0018269294185202511
8.850000,0.0423618395959533,-0.0018269294185202511
8.852000,0.0423618395959533,-0.0018269294185202511
8.854000,0.03727181956252679,-0.0018269294185202511
8.856000,0.03727181956252679,0.003268863971641167
8.858000,0.03727181956252679,0.003268863971641167
8.860000,0.03727181956252679,-0.0018269294185202511
8.862000,0.03727181956252679,0.003268863971641167
8.864000,0.032181799529100275,0.003268863971641167
8.866000,0.032181799529100275,0.003268863971641167
8.868000,0.032181799529100275,0.003268863971641167
8.870000,0.027091779495673762,0.003268863971641167
8.872000,0.027091779495673762,-0.0018269294185202511
8.874000,0.027091779495673762,0.003268863971641167
8.876000,0.027091779495673762,0.003268863971641167
8.878000,0.027091779495673762,0.003268863971641167
8.880000,0.027091779495673762,0.003268863971641167
8.882000,0.027091779495673762,0.003268863971641167
8.884000,0.02200175946224725,0.003268863971641167
8.886000,0.02200175946224725,0.003268863971641167
8.888000,0.02200175946224725,-0.0018269294185202511
8.890000,0.02200175946224725,0.003268863971641167
8.892000,0.02200175946224725,0.003268863971641167
8.894000,0.016911739428820738,0.003268863971641167
8.896000,0.016911739428820738,0.003268863971641167
8.898000,0.016911739428820738,0.003268863971641167
8.900000,0.016911739428820738,-0.0018269294185202511
8.902000,0.016911739428820738,0.003268863971641167
8.904000,0.011821719395394226,0.003268863971641167
8.906000,0.011821719395394226,0.003268863971641167
8.908000,0.011821719395394226,0.003268863971641167
8.910000,0.011821719395394226,-0.0018269294185202511
8.912000,0.006731699361965937,-0.0018269294185202511
8.914000,0.006731699361965937,0.003268863971641167
8.916000,0.006731699361965937,0.003268863971641167
8.918000,0.006731699361965937,0.003268863971641167
8.920000,0.006731699361965937,-0.0018269294185202511
8.922000,0.006731699361965937,0.003268863971641167
8.924000,0.006731699361965937,0.003268863971641167
8.926000,0.0016416793285394249,0.003268863971641167
8.928000,0.0016416793285394249,0.003268863971641167
8.930000,0.0016416793285394249,-0.0018269294185202511
8.932000,0.0016416793285394249,0.003268863971641167
8.934000,0.0016416793285394249,-0.0018269294185202511
8.936000,0.0016416793285394249,0.003268863971641167
8.938000,0.0016416793285394249,0.003268863971641167
8.940000,0.0016416793285394249,-0.0018269294185202511
8.942000,-0.0034483407048870873,0.003268863971641167
8.944000,-0.0034483407048870873,0.003268863971641167
8.946000,-0.0034483407048870873,0.003268863971641167
8.948000,-0.0034483407048870873,0.003268863971641167
8.950000,-0.0034483407048870873,0.003268863971641167
8.952000,-0.0034483407048870873,-0.0018269294185202511
8.954000,-0.0034483407048870873,-0.0018269294185202511
8.956000,-0.0085383607383136,0.003268863971641167
8.958000,-0.0034483407048870873,0.003268863971641167
8.960000,-0.0034483407048870873,0.003268863971641167
8.962000,-0.0034483407048870873,-0.0018269294185202511
8.964000,-0.0085383607383136,0.003268863971641167
8.966000,-0.0085383607383136,0.003268863971641167
8.968000,-0.0085383607383136,0.003268863971641167
8.970000,-0.0085383607383136,0.003268863971641167
8.972000,-0.0034483407048870873,0.003268863971641167
8.974000,-0.0085383607383136,-0.0018269294185202511
8.976000,-0.0085383607383136,0.003268863971641167
8.978000,-0.0085383607383136,0.003268863971641167
8.980000,-0.0085383607383136,0.003268863971641167
8.982000,-0.0085383607383136,0.003268863971641167
8.984000,-0.0085383607383136,0.003268863971641167
8.986000,-0.0085383607383136,0.003268863971641167
8.988000,-0.0085383607383136,0.003268863971641167
8.990000,-0.0085383607383136,-0.0018269294185202511
8.992000,-0.0085383607383136,0.003268863971641167
8.994000,-0.0085383607383136,-0.0018269294185202511
8.996000,-0.0034483407048870873,0.003268863971641167
8.998000,-0.0085383607383136,0.003268863971641167
9.000000,-0.0085383607383136,0.003268863971641167
9.002000,-0.0034483407048870873,-0.0018269294185202511
9.004000,-0.0085383607383136,0.003268863971641167
9.006000,-0.0034483407048870873,0.003268863971641167
9.008000,-0.0085383607383136,0.003268863971641167
9.010000,-0.0085383607383136,0.003268863971641167
9.012000,-0.0085383607383136,0.003268863971641167
9.014000,-0.0085383607383136,0.003268863971641167
9.016000,-0.0085383607383136,0.003268863971641167
9.018000,-0.0085383607383136,0.003268863971641167
9.020000,-0.0085383607383136,0.003268863971641167
9.022000,-0.0085383607383136,0.003268863971641167
9.024000,-0.0085383607383136,0.003268863971641167
9.026000,-0.0034483407048870873,0.003268863971641167
9.028000,-0.0085383607383136,0.003268863971641167
9.030000,-0.0085383607383136,0.003268863971641167
9.032000,-0.0085383607383136,0.003268863971641167
9.034000,-0.0085383607383136,-0.0018269294185202511
9.036000,-0.0085383607383136,0.003268863971641167
9.038000,-0.0085383607383136,0.003268863971641167
9.040000,-0.0085383607383136,0.003268863971641167
9.042000,-0.0085383607383136,-0.0018269294185202511
9.044000,-0.0085383607383136,-0.0018269294185202511
9.046000,-0.0085383607383136,-0.0018269294185202511
9.048000,-0.0034483407048870873,0.003268863971641167
9.050000,-0.0085383607383136,-0.0018269294185202511
9.052000,-0.0085383607383136,-0.0018269294185202511
9.054000,-0.0085383607383136,0.003268863971641167
9.056000,-0.0085383607383136,0.003268863971641167
9.058000,-0.0085383607383136,0.003268863971641167
9.060000,-0.0085383607383136,0.003268863971641167
9.062000,-0.0085383607383136,-0.0018269294185202511
9.064000,-0.0085383607383136,0.003268863971641167
9.066000,-0.0085383607383136,0.003268863971641167
9.068000,-0.0085383607383136,0.003268863971641167
9.070000,-0.0085383607383136,0.003268863971641167
9.072000,-0.0085383607383136,0.003268863971641167
9.074000,-0.0085383607383136,0.003268863971641167
9.076000,-0.0034483407048870873,0.003268863971641167
9.078000,-0.0085383607383136,0.003268863971641167
9.080000,-0.0085383607383136,0.003268863971641167
9.082000,-0.0085383607383136,-0.0018269294185202511
9.084000,-0.0085383607383136,0.003268863971641167
9.086000,-0.0085383607383136,0.003268863971641167
9.088000,-0.0085383607383136,0.003268863971641167
9.090000,-0.0085383607383136,-0.0018269294185202511
9.092000,-0.0085383607383136,0.003268863971641167
9.094000,-0.0085383607383136,-0.0018269294185202511
9.096000,-0.0085383607383136,0.003268863971641167
9.098000,-0.0085383607383136,0.003268863971641167
9.100000,-0.0085383607383136,0.003268863971641167
9.102000,-0.0085383607383136,0.003268863971641167
9.104000,-0.0085383607383136,-0.0018269294185202511
9.106000,-0.0085383607383136,0.003268863971641167
9.108000,-0.0085383607383136,-0.0018269294185202511
9.110000,-0.0085383607383136,-0.0018269294185202511
9.112000,-0.0085383607383136,0.003268863971641167
9.114000,-0.0085383607383136,0.003268863971641167
9.116000,-0.0085383607383136,0.003268863971641167
9.118000,-0.0085383607383136,0.003268863971641167
9.120000,-0.0085383607383136,0.003268863971641167
9.122000,-0.0085383607383136,-0.0018269294185202511
9.124000,-0.0085383607383136,-0.0018269294185202511
9.126000,-0.0085383607383136,-0.0018269294185202511
9.128000,-0.0085383607383136,0.003268863971641167
9.130000,-0.0085383607383136,0.003268863971641167
9.132000,-0.0085383607383136,0.003268863971641167
9.134000,-0.0085383607383136,0.003268863971641167
9.136000,-0.0085383607383136,0.003268863971641167
9.138000,-0.0085383607383136,0.003268863971641167
9.140000,-0.0034483407048870873,0.003268863971641167
9.142000,-0.0085383607383136,0.003268863971641167
9.144000,-0.0085383607383136,0.003268863971641167
9.146000,-0.0085383607383136,0.003268863971641167
9.148000,-0.0085383607383136,0.003268863971641167
9.150000,-0.0085383607383136,-0.0018269294185202511
9.152000,-0.0085383607383136,-0.0018269294185202511
9.154000,-0.0085383607383136,-0.0018269294185202511
9.156000,-0.0085383607383136,0.003268863971641167
9.158000,-0.0085383607383136,0.003268863971641167
9.160000,-0.0085383607383136,0.003268863971641167
9.162000,-0.0085383607383136,0.003268863971641167
9.164000,-0.0085383607383136,0.003268863971641167
9.166000,-0.0085383607383136,0.003268863971641167
9.168000,-0.0085383607383136,-0.0018269294185202511
9.170000,-0.0085383607383136,0.003268863971641167
9.172000,-0.0085383607383136,-0.0018269294185202511
9.174000,-0.0085383607383136,0.003268863971641167
9.176000,-0.0085383607383136,-0.0018269294185202511
9.178000,-0.0085383607383136,0.003268863971641167
9.180000,-0.0085383607383136,0.003268863971641167
9.182000,-0.0085383607383136,0.003268863971641167
9.184000,-0.0085383607383136,0.003268863971641167
9.186000,-0.0085383607383136,0.003268863971641167
9.188000,-0.0085383607383136,0.003268863971641167
9.190000,-0.0085383607383136,0.003268863971641167
9.192000,-0.0085383607383136,0.003268863971641167
9.194000,-0.0085383607383136,0.003268863971641167
9.196000,-0.0085383607383136,-0.0018269294185202511
9.198000,-0.0085383607383136,0.003268863971641167
9.200000,-0.0085383607383136,0.003268863971641167
9.202000,-0.0085383607383136,0.003268863971641167
9.204000,-0.0085383607383136,-0.0018269294185202511
9.206000,-0.0034483407048870873,0.003268863971641167
9.208000,-0.0085383607383136,-0.0018269294185202511
9.210000,-0.0085383607383136,0.003268863971641167
9.212000,-0.0085383607383136,-0.0018269294185202511
9.214000,-0.0085383607383136,-0.0018269294185202511
9.216000,-0.0085383607383136,0.003268863971641167
9.218000,-0.0085383607383136,0.003268863971641167
9.220000,-0.0085383607383136,0.003268863971641167
9.222000,-0.0085383607383136,-0.0018269294185202511
9.224000,-0.0085383607383136,0.003268863971641167
9.226000,-0.0085383607383136,0.003268863971641167
9.228000,-0.0085383607383136,0.003268863971641167
9.230000,-0.0085383607383136,0.003268863971641167
9.232000,-0.0085383607383136,0.003268863971641167
9.234000,-0.0085383607383136,0.003268863971641167
9.236000,-0.0085383607383136,0.003268863971641167
9.238000,-0.0085383607383136,0.003268863971641167
9.240000,-0.0034483407048870873,0.003268863971641167
9.242000,-0.0085383607383136,0.003268863971641167
9.244000,-0.0085383607383136,0.003268863971641167
9.246000,-0.0085383607383136,0.003268863971641167
9.248000,-0.0085383607383136,0.003268863971641167
9.250000,-0.0085383607383136,0.003268863971641167
9.252000,-0.0085383607383136,-0.0018269294185202511
9.254000,-0.0085383607383136,0.003268863971641167
9.256000,-0.0085383607383136,0.003268863971641167
9.258000,-0.0085383607383136,0.003268863971641167
9.260000,-0.0034483407048870873,-0.0018269294185202511
9.262000,-0.0085383607383136,0.003268863971641167
9.264000,-0.0085383607383136,0.003268863971641167
9.266000,-0.0085383607383136,-0.0018269294185202511
9.268000,-0.0085383607383136,0.003268863971641167
9.270000,-0.0085383607383136,0.003268863971641167
9.272000,-0.0085383607383136,0.003268863971641167
9.274000,-0.0085383607383136,0.003268863971641167
9.276000,-0.0085383607383136,0.003268863971641167
9.278000,-0.0085383607383136,0.003268863971641167
9.280000,-0.0085383607383136,0.003268863971641167
9.282000,-0.0085383607383136,-0.0018269294185202511
9.284000,-0.0085383607383136,-0.0018269294185202511
9.286000,-0.0085383607383136,0.003268863971641167
9.288000,-0.0085383607383136,0.003268863971641167
9.290000,-0.0085383607383136,0.003268863971641167
9.292000,-0.0085383607383136,0.003268863971641167
9.294000,-0.0085383607383136,0.003268863971641167
9.296000,-0.0085383607383136,0.003268863971641167
9.298000,-0.0085383607383136,-0.0018269294185202511
9.300000,-0.0085383607383136,0.003268863971641167
9.302000,-0.0085383607383136,-0.0018269294185202511
9.304000,-0.0085383607383136,0.003268863971641167
9.306000,-0.0085383607383136,0.003268863971641167
9.308000,-0.0085383607383136,0.003268863971641167
9.310000,-0.0085383607383136,0.003268863971641167
9.312000,-0.0085383607383136,-0.0018269294185202511
9.314000,-0.0085383607383136,0.003268863971641167
9.316000,-0.0085383607383136,-0.0018269294185202511
9.318000,-0.0085383607383136,0.003268863971641167
9.320000,-0.0085383607383136,0.003268863971641167
9.322000,-0.0085383607383136,0.003268863971641167
9.324000,-0.0085383607383136,0.003268863971641167
9.326000,-0.0085383607383136,0.003268863971641167
9.328000,-0.0085383607383136,0.003268863971641167
9.330000,-0.0085383607383136,-0.0018269294185202511
9.332000,-0.0085383607383136,-0.0018269294185202511
9.334000,-0.0034483407048870873,0.003268863971641167
9.336000,-0.0085383607383136,0.003268863971641167
9.338000,-0.0085383607383136,0.003268863971641167
9.340000,-0.0085383607383136,0.003268863971641167
9.342000,-0.0085383607383136,0.003268863971641167
9.344000,-0.0085383607383136,0.003268863971641167
9.346000,-0.0085383607383136,-0.0018269294185202511
9.348000,-0.0085383607383136,-0.0018269294185202511
9.350000,-0.0085383607383136,0.003268863971641167
9.352000,-0.0085383607383136,-0.0018269294185202511
9.354000,-0.0034483407048870873,0.003268863971641167
9.356000,-0.0085383607383136,0.003268863971641167
9.358000,-0.0085383607383136,-0.0018269294185202511
9.360000,-0.0085383607383136,0.003268863971641167
9.362000,-0.0034483407048870873,0.003268863971641167
9.364000,-0.0034483407048870873,0.003268863971641167
9.366000,-0.0085383607383136,0.003268863971641167
9.368000,-0.0034483407048870873,0.003268863971641167
9.370000,-0.0085383607383136,0.003268863971641167
9.372000,-0.0085383607383136,0.003268863971641167
9.374000,-0.0085383607383136,0.003268863971641167
9.376000,-0.0034483407048870873,0.003268863971641167
9.378000,-0.0085383607383136,0.003268863971641167
9.380000,-0.0085383607383136,-0.0018269294185202511
9.382000,-0.0034483407048870873,-0.0018269294185202511
9.384000,-0.0085383607383136,0.003268863971641167
9.386000,-0.0085383607383136,0.003268863971641167
9.388000,-0.0034483407048870873,0.003268863971641167
9.390000,-0.0085383607383136,0.003268863971641167
9.392000,-0.0085383607383136,-0.0018269294185202511
9.394000,-0.0085383607383136,0.003268863971641167
9.396000,-0.0085383607383136,0.003268863971641167
9.398000,-0.0034483407048870873,-0.0018269294185202511
9.400000,-0.0034483407048870873,0.003268863971641167
9.402000,-0.0085383607383136,0.003268863971641167
9.404000,-0.0085383607383136,0.003268863971641167
9.406000,-0.0034483407048870873,-0.0018269294185202511
9.408000,-0.0085383607383136,0.003268863971641167
9.410000,-0.0034483407048870873,0.003268863971641167
9.412000,-0.0085383607383136,-0.0018269294185202511
9.414000,-0.0085383607383136,0.003268863971641167
9.416000,-0.0085383607383136,0.003268863971641167
9.418000,-0.0085383607383136,0.003268863971641167
9.420000,-0.0085383607383136,-0.0018269294185202511
9.422000,-0.0034483407048870873,0.003268863971641167
9.424000,-0.0085383607383136,-0.0018269294185202511
9.426000,-0.0085383607383136,-0.0018269294185202511
9.428000,-0.0085383607383136,0.003268863971641167
9.430000,-0.0085383607383136,-0.0018269294185202511
9.432000,-0.0085383607383136,0.003268863971641167
9.434000,-0.0085383607383136,0.003268863971641167
9.436000,-0.0085383607383136,0.003268863971641167
9.438000,-0.0085383607383136,-0.0018269294185202511
9.440000,-0.0085383607383136,0.003268863971641167
9.442000,-0.0085383607383136,0.003268863971641167
9.444000,-0.0085383607383136,0.003268863971641167
9.446000,-0.0034483407048870873,0.003268863971641167
9.448000,-0.0034483407048870873,-0.0018269294185202511
9.450000,-0.0085383607383136,-0.0018269294185202511
9.452000,-0.0085383607383136,-0.0018269294185202511
9.454000,-0.0085383607383136,0.003268863971641167
9.456000,-0.0085383607383136,0.003268863971641167
9.458000,-0.0085383607383136,-0.0018269294185202511
9.460000,-0.0085383607383136,0.003268863971641167
9.462000,-0.0034483407048870873,0.003268863971641167
9.464000,-0.0034483407048870873,0.003268863971641167
9.466000,-0.0085383607383136,-0.0018269294185202511
9.468000,-0.0085383607383136,0.003268863971641167
9.470000,-0.0085383607383136,0.003268863971641167
9.472000,-0.0085383607383136,0.003268863971641167
9.474000,-0.0085383607383136,0.003268863971641167
9.476000,-0.0085383607383136,0.003268863971641167
9.478000,-0.0034483407048870873,0.003268863971641167
9.480000,-0.0034483407048870873,0.003268863971641167
9.482000,-0.0085383607383136,0.003268863971641167
9.484000,-0.0085383607383136,0.003268863971641167
9.486000,-0.0085383607383136,0.003268863971641167
9.488000,-0.0085383607383136,0.003268863971641167
9.490000,-0.0085383607383136,0.003268863971641167
9.492000,-0.0034483407048870873,-0.0018269294185202511
9.494000,-0.0085383607383136,0.003268863971641167
9.496000,-0.0085383607383136,0.003268863971641167
9.498000,-0.0085383607383136,0.003268863971641167
9.500000,-0.0085383607383136,0.003268863971641167
9.502000,-0.0034483407048870873,0.003268863971641167
9.504000,-0.0034483407048870873,0.003268863971641167
9.506000,-0.0034483407048870873,0.003268863971641167
9.508000,-0.0034483407048870873,0.003268863971641167
9.510000,-0.0085383607383136,0.003268863971641167
9.512000,-0.0034483407048870873,0.003268863971641167
9.514000,-0.0034483407048870873,-0.0018269294185202511
9.516000,-0.0085383607383136,0.003268863971641167
9.518000,-0.0085383607383136,0.003268863971641167
9.520000,-0.0034483407048870873,0.003268863971641167
9.522000,-0.0085383607383136,0.003268863971641167
9.524000,-0.0085383607383136,0.003268863971641167
9.526000,-0.0034483407048870873,-0.0018269294185202511
9.528000,-0.0085383607383136,0.003268863971641167
9.530000,-0.0034483407048870873,0.003268863971641167
9.532000,-0.0034483407048870873,-0.0018269294185202511
9.534000,-0.0085383607383136,0.003268863971641167
9.536000,-0.0085383607383136,-0.0018269294185202511
9.538000,-0.0034483407048870873,-0.0018269294185202511
9.540000,-0.0085383607383136,0.003268863971641167
9.542000,-0.0085383607383136,0.003268863971641167
9.544000,-0.0034483407048870873,0.003268863971641167
9.546000,-0.0085383607383136,0.003268863971641167
9.548000,-0.0034483407048870873,0.003268863971641167
9.550000,-0.0034483407048870873,0.003268863971641167
9.552000,-0.0085383607383136,0.003268863971641167
9.554000,-0.0085383607383136,-0.0018269294185202511
9.556000,-0.0085383607383136,0.003268863971641167
9.558000,-0.0085383607383136,0.003268863971641167
9.560000,-0.0085383607383136,0.003268863971641167
9.562000,-0.0034483407048870873,-0.0018269294185202511
9.564000,-0.0034483407048870873,0.003268863971641167
9.566000,-0.0085383607383136,0.003268863971641167
9.568000,-0.0085383607383136,0.003268863971641167
9.570000,-0.0085383607383136,0.003268863971641167
9.572000,-0.0034483407048870873,-0.0018269294185202511
9.574000,-0.0034483407048870873,0.003268863971641167
9.576000,-0.0085383607383136,0.003268863971641167
9.578000,-0.0034483407048870873,0.003268863971641167
9.580000,-0.0085383607383136,-0.0018269294185202511
9.582000,-0.0085383607383136,0.003268863971641167
9.584000,-0.0085383607383136,0.003268863971641167
9.586000,-0.0034483407048870873,0.003268863971641167
9.588000,-0.0034483407048870873,-0.0018269294185202511
9.590000,-0.0034483407048870873,0.003268863971641167
9.592000,-0.0034483407048870873,0.003268863971641167
9.594000,-0.0034483407048870873,0.003268863971641167
9.596000,-0.0085383607383136,0.003268863971641167
9.598000,-0.0034483407048870873,0.003268863971641167
9.600000,-0.0085383607383136,0.003268863971641167
9.602000,-0.0034483407048870873,0.003268863971641167
9.604000,-0.0085383607383136,-0.0018269294185202511
9.606000,-0.0034483407048870873,0.003268863971641167
9.608000,-0.0034483407048870873,-0.0018269294185202511
9.610000,-0.0034483407048870873,0.003268863971641167
9.612000,-0.0085383607383136,0.003268863971641167
9.614000,-0.0034483407048870873,0.003268863971641167
9.616000,-0.0085383607383136,0.003268863971641167
9.618000,-0.0034483407048870873,0.003268863971641167
9.620000,-0.0085383607383136,-0.0018269294185202511
9.622000,-0.0085383607383136,0.003268863971641167
9.624000,-0.0034483407048870873,-0.0018269294185202511
9.626000,-0.0034483407048870873,-0.0018269294185202511
9.628000,-0.0085383607383136,0.003268863971641167
9.630000,-0.0085383607383136,0.003268863971641167
9.632000,-0.0085383607383136,0.003268863971641167
9.634000,-0.0034483407048870873,0.003268863971641167
9.636000,-0.0085383607383136,0.003268863971641167
9.638000,-0.0034483407048870873,0.003268863971641167
9.640000,-0.0085383607383136,0.003268863971641167
9.642000,-0.0034483407048870873,0.003268863971641167
9.644000,-0.0034483407048870873,0.003268863971641167
9.646000,-0.0034483407048870873,-0.0018269294185202511
9.648000,-0.0034483407048870873,0.003268863971641167
9.650000,-0.0085383607383136,0.003268863971641167
9.652000,-0.0085383607383136,0.003268863971641167
9.654000,-0.0085383607383136,0.003268863971641167
9.656000,-0.0085383607383136,0.003268863971641167
9.658000,-0.0034483407048870873,-0.0018269294185202511
9.660000,-0.0085383607383136,0.003268863971641167
9.662000,-0.0085383607383136,0.003268863971641167
9.664000,-0.0034483407048870873,0.003268863971641167
9.666000,-0.0034483407048870873,0.003268863971641167
9.668000,-0.0085383607383136,0.003268863971641167
9.670000,-0.0085383607383136,0.003268863971641167
9.672000,-0.0034483407048870873,0.003268863971641167
9.674000,-0.0034483407048870873,0.003268863971641167
9.676000,-0.0085383607383136,0.003268863971641167
9.678000,-0.0034483407048870873,0.003268863971641167
9.680000,-0.0034483407048870873,-0.0018269294185202511
9.682000,-0.0034483407048870873,0.003268863971641167
9.684000,-0.0085383607383136,0.003268863971641167
9.686000,-0.0085383607383136,0.003268863971641167
9.688000,-0.0034483407048870873,-0.0018269294185202511
9.690000,-0.0034483407048870873,-0.0018269294185202511
9.692000,-0.0085383607383136,0.003268863971641167
9.694000,-0.0034483407048870873,0.003268863971641167
9.696000,-0.0034483407048870873,0.003268863971641167
9.698000,-0.0034483407048870873,0.003268863971641167
9.700000,-0.0034483407048870873,0.003268863971641167
9.702000,-0.0034483407048870873,-0.0018269294185202511
9.704000,-0.0034483407048870873,0.003268863971641167
9.706000,-0.0085383607383136,-0.0018269294185202511
9.708000,-0.0085383607383136,0.003268863971641167
9.710000,-0.0085383607383136,0.003268863971641167
9.712000,-0.0034483407048870873,-0.0018269294185202511
9.714000,-0.0034483407048870873,0.003268863971641167
9.716000,-0.0034483407048870873,-0.0018269294185202511
9.718000,-0.0034483407048870873,0.003268863971641167
9.720000,-0.0034483407048870873,0.003268863971641167
9.722000,-0.0034483407048870873,0.003268863971641167
9.724000,-0.0085383607383136,-0.0018269294185202511
9.726000,-0.0034483407048870873,0.003268863971641167
9.728000,-0.0034483407048870873,-0.0018269294185202511
9.730000,-0.0085383607383136,0.003268863971641167
9.732000,-0.0085383607383136,-0.0018269294185202511
9.734000,-0.0034483407048870873,-0.0018269294185202511
9.736000,-0.0034483407048870873,0.003268863971641167
9.738000,-0.0034483407048870873,0.003268863971641167
9.740000,-0.0034483407048870873,0.003268863971641167
9.742000,-0.0034483407048870873,0.003268863971641167
9.744000,-0.0034483407048870873,0.003268863971641167
9.746000,-0.0034483407048870873,0.003268863971641167
9.748000,-0.0034483407048870873,-0.0018269294185202511
9.750000,-0.0085383607383136,0.003268863971641167
9.752000,-0.0034483407048870873,0.003268863971641167
9.754000,-0.0034483407048870873,0.003268863971641167
9.756000,-0.0085383607383136,0.003268863971641167
9.758000,-0.0085383607383136,0.003268863971641167
9.760000,-0.0034483407048870873,0.003268863971641167
9.762000,-0.0034483407048870873,0.003268863971641167
9.764000,-0.0034483407048870873,0.003268863971641167
9.766000,-0.0034483407048870873,0.003268863971641167
9.768000,-0.0034483407048870873,0.003268863971641167
9.770000,-0.0085383607383136,0.003268863971641167
9.772000,-0.0034483407048870873,0.003268863971641167
9.774000,-0.0034483407048870873,0.003268863971641167
9.776000,-0.0085383607383136,0.003268863971641167
9.778000,-0.0034483407048870873,0.003268863971641167
9.780000,-0.0034483407048870873,0.003268863971641167
9.782000,-0.0034483407048870873,0.003268863971641167
9.784000,-0.0034483407048870873,0.003268863971641167
9.786000,-0.0034483407048870873,0.003268863971641167
9.788000,-0.0034483407048870873,0.003268863971641167
9.790000,-0.0034483407048870873,0.003268863971641167
9.792000,-0.0034483407048870873,0.003268863971641167
9.794000,-0.0034483407048870873,-0.0018269294185202511
9.796000,-0.0034483407048870873,0.003268863971641167
9.798000,-0.0034483407048870873,-0.0018269294185202511
9.800000,-0.0034483407048870873,-0.0018269294185202511
9.802000,-0.0085383607383136,0.003268863971641167
9.804000,-0.0085383607383136,0.003268863971641167
9.806000,-0.0034483407048870873,0.003268863971641167
9.808000,-0.0085383607383136,-0.0018269294185202511
9.810000,-0.0034483407048870873,0.003268863971641167
9.812000,-0.0085383607383136,0.003268863971641167
9.814000,-0.0034483407048870873,0.003268863971641167
9.816000,-0.0034483407048870873,-0.0018269294185202511
9.818000,-0.0034483407048870873,-0.0018269294185202511
9.820000,-0.0034483407048870873,0.003268863971641167
9.822000,-0.0034483407048870873,-0.0018269294185202511
9.824000,-0.0034483407048870873,0.003268863971641167
9.826000,-0.0034483407048870873,0.003268863971641167
9.828000,-0.0034483407048870873,0.003268863971641167
9.830000,-0.0034483407048870873,0.003268863971641167
9.832000,-0.0085383607383136,0.003268863971641167
9.834000,-0.0034483407048870873,0.003268863971641167
9.836000,-0.0034483407048870873,0.003268863971641167
9.838000,-0.0034483407048870873,0.003268863971641167
9.840000,-0.0085383607383136,0.003268863971641167
9.842000,-0.0034483407048870873,0.003268863971641167
9.844000,-0.0034483407048870873,0.003268863971641167
9.846000,-0.0085383607383136,0.003268863971641167
9.848000,-0.0085383607383136,-0.0018269294185202511
9.850000,-0.0034483407048870873,0.003268863971641167
9.852000,-0.0085383607383136,-0.0018269294185202511
9.854000,-0.0034483407048870873,0.003268863971641167
9.856000,-0.0034483407048870873,0.003268863971641167
9.858000,-0.0034483407048870873,-0.0018269294185202511
9.860000,-0.0034483407048870873,0.003268863971641167
9.862000,-0.0034483407048870873,0.003268863971641167
9.864000,-0.0034483407048870873,-0.0018269294185202511
9.866000,-0.0034483407048870873,0.003268863971641167
9.868000,-0.0034483407048870873,0.003268863971641167
9.870000,-0.0034483407048870873,0.003268863971641167
9.872000,-0.0034483407048870873,0.003268863971641167
9.874000,-0.0034483407048870873,-0.0018269294185202511
9.876000,-0.0085383607383136,0.003268863971641167
9.878000,-0.0034483407048870873,-0.0018269294185202511
9.880000,-0.0034483407048870873,-0.0018269294185202511
9.882000,-0.0034483407048870873,0.003268863971641167
9.884000,-0.0034483407048870873,0.003268863971641167
9.886000,-0.0034483407048870873,-0.0018269294185202511
9.888000,-0.0034483407048870873,0.003268863971641167
9.890000,-0.0034483407048870873,0.003268863971641167
9.892000,-0.0034483407048870873,0.003268863971641167
9.894000,-0.0085383607383136,-0.0018269294185202511
9.896000,-0.0085383607383136,0.003268863971641167
9.898000,-0.0034483407048870873,-0.0018269294185202511
9.900000,-0.0034483407048870873,0.003268863971641167
9.902000,-0.0034483407048870873,0.003268863971641167
9.904000,-0.0034483407048870873,-0.0018269294185202511
9.906000,-0.0034483407048870873,0.003268863971641167
9.908000,-0.0034483407048870873,-0.0018269294185202511
9.910000,-0.0034483407048870873,0.003268863971641167
9.912000,-0.0085383607383136,0.003268863971641167
9.914000,-0.0034483407048870873,0.003268863971641167
9.916000,-0.0034483407048870873,-0.0018269294185202511
9.918000,-0.0034483407048870873,0.003268863971641167
9.920000,-0.0034483407048870873,0.003268863971641167
9.922000,-0.0034483407048870873,0.003268863971641167
9.924000,-0.0034483407048870873,0.003268863971641167
9.926000,-0.0034483407048870873,0.003268863971641167
9.928000,-0.0034483407048870873,-0.0018269294185202511
9.930000,-0.0034483407048870873,-0.0018269294185202511
9.932000,-0.0034483407048870873,0.003268863971641167
9.934000,-0.0085383607383136,0.003268863971641167
9.936000,-0.0034483407048870873,0.003268863971641167
9.938000,-0.0034483407048870873,0.003268863971641167
9.940000,-0.0034483407048870873,0.003268863971641167
9.942000,-0.0034483407048870873,0.003268863971641167
9.944000,-0.0034483407048870873,0.003268863971641167
9.946000,-0.0034483407048870873,0.003268863971641167
9.948000,-0.0034483407048870873,0.003268863971641167
9.950000,-0.0034483407048870873,0.003268863971641167
9.952000,-0.0034483407048870873,0.003268863971641167
9.954000,-0.0034483407048870873,-0.0018269294185202511
9.956000,-0.0034483407048870873,0.003268863971641167
9.958000,-0.0034483407048870873,0.003268863971641167
9.960000,-0.0034483407048870873,0.003268863971641167
9.962000,-0.0034483407048870873,0.003268863971641167
9.964000,-0.0034483407048870873,0.003268863971641167
9.966000,-0.0034483407048870873,-0.0018269294185202511
9.968000,-0.0034483407048870873,0.003268863971641167
9.970000,-0.0034483407048870873,0.003268863971641167
9.972000,-0.0034483407048870873,0.003268863971641167
9.974000,-0.0034483407048870873,0.003268863971641167
9.976000,-0.0034483407048870873,0.003268863971641167
9.978000,-0.0034483407048870873,0.003268863971641167
9.980000,-0.0034483407048870873,-0.0018269294185202511
9.982000,-0.0034483407048870873,0.003268863971641167
9.984000,-0.0034483407048870873,0.003268863971641167
9.986000,-0.0034483407048870873,0.003268863971641167
9.988000,-0.0034483407048870873,-0.0018269294185202511
9.990000,-0.0034483407048870873,0.003268863971641167
9.992000,-0.0034483407048870873,0.003268863971641167
9.994000,-0.0034483407048870873,0.003268863971641167
9.996000,-0.0034483407048870873,0.003268863971641167
9.998000,-0.0034483407048870873,0.003268863971641167
10.000000,-0.0034483407048870873,-0.0018269294185202511
10.002000,-0.0034483407048870873,0.003268863971641167
10.004000,-0.0034483407048870873,-0.0018269294185202511
10.006000,-0.0034483407048870873,0.003268863971641167
10.008000,-0.0034483407048870873,0.003268863971641167
10.010000,-0.0034483407048870873,-0.0018269294185202511
10.012000,-0.0034483407048870873,-0.0018269294185202511
10.014000,-0.0034483407048870873,0.003268863971641167
10.016000,-0.0034483407048870873,-0.0018269294185202511
10.018000,-0.0034483407048870873,0.003268863971641167
10.020000,-0.0034483407048870873,0.003268863971641167
10.022000,-0.0034483407048870873,0.003268863971641167
10.024000,-0.0034483407048870873,-0.0018269294185202511
10.026000,-0.0034483407048870873,0.003268863971641167
10.028000,-0.0034483407048870873,0.003268863971641167
10.030000,-0.0034483407048870873,0.003268863971641167
10.032000,-0.0034483407048870873,0.003268863971641167
10.034000,-0.0034483407048870873,0.003268863971641167
10.036000,-0.0034483407048870873,0.003268863971641167
10.038000,-0.0034483407048870873,0.003268863971641167
10.040000,-0.0034483407048870873,0.003268863971641167
10.042000,-0.0034483407048870873,0.003268863971641167
10.044000,-0.0034483407048870873,0.003268863971641167
10.046000,-0.0034483407048870873,-0.0018269294185202511
10.048000,-0.0034483407048870873,0.003268863971641167
10.050000,-0.0034483407048870873,0.003268863971641167
10.052000,-0.0034483407048870873,0.003268863971641167
10.054000,-0.0034483407048870873,0.003268863971641167
10.056000,-0.0034483407048870873,0.003268863971641167
10.058000,-0.0034483407048870873,-0.0018269294185202511
10.060000,-0.0034483407048870873,0.003268863971641167
10.062000,-0.0034483407048870873,0.003268863971641167
10.064000,-0.0034483407048870873,0.003268863971641167
10.066000,-0.0034483407048870873,0.003268863971641167
10.068000,-0.0034483407048870873,-0.0018269294185202511
10.070000,-0.0034483407048870873,-0.0018269294185202511
10.072000,-0.0034483407048870873,0.003268863971641167
10.074000,-0.0034483407048870873,0.003268863971641167
10.076000,-0.0034483407048870873,0.003268863971641167
10.078000,-0.0034483407048870873,0.003268863971641167
10.080000,-0.0034483407048870873,0.003268863971641167
10.082000,-0.0034483407048870873,0.003268863971641167
10.084000,-0.0034483407048870873,0.003268863971641167
10.086000,-0.0034483407048870873,0.003268863971641167
10.088000,-0.0034483407048870873,0.003268863971641167
10.090000,-0.0034483407048870873,0.003268863971641167
10.092000,-0.0034483407048870873,0.003268863971641167
10.094000,-0.0034483407048870873,-0.0018269294185202511
10.096000,-0.0034483407048870873,0.003268863971641167
10.098000,-0.0034483407048870873,-0.0018269294185202511
10.100000,-0.0034483407048870873,0.003268863971641167
10.102000,-0.0034483407048870873,0.003268863971641167
10.104000,-0.0034483407048870873,0.003268863971641167
10.106000,-0.0034483407048870873,-0.0018269294185202511
10.108000,-0.0034483407048870873,0.003268863971641167
10.110000,-0.0034483407048870873,0.003268863971641167
10.112000,-0.0034483407048870873,0.003268863971641167
10.114000,-0.0034483407048870873,0.003268863971641167
10.116000,-0.0034483407048870873,-0.0018269294185202511
10.118000,-0.0034483407048870873,0.003268863971641167
10.120000,-0.0034483407048870873,-0.0018269294185202511
10.122000,-0.0034483407048870873,0.003268863971641167
10.124000,-0.0034483407048870873,0.003268863971641167
10.126000,-0.0034483407048870873,-0.0018269294185202511
10.128000,-0.0034483407048870873,0.003268863971641167
10.130000,-0.0034483407048870873,-0.0018269294185202511
10.132000,-0.0034483407048870873,0.003268863971641167
10.134000,-0.0034483407048870873,0.003268863971641167
10.136000,-0.0034483407048870873,0.003268863971641167
10.138000,-0.0034483407048870873,0.003268863971641167
10.140000,-0.0034483407048870873,-0.0018269294185202511
10.142000,-0.0034483407048870873,-0.0018269294185202511
10.144000,-0.0034483407048870873,-0.0018269294185202511
10.146000,-0.0034483407048870873,0.003268863971641167
10.148000,-0.0034483407048870873,-0.0018269294185202511
10.150000,-0.0034483407048870873,0.003268863971641167
10.152000,-0.0034483407048870873,0.003268863971641167
10.154000,-0.0034483407048870873,0.003268863971641167
10.156000,-0.0034483407048870873,-0.0018269294185202511
10.158000,-0.0034483407048870873,0.003268863971641167
10.160000,-0.0034483407048870873,-0.0018269294185202511
10.162000,-0.0034483407048870873,0.003268863971641167
10.164000,-0.0034483407048870873,0.003268863971641167
10.166000,-0.0034483407048870873,-0.0018269294185202511
10.168000,-0.0034483407048870873,0.003268863971641167
10.170000,-0.0034483407048870873,-0.0018269294185202511
10.172000,-0.0034483407048870873,0.003268863971641167
10.174000,-0.0034483407048870873,0.003268863971641167
10.176000,-0.0034483407048870873,-0.0018269294185202511
10.178000,-0.0034483407048870873,0.003268863971641167
10.180000,-0.0034483407048870873,0.003268863971641167
10.182000,-0.0034483407048870873,0.003268863971641167
10.184000,-0.0034483407048870873,0.003268863971641167
10.186000,-0.0034483407048870873,0.003268863971641167
10.188000,-0.0034483407048870873,0.003268863971641167
10.190000,-0.0034483407048870873,0.003268863971641167
10.192000,-0.0034483407048870873,0.003268863971641167
10.194000,-0.0034483407048870873,0.003268863971641167
10.196000,-0.0034483407048870873,0.003268863971641167
10.198000,-0.0034483407048870873,0.003268863971641167
10.200000,-0.0034483407048870873,-0.0018269294185202511
10.202000,-0.0034483407048870873,0.003268863971641167
10.204000,-0.0034483407048870873,-0.0018269294185202511
10.206000,-0.0034483407048870873,0.003268863971641167
10.208000,-0.0034483407048870873,-0.0018269294185202511
10.210000,-0.0034483407048870873,0.003268863971641167
10.212000,-0.0034483407048870873,0.003268863971641167
10.214000,-0.0034483407048870873,0.003268863971641167
10.216000,-0.0034483407048870873,0.003268863971641167
10.218000,-0.0034483407048870873,0.003268863971641167
10.220000,-0.0034483407048870873,0.003268863971641167
10.222000,-0.0034483407048870873,0.003268863971641167
10.224000,-0.0034483407048870873,-0.0018269294185202511
10.226000,-0.0034483407048870873,0.003268863971641167
10.228000,-0.0034483407048870873,0.003268863971641167
10.230000,-0.0034483407048870873,0.003268863971641167
10.232000,-0.0034483407048870873,0.003268863971641167
10.234000,-0.0034483407048870873,0.003268863971641167
10.236000,-0.0034483407048870873,0.003268863971641167
10.238000,-0.0034483407048870873,0.003268863971641167
10.240000,-0.0034483407048870873,0.003268863971641167
10.242000,-0.0034483407048870873,0.003268863971641167
10.244000,-0.0034483407048870873,0.003268863971641167
10.246000,-0.0034483407048870873,0.003268863971641167
10.248000,-0.0034483407048870873,0.003268863971641167
10.250000,-0.0034483407048870873,0.003268863971641167
10.252000,-0.0034483407048870873,0.003268863971641167
10.254000,-0.0034483407048870873,0.003268863971641167
10.256000,-0.0034483407048870873,-0.0018269294185202511
10.258000,-0.0034483407048870873,-0.0018269294185202511
10.260000,-0.0034483407048870873,0.003268863971641167
10.262000,-0.0034483407048870873,0.003268863971641167
10.264000,-0.0034483407048870873,0.003268863971641167
10.266000,-0.0034483407048870873,-0.0018269294185202511
10.268000,-0.0034483407048870873,0.003268863971641167
10.270000,-0.0034483407048870873,-0.0018269294185202511
10.272000,-0.0034483407048870873,0.003268863971641167
10.274000,-0.0034483407048870873,0.003268863971641167
10.276000,-0.0034483407048870873,0.003268863971641167
10.278000,-0.0034483407048870873,-0.0018269294185202511
10.280000,-0.0034483407048870873,-0.0018269294185202511
10.282000,-0.0034483407048870873,0.003268863971641167
10.284000,-0.0034483407048870873,0.003268863971641167
10.286000,-0.0034483407048870873,0.003268863971641167
10.288000,-0.0034483407048870873,0.003268863971641167
10.290000,-0.0034483407048870873,0.003268863971641167
10.292000,-0.0034483407048870873,0.003268863971641167
10.294000,-0.0034483407048870873,0.003268863971641167
10.296000,-0.0034483407048870873,0.003268863971641167
10.298000,-0.0034483407048870873,0.003268863971641167
10.300000,-0.0034483407048870873,0.003268863971641167
10.302000,-0.0034483407048870873,-0.0018269294185202511
10.304000,-0.0034483407048870873,0.003268863971641167
10.306000,-0.0034483407048870873,0.003268863971641167
10.308000,-0.0034483407048870873,0.003268863971641167
10.310000,-0.0034483407048870873,0.003268863971641167
10.312000,-0.0034483407048870873,0.003268863971641167
10.314000,-0.0034483407048870873,0.003268863971641167
10.316000,-0.0034483407048870873,0.003268863971641167
10.318000,-0.0034483407048870873,-0.0018269294185202511
10.320000,-0.0034483407048870873,0.003268863971641167
10.322000,0.0016416793285394249,0.003268863971641167
10.324000,-0.0034483407048870873,0.003268863971641167
10.326000,0.0016416793285394249,0.003268863971641167
10.328000,-0.0034483407048870873,0.003268863971641167
10.330000,0.0016416793285394249,0.003268863971641167
10.332000,0.0016416793285394249,0.003268863971641167
10.334000,0.0016416793285394249,-0.0018269294185202511
10.336000,0.0016416793285394249,0.003268863971641167
10.338000,0.0016416793285394249,0.003268863971641167
10.340000,0.0016416793285394249,0.003268863971641167
10.342000,0.0016416793285394249,0.003268863971641167
10.344000,0.0016416793285394249,0.003268863971641167
10.346000,0.0016416793285394249,0.003268863971641167
10.348000,0.0016416793285394249,0.003268863971641167
10.350000,0.0016416793285394249,0.003268863971641167
10.352000,0.0016416793285394249,-0.0018269294185202511
10.354000,0.0016416793285394249,-0.0018269294185202511
10.356000,0.0016416793285394249,0.003268863971641167
10.358000,0.0016416793285394249,0.003268863971641167
10.360000,0.0016416793285394249,0.003268863971641167
10.362000,0.0016416793285394249,-0.0018269294185202511
10.364000,0.0016416793285394249,0.003268863971641167
10.366000,0.0016416793285394249,-0.0018269294185202511
10.368000,0.0016416793285394249,0.003268863971641167
10.370000,0.0016416793285394249,0.003268863971641167
10.372000,0.0016416793285394249,-0.0018269294185202511
10.374000,0.0016416793285394249,0.003268863971641167
10.376000,0.0016416793285394249,-0.0018269294185202511
10.378000,0.0016416793285394249,0.003268863971641167
10.380000,0.0016416793285394249,0.003268863971641167
10.382000,0.0016416793285394249,0.003268863971641167
10.384000,0.0016416793285394249,0.003268863971641167
10.386000,0.0016416793285394249,0.003268863971641167
10.388000,0.0016416793285394249,0.003268863971641167
10.390000,0.0016416793285394249,0.003268863971641167
10.392000,0.0016416793285394249,0.003268863971641167
10.394000,0.0016416793285394249,0.003268863971641167
10.396000,0.0016416793285394249,0.003268863971641167
10.398000,0.0016416793285394249,0.003268863971641167
10.400000,0.006731699361965937,-0.0018269294185202511
10.402000,0.0016416793285394249,-0.0018269294185202511
10.404000,0.0016416793285394249,0.003268863971641167
10.406000,0.006731699361965937,-0.0018269294185202511
10.408000,0.0016416793285394249,0.003268863971641167
10.410000,0.006731699361965937,-0.0018269294185202511
10.412000,0.006731699361965937,0.003268863971641167
10.414000,0.006731699361965937,-0.0018269294185202511
10.416000,0.006731699361965937,0.003268863971641167
10.418000,0.006731699361965937,-0.0018269294185202511
10.420000,0.006731699361965937,0.003268863971641167
10.422000,0.006731699361965937,-0.0018269294185202511
10.424000,0.006731699361965937,0.003268863971641167
10.426000,0.006731699361965937,0.003268863971641167
10.428000,0.006731699361965937,0.003268863971641167
10.430000,0.006731699361965937,0.003268863971641167
10.432000,0.006731699361965937,-0.0018269294185202511
10.434000,0.006731699361965937,0.003268863971641167
10.436000,0.006731699361965937,-0.0018269294185202511
10.438000,0.006731699361965937,-0.0018269294185202511
10.440000,0.006731699361965937,0.003268863971641167
10.442000,0.006731699361965937,0.003268863971641167
10.444000,0.006731699361965937,0.003268863971641167
10.446000,0.006731699361965937,0.003268863971641167
10.448000,0.006731699361965937,0.003268863971641167
10.450000,0.006731699361965937,0.003268863971641167
10.452000,0.006731699361965937,-0.0018269294185202511
10.454000,0.006731699361965937,0.003268863971641167
10.456000,0.011821719395394226,-0.0018269294185202511
10.458000,0.006731699361965937,0.003268863971641167
10.460000,0.011821719395394226,0.003268863971641167
10.462000,0.011821719395394226,0.003268863971641167
10.464000,0.011821719395394226,0.003268863971641167
10.466000,0.011821719395394226,0.003268863971641167
10.468000,0.011821719395394226,0.003268863971641167
10.470000,0.016911739428820738,0.003268863971641167
10.472000,0.016911739428820738,0.003268863971641167
10.474000,0.016911739428820738,0.003268863971641167
10.476000,0.016911739428820738,0.003268863971641167
10.478000,0.016911739428820738,0.003268863971641167
10.480000,0.016911739428820738,0.003268863971641167
10.482000,0.016911739428820738,-0.0018269294185202511
10.484000,0.016911739428820738,0.003268863971641167
10.486000,0.02200175946224725,0.003268863971641167
10.488000,0.02200175946224725,0.003268863971641167
10.490000,0.02200175946224725,0.003268863971641167
10.492000,0.02200175946224725,-0.0018269294185202511
10.494000,0.02200175946224725,0.003268863971641167
10.496000,0.02200175946224725,0.003268863971641167
10.498000,0.02200175946224725,0.003268863971641167
10.500000,0.027091779495673762,0.003268863971641167
10.502000,0.027091779495673762,0.003268863971641167
10.504000,0.027091779495673762,0.003268863971641167
10.506000,0.027091779495673762,0.003268863971641167
10.508000,0.027091779495673762,0.003268863971641167
10.510000,0.027091779495673762,0.003268863971641167
10.512000,0.027091779495673762,-0.0018269294185202511
10.514000,0.027091779495673762,0.003268863971641167
10.516000,0.027091779495673762,0.003268863971641167
10.518000,0.027091779495673762,0.003268863971641167
10.520000,0.032181799529100275,-0.0018269294185202511
10.522000,0.027091779495673762,0.003268863971641167
10.524000,0.032181799529100275,0.003268863971641167
10.526000,0.032181799529100275,0.003268863971641167
10.528000,0.032181799529100275,0.003268863971641167
10.530000,0.032181799529100275,0.003268863971641167
10.532000,0.03727181956252679,-0.0018269294185202511
10.534000,0.03727181956252679,0.003268863971641167
10.536000,0.03727181956252679,-0.0018269294185202511
10.538000,0.032181799529100275,0.003268863971641167
10.540000,0.03727181956252679,0.003268863971641167
10.542000,0.03727181956252679,0.003268863971641167
10.544000,0.03727181956252679,0.003268863971641167
10.546000,0.03727181956252679,0.003268863971641167
10.548000,0.03727181956252679,-0.0018269294185202511
10.550000,0.03727181956252679,0.003268863971641167
10.552000,0.03727181956252679,0.003268863971641167
10.554000,0.0423618395959533,0.003268863971641167
10.556000,0.0423618395959533,-0.0018269294185202511
10.558000,0.0423618395959533,0.003268863971641167
10.560000,0.0423618395959533,0.003268863971641167
10.562000,0.0423618395959533,-0.0018269294185202511
10.564000,0.0423618395959533,-0.0018269294185202511
10.566000,0.0423618395959533,-0.0018269294185202511
10.568000,0.0423618395959533,-0.0018269294185202511
10.570000,0.0423618395959533,0.003268863971641167
10.572000,0.0423618395959533,-0.0018269294185202511
10.574000,0.0423618395959533,0.003268863971641167
10.576000,0.0423618395959533,0.003268863971641167
10.578000,0.0423618395959533,0.003268863971641167
10.580000,0.0423618395959533,0.003268863971641167
10.582000,0.04745185962938159,0.003268863971641167
10.584000,0.04745185962938159,0.003268863971641167
10.586000,0.0423618395959533,0.003268863971641167
10.588000,0.04745185962938159,0.003268863971641167
10.590000,0.04745185962938159,0.003268863971641167
10.592000,0.04745185962938159,0.003268863971641167
10.594000,0.04745185962938159,-0.0018269294185202511
10.596000,0.04745185962938159,0.003268863971641167
10.598000,0.04745185962938159,0.003268863971641167
10.600000,0.04745185962938159,0.003268863971641167
10.602000,0.04745185962938159,0.003268863971641167
10.604000,0.04745185962938159,0.003268863971641167
10.606000,0.04745185962938159,0.003268863971641167
10.608000,0.04745185962938159,0.003268863971641167
10.610000,0.0525418796628081,0.003268863971641167
10.612000,0.0525418796628081,0.003268863971641167
10.614000,0.0525418796628081,-0.0018269294185202511
10.616000,0.0525418796628081,0.003268863971641167
10.618000,0.05763189969623461,0.003268863971641167
10.620000,0.0525418796628081,0.003268863971641167
10.622000,0.05763189969623461,-0.0018269294185202511
10.624000,0.05763189969623461,-0.0018269294185202511
10.626000,0.05763189969623461,-0.0018269294185202511
10.628000,0.05763189969623461,-0.0018269294185202511
10.630000,0.05763189969623461,0.003268863971641167
10.632000,0.05763189969623461,-0.0018269294185202511
10.634000,0.05763189969623461,-0.0018269294185202511
10.636000,0.05763189969623461,0.003268863971641167
10.638000,0.05763189969623461,0.003268863971641167
10.640000,0.05763189969623461,0.003268863971641167
10.642000,0.05763189969623461,0.003268863971641167
10.644000,0.05763189969623461,0.003268863971641167
10.646000,0.05763189969623461,-0.0018269294185202511
10.648000,0.05763189969623461,0.003268863971641167
10.650000,0.05763189969623461,-0.0018269294185202511
10.652000,0.05763189969623461,-0.0018269294185202511
10.654000,0.05763189969623461,0.003268863971641167
10.656000,0.05763189969623461,-0.0018269294185202511
10.658000,0.05763189969623461,-0.0018269294185202511
10.660000,0.05763189969623461,-0.0018269294185202511
10.662000,0.05763189969623461,0.003268863971641167
10.664000,0.05763189969623461,0.003268863971641167
10.666000,0.05763189969623461,0.003268863971641167
10.668000,0.05763189969623461,0.003268863971641167
10.670000,0.05763189969623461,0.003268863971641167
10.672000,0.05763189969623461,-0.0018269294185202511
10.674000,0.05763189969623461,-0.0018269294185202511
10.676000,0.05763189969623461,-0.0018269294185202511
10.678000,0.05763189969623461,0.003268863971641167
10.680000,0.05763189969623461,0.003268863971641167
10.682000,0.05763189969623461,0.003268863971641167
10.684000,0.05763189969623461,0.003268863971641167
10.686000,0.0525418796628081,0.003268863971641167
10.688000,0.0525418796628081,-0.0018269294185202511
10.690000,0.0525418796628081,0.003268863971641167
10.692000,0.0525418796628081,0.003268863971641167
10.694000,0.0525418796628081,0.003268863971641167
10.696000,0.0525418796628081,0.003268863971641167
10.698000,0.0525418796628081,-0.0018269294185202511
10.700000,0.0525418796628081,0.003268863971641167
10.702000,0.0525418796628081,0.003268863971641167
10.704000,0.04745185962938159,0.003268863971641167
10.706000,0.04745185962938159,-0.0018269294185202511
10.708000,0.04745185962938159,0.003268863971641167
10.710000,0.04745185962938159,0.003268863971641167
10.712000,0.04745185962938159,0.003268863971641167
10.714000,0.04745185962938159,0.003268863971641167
10.716000,0.04745185962938159,0.003268863971641167
10.718000,0.04745185962938159,0.003268863971641167
10.720000,0.0423618395959533,0.003268863971641167
10.722000,0.0423618395959533,0.003268863971641167
10.724000,0.0423618395959533,0.003268863971641167
10.726000,0.0423618395959533,-0.0018269294185202511
10.728000,0.0423618395959533,-0.0018269294185202511
10.730000,0.0423618395959533,0.003268863971641167
10.732000,0.0423618395959533,-0.0018269294185202511
10.734000,0.0423618395959533,0.003268863971641167
10.736000,0.03727181956252679,-0.0018269294185202511
10.738000,0.03727181956252679,0.003268863971641167
10.740000,0.03727181956252679,0.003268863971641167
10.742000,0.032181799529100275,-0.0018269294185202511
10.744000,0.032181799529100275,-0.0018269294185202511
10.746000,0.032181799529100275,-0.0018269294185202511
10.748000,0.032181799529100275,0.003268863971641167
10.750000,0.027091779495673762,0.003268863971641167
10.752000,0.027091779495673762,-0.0018269294185202511
10.754000,0.027091779495673762,0.003268863971641167
10.756000,0.027091779495673762,0.003268863971641167
10.758000,0.027091779495673762,-0.0018269294185202511
10.760000,0.027091779495673762,-0.0018269294185202511
10.762000,0.02200175946224725,-0.0018269294185202511
10.764000,0.02200175946224725,0.003268863971641167
10.766000,0.02200175946224725,0.003268863971641167
10.768000,0.02200175946224725,0.003268863971641167
10.770000,0.016911739428820738,0.003268863971641167
10.772000,0.016911739428820738,0.003268863971641167
10.774000,0.016911739428820738,0.003268863971641167
10.776000,0.016911739428820738,0.003268863971641167
10.778000,0.016911739428820738,0.003268863971641167
10.780000,0.011821719395394226,0.003268863971641167
10.782000,0.011821719395394226,0.003268863971641167
10.784000,0.011821719395394226,-0.0018269294185202511
10.786000,0.011821719395394226,0.003268863971641167
10.788000,0.006731699361965937,0.003268863971641167
10.790000,0.006731699361965937,0.003268863971641167
10.792000,0.006731699361965937,0.003268863971641167
10.794000,0.006731699361965937,0.003268863971641167
10.796000,0.006731699361965937,0.003268863971641167
10.798000,0.006731699361965937,0.003268863971641167
10.800000,0.006731699361965937,0.003268863971641167
10.802000,0.006731699361965937,0.003268863971641167
10.804000,0.0016416793285394249,0.003268863971641167
10.806000,0.0016416793285394249,0.003268863971641167
10.808000,0.0016416793285394249,0.003268863971641167
10.810000,0.0016416793285394249,0.003268863971641167
10.812000,0.0016416793285394249,0.003268863971641167
10.814000,0.0016416793285394249,-0.0018269294185202511
10.816000,0.0016416793285394249,0.003268863971641167
10.818000,0.0016416793285394249,0.003268863971641167
10.820000,0.0016416793285394249,0.003268863971641167
10.822000,0.0016416793285394249,0.003268863971641167
10.824000,0.0016416793285394249,0.003268863971641167
10.826000,0.0016416793285394249,0.003268863971641167
10.828000,0.0016416793285394249,0.003268863971641167
10.830000,-0.0034483407048870873,0.003268863971641167
10.832000,-0.0034483407048870873,0.003268863971641167
10.834000,-0.0034483407048870873,0.003268863971641167
10.836000,-0.0034483407048870873,0.003268863971641167
10.838000,-0.0034483407048870873,-0.0018269294185202511
10.840000,-0.0034483407048870873,0.003268863971641167
10.842000,-0.0034483407048870873,-0.0018269294185202511
10.844000,-0.0034483407048870873,-0.0018269294185202511
10.846000,-0.0034483407048870873,0.003268863971641167
10.848000,-0.0085383607383136,0.003268863971641167
10.850000,-0.0034483407048870873,0.003268863971641167
10.852000,-0.0085383607383136,0.003268863971641167
10.854000,-0.0085383607383136,0.003268863971641167
10.856000,-0.0085383607383136,0.003268863971641167
10.858000,-0.0085383607383136,0.003268863971641167
10.860000,-0.0085383607383136,0.003268863971641167
10.862000,-0.0085383607383136,0.003268863971641167
10.864000,-0.0085383607383136,0.003268863971641167
10.866000,-0.0085383607383136,0.003268863971641167
10.868000,-0.0085383607383136,-0.0018269294185202511
10.870000,-0.0085383607383136,-0.0018269294185202511
10.872000,-0.0085383607383136,-0.0018269294185202511
10.874000,-0.0085383607383136,0.003268863971641167
10.876000,-0.0085383607383136,-0.0018269294185202511
10.878000,-0.0085383607383136,-0.0018269294185202511
10.880000,-0.0085383607383136,0.003268863971641167
10.882000,-0.0085383607383136,0.003268863971641167
10.884000,-0.0085383607383136,-0.0018269294185202511
10.886000,-0.0085383607383136,0.003268863971641167
10.888000,-0.0085383607383136,0.003268863971641167
10.890000,-0.0085383607383136,-0.0018269294185202511
10.892000,-0.0085383607383136,0.003268863971641167
10.894000,-0.0085383607383136,0.003268863971641167
10.896000,-0.0085383607383136,0.003268863971641167
10.898000,-0.0085383607383136,0.003268863971641167
10.900000,-0.0085383607383136,0.003268863971641167
10.902000,-0.0085383607383136,-0.0018269294185202511
10.904000,-0.0085383607383136,-0.0018269294185202511
10.906000,-0.0085383607383136,0.003268863971641167
10.908000,-0.0085383607383136,0.003268863971641167
10.910000,-0.0085383607383136,0.003268863971641167
10.912000,-0.0085383607383136,-0.0018269294185202511
10.914000,-0.0085383607383136,-0.0018269294185202511
10.916000,-0.0085383607383136,0.003268863971641167
10.918000,-0.0085383607383136,0.003268863971641167
10.920000,-0.0085383607383136,0.003268863971641167
10.922000,-0.0085383607383136,0.003268863971641167
10.924000,-0.0085383607383136,0.003268863971641167
10.926000,-0.0085383607383136,0.003268863971641167
10.928000,-0.0085383607383136,0.003268863971641167
10.930000,-0.0085383607383136,0.003268863971641167
10.932000,-0.0085383607383136,0.003268863971641167
10.934000,-0.0085383607383136,0.003268863971641167
10.936000,-0.0085383607383136,0.003268863971641167
10.938000,-0.0085383607383136,-0.0018269294185202511
10.940000,-0.0085383607383136,0.003268863971641167
10.942000,-0.0085383607383136,0.003268863971641167
10.944000,-0.0085383607383136,-0.0018269294185202511
10.946000,-0.0085383607383136,0.003268863971641167
10.948000,-0.0085383607383136,0.003268863971641167
10.950000,-0.0085383607383136,-0.0018269294185202511
10.952000,-0.0085383607383136,-0.0018269294185202511
10.954000,-0.0085383607383136,0.003268863971641167
10.956000,-0.0085383607383136,0.003268863971641167
10.958000,-0.0085383607383136,-0.0018269294185202511
10.960000,-0.0085383607383136,0.003268863971641167
10.962000,-0.0085383607383136,-0.0018269294185202511
10.964000,-0.0085383607383136,0.003268863971641167
10.966000,-0.0085383607383136,0.003268863971641167
10.968000,-0.0085383607383136,-0.0018269294185202511
10.970000,-0.0085383607383136,0.003268863971641167
10.972000,-0.0085383607383136,-0.0018269294185202511
10.974000,-0.0085383607383136,0.003268863971641167
10.976000,-0.0085383607383136,0.003268863971641167
10.978000,-0.0085383607383136,0.003268863971641167
10.980000,-0.0085383607383136,0.003268863971641167
10.982000,-0.0085383607383136,0.003268863971641167
10.984000,-0.0085383607383136,0.003268863971641167
10.986000,-0.0085383607383136,0.003268863971641167
10.988000,-0.0085383607383136,-0.0018269294185202511
10.990000,-0.0085383607383136,0.003268863971641167
10.992000,-0.0085383607383136,0.003268863971641167
10.994000,-0.0085383607383136,0.003268863971641167
10.996000,-0.0085383607383136,-0.0018269294185202511
10.998000,-0.0085383607383136,0.003268863971641167
11.000000,-0.0085383607383136,0.003268863971641167
11.002000,-0.0085383607383136,0.003268863971641167
11.004000,-0.0085383607383136,0.003268863971641167
11.006000,-0.0085383607383136,-0.0018269294185202511
11.008000,-0.0085383607383136,-0.0018269294185202511
11.010000,-0.0085383607383136,0.003268863971641167
11.012000,-0.0085383607383136,-0.0018269294185202511
11.014000,-0.0085383607383136,0.003268863971641167
11.016000,-0.0085383607383136,0.003268863971641167
11.018000,-0.0085383607383136,0.003268863971641167
11.020000,-0.0085383607383136,-0.0018269294185202511
11.022000,-0.0085383607383136,0.003268863971641167
11.024000,-0.0085383607383136,0.003268863971641167
11.026000,-0.0085383607383136,0.003268863971641167
11.028000,-0.0085383607383136,0.003268863971641167
11.030000,-0.0085383607383136,0.003268863971641167
11.032000,-0.0085383607383136,0.003268863971641167
11.034000,-0.0085383607383136,0.003268863971641167
11.036000,-0.0085383607383136,-0.0018269294185202511
11.038000,-0.0085383607383136,-0.0018269294185202511
11.040000,-0.0085383607383136,0.003268863971641167
11.042000,-0.0085383607383136,0.003268863971641167
11.044000,-0.0085383607383136,0.003268863971641167
11.046000,-0.0085383607383136,-0.0018269294185202511
11.048000,-0.0085383607383136,0.003268863971641167
11.050000,-0.0085383607383136,-0.0018269294185202511
11.052000,-0.0085383607383136,0.003268863971641167
11.054000,-0.0085383607383136,0.003268863971641167
11.056000,-0.0085383607383136,0.003268863971641167
11.058000,-0.0085383607383136,0.003268863971641167
11.060000,-0.0085383607383136,0.003268863971641167
11.062000,-0.0085383607383136,0.003268863971641167
11.064000,-0.0085383607383136,0.003268863971641167
11.066000,-0.0085383607383136,0.003268863971641167
11.068000,-0.0085383607383136,0.003268863971641167
11.070000,-0.0085383607383136,-0.0018269294185202511
11.072000,-0.0085383607383136,0.003268863971641167
11.074000,-0.0085383607383136,0.003268863971641167
11.076000,-0.0085383607383136,0.003268863971641167
11.078000,-0.0085383607383136,0.003268863971641167
11.080000,-0.0085383607383136,0.003268863971641167
11.082000,-0.0085383607383136,0.003268863971641167
11.084000,-0.0085383607383136,0.003268863971641167
11.086000,-0.0085383607383136,-0.0018269294185202511
11.088000,-0.0085383607383136,-0.0018269294185202511
11.090000,-0.0085383607383136,-0.0018269294185202511
11.092000,-0.0085383607383136,-0.0018269294185202511
11.094000,-0.0085383607383136,0.003268863971641167
11.096000,-0.0085383607383136,0.003268863971641167
11.098000,-0.0085383607383136,0.003268863971641167
11.100000,-0.0085383607383136,0.003268863971641167
11.102000,-0.0085383607383136,-0.0018269294185202511
11.104000,-0.0085383607383136,-0.0018269294185202511
11.106000,-0.0085383607383136,-0.0018269294185202511
11.108000,-0.0085383607383136,0.003268863971641167
11.110000,-0.0085383607383136,0.003268863971641167
11.112000,-0.0085383607383136,0.003268863971641167
11.114000,-0.0085383607383136,0.003268863971641167
11.116000,-0.0085383607383136,-0.0018269294185202511
11.118000,-0.0085383607383136,0.003268863971641167
11.120000,-0.0085383607383136,-0.0018269294185202511
11.122000,-0.0085383607383136,0.003268863971641167
11.124000,-0.0085383607383136,0.003268863971641167
11.126000,-0.0085383607383136,0.003268863971641167
11.128000,-0.0085383607383136,0.003268863971641167
11.130000,-0.0085383607383136,0.003268863971641167
11.132000,-0.0085383607383136,0.003268863971641167
11.134000,-0.0085383607383136,0.003268863971641167
11.136000,-0.0085383607383136,-0.0018269294185202511
11.138000,-0.0085383607383136,-0.0018269294185202511
11.140000,-0.0085383607383136,0.003268863971641167
11.142000,-0.0085383607383136,0.003268863971641167
11.144000,-0.0085383607383136,-0.0018269294185202511
11.146000,-0.0085383607383136,-0.0018269294185202511
11.148000,-0.0085383607383136,0.003268863971641167
11.150000,-0.0085383607383136,0.003268863971641167
11.152000,-0.0085383607383136,0.003268863971641167
11.154000,-0.0085383607383136,0.003268863971641167
11.156000,-0.0085383607383136,0.003268863971641167
11.158000,-0.0085383607383136,0.003268863971641167
11.160000,-0.0085383607383136,0.003268863971641167
11.162000,-0.0085383607383136,0.003268863971641167
11.164000,-0.0085383607383136,0.003268863971641167
11.166000,-0.0085383607383136,0.003268863971641167
11.168000,-0.0085383607383136,0.003268863971641167
11.170000,-0.0085383607383136,0.003268863971641167
11.172000,-0.0085383607383136,0.003268863971641167
11.174000,-0.0085383607383136,-0.0018269294185202511
11.176000,-0.0085383607383136,0.003268863971641167
11.178000,-0.0085383607383136,0.003268863971641167
11.180000,-0.0085383607383136,0.003268863971641167
11.182000,-0.0085383607383136,-0.0018269294185202511
11.184000,-0.0085383607383136,0.003268863971641167
11.186000,-0.0085383607383136,0.003268863971641167
11.188000,-0.0085383607383136,-0.0018269294185202511
11.190000,-0.0085383607383136,0.003268863971641167
11.192000,-0.0085383607383136,0.003268863971641167
11.194000,-0.0085383607383136,-0.0018269294185202511
11.196000,-0.0085383607383136,-0.0018269294185202511
11.198000,-0.0085383607383136,0.003268863971641167
11.200000,-0.0085383607383136,0.003268863971641167
11.202000,-0.0085383607383136,0.003268863971641167
11.204000,-0.0085383607383136,0.003268863971641167
11.206000,-0.0085383607383136,0.003268863971641167
11.208000,-0.0085383607383136,0.003268863971641167
11.210000,-0.0085383607383136,-0.0018269294185202511
11.212000,-0.0085383607383136,0.003268863971641167
11.214000,-0.0085383607383136,0.003268863971641167
11.216000,-0.0085383607383136,0.003268863971641167
11.218000,-0.0085383607383136,0.003268863971641167
11.220000,-0.0085383607383136,0.003268863971641167
11.222000,-0.0085383607383136,0.003268863971641167
11.224000,-0.0085383607383136,0.003268863971641167
11.226000,-0.0085383607383136,0.003268863971641167
11.228000,-0.0085383607383136,0.003268863971641167
11.230000,-0.0085383607383136,0.003268863971641167
11.232000,-0.0085383607383136,0.003268863971641167
11.234000,-0.0085383607383136,-0.0018269294185202511
11.236000,-0.0085383607383136,0.003268863971641167
11.238000,-0.0085383607383136,0.003268863971641167
11.240000,-0.0085383607383136,0.003268863971641167
11.242000,-0.0085383607383136,0.003268863971641167
11.244000,-0.0085383607383136,0.003268863971641167
11.246000,-0.0085383607383136,-0.0018269294185202511
11.248000,-0.0085383607383136,0.003268863971641167
11.250000,-0.0085383607383136,0.003268863971641167
11.252000,-0.0085383607383136,0.003268863971641167
11.254000,-0.0085383607383136,0.003268863971641167
11.256000,-0.0085383607383136,0.003268863971641167
11.258000,-0.0085383607383136,0.003268863971641167
11.260000,-0.0085383607383136,0.003268863971641167
11.262000,-0.0085383607383136,-0.0018269294185202511
11.264000,-0.0085383607383136,0.003268863971641167
11.266000,-0.0085383607383136,0.003268863971641167
11.268000,-0.0085383607383136,0.003268863971641167
11.270000,-0.0085383607383136,-0.0018269294185202511
11.272000,-0.0085383607383136,0.003268863971641167
11.274000,-0.0085383607383136,0.003268863971641167
11.276000,-0.0085383607383136,0.003268863971641167
11.278000,-0.0085383607383136,0.003268863971641167
11.280000,-0.0085383607383136,0.003268863971641167
11.282000,-0.0085383607383136,0.003268863971641167
11.284000,-0.0085383607383136,-0.0018269294185202511
11.286000,-0.0034483407048870873,0.003268863971641167
11.288000,-0.0085383607383136,0.003268863971641167
11.290000,-0.0085383607383136,-0.0018269294185202511
11.292000,-0.0085383607383136,0.003268863971641167
11.294000,-0.0085383607383136,0.003268863971641167
11.296000,-0.0085383607383136,0.003268863971641167
11.298000,-0.0085383607383136,0.003268863971641167
11.300000,-0.0085383607383136,0.003268863971641167
11.302000,-0.0085383607383136,0.003268863971641167
11.304000,-0.0085383607383136,0.003268863971641167
11.306000,-0.0085383607383136,0.003268863971641167
11.308000,-0.0085383607383136,0.003268863971641167
11.310000,-0.0085383607383136,-0.0018269294185202511
11.312000,-0.0085383607383136,0.003268863971641167
11.314000,-0.0085383607383136,0.003268863971641167
11.316000,-0.0085383607383136,-0.0018269294185202511
11.318000,-0.0034483407048870873,0.003268863971641167
11.320000,-0.0085383607383136,0.003268863971641167
11.322000,-0.0085383607383136,-0.0018269294185202511
11.324000,-0.0085383607383136,-0.0018269294185202511
11.326000,-0.0085383607383136,0.003268863971641167
11.328000,-0.0085383607383136,0.003268863971641167
11.330000,-0.0085383607383136,-0.0018269294185202511
11.332000,-0.0085383607383136,-0.0018269294185202511
11.334000,-0.0085383607383136,0.003268863971641167
11.336000,-0.0085383607383136,0.003268863971641167
11.338000,-0.0085383607383136,0.003268863971641167
11.340000,-0.0085383607383136,0.003268863971641167
11.342000,-0.0085383607383136,0.003268863971641167
11.344000,-0.0085383607383136,-0.0018269294185202511
11.346000,-0.0034483407048870873,0.003268863971641167
11.348000,-0.0085383607383136,-0.0018269294185202511
11.350000,-0.0085383607383136,-0.0018269294185202511
11.352000,-0.0085383607383136,-0.0018269294185202511
11.354000,-0.0085383607383136,0.003268863971641167
11.356000,-0.0085383607383136,0.003268863971641167
11.358000,-0.0085383607383136,0.003268863971641167
11.360000,-0.0085383607383136,-0.0018269294185202511
11.362000,-0.0085383607383136,0.003268863971641167
11.364000,-0.0085383607383136,-0.0018269294185202511
11.366000,-0.0085383607383136,0.003268863971641167
11.368000,-0.0085383607383136,0.003268863971641167
11.370000,-0.0085383607383136,0.003268863971641167
11.372000,-0.0085383607383136,0.003268863971641167
11.374000,-0.0085383607383136,0.003268863971641167
11.376000,-0.0085383607383136,0.003268863971641167
11.378000,-0.0085383607383136,-0.0018269294185202511
11.380000,-0.0085383607383136,0.003268863971641167
11.382000,-0.0085383607383136,0.003268863971641167
11.384000,-0.0085383607383136,0.003268863971641167
11.386000,-0.0085383607383136,0.003268863971641167
11.388000,-0.0085383607383136,0.003268863971641167
11.390000,-0.0085383607383136,0.003268863971641167
11.392000,-0.0085383607383136,0.003268863971641167
11.394000,-0.0085383607383136,0.003268863971641167
11.396000,-0.0085383607383136,0.003268863971641167
11.398000,-0.0085383607383136,0.003268863971641167
11.400000,-0.0085383607383136,0.003268863971641167
11.402000,-0.0085383607383136,0.003268863971641167
11.404000,-0.0085383607383136,0.003268863971641167
11.406000,-0.0085383607383136,-0.0018269294185202511
11.408000,-0.0085383607383136,0.003268863971641167
11.410000,-0.0085383607383136,0.003268863971641167
11.412000,-0.0085383607383136,0.003268863971641167
11.414000,-0.0085383607383136,0.003268863971641167
11.416000,-0.0085383607383136,0.003268863971641167
11.418000,-0.0085383607383136,0.003268863971641167
11.420000,-0.0085383607383136,0.003268863971641167
11.422000,-0.0085383607383136,-0.0018269294185202511
11.424000,-0.0085383607383136,0.003268863971641167
11.426000,-0.0085383607383136,-0.0018269294185202511
11.428000,-0.0085383607383136,0.003268863971641167
11.430000,-0.0085383607383136,0.003268863971641167
11.432000,-0.0085383607383136,0.003268863971641167
11.434000,-0.0085383607383136,0.003268863971641167
11.436000,-0.0085383607383136,0.003268863971641167
11.438000,-0.0085383607383136,-0.0018269294185202511
11.440000,-0.0085383607383136,0.003268863971641167
11.442000,-0.0085383607383136,0.003268863971641167
11.444000,-0.0085383607383136,0.003268863971641167
11.446000,-0.0085383607383136,0.003268863971641167
11.448000,-0.0085383607383136,0.003268863971641167
11.450000,-0.0085383607383136,0.003268863971641167
11.452000,-0.0085383607383136,0.003268863971641167
11.454000,-0.0085383607383136,0.003268863971641167
11.456000,-0.0085383607383136,-0.0018269294185202511
11.458000,-0.0085383607383136,0.003268863971641167
11.460000,-0.0085383607383136,0.003268863971641167
11.462000,-0.0085383607383136,-0.0018269294185202511
11.464000,-0.0085383607383136,0.003268863971641167
11.466000,-0.0085383607383136,0.003268863971641167
11.468000,-0.0085383607383136,0.003268863971641167
11.470000,-0.0085383607383136,0.003268863971641167
11.472000,-0.0085383607383136,0.003268863971641167
11.474000,-0.0085383607383136,-0.0018269294185202511
11.476000,-0.0085383607383136,0.003268863971641167
11.478000,-0.0085383607383136,0.003268863971641167
11.480000,-0.0085383607383136,-0.0018269294185202511
11.482000,-0.0085383607383136,-0.0018269294185202511
11.484000,-0.0085383607383136,0.003268863971641167
11.486000,-0.0085383607383136,0.003268863971641167
11.488000,-0.0085383607383136,-0.0018269294185202511
11.490000,-0.0085383607383136,0.003268863971641167
11.492000,-0.0085383607383136,0.003268863971641167
11.494000,-0.0085383607383136,0.003268863971641167
11.496000,-0.0085383607383136,0.003268863971641167
11.498000,-0.0085383607383136,0.003268863971641167
11.500000,-0.0085383607383136,0.003268863971641167
11.502000,-0.0085383607383136,0.003268863971641167
11.504000,-0.0085383607383136,0.003268863971641167
11.506000,-0.0085383607383136,0.003268863971641167
11.508000,-0.0085383607383136,0.003268863971641167
11.510000,-0.0085383607383136,0.003268863971641167
11.512000,-0.0085383607383136,0.003268863971641167
11.514000,-0.0085383607383136,-0.0018269294185202511
11.516000,-0.0085383607383136,0.003268863971641167
11.518000,-0.0085383607383136,-0.0018269294185202511
11.520000,-0.0085383607383136,0.003268863971641167
11.522000,-0.0085383607383136,0.003268863971641167
11.524000,-0.0085383607383136,0.003268863971641167
11.526000,-0.0085383607383136,-0.0018269294185202511
11.528000,-0.0085383607383136,0.003268863971641167
11.530000,-0.0085383607383136,0.003268863971641167
11.532000,-0.0085383607383136,0.003268863971641167
11.534000,-0.0085383607383136,-0.0018269294185202511
11.536000,-0.0085383607383136,0.003268863971641167
11.538000,-0.0085383607383136,0.003268863971641167
11.540000,-0.0085383607383136,0.003268863971641167
11.542000,-0.0085383607383136,0.003268863971641167
11.544000,-0.0085383607383136,0.003268863971641167
11.546000,-0.0085383607383136,0.003268863971641167
11.548000,-0.0085383607383136,0.003268863971641167
11.550000,-0.0034483407048870873,-0.0018269294185202511
11.552000,-0.0085383607383136,0.003268863971641167
11.554000,-0.0085383607383136,0.003268863971641167
11.556000,-0.0085383607383136,0.003268863971641167
11.558000,-0.0085383607383136,0.003268863971641167
11.560000,-0.0085383607383136,-0.0018269294185202511
11.562000,-0.0085383607383136,0.003268863971641167
11.564000,-0.0034483407048870873,0.003268863971641167
11.566000,-0.0085383607383136,0.003268863971641167
11.568000,-0.0085383607383136,0.003268863971641167
11.570000,-0.0085383607383136,0.003268863971641167
11.572000,-0.0085383607383136,-0.0018269294185202511
11.574000,-0.0085383607383136,0.003268863971641167
11.576000,-0.0085383607383136,0.003268863971641167
11.578000,-0.0085383607383136,-0.0018269294185202511
11.580000,-0.0085383607383136,0.003268863971641167
11.582000,-0.0085383607383136,0.003268863971641167
11.584000,-0.0085383607383136,-0.0018269294185202511
11.586000,-0.0085383607383136,0.003268863971641167
11.588000,-0.0085383607383136,0.003268863971641167
11.590000,-0.0034483407048870873,0.003268863971641167
11.592000,-0.0085383607383136,-0.0018269294185202511
11.594000,-0.0085383607383136,0.003268863971641167
11.596000,-0.0034483407048870873,0.003268863971641167
11.598000,-0.0085383607383136,0.003268863971641167
11.600000,-0.0085383607383136,0.003268863971641167
11.602000,-0.0085383607383136,0.003268863971641167
11.604000,-0.0085383607383136,-0.0018269294185202511
11.606000,-0.0085383607383136,-0.0018269294185202511
11.608000,-0.0085383607383136,0.003268863971641167
11.610000,-0.0085383607383136,-0.0018269294185202511
11.612000,-0.0085383607383136,0.003268863971641167
11.614000,-0.0085383607383136,0.003268863971641167
11.616000,-0.0085383607383136,-0.0018269294185202511
11.618000,-0.0085383607383136,0.003268863971641167
11.620000,-0.0034483407048870873,0.003268863971641167
11.622000,-0.0085383607383136,0.003268863971641167
11.624000,-0.0085383607383136,0.003268863971641167
11.626000,-0.0085383607383136,0.003268863971641167
11.628000,-0.0034483407048870873,0.003268863971641167
11.630000,-0.0085383607383136,0.003268863971641167
11.632000,-0.0034483407048870873,0.003268863971641167
11.634000,-0.0085383607383136,0.003268863971641167
11.636000,-0.0085383607383136,-0.0018269294185202511
11.638000,-0.0034483407048870873,0.003268863971641167
11.640000,-0.0085383607383136,0.003268863971641167
11.642000,-0.0085383607383136,0.003268863971641167
11.644000,-0.0085383607383136,0.003268863971641167
11.646000,-0.0085383607383136,-0.0018269294185202511
11.648000,-0.0034483407048870873,0.003268863971641167
11.650000,-0.0085383607383136,0.003268863971641167
11.652000,-0.0034483407048870873,0.003268863971641167
11.654000,-0.0085383607383136,0.003268863971641167
11.656000,-0.0085383607383136,0.003268863971641167
11.658000,-0.0034483407048870873,0.003268863971641167
11.660000,-0.0085383607383136,0.003268863971641167
11.662000,-0.0085383607383136,-0.0018269294185202511
11.664000,-0.0085383607383136,0.003268863971641167
11.666000,-0.0085383607383136,0.003268863971641167
11.668000,-0.0085383607383136,-0.0018269294185202511
11.670000,-0.0085383607383136,0.003268863971641167
11.672000,-0.0085383607383136,-0.0018269294185202511
11.674000,-0.0085383607383136,-0.0018269294185202511
11.676000,-0.0034483407048870873,0.003268863971641167
11.678000,-0.0085383607383136,0.003268863971641167
11.680000,-0.0085383607383136,0.003268863971641167
11.682000,-0.0085383607383136,0.003268863971641167
11.684000,-0.0085383607383136,-0.0018269294185202511
11.686000,-0.0034483407048870873,0.003268863971641167
11.688000,-0.0085383607383136,0.003268863971641167
11.690000,-0.0085383607383136,0.003268863971641167
11.692000,-0.0034483407048870873,0.003268863971641167
11.694000,-0.0085383607383136,-0.0018269294185202511
11.696000,-0.0034483407048870873,0.003268863971641167
11.698000,-0.0085383607383136,0.003268863971641167
11.700000,-0.0085383607383136,0.003268863971641167
11.702000,-0.0085383607383136,0.003268863971641167
11.704000,-0.0085383607383136,0.003268863971641167
11.706000,-0.0034483407048870873,0.003268863971641167
11.708000,-0.0034483407048870873,0.003268863971641167
11.710000,-0.0034483407048870873,0.003268863971641167
11.712000,-0.0034483407048870873,0.003268863971641167
11.714000,-0.0034483407048870873,0.003268863971641167
11.716000,-0.0034483407048870873,0.003268863971641167
11.718000,-0.0034483407048870873,-0.0018269294185202511
11.720000,-0.0085383607383136,-0.0018269294185202511
11.722000,-0.0085383607383136,0.003268863971641167
11.724000,-0.0085383607383136,0.003268863971641167
11.726000,-0.0085383607383136,0.003268863971641167
11.728000,-0.0034483407048870873,0.003268863971641167
11.730000,-0.0085383607383136,0.003268863971641167
11.732000,-0.0034483407048870873,0.003268863971641167
11.734000,-0.0085383607383136,-0.0018269294185202511
11.736000,-0.0034483407048870873,0.003268863971641167
11.738000,-0.0085383607383136,0.003268863971641167
11.740000,-0.0085383607383136,0.003268863971641167
11.742000,-0.0085383607383136,0.003268863971641167
11.744000,-0.0034483407048870873,0.003268863971641167
11.746000,-0.0085383607383136,0.003268863971641167
11.748000,-0.0085383607383136,0.003268863971641167
11.750000,-0.0034483407048870873,-0.0018269294185202511
11.752000,-0.0034483407048870873,-0.0018269294185202511
11.754000,-0.0085383607383136,-0.0018269294185202511
11.756000,-0.0034483407048870873,0.003268863971641167
11.758000,-0.0034483407048870873,0.003268863971641167
11.760000,-0.0085383607383136,0.003268863971641167
11.762000,-0.0034483407048870873,0.003268863971641167
11.764000,-0.0085383607383136,-0.0018269294185202511
11.766000,-0.0034483407048870873,-0.0018269294185202511
11.768000,-0.0034483407048870873,0.003268863971641167
11.770000,-0.0034483407048870873,-0.0018269294185202511
11.772000,-0.0085383607383136,0.003268863971641167
11.774000,-0.0085383607383136,0.003268863971641167
11.776000,-0.0034483407048870873,0.003268863971641167
11.778000,-0.0085383607383136,0.003268863971641167
11.780000,-0.0034483407048870873,0.003268863971641167
11.782000,-0.0085383607383136,0.003268863971641167
11.784000,-0.0034483407048870873,0.003268863971641167
11.786000,-0.0085383607383136,0.003268863971641167
11.788000,-0.0034483407048870873,0.003268863971641167
11.790000,-0.0085383607383136,0.003268863971641167
11.792000,-0.0034483407048870873,0.003268863971641167
11.794000,-0.0085383607383136,0.003268863971641167
11.796000,-0.0034483407048870873,0.003268863971641167
11.798000,-0.0034483407048870873,0.003268863971641167
11.800000,-0.0034483407048870873,0.003268863971641167
11.802000,-0.0034483407048870873,0.003268863971641167
11.804000,-0.0034483407048870873,0.003268863971641167
11.806000,-0.0085383607383136,0.003268863971641167
11.808000,-0.0085383607383136,0.003268863971641167
11.810000,-0.0034483407048870873,0.003268863971641167
11.812000,-0.0085383607383136,0.003268863971641167
11.814000,-0.0034483407048870873,0.003268863971641167
11.816000,-0.0085383607383136,0.003268863971641167
11.818000,-0.0034483407048870873,0.003268863971641167
11.820000,-0.0034483407048870873,0.003268863971641167
11.822000,-0.0034483407048870873,0.003268863971641167
11.824000,-0.0034483407048870873,0.003268863971641167
11.826000,-0.0034483407048870873,0.003268863971641167
11.828000,-0.0034483407048870873,0.003268863971641167
11.830000,-0.0034483407048870873,0.003268863971641167
11.832000,-0.0085383607383136,0.003268863971641167
11.834000,-0.0085383607383136,-0.0018269294185202511
11.836000,-0.0034483407048870873,-0.0018269294185202511
11.838000,-0.0034483407048870873,0.003268863971641167
11.840000,-0.0034483407048870873,0.003268863971641167
11.842000,-0.0085383607383136,0.003268863971641167
11.844000,-0.0034483407048870873,0.003268863971641167
11.846000,-0.0034483407048870873,-0.0018269294185202511
11.848000,-0.0034483407048870873,0.003268863971641167
11.850000,-0.0034483407048870873,0.003268863971641167
11.852000,-0.0034483407048870873,-0.0018269294185202511
11.854000,-0.0034483407048870873,-0.0018269294185202511
11.856000,-0.0034483407048870873,-0.0018269294185202511
11.858000,-0.0034483407048870873,0.003268863971641167
11.860000,-0.0034483407048870873,0.003268863971641167
11.862000,-0.0034483407048870873,-0.0018269294185202511
11.864000,-0.0034483407048870873,-0.0018269294185202511
11.866000,-0.0034483407048870873,0.003268863971641167
11.868000,-0.0034483407048870873,0.003268863971641167
11.870000,-0.0034483407048870873,0.003268863971641167
11.872000,-0.0034483407048870873,0.003268863971641167
11.874000,-0.0085383607383136,-0.0018269294185202511
11.876000,-0.0034483407048870873,-0.0018269294185202511
11.878000,-0.0034483407048870873,-0.0018269294185202511
11.880000,-0.0034483407048870873,0.003268863971641167
11.882000,-0.0034483407048870873,0.003268863971641167
11.884000,-0.0034483407048870873,0.003268863971641167
11.886000,-0.0085383607383136,0.003268863971641167
11.888000,-0.0085383607383136,0.003268863971641167
11.890000,-0.0085383607383136,0.003268863971641167
11.892000,-0.0085383607383136,0.003268863971641167
11.894000,-0.0034483407048870873,0.003268863971641167
11.896000,-0.0034483407048870873,0.003268863971641167
11.898000,-0.0034483407048870873,-0.0018269294185202511
11.900000,-0.0034483407048870873,-0.0018269294185202511
11.902000,-0.0034483407048870873,0.003268863971641167
11.904000,-0.0034483407048870873,0.003268863971641167
11.906000,-0.0034483407048870873,0.003268863971641167
11.908000,-0.0034483407048870873,-0.0018269294185202511
11.910000,-0.0034483407048870873,0.003268863971641167
11.912000,-0.0034483407048870873,0.003268863971641167
11.914000,-0.0034483407048870873,-0.0018269294185202511
11.916000,-0.0034483407048870873,-0.0018269294185202511
11.918000,-0.0034483407048870873,0.003268863971641167
11.920000,-0.0034483407048870873,0.003268863971641167
11.922000,-0.0034483407048870873,0.003268863971641167
11.924000,-0.0034483407048870873,0.003268863971641167
11.926000,-0.0034483407048870873,-0.0018269294185202511
11.928000,-0.0085383607383136,-0.0018269294185202511
11.930000,-0.0085383607383136,-0.0018269294185202511
11.932000,-0.0034483407048870873,0.003268863971641167
11.934000,-0.0034483407048870873,0.003268863971641167
11.936000,-0.0034483407048870873,0.003268863971641167
11.938000,-0.0034483407048870873,-0.0018269294185202511
11.940000,-0.0034483407048870873,0.003268863971641167
11.942000,-0.0034483407048870873,0.003268863971641167
11.944000,-0.0034483407048870873,0.003268863971641167
11.946000,-0.0034483407048870873,0.003268863971641167
11.948000,-0.0034483407048870873,0.003268863971641167
11.950000,-0.0085383607383136,0.003268863971641167
11.952000,-0.0034483407048870873,0.003268863971641167
11.954000,-0.0085383607383136,0.003268863971641167
11.956000,-0.0034483407048870873,-0.0018269294185202511
11.958000,-0.0034483407048870873,0.003268863971641167
11.960000,-0.0085383607383136,0.003268863971641167
11.962000,-0.0034483407048870873,0.003268863971641167
11.964000,-0.0034483407048870873,0.003268863971641167
11.966000,-0.0034483407048870873,0.003268863971641167
11.968000,-0.0034483407048870873,0.003268863971641167
11.970000,-0.0085383607383136,0.003268863971641167
11.972000,-0.0034483407048870873,0.003268863971641167
11.974000,-0.0034483407048870873,0.003268863971641167
11.976000,-0.0034483407048870873,0.003268863971641167
11.978000,-0.0034483407048870873,0.003268863971641167
11.980000,-0.0034483407048870873,0.003268863971641167
11.982000,-0.0034483407048870873,0.003268863971641167
11.984000,-0.0034483407048870873,0.003268863971641167
11.986000,-0.0034483407048870873,0.003268863971641167
11.988000,-0.0034483407048870873,0.003268863971641167
11.990000,-0.0034483407048870873,0.003268863971641167
11.992000,-0.0085383607383136,0.003268863971641167
11.994000,-0.0034483407048870873,0.003268863971641167
11.996000,-0.0034483407048870873,-0.0018269294185202511
11.998000,-0.0034483407048870873,0.003268863971641167
12.000000,-0.0034483407048870873,-0.0018269294185202511
12.002000,-0.0085383607383136,0.003268863971641167
12.004000,-0.0034483407048870873,0.003268863971641167
12.006000,-0.0034483407048870873,0.003268863971641167
12.008000,-0.0034483407048870873,0.003268863971641167
12.010000,-0.0085383607383136,0.003268863971641167
12.012000,-0.0034483407048870873,0.003268863971641167
12.014000,-0.0034483407048870873,-0.0018269294185202511
12.016000,-0.0034483407048870873,0.003268863971641167
12.018000,-0.0034483407048870873,0.003268863971641167
12.020000,-0.0034483407048870873,0.003268863971641167
12.022000,-0.0034483407048870873,0.003268863971641167
12.024000,-0.0034483407048870873,0.003268863971641167
12.026000,-0.0034483407048870873,-0.0018269294185202511
12.028000,-0.0085383607383136,0.003268863971641167
12.030000,-0.0034483407048870873,0.003268863971641167
12.032000,-0.0034483407048870873,0.003268863971641167
12.034000,-0.0034483407048870873,-0.0018269294185202511
12.036000,-0.0034483407048870873,-0.0018269294185202511
12.038000,-0.0085383607383136,0.003268863971641167
12.040000,-0.0034483407048870873,0.003268863971641167
12.042000,-0.0034483407048870873,0.003268863971641167
12.044000,-0.0034483407048870873,0.003268863971641167
12.046000,-0.0034483407048870873,0.003268863971641167
12.048000,-0.0034483407048870873,0.003268863971641167
12.050000,-0.0034483407048870873,0.003268863971641167
12.052000,-0.0034483407048870873,0.003268863971641167
12.054000,-0.0034483407048870873,0.003268863971641167
12.056000,-0.0085383607383136,-0.0018269294185202511
12.058000,-0.0034483407048870873,0.003268863971641167
12.060000,-0.0034483407048870873,0.003268863971641167
12.062000,-0.0034483407048870873,-0.0018269294185202511
12.064000,-0.0034483407048870873,0.003268863971641167
12.066000,-0.0034483407048870873,0.003268863971641167
12.068000,-0.0034483407048870873,0.003268863971641167
12.070000,-0.0034483407048870873,-0.0018269294185202511
12.072000,-0.0034483407048870873,0.003268863971641167
12.074000,-0.0034483407048870873,0.003268863971641167
12.076000,-0.0034483407048870873,0.003268863971641167
12.078000,-0.0034483407048870873,0.003268863971641167
12.080000,-0.0034483407048870873,0.003268863971641167
12.082000,-0.0034483407048870873,0.003268863971641167
12.084000,-0.0034483407048870873,0.003268863971641167
12.086000,-0.0034483407048870873,0.003268863971641167
12.088000,-0.0034483407048870873,-0.0018269294185202511
12.090000,-0.0034483407048870873,-0.0018269294185202511
12.092000,-0.0034483407048870873,0.003268863971641167
12.094000,-0.0034483407048870873,0.003268863971641167
12.096000,-0.0034483407048870873,0.003268863971641167
12.098000,-0.0034483407048870873,0.003268863971641167
12.100000,-0.0034483407048870873,0.003268863971641167
12.102000,-0.0034483407048870873,0.003268863971641167
12.104000,-0.0034483407048870873,-0.0018269294185202511
12.106000,-0.0034483407048870873,-0.0018269294185202511
12.108000,-0.0034483407048870873,0.003268863971641167
12.110000,-0.0034483407048870873,0.003268863971641167
12.112000,-0.0034483407048870873,-0.0018269294185202511
12.114000,-0.0034483407048870873,-0.0018269294185202511
12.116000,-0.0034483407048870873,0.003268863971641167
12.118000,-0.0034483407048870873,0.003268863971641167
12.120000,-0.0034483407048870873,-0.0018269294185202511
12.122000,-0.0034483407048870873,-0.0018269294185202511
12.124000,-0.0034483407048870873,0.003268863971641167
12.126000,-0.0034483407048870873,0.003268863971641167
12.128000,-0.0034483407048870873,0.003268863971641167
12.130000,-0.0034483407048870873,0.003268863971641167
12.132000,-0.0034483407048870873,0.003268863971641167
12.134000,-0.0034483407048870873,-0.0018269294185202511
12.136000,-0.0085383607383136,-0.0018269294185202511
12.138000,-0.0034483407048870873,-0.0018269294185202511
12.140000,-0.0034483407048870873,-0.0018269294185202511
12.142000,-0.0034483407048870873,0.003268863971641167
12.144000,-0.0034483407048870873,-0.0018269294185202511
12.146000,-0.0034483407048870873,0.003268863971641167
12.148000,-0.0034483407048870873,-0.0018269294185202511
12.150000,-0.0034483407048870873,-0.0018269294185202511
12.152000,-0.0034483407048870873,0.003268863971641167
12.154000,-0.0034483407048870873,-0.0018269294185202511
12.156000,-0.0034483407048870873,0.003268863971641167
12.158000,-0.0034483407048870873,0.003268863971641167
12.160000,-0.0034483407048870873,0.003268863971641167
12.162000,-0.0034483407048870873,0.003268863971641167
12.164000,-0.0034483407048870873,0.003268863971641167
12.166000,-0.0034483407048870873,0.003268863971641167
12.168000,-0.0034483407048870873,-0.0018269294185202511
12.170000,-0.0034483407048870873,0.003268863971641167
12.172000,-0.0034483407048870873,0.003268863971641167
12.174000,-0.0034483407048870873,-0.0018269294185202511
12.176000,-0.0034483407048870873,0.003268863971641167
12.178000,-0.0034483407048870873,0.003268863971641167
12.180000,-0.0034483407048870873,0.003268863971641167
12.182000,-0.0034483407048870873,0.003268863971641167
12.184000,-0.0034483407048870873,0.003268863971641167
12.186000,-0.0034483407048870873,-0.0018269294185202511
12.188000,-0.0034483407048870873,0.003268863971641167
12.190000,-0.0034483407048870873,0.003268863971641167
12.192000,-0.0034483407048870873,-0.0018269294185202511
12.194000,-0.0034483407048870873,0.003268863971641167
12.196000,-0.0034483407048870873,0.003268863971641167
12.198000,-0.0034483407048870873,0.003268863971641167
12.200000,-0.0034483407048870873,0.003268863971641167
12.202000,-0.0034483407048870873,0.003268863971641167
12.204000,-0.0034483407048870873,0.003268863971641167
12.206000,-0.0034483407048870873,0.003268863971641167
12.208000,-0.0034483407048870873,0.003268863971641167
12.210000,-0.0034483407048870873,-0.0018269294185202511
12.212000,-0.0034483407048870873,0.003268863971641167
12.214000,-0.0034483407048870873,0.003268863971641167
12.216000,-0.0034483407048870873,0.003268863971641167
12.218000,-0.0034483407048870873,-0.0018269294185202511
12.220000,-0.0034483407048870873,0.003268863971641167
12.222000,-0.0085383607383136,0.003268863971641167
12.224000,-0.0034483407048870873,0.003268863971641167
12.226000,-0.0034483407048870873,0.003268863971641167
12.228000,-0.0034483407048870873,-0.0018269294185202511
12.230000,-0.0034483407048870873,0.003268863971641167
12.232000,-0.0034483407048870873,0.003268863971641167
12.234000,-0.0034483407048870873,-0.0018269294185202511
12.236000,-0.0034483407048870873,0.003268863971641167
12.238000,-0.0034483407048870873,0.003268863971641167
12.240000,-0.0034483407048870873,0.003268863971641167
12.242000,-0.0034483407048870873,0.003268863971641167
12.244000,-0.0034483407048870873,0.003268863971641167
12.246000,-0.0034483407048870873,0.003268863971641167
12.248000,-0.0034483407048870873,0.003268863971641167
12.250000,-0.0034483407048870873,0.003268863971641167
12.252000,-0.0034483407048870873,0.003268863971641167
12.254000,-0.0034483407048870873,-0.0018269294185202511
12.256000,-0.0034483407048870873,0.003268863971641167
12.258000,-0.0034483407048870873,0.003268863971641167
12.260000,-0.0034483407048870873,0.003268863971641167
12.262000,-0.0034483407048870873,0.003268863971641167
12.264000,-0.0034483407048870873,-0.0018269294185202511
12.266000,-0.0034483407048870873,-0.0018269294185202511
12.268000,-0.0034483407048870873,-0.0018269294185202511
12.270000,-0.0034483407048870873,0.003268863971641167
12.272000,-0.0034483407048870873,0.003268863971641167
12.274000,-0.0034483407048870873,0.003268863971641167
12.276000,-0.0034483407048870873,0.003268863971641167
12.278000,-0.0034483407048870873,-0.0018269294185202511
12.280000,-0.0034483407048870873,-0.0018269294185202511
12.282000,-0.0034483407048870873,0.003268863971641167
12.284000,-0.0034483407048870873,0.003268863971641167
12.286000,-0.0034483407048870873,0.003268863971641167
12.288000,-0.0034483407048870873,0.003268863971641167
12.290000,-0.0034483407048870873,0.003268863971641167
12.292000,-0.0034483407048870873,-0.0018269294185202511
12.294000,-0.0034483407048870873,-0.0018269294185202511
12.296000,-0.0034483407048870873,0.003268863971641167
12.298000,-0.0034483407048870873,0.003268863971641167
12.300000,-0.0034483407048870873,0.003268863971641167
12.302000,-0.0034483407048870873,0.003268863971641167
12.304000,-0.0034483407048870873,0.003268863971641167
12.306000,-0.0034483407048870873,0.003268863971641167
12.308000,-0.0034483407048870873,-0.0018269294185202511
12.310000,-0.0034483407048870873,-0.0018269294185202511
12.312000,-0.0034483407048870873,0.003268863971641167
12.314000,-0.0034483407048870873,0.003268863971641167
12.316000,-0.0034483407048870873,0.003268863971641167
12.318000,-0.0034483407048870873,0.003268863971641167
12.320000,-0.0034483407048870873,-0.0018269294185202511
12.322000,-0.0034483407048870873,0.003268863971641167
12.324000,-0.0034483407048870873,0.003268863971641167
12.326000,-0.0034483407048870873,0.003268863971641167
12.328000,-0.0034483407048870873,0.003268863971641167
12.330000,-0.0034483407048870873,0.003268863971641167
12.332000,-0.0034483407048870873,-0.0018269294185202511
12.334000,-0.0034483407048870873,0.003268863971641167
12.336000,-0.0034483407048870873,0.003268863971641167
12.338000,-0.0034483407048870873,0.003268863971641167
12.340000,-0.0034483407048870873,-0.0018269294185202511
12.342000,-0.0034483407048870873,0.003268863971641167
12.344000,-0.0034483407048870873,0.003268863971641167
12.346000,-0.0034483407048870873,0.003268863971641167
12.348000,-0.0034483407048870873,-0.0018269294185202511
12.350000,-0.0034483407048870873,0.003268863971641167
12.352000,-0.0034483407048870873,0.003268863971641167
12.354000,-0.0034483407048870873,0.003268863971641167
12.356000,-0.0034483407048870873,0.003268863971641167
12.358000,-0.0034483407048870873,0.003268863971641167
12.360000,-0.0034483407048870873,0.003268863971641167
12.362000,-0.0034483407048870873,0.003268863971641167
12.364000,-0.0034483407048870873,0.003268863971641167
12.366000,-0.0034483407048870873,-0.0018269294185202511
12.368000,-0.0034483407048870873,0.003268863971641167
12.370000,-0.0034483407048870873,-0.0018269294185202511
12.372000,-0.0034483407048870873,0.003268863971641167
12.374000,-0.0034483407048870873,0.003268863971641167
12.376000,-0.0034483407048870873,0.003268863971641167
12.378000,-0.0034483407048870873,0.003268863971641167
12.380000,-0.0034483407048870873,0.003268863971641167
12.382000,-0.0034483407048870873,0.003268863971641167
12.384000,-0.0034483407048870873,0.003268863971641167
12.386000,-0.0034483407048870873,0.003268863971641167
12.388000,-0.0034483407048870873,0.003268863971641167
12.390000,-0.0034483407048870873,-0.0018269294185202511
12.392000,-0.0034483407048870873,0.003268863971641167
12.394000,-0.0034483407048870873,-0.0018269294185202511
12.396000,-0.0034483407048870873,0.003268863971641167
12.398000,-0.0034483407048870873,0.003268863971641167
12.400000,-0.0034483407048870873,0.003268863971641167
12.402000,-0.0034483407048870873,-0.0018269294185202511
12.404000,-0.0034483407048870873,-0.0018269294185202511
12.406000,-0.0034483407048870873,0.003268863971641167
12.408000,-0.0034483407048870873,0.003268863971641167
12.410000,-0.0034483407048870873,0.003268863971641167
12.412000,-0.0034483407048870873,0.003268863971641167
12.414000,-0.0034483407048870873,0.003268863971641167
12.416000,-0.0034483407048870873,-0.0018269294185202511
12.418000,-0.0034483407048870873,-0.0018269294185202511
12.420000,-0.0034483407048870873,0.003268863971641167
12.422000,-0.0034483407048870873,0.003268863971641167
12.424000,-0.0034483407048870873,0.003268863971641167
12.426000,-0.0034483407048870873,-0.0018269294185202511
12.428000,-0.0034483407048870873,0.003268863971641167
12.430000,-0.0034483407048870873,0.003268863971641167
12.432000,-0.0034483407048870873,0.003268863971641167
12.434000,-0.0034483407048870873,0.003268863971641167
12.436000,-0.0034483407048870873,0.003268863971641167
12.438000,-0.0034483407048870873,0.003268863971641167
12.440000,-0.0034483407048870873,-0.0018269294185202511
12.442000,-0.0034483407048870873,0.003268863971641167
12.444000,-0.0034483407048870873,0.003268863971641167
12.446000,-0.0034483407048870873,-0.0018269294185202511
12.448000,-0.0034483407048870873,0.003268863971641167
12.450000,-0.0034483407048870873,0.003268863971641167
12.452000,-0.0034483407048870873,0.003268863971641167
12.454000,-0.0034483407048870873,0.003268863971641167
12.456000,-0.0034483407048870873,0.003268863971641167
12.458000,-0.0034483407048870873,-0.0018269294185202511
12.460000,-0.0034483407048870873,0.003268863971641167
12.462000,-0.0034483407048870873,0.003268863971641167
12.464000,-0.0034483407048870873,0.003268863971641167
12.466000,-0.0034483407048870873,0.003268863971641167
12.468000,-0.0034483407048870873,0.003268863971641167
12.470000,-0.0034483407048870873,-0.0018269294185202511
12.472000,-0.0034483407048870873,-0.0018269294185202511
12.474000,-0.0034483407048870873,0.003268863971641167
12.476000,-0.0034483407048870873,0.003268863971641167
12.478000,-0.0034483407048870873,0.003268863971641167
12.480000,-0.0034483407048870873,0.003268863971641167
12.482000,-0.0034483407048870873,-0.0018269294185202511
12.484000,-0.0034483407048870873,0.003268863971641167
12.486000,-0.0034483407048870873,0.003268863971641167
12.488000,-0.0034483407048870873,-0.0018269294185202511
12.490000,-0.0034483407048870873,0.003268863971641167
12.492000,-0.0034483407048870873,0.003268863971641167
12.494000,-0.0034483407048870873,-0.0018269294185202511
12.496000,-0.0034483407048870873,-0.0018269294185202511
12.498000,-0.0034483407048870873,0.003268863971641167
12.500000,-0.0034483407048870873,0.003268863971641167
12.502000,-0.0034483407048870873,0.003268863971641167
12.504000,-0.0034483407048870873,0.003268863971641167
12.506000,-0.0034483407048870873,0.003268863971641167
12.508000,-0.0034483407048870873,-0.0018269294185202511
12.510000,-0.0034483407048870873,-0.0018269294185202511
12.512000,-0.0034483407048870873,0.003268863971641167
12.514000,-0.0034483407048870873,-0.0018269294185202511
12.516000,-0.0034483407048870873,0.003268863971641167
12.518000,-0.0034483407048870873,0.003268863971641167
12.520000,-0.0034483407048870873,-0.0018269294185202511
12.522000,-0.0034483407048870873,0.003268863971641167
12.524000,-0.0034483407048870873,0.003268863971641167
12.526000,-0.0034483407048870873,0.003268863971641167
12.528000,-0.0034483407048870873,0.003268863971641167
12.530000,-0.0034483407048870873,0.003268863971641167
12.532000,-0.0034483407048870873,0.003268863971641167
12.534000,-0.0034483407048870873,0.003268863971641167
12.536000,-0.0034483407048870873,0.003268863971641167
12.538000,-0.0034483407048870873,0.003268863971641167
12.540000,-0.0034483407048870873,-0.0018269294185202511
12.542000,-0.0034483407048870873,-0.0018269294185202511
12.544000,0.0016416793285394249,0.003268863971641167
12.546000,-0.0034483407048870873,0.003268863971641167
12.548000,-0.0034483407048870873,0.003268863971641167
12.550000,-0.0034483407048870873,-0.0018269294185202511
12.552000,-0.0034483407048870873,0.003268863971641167
12.554000,-0.0034483407048870873,0.003268863971641167
12.556000,-0.0034483407048870873,0.003268863971641167
12.558000,-0.0034483407048870873,0.003268863971641167
12.560000,-0.0034483407048870873,0.003268863971641167
12.562000,-0.0034483407048870873,-0.0018269294185202511
12.564000,-0.0034483407048870873,-0.0018269294185202511
12.566000,-0.0034483407048870873,0.003268863971641167
12.568000,-0.0034483407048870873,0.003268863971641167
12.570000,-0.0034483407048870873,-0.0018269294185202511
12.572000,-0.0034483407048870873,0.003268863971641167
12.574000,-0.0034483407048870873,0.003268863971641167
12.576000,-0.0034483407048870873,-0.0018269294185202511
12.578000,-0.0034483407048870873,-0.0018269294185202511
12.580000,-0.0034483407048870873,-0.0018269294185202511
12.582000,-0.0034483407048870873,0.003268863971641167
12.584000,-0.0034483407048870873,0.003268863971641167
12.586000,-0.0034483407048870873,0.003268863971641167
12.588000,-0.0034483407048870873,0.003268863971641167
12.590000,-0.0034483407048870873,0.003268863971641167
12.592000,-0.0034483407048870873,-0.0018269294185202511
12.594000,-0.0034483407048870873,0.003268863971641167
12.596000,-0.0034483407048870873,-0.0018269294185202511
12.598000,-0.0034483407048870873,0.003268863971641167
12.600000,-0.0034483407048870873,-0.0018269294185202511
12.602000,-0.0034483407048870873,0.003268863971641167
12.604000,-0.0034483407048870873,0.003268863971641167
12.606000,-0.0034483407048870873,0.003268863971641167
12.608000,-0.0034483407048870873,0.003268863971641167
12.610000,-0.0034483407048870873,-0.0018269294185202511
12.612000,-0.0034483407048870873,0.003268863971641167
12.614000,-0.0034483407048870873,0.003268863971641167
12.616000,-0.0034483407048870873,0.003268863971641167
12.618000,-0.0034483407048870873,0.003268863971641167
12.620000,-0.0034483407048870873,-0.0018269294185202511
12.622000,-0.0034483407048870873,-0.0018269294185202511
12.624000,-0.0034483407048870873,0.003268863971641167
12.626000,-0.0034483407048870873,0.003268863971641167
12.628000,-0.0034483407048870873,0.003268863971641167
12.630000,-0.0034483407048870873,-0.0018269294185202511
12.632000,-0.0034483407048870873,-0.0018269294185202511
12.634000,-0.0034483407048870873,0.003268863971641167
12.636000,-0.0034483407048870873,0.003268863971641167
12.638000,-0.0034483407048870873,-0.0018269294185202511
12.640000,-0.0034483407048870873,0.003268863971641167
12.642000,-0.0034483407048870873,-0.0018269294185202511
12.644000,-0.0034483407048870873,0.003268863971641167
12.646000,-0.0034483407048870873,-0.0018269294185202511
12.648000,-0.0034483407048870873,0.003268863971641167
12.650000,-0.0034483407048870873,0.003268863971641167
12.652000,-0.0034483407048870873,-0.0018269294185202511
12.654000,-0.0034483407048870873,0.003268863971641167
12.656000,-0.0034483407048870873,-0.0018269294185202511
12.658000,0.0016416793285394249,0.003268863971641167
12.660000,-0.0034483407048870873,0.003268863971641167
12.662000,-0.0034483407048870873,0.003268863971641167
12.664000,-0.0034483407048870873,0.003268863971641167
12.666000,-0.0034483407048870873,-0.0018269294185202511
12.668000,-0.0034483407048870873,0.003268863971641167
12.670000,-0.0034483407048870873,0.003268863971641167
12.672000,-0.0034483407048870873,-0.0018269294185202511
12.674000,-0.0034483407048870873,0.003268863971641167
12.676000,-0.0034483407048870873,-0.0018269294185202511
12.678000,-0.0034483407048870873,-0.0018269294185202511
12.680000,-0.0034483407048870873,0.003268863971641167
12.682000,-0.0034483407048870873,0.003268863971641167
12.684000,-0.0034483407048870873,0.003268863971641167
12.686000,-0.0034483407048870873,-0.0018269294185202511
12.688000,-0.0034483407048870873,0.003268863971641167
12.690000,0.0016416793285394249,0.003268863971641167
12.692000,-0.0034483407048870873,0.003268863971641167
12.694000,-0.0034483407048870873,0.003268863971641167
12.696000,-0.0034483407048870873,0.003268863971641167
12.698000,-0.0034483407048870873,0.003268863971641167
12.700000,-0.0034483407048870873,0.003268863971641167
12.702000,-0.0034483407048870873,-0.0018269294185202511
12.704000,-0.0034483407048870873,-0.0018269294185202511
12.706000,-0.0034483407048870873,0.003268863971641167
12.708000,-0.0034483407048870873,-0.0018269294185202511
12.710000,-0.0034483407048870873,0.003268863971641167
12.712000,-0.0034483407048870873,0.003268863971641167
12.714000,-0.0034483407048870873,0.003268863971641167
12.716000,0.0016416793285394249,0.003268863971641167
12.718000,-0.0034483407048870873,0.003268863971641167
12.720000,-0.0034483407048870873,0.003268863971641167
12.722000,-0.0034483407048870873,-0.0018269294185202511
12.724000,-0.0034483407048870873,0.003268863971641167
12.726000,-0.0034483407048870873,0.003268863971641167
12.728000,-0.0034483407048870873,-0.0018269294185202511
12.730000,-0.0034483407048870873,0.003268863971641167
12.732000,-0.0034483407048870873,0.003268863971641167
12.734000,-0.0034483407048870873,0.003268863971641167
12.736000,-0.0034483407048870873,0.003268863971641167
12.738000,-0.0034483407048870873,-0.0018269294185202511
12.740000,-0.0034483407048870873,-0.0018269294185202511
12.742000,-0.0034483407048870873,0.003268863971641167
12.744000,-0.0034483407048870873,-0.0018269294185202511
12.746000,-0.0034483407048870873,0.003268863971641167
12.748000,-0.0034483407048870873,0.003268863971641167
12.750000,0.0016416793285394249,0.003268863971641167
12.752000,-0.0034483407048870873,0.003268863971641167
12.754000,-0.0034483407048870873,0.003268863971641167
12.756000,-0.0034483407048870873,-0.0018269294185202511
12.758000,-0.0034483407048870873,0.003268863971641167
12.760000,-0.0034483407048870873,0.003268863971641167
12.762000,-0.0034483407048870873,0.003268863971641167
12.764000,-0.0034483407048870873,0.003268863971641167
12.766000,-0.0034483407048870873,0.003268863971641167
12.768000,-0.0034483407048870873,0.003268863971641167
12.770000,-0.0034483407048870873,0.003268863971641167
12.772000,-0.0034483407048870873,0.003268863971641167
12.774000,-0.0034483407048870873,-0.0018269294185202511
12.776000,-0.0034483407048870873,0.003268863971641167
12.778000,-0.0034483407048870873,0.003268863971641167
12.780000,-0.0034483407048870873,0.003268863971641167
12.782000,-0.0034483407048870873,-0.0018269294185202511
12.784000,-0.0034483407048870873,-0.0018269294185202511
12.786000,-0.0034483407048870873,-0.0018269294185202511
12.788000,-0.0034483407048870873,0.003268863971641167
12.790000,-0.0034483407048870873,-0.0018269294185202511
12.792000,-0.0034483407048870873,0.003268863971641167
12.794000,-0.0034483407048870873,0.003268863971641167
12.796000,-0.0034483407048870873,0.003268863971641167
12.798000,-0.0034483407048870873,-0.0018269294185202511
12.800000,-0.0034483407048870873,-0.0018269294185202511
12.802000,-0.0034483407048870873,0.003268863971641167
12.804000,-0.0034483407048870873,-0.0018269294185202511
12.806000,0.0016416793285394249,0.003268863971641167
12.808000,0.0016416793285394249,-0.0018269294185202511
12.810000,-0.0034483407048870873,0.003268863971641167
12.812000,-0.0034483407048870873,0.003268863971641167
12.814000,0.0016416793285394249,0.003268863971641167
12.816000,0.0016416793285394249,0.003268863971641167
12.818000,-0.0034483407048870873,0.003268863971641167
12.820000,0.0016416793285394249,0.003268863971641167
12.822000,-0.0034483407048870873,0.003268863971641167
12.824000,-0.0034483407048870873,-0.0018269294185202511
12.826000,-0.0034483407048870873,0.003268863971641167
12.828000,-0.0034483407048870873,0.003268863971641167
12.830000,0.0016416793285394249,0.003268863971641167
12.832000,0.0016416793285394249,-0.0018269294185202511
12.834000,0.0016416793285394249,0.003268863971641167
12.836000,0.0016416793285394249,-0.0018269294185202511
12.838000,0.0016416793285394249,-0.0018269294185202511
12.840000,-0.0034483407048870873,0.003268863971641167
12.842000,-0.0034483407048870873,0.003268863971641167
12.844000,-0.0034483407048870873,0.003268863971641167
12.846000,0.0016416793285394249,0.003268863971641167
12.848000,0.0016416793285394249,0.003268863971641167
12.850000,-0.0034483407048870873,0.003268863971641167
12.852000,-0.0034483407048870873,0.003268863971641167
12.854000,0.0016416793285394249,-0.0018269294185202511
12.856000,0.0016416793285394249,0.003268863971641167
12.858000,0.0016416793285394249,0.003268863971641167
12.860000,0.0016416793285394249,0.003268863971641167
12.862000,0.0016416793285394249,0.003268863971641167
12.864000,-0.0034483407048870873,0.003268863971641167
12.866000,-0.0034483407048870873,0.003268863971641167
12.868000,0.0016416793285394249,-0.0018269294185202511
12.870000,0.0016416793285394249,0.003268863971641167
12.872000,0.0016416793285394249,-0.0018269294185202511
12.874000,0.0016416793285394249,0.003268863971641167
12.876000,0.0016416793285394249,0.003268863971641167
12.878000,0.0016416793285394249,0.003268863971641167
12.880000,-0.0034483407048870873,-0.0018269294185202511
12.882000,0.0016416793285394249,0.003268863971641167
12.884000,0.0016416793285394249,0.003268863971641167
12.886000,0.0016416793285394249,0.003268863971641167
12.888000,0.0016416793285394249,-0.0018269294185202511
12.890000,0.0016416793285394249,0.003268863971641167
12.892000,0.0016416793285394249,-0.0018269294185202511
12.894000,0.0016416793285394249,-0.0018269294185202511
12.896000,0.0016416793285394249,0.003268863971641167
12.898000,0.0016416793285394249,-0.0018269294185202511
12.900000,0.0016416793285394249,0.003268863971641167
12.902000,0.006731699361965937,0.003268863971641167
12.904000,0.006731699361965937,0.003268863971641167
12.906000,0.006731699361965937,0.003268863971641167
12.908000,0.006731699361965937,-0.0018269294185202511
12.910000,0.006731699361965937,-0.0018269294185202511
12.912000,0.006731699361965937,0.003268863971641167
12.914000,0.006731699361965937,-0.0018269294185202511
12.916000,0.006731699361965937,0.003268863971641167
12.918000,0.006731699361965937,0.003268863971641167
12.920000,0.006731699361965937,0.003268863971641167
12.922000,0.006731699361965937,0.003268863971641167
12.924000,0.006731699361965937,0.003268863971641167
12.926000,0.006731699361965937,0.003268863971641167
12.928000,0.006731699361965937,0.003268863971641167
12.930000,0.006731699361965937,0.003268863971641167
12.932000,0.006731699361965937,0.003268863971641167
12.934000,0.006731699361965937,0.003268863971641167
12.936000,0.006731699361965937,0.003268863971641167
12.938000,0.006731699361965937,0.003268863971641167
12.940000,0.006731699361965937,0.003268863971641167
12.942000,0.006731699361965937,-0.0018269294185202511
12.944000,0.011821719395394226,0.003268863971641167
12.946000,0.006731699361965937,0.003268863971641167
12.948000,0.011821719395394226,0.003268863971641167
12.950000,0.011821719395394226,0.003268863971641167
12.952000,0.011821719395394226,0.003268863971641167
12.954000,0.011821719395394226,0.003268863971641167
12.956000,0.011821719395394226,-0.0018269294185202511
12.958000,0.016911739428820738,0.003268863971641167
12.960000,0.016911739428820738,0.003268863971641167
12.962000,0.016911739428820738,-0.0018269294185202511
12.964000,0.016911739428820738,0.003268863971641167
12.966000,0.016911739428820738,0.003268863971641167
12.968000,0.016911739428820738,-0.0018269294185202511
12.970000,0.016911739428820738,-0.0018269294185202511
12.972000,0.016911739428820738,-0.0018269294185202511
12.974000,0.02200175946224725,-0.0018269294185202511
12.976000,0.02200175946224725,-0.0018269294185202511
12.978000,0.02200175946224725,0.003268863971641167
12.980000,0.02200175946224725,0.003268863971641167
12.982000,0.02200175946224725,0.003268863971641167
12.984000,0.02200175946224725,0.003268863971641167
12.986000,0.02200175946224725,-0.0018269294185202511
12.988000,0.02200175946224725,0.003268863971641167
12.990000,0.02200175946224725,-0.0018269294185202511
12.992000,0.027091779495673762,0.003268863971641167
12.994000,0.027091779495673762,0.003268863971641167
12.996000,0.027091779495673762,0.003268863971641167
12.998000,0.027091779495673762,-0.0018269294185202511
13.000000,0.027091779495673762,0.003268863971641167
13.002000,0.027091779495673762,-0.0018269294185202511
13.004000,0.027091779495673762,0.003268863971641167
13.006000,0.027091779495673762,0.003268863971641167
13.008000,0.027091779495673762,0.003268863971641167
13.010000,0.032181799529100275,-0.0018269294185202511
13.012000,0.027091779495673762,0.003268863971641167
13.014000,0.027091779495673762,-0.0018269294185202511
13.016000,0.032181799529100275,-0.0018269294185202511
13.018000,0.032181799529100275,0.003268863971641167
13.020000,0.032181799529100275,-0.0018269294185202511
13.022000,0.032181799529100275,0.003268863971641167
13.024000,0.032181799529100275,0.003268863971641167
13.026000,0.032181799529100275,-0.0018269294185202511
13.028000,0.032181799529100275,0.003268863971641167
13.030000,0.032181799529100275,0.003268863971641167
13.032000,0.032181799529100275,0.003268863971641167
13.034000,0.032181799529100275,0.003268863971641167
13.036000,0.032181799529100275,-0.0018269294185202511
13.038000,0.032181799529100275,0.003268863971641167
13.040000,0.03727181956252679,0.003268863971641167
13.042000,0.03727181956252679,0.003268863971641167
13.044000,0.032181799529100275,0.003268863971641167
13.046000,0.032181799529100275,-0.0018269294185202511
13.048000,0.03727181956252679,0.003268863971641167
13.050000,0.03727181956252679,0.003268863971641167
13.052000,0.03727181956252679,-0.0018269294185202511
13.054000,0.03727181956252679,-0.0018269294185202511
13.056000,0.03727181956252679,0.003268863971641167
13.058000,0.03727181956252679,0.003268863971641167
13.060000,0.03727181956252679,0.003268863971641167
13.062000,0.03727181956252679,-0.0018269294185202511
13.064000,0.03727181956252679,-0.0018269294185202511
13.066000,0.03727181956252679,0.003268863971641167
13.068000,0.03727181956252679,0.003268863971641167
13.070000,0.03727181956252679,-0.0018269294185202511
13.072000,0.03727181956252679,0.003268863971641167
13.074000,0.03727181956252679,0.003268863971641167
13.076000,0.03727181956252679,0.003268863971641167
13.078000,0.03727181956252679,0.003268863971641167
13.080000,0.03727181956252679,0.003268863971641167
13.082000,0.03727181956252679,0.003268863971641167
13.084000,0.0423618395959533,0.003268863971641167
13.086000,0.0423618395959533,0.003268863971641167
13.088000,0.03727181956252679,0.003268863971641167
13.090000,0.0423618395959533,0.003268863971641167
13.092000,0.03727181956252679,-0.0018269294185202511
13.094000,0.0423618395959533,0.003268863971641167
13.096000,0.0423618395959533,0.003268863971641167
13.098000,0.0423618395959533,-0.0018269294185202511
13.100000,0.03727181956252679,-0.0018269294185202511
13.102000,0.0423618395959533,0.003268863971641167
13.104000,0.03727181956252679,0.003268863971641167
13.106000,0.0423618395959533,0.003268863971641167
13.108000,0.0423618395959533,0.003268863971641167
13.110000,0.03727181956252679,-0.0018269294185202511
13.112000,0.0423618395959533,0.003268863971641167
13.114000,0.0423618395959533,0.003268863971641167
13.116000,0.0423618395959533,0.003268863971641167
13.118000,0.0423618395959533,0.003268863971641167
13.120000,0.0423618395959533,0.003268863971641167
13.122000,0.0423618395959533,0.003268863971641167
13.124000,0.0423618395959533,0.003268863971641167
13.126000,0.0423618395959533,0.003268863971641167
13.128000,0.03727181956252679,-0.0018269294185202511
13.130000,0.03727181956252679,0.003268863971641167
13.132000,0.0423618395959533,-0.0018269294185202511
13.134000,0.0423618395959533,-0.0018269294185202511
13.136000,0.0423618395959533,0.003268863971641167
13.138000,0.03727181956252679,0.003268863971641167
13.140000,0.0423618395959533,-0.0018269294185202511
13.142000,0.03727181956252679,0.003268863971641167
13.144000,0.0423618395959533,0.003268863971641167
13.146000,0.0423618395959533,0.003268863971641167
13.148000,0.03727181956252679,-0.0018269294185202511
13.150000,0.03727181956252679,0.003268863971641167
13.152000,0.03727181956252679,-0.0018269294185202511
13.154000,0.03727181956252679,0.003268863971641167
13.156000,0.03727181956252679,0.003268863971641167
13.158000,0.03727181956252679,0.003268863971641167
13.160000,0.03727181956252679,0.003268863971641167
13.162000,0.0423618395959533,-0.0018269294185202511
13.164000,0.03727181956252679,0.003268863971641167
13.166000,0.03727181956252679,0.003268863971641167
13.168000,0.03727181956252679,-0.0018269294185202511
13.170000,0.03727181956252679,0.003268863971641167
13.172000,0.03727181956252679,0.003268863971641167
13.174000,0.03727181956252679,0.003268863971641167
13.176000,0.03727181956252679,-0.0018269294185202511
13.178000,0.03727181956252679,0.003268863971641167
13.180000,0.03727181956252679,-0.0018269294185202511
13.182000,0.03727181956252679,0.003268863971641167
13.184000,0.03727181956252679,-0.0018269294185202511
13.186000,0.03727181956252679,-0.0018269294185202511
13.188000,0.03727181956252679,0.003268863971641167
13.190000,0.03727181956252679,0.003268863971641167
13.192000,0.032181799529100275,0.003268863971641167
13.194000,0.03727181956252679,0.003268863971641167
13.196000,0.03727181956252679,0.003268863971641167
13.198000,0.03727181956252679,0.003268863971641167
13.200000,0.032181799529100275,0.003268863971641167
13.202000,0.032181799529100275,-0.0018269294185202511
13.204000,0.032181799529100275,0.003268863971641167
13.206000,0.032181799529100275,-0.0018269294185202511
13.208000,0.032181799529100275,0.003268863971641167
13.210000,0.032181799529100275,0.003268863971641167
13.212000,0.032181799529100275,0.003268863971641167
13.214000,0.032181799529100275,0.003268863971641167
13.216000,0.032181799529100275,0.003268863971641167
13.218000,0.032181799529100275,0.003268863971641167
13.220000,0.027091779495673762,0.003268863971641167
13.222000,0.027091779495673762,0.003268863971641167
13.224000,0.027091779495673762,-0.0018269294185202511
13.226000,0.027091779495673762,0.003268863971641167
13.228000,0.027091779495673762,-0.0018269294185202511
13.230000,0.027091779495673762,0.003268863971641167
13.232000,0.027091779495673762,0.003268863971641167
13.234000,0.027091779495673762,0.003268863971641167
13.236000,0.027091779495673762,0.003268863971641167
13.238000,0.02200175946224725,0.003268863971641167
13.240000,0.027091779495673762,0.003268863971641167
13.242000,0.027091779495673762,-0.0018269294185202511
13.244000,0.02200175946224725,0.003268863971641167
13.246000,0.02200175946224725,0.003268863971641167
13.248000,0.02200175946224725,0.003268863971641167
13.250000,0.02200175946224725,0.003268863971641167
13.252000,0.02200175946224725,0.003268863971641167
13.254000,0.016911739428820738,0.003268863971641167
13.256000,0.016911739428820738,0.003268863971641167
13.258000,0.016911739428820738,0.003268863971641167
13.260000,0.016911739428820738,0.003268863971641167
13.262000,0.016911739428820738,0.003268863971641167
13.264000,0.016911739428820738,-0.0018269294185202511
13.266000,0.011821719395394226,0.003268863971641167
13.268000,0.016911739428820738,0.003268863971641167
13.270000,0.011821719395394226,0.003268863971641167
13.272000,0.011821719395394226,-0.0018269294185202511
13.274000,0.006731699361965937,0.003268863971641167
13.276000,0.006731699361965937,0.003268863971641167
13.278000,0.006731699361965937,0.003268863971641167
13.280000,0.006731699361965937,-0.0018269294185202511
13.282000,0.006731699361965937,0.003268863971641167
13.284000,0.006731699361965937,0.003268863971641167
13.286000,0.006731699361965937,0.003268863971641167
13.288000,0.006731699361965937,-0.0018269294185202511
13.290000,0.006731699361965937,-0.0018269294185202511
13.292000,0.006731699361965937,0.003268863971641167
13.294000,0.0016416793285394249,0.003268863971641167
13.296000,0.0016416793285394249,0.003268863971641167
13.298000,0.0016416793285394249,0.003268863971641167
13.300000,0.0016416793285394249,-0.0018269294185202511
13.302000,0.0016416793285394249,0.003268863971641167
13.304000,0.0016416793285394249,0.003268863971641167
13.306000,0.0016416793285394249,0.003268863971641167
13.308000,0.0016416793285394249,-0.0018269294185202511
13.310000,0.0016416793285394249,-0.0018269294185202511
13.312000,0.0016416793285394249,0.003268863971641167
13.314000,0.0016416793285394249,0.003268863971641167
13.316000,-0.0034483407048870873,0.003268863971641167
13.318000,-0.0034483407048870873,-0.0018269294185202511
13.320000,0.0016416793285394249,-0.0018269294185202511
13.322000,-0.0034483407048870873,-0.0018269294185202511
13.324000,-0.0034483407048870873,0.003268863971641167
13.326000,-0.0034483407048870873,0.003268863971641167
13.328000,-0.0034483407048870873,0.003268863971641167
13.330000,-0.0034483407048870873,0.003268863971641167
13.332000,-0.0034483407048870873,0.003268863971641167
13.334000,-0.0034483407048870873,0.003268863971641167
13.336000,-0.0034483407048870873,-0.0018269294185202511
13.338000,-0.0034483407048870873,0.003268863971641167
13.340000,-0.0034483407048870873,0.003268863971641167
13.342000,-0.0034483407048870873,0.003268863971641167
13.344000,-0.0034483407048870873,0.003268863971641167
13.346000,-0.0034483407048870873,-0.0018269294185202511
13.348000,-0.0034483407048870873,0.003268863971641167
13.350000,-0.0034483407048870873,0.003268863971641167
13.352000,-0.0034483407048870873,-0.0018269294185202511
13.354000,-0.0034483407048870873,0.003268863971641167
13.356000,-0.0034483407048870873,0.003268863971641167
13.358000,-0.0034483407048870873,0.003268863971641167
13.360000,-0.0034483407048870873,-0.0018269294185202511
13.362000,-0.0034483407048870873,-0.0018269294185202511
13.364000,-0.0034483407048870873,0.003268863971641167
13.366000,-0.0034483407048870873,0.003268863971641167
13.368000,-0.0034483407048870873,0.003268863971641167
13.370000,-0.0034483407048870873,0.003268863971641167
13.372000,-0.0034483407048870873,0.003268863971641167
13.374000,-0.0034483407048870873,-0.0018269294185202511
13.376000,-0.0034483407048870873,0.003268863971641167
13.378000,-0.0034483407048870873,0.003268863971641167
13.380000,-0.0034483407048870873,-0.0018269294185202511
13.382000,-0.0034483407048870873,0.003268863971641167
13.384000,-0.0034483407048870873,0.003268863971641167
13.386000,-0.0034483407048870873,0.003268863971641167
13.388000,-0.0034483407048870873,-0.0018269294185202511
13.390000,-0.0034483407048870873,-0.0018269294185202511
13.392000,-0.0034483407048870873,0.003268863971641167
13.394000,-0.0034483407048870873,-0.0018269294185202511
13.396000,-0.0034483407048870873,-0.0018269294185202511
13.398000,-0.0034483407048870873,-0.0018269294185202511
13.400000,-0.0034483407048870873,0.003268863971641167
13.402000,-0.0034483407048870873,0.003268863971641167
13.404000,-0.0034483407048870873,0.003268863971641167
13.406000,-0.0034483407048870873,0.003268863971641167
13.408000,-0.0034483407048870873,-0.0018269294185202511
13.410000,-0.0034483407048870873,0.003268863971641167
13.412000,-0.0034483407048870873,0.003268863971641167
13.414000,-0.0034483407048870873,0.003268863971641167
13.416000,-0.0034483407048870873,-0.0018269294185202511
13.418000,-0.0034483407048870873,0.003268863971641167
13.420000,-0.0034483407048870873,-0.0018269294185202511
13.422000,-0.0034483407048870873,0.003268863971641167
13.424000,-0.0034483407048870873,0.003268863971641167
13.426000,-0.0034483407048870873,-0.0018269294185202511
13.428000,-0.0034483407048870873,-0.0018269294185202511
13.430000,-0.0034483407048870873,0.003268863971641167
13.432000,-0.0034483407048870873,0.003268863971641167
13.434000,-0.0034483407048870873,-0.0018269294185202511
13.436000,-0.0034483407048870873,0.003268863971641167
13.438000,-0.0034483407048870873,0.003268863971641167
13.440000,-0.0034483407048870873,0.003268863971641167
13.442000,-0.0034483407048870873,-0.0018269294185202511
13.444000,-0.0034483407048870873,0.003268863971641167
13.446000,-0.0034483407048870873,-0.0018269294185202511
13.448000,-0.0034483407048870873,0.003268863971641167
13.450000,-0.0034483407048870873,-0.0018269294185202511
13.452000,-0.0034483407048870873,0.003268863971641167
13.454000,-0.0034483407048870873,0.003268863971641167
13.456000,-0.0034483407048870873,-0.0018269294185202511
13.458000,-0.0034483407048870873,-0.0018269294185202511
13.460000,-0.0034483407048870873,-0.0018269294185202511
13.462000,-0.0034483407048870873,-0.0018269294185202511
13.464000,-0.0034483407048870873,-0.0018269294185202511
13.466000,-0.0034483407048870873,0.003268863971641167
13.468000,-0.0034483407048870873,-0.0018269294185202511
13.470000,-0.0034483407048870873,0.003268863971641167
13.472000,-0.0034483407048870873,-0.0018269294185202511
13.474000,-0.0034483407048870873,0.003268863971641167
13.476000,-0.0034483407048870873,0.003268863971641167
13.478000,-0.0034483407048870873,0.003268863971641167
13.480000,-0.0034483407048870873,-0.0018269294185202511
13.482000,-0.0034483407048870873,-0.0018269294185202511
13.484000,-0.0034483407048870873,0.003268863971641167
13.486000,-0.0034483407048870873,0.003268863971641167
13.488000,-0.0034483407048870873,0.003268863971641167
13.490000,-0.0034483407048870873,0.003268863971641167
13.492000,-0.0034483407048870873,0.003268863971641167
13.494000,-0.0034483407048870873,-0.0018269294185202511
13.496000,-0.0034483407048870873,-0.0018269294185202511
13.498000,-0.0034483407048870873,0.003268863971641167
13.500000,-0.0085383607383136,0.003268863971641167
13.502000,-0.0034483407048870873,0.003268863971641167
13.504000,-0.0085383607383136,0.003268863971641167
13.506000,-0.0034483407048870873,-0.0018269294185202511
13.508000,-0.0085383607383136,0.003268863971641167
13.510000,-0.0034483407048870873,0.003268863971641167
13.512000,-0.0085383607383136,0.003268863971641167
13.514000,-0.0034483407048870873,0.003268863971641167
13.516000,-0.0034483407048870873,0.003268863971641167
13.518000,-0.0034483407048870873,0.003268863971641167
13.520000,-0.0085383607383136,0.003268863971641167
13.522000,-0.0034483407048870873,0.003268863971641167
13.524000,-0.0034483407048870873,0.003268863971641167
13.526000,-0.0034483407048870873,0.003268863971641167
13.528000,-0.0034483407048870873,0.003268863971641167
13.530000,-0.0034483407048870873,0.003268863971641167
13.532000,-0.0034483407048870873,0.003268863971641167
13.534000,-0.0085383607383136,0.003268863971641167
13.536000,-0.0034483407048870873,0.003268863971641167
13.538000,-0.0034483407048870873,-0.0018269294185202511
13.540000,-0.0034483407048870873,0.003268863971641167
13.542000,-0.0034483407048870873,-0.0018269294185202511
13.544000,-0.0034483407048870873,0.003268863971641167
13.546000,-0.0034483407048870873,-0.0018269294185202511
13.548000,-0.0034483407048870873,0.003268863971641167
13.550000,-0.0085383607383136,0.003268863971641167
13.552000,-0.0085383607383136,0.003268863971641167
13.554000,-0.0034483407048870873,0.003268863971641167
13.556000,-0.0034483407048870873,0.003268863971641167
13.558000,-0.0034483407048870873,-0.0018269294185202511
13.560000,-0.0034483407048870873,0.003268863971641167
13.562000,-0.0034483407048870873,0.003268863971641167
13.564000,-0.0034483407048870873,0.003268863971641167
13.566000,-0.0085383607383136,0.003268863971641167
13.568000,-0.0034483407048870873,0.003268863971641167
13.570000,-0.0085383607383136,0.003268863971641167
13.572000,-0.0034483407048870873,0.003268863971641167
13.574000,-0.0034483407048870873,-0.0018269294185202511
13.576000,-0.0034483407048870873,0.003268863971641167
13.578000,-0.0034483407048870873,0.003268863971641167
13.580000,-0.0034483407048870873,-0.0018269294185202511
13.582000,-0.0034483407048870873,-0.0018269294185202511
13.584000,-0.0034483407048870873,0.003268863971641167
13.586000,-0.0034483407048870873,-0.0018269294185202511
13.588000,-0.0034483407048870873,-0.0018269294185202511
13.590000,-0.0034483407048870873,0.003268863971641167
13.592000,-0.0034483407048870873,0.003268863971641167
13.594000,-0.0034483407048870873,0.003268863971641167
13.596000,-0.0034483407048870873,-0.0018269294185202511
13.598000,-0.0034483407048870873,0.003268863971641167
13.600000,-0.0034483407048870873,0.003268863971641167
13.602000,-0.0034483407048870873,0.003268863971641167
13.604000,-0.0085383607383136,0.003268863971641167
13.606000,-0.0034483407048870873,0.003268863971641167
13.608000,-0.0034483407048870873,0.003268863971641167
13.610000,-0.0034483407048870873,-0.0018269294185202511
13.612000,-0.0034483407048870873,0.003268863971641167
13.614000,-0.0034483407048870873,-0.0018269294185202511
13.616000,-0.0034483407048870873,0.003268863971641167
13.618000,-0.0034483407048870873,0.003268863971641167
13.620000,-0.0034483407048870873,0.003268863971641167
13.622000,-0.0034483407048870873,-0.0018269294185202511
13.624000,-0.0034483407048870873,0.003268863971641167
13.626000,-0.0034483407048870873,0.003268863971641167
13.628000,-0.0034483407048870873,0.003268863971641167
13.630000,-0.0034483407048870873,0.003268863971641167
13.632000,-0.0085383607383136,0.003268863971641167
13.634000,-0.0085383607383136,-0.0018269294185202511
13.636000,-0.0034483407048870873,0.003268863971641167
13.638000,-0.0034483407048870873,-0.0018269294185202511
13.640000,-0.0034483407048870873,0.003268863971641167
13.642000,-0.0034483407048870873,0.003268863971641167
13.644000,-0.0034483407048870873,0.003268863971641167
13.646000,-0.0034483407048870873,0.003268863971641167
13.648000,-0.0034483407048870873,0.003268863971641167
13.650000,-0.0034483407048870873,0.003268863971641167
13.652000,-0.0034483407048870873,0.003268863971641167
13.654000,-0.0034483407048870873,0.003268863971641167
13.656000,-0.0034483407048870873,0.003268863971641167
13.658000,-0.0085383607383136,0.003268863971641167
13.660000,-0.0085383607383136,0.003268863971641167
13.662000,-0.0034483407048870873,0.003268863971641167
13.664000,-0.0034483407048870873,0.003268863971641167
13.666000,-0.0034483407048870873,0.003268863971641167
13.668000,-0.0034483407048870873,0.003268863971641167
13.670000,-0.0034483407048870873,0.003268863971641167
13.672000,-0.0034483407048870873,0.003268863971641167
13.674000,-0.0034483407048870873,0.003268863971641167
13.676000,-0.0034483407048870873,-0.0018269294185202511
13.678000,-0.0034483407048870873,-0.0018269294185202511
13.680000,-0.0085383607383136,0.003268863971641167
13.682000,-0.0034483407048870873,0.003268863971641167
13.684000,-0.0034483407048870873,0.003268863971641167
13.686000,-0.0034483407048870873,0.003268863971641167
13.688000,-0.0034483407048870873,0.003268863971641167
13.690000,-0.0034483407048870873,0.003268863971641167
13.692000,-0.0034483407048870873,0.003268863971641167
13.694000,-0.0085383607383136,0.003268863971641167
13.696000,-0.0034483407048870873,0.003268863971641167
13.698000,-0.0034483407048870873,0.003268863971641167
13.700000,-0.0034483407048870873,0.003268863971641167
13.702000,-0.0034483407048870873,0.003268863971641167
13.704000,-0.0034483407048870873,0.003268863971641167
13.706000,-0.0085383607383136,0.003268863971641167
13.708000,-0.0085383607383136,0.003268863971641167
13.710000,-0.0034483407048870873,0.003268863971641167
13.712000,-0.0034483407048870873,0.003268863971641167
13.714000,-0.0034483407048870873,0.003268863971641167
13.716000,-0.0085383607383136,0.003268863971641167
13.718000,-0.0034483407048870873,0.003268863971641167
13.720000,-0.0034483407048870873,0.003268863971641167
13.722000,-0.0034483407048870873,0.003268863971641167
13.724000,-0.0034483407048870873,0.003268863971641167
13.726000,-0.0085383607383136,0.003268863971641167
13.728000,-0.0034483407048870873,-0.0018269294185202511
13.730000,-0.0034483407048870873,0.003268863971641167
13.732000,-0.0034483407048870873,0.003268863971641167
13.734000,-0.0034483407048870873,-0.0018269294185202511
13.736000,-0.0034483407048870873,0.003268863971641167
13.738000,-0.0034483407048870873,-0.0018269294185202511
13.740000,-0.0034483407048870873,-0.0018269294185202511
13.742000,-0.0034483407048870873,-0.0018269294185202511
13.744000,-0.0034483407048870873,0.003268863971641167
13.746000,-0.0085383607383136,0.003268863971641167
13.748000,-0.0034483407048870873,-0.0018269294185202511
13.750000,-0.0034483407048870873,-0.0018269294185202511
13.752000,-0.0085383607383136,0.003268863971641167
13.754000,-0.0034483407048870873,0.003268863971641167
13.756000,-0.0034483407048870873,0.003268863971641167
13.758000,-0.0085383607383136,0.003268863971641167
13.760000,-0.0034483407048870873,0.003268863971641167
13.762000,-0.0034483407048870873,-0.0018269294185202511
13.764000,-0.0034483407048870873,-0.0018269294185202511
13.766000,-0.0034483407048870873,-0.0018269294185202511
13.768000,-0.0085383607383136,-0.0018269294185202511
13.770000,-0.0034483407048870873,0.003268863971641167
13.772000,-0.0034483407048870873,-0.0018269294185202511
13.774000,-0.0034483407048870873,0.003268863971641167
13.776000,-0.0034483407048870873,0.003268863971641167
13.778000,-0.0085383607383136,0.003268863971641167
13.780000,-0.0085383607383136,0.003268863971641167
13.782000,-0.0034483407048870873,0.003268863971641167
13.784000,-0.0034483407048870873,-0.0018269294185202511
13.786000,-0.0034483407048870873,0.003268863971641167
13.788000,-0.0034483407048870873,0.003268863971641167
13.790000,-0.0034483407048870873,0.003268863971641167
13.792000,-0.0034483407048870873,0.003268863971641167
13.794000,-0.0034483407048870873,-0.0018269294185202511
13.796000,-0.0034483407048870873,0.003268863971641167
13.798000,-0.0034483407048870873,0.003268863971641167
13.800000,-0.0034483407048870873,0.003268863971641167
13.802000,-0.0085383607383136,0.003268863971641167
13.804000,-0.0034483407048870873,0.003268863971641167
13.806000,-0.0034483407048870873,-0.0018269294185202511
13.808000,-0.0034483407048870873,0.003268863971641167
13.810000,-0.0085383607383136,0.003268863971641167
13.812000,-0.0085383607383136,0.003268863971641167
13.814000,-0.0034483407048870873,0.003268863971641167
13.816000,-0.0034483407048870873,0.003268863971641167
13.818000,-0.0034483407048870873,0.003268863971641167
13.820000,-0.0085383607383136,-0.0018269294185202511
13.822000,-0.0034483407048870873,0.003268863971641167
13.824000,-0.0085383607383136,0.003268863971641167
13.826000,-0.0034483407048870873,0.003268863971641167
13.828000,-0.0034483407048870873,0.003268863971641167
13.830000,-0.0034483407048870873,0.003268863971641167
13.832000,-0.0034483407048870873,-0.0018269294185202511
13.834000,-0.0034483407048870873,0.003268863971641167
13.836000,-0.0034483407048870873,0.003268863971641167
13.838000,-0.0034483407048870873,0.003268863971641167
13.840000,-0.0034483407048870873,0.003268863971641167
13.842000,-0.0085383607383136,0.003268863971641167
13.844000,-0.0034483407048870873,0.003268863971641167
13.846000,-0.0034483407048870873,0.003268863971641167
13.848000,-0.0085383607383136,0.003268863971641167
13.850000,-0.0034483407048870873,0.003268863971641167
13.852000,-0.0085383607383136,-0.0018269294185202511
13.854000,-0.0034483407048870873,-0.0018269294185202511
13.856000,-0.0034483407048870873,0.003268863971641167
13.858000,-0.0034483407048870873,0.003268863971641167
13.860000,-0.0034483407048870873,0.003268863971641167
13.862000,-0.0034483407048870873,-0.0018269294185202511
13.864000,-0.0034483407048870873,0.003268863971641167
13.866000,-0.0034483407048870873,-0.0018269294185202511
13.868000,-0.0034483407048870873,0.003268863971641167
13.870000,-0.0034483407048870873,0.003268863971641167
13.872000,-0.0034483407048870873,0.003268863971641167
13.874000,-0.0034483407048870873,0.003268863971641167
13.876000,-0.0034483407048870873,0.003268863971641167
13.878000,-0.0034483407048870873,0.003268863971641167
13.880000,-0.0034483407048870873,-0.0018269294185202511
13.882000,-0.0034483407048870873,0.003268863971641167
13.884000,-0.0034483407048870873,0.003268863971641167
13.886000,-0.0034483407048870873,0.003268863971641167
13.888000,-0.0034483407048870873,0.003268863971641167
13.890000,-0.0085383607383136,0.003268863971641167
13.892000,-0.0085383607383136,-0.0018269294185202511
13.894000,-0.0034483407048870873,-0.0018269294185202511
13.896000,-0.0034483407048870873,0.003268863971641167
13.898000,-0.0034483407048870873,0.003268863971641167
13.900000,-0.0034483407048870873,0.003268863971641167
13.902000,-0.0034483407048870873,-0.0018269294185202511
13.904000,-0.0034483407048870873,-0.0018269294185202511
13.906000,-0.0034483407048870873,-0.0018269294185202511
13.908000,-0.0085383607383136,-0.0018269294185202511
13.910000,-0.0034483407048870873,0.003268863971641167
13.912000,-0.0034483407048870873,0.003268863971641167
13.914000,-0.0034483407048870873,0.003268863971641167
13.916000,-0.0034483407048870873,0.003268863971641167
13.918000,-0.0034483407048870873,0.003268863971641167
13.920000,-0.0034483407048870873,-0.0018269294185202511
13.922000,-0.0034483407048870873,0.003268863971641167
13.924000,-0.0034483407048870873,0.003268863971641167
13.926000,-0.0034483407048870873,0.003268863971641167
13.928000,-0.0034483407048870873,0.003268863971641167
13.930000,-0.0034483407048870873,0.003268863971641167
13.932000,-0.0034483407048870873,0.003268863971641167
13.934000,-0.0034483407048870873,0.003268863971641167
13.936000,-0.0085383607383136,-0.0018269294185202511
13.938000,-0.0034483407048870873,-0.0018269294185202511
13.940000,-0.0034483407048870873,0.003268863971641167
13.942000,-0.0034483407048870873,-0.0018269294185202511
13.944000,-0.0034483407048870873,-0.0018269294185202511
13.946000,-0.0034483407048870873,0.003268863971641167
13.948000,-0.0034483407048870873,0.003268863971641167
13.950000,-0.0034483407048870873,0.003268863971641167
13.952000,-0.0034483407048870873,0.003268863971641167
13.954000,-0.0034483407048870873,0.003268863971641167
13.956000,-0.0034483407048870873,0.003268863971641167
13.958000,-0.0034483407048870873,0.003268863971641167
13.960000,-0.0034483407048870873,0.003268863971641167
13.962000,-0.0034483407048870873,0.003268863971641167
13.964000,-0.0034483407048870873,-0.0018269294185202511
13.966000,-0.0034483407048870873,0.003268863971641167
13.968000,-0.0034483407048870873,-0.0018269294185202511
13.970000,-0.0034483407048870873,0.003268863971641167
13.972000,-0.0034483407048870873,0.003268863971641167
13.974000,-0.0034483407048870873,-0.0018269294185202511
13.976000,-0.0034483407048870873,0.003268863971641167
13.978000,-0.0034483407048870873,0.003268863971641167
13.980000,-0.0034483407048870873,0.003268863971641167
13.982000,-0.0085383607383136,0.003268863971641167
13.984000,-0.0034483407048870873,0.003268863971641167
13.986000,-0.0034483407048870873,0.003268863971641167
13.988000,-0.0085383607383136,-0.0018269294185202511
13.990000,-0.0085383607383136,0.003268863971641167
13.992000,-0.0034483407048870873,-0.0018269294185202511
13.994000,-0.0034483407048870873,0.003268863971641167
13.996000,-0.0034483407048870873,0.003268863971641167
13.998000,-0.0034483407048870873,0.003268863971641167
14.000000,-0.0034483407048870873,0.003268863971641167
14.002000,-0.0034483407048870873,0.003268863971641167
14.004000,-0.0034483407048870873,0.003268863971641167
14.006000,-0.0034483407048870873,0.003268863971641167
14.008000,-0.0034483407048870873,-0.0018269294185202511
14.010000,-0.0034483407048870873,0.003268863971641167
14.012000,-0.0034483407048870873,-0.0018269294185202511
14.014000,-0.0034483407048870873,-0.0018269294185202511
14.016000,-0.0034483407048870873,0.003268863971641167
14.018000,-0.0034483407048870873,0.003268863971641167
14.020000,-0.0034483407048870873,-0.0018269294185202511
14.022000,-0.0034483407048870873,0.003268863971641167
14.024000,-0.0034483407048870873,0.003268863971641167
14.026000,-0.0034483407048870873,-0.0018269294185202511
14.028000,-0.0034483407048870873,0.003268863971641167
14.030000,-0.0034483407048870873,-0.0018269294185202511
14.032000,-0.0034483407048870873,-0.0018269294185202511
14.034000,-0.0034483407048870873,-0.0018269294185202511
14.036000,-0.0034483407048870873,-0.0018269294185202511
14.038000,-0.0034483407048870873,0.003268863971641167
14.040000,-0.0034483407048870873,0.003268863971641167
14.042000,-0.0034483407048870873,0.003268863971641167
14.044000,-0.0034483407048870873,0.003268863971641167
14.046000,-0.0034483407048870873,0.003268863971641167
14.048000,-0.0034483407048870873,0.003268863971641167
14.050000,-0.0034483407048870873,0.003268863971641167
14.052000,-0.0085383607383136,0.003268863971641167
14.054000,-0.0034483407048870873,0.003268863971641167
14.056000,-0.0034483407048870873,-0.0018269294185202511
14.058000,-0.0034483407048870873,0.003268863971641167
14.060000,-0.0085383607383136,-0.0018269294185202511
14.062000,-0.0034483407048870873,0.003268863971641167
14.064000,-0.0034483407048870873,0.003268863971641167
14.066000,-0.0034483407048870873,0.003268863971641167
14.068000,-0.0034483407048870873,0.003268863971641167
14.070000,-0.0034483407048870873,0.003268863971641167
14.072000,-0.0034483407048870873,0.003268863971641167
14.074000,-0.0034483407048870873,0.003268863971641167
14.076000,-0.0034483407048870873,0.003268863971641167
14.078000,-0.0034483407048870873,0.003268863971641167
14.080000,-0.0034483407048870873,0.003268863971641167
14.082000,-0.0034483407048870873,0.003268863971641167
14.084000,-0.0034483407048870873,-0.0018269294185202511
14.086000,-0.0034483407048870873,0.003268863971641167
14.088000,-0.0034483407048870873,-0.0018269294185202511
14.090000,-0.0034483407048870873,0.003268863971641167
14.092000,-0.0034483407048870873,0.003268863971641167
14.094000,-0.0034483407048870873,0.003268863971641167
14.096000,-0.0034483407048870873,0.003268863971641167
14.098000,-0.0034483407048870873,0.003268863971641167
14.100000,-0.0034483407048870873,0.003268863971641167
14.102000,-0.0034483407048870873,0.003268863971641167
14.104000,-0.0034483407048870873,0.003268863971641167
14.106000,-0.0034483407048870873,0.003268863971641167
14.108000,-0.0034483407048870873,0.003268863971641167
14.110000,-0.0034483407048870873,0.003268863971641167
14.112000,-0.0034483407048870873,0.003268863971641167
14.114000,-0.0034483407048870873,0.003268863971641167
14.116000,-0.0034483407048870873,0.003268863971641167
14.118000,-0.0034483407048870873,0.003268863971641167
14.120000,-0.0034483407048870873,0.003268863971641167
14.122000,-0.0034483407048870873,-0.0018269294185202511
14.124000,-0.0034483407048870873,0.003268863971641167
14.126000,-0.0034483407048870873,0.003268863971641167
14.128000,-0.0034483407048870873,0.003268863971641167
14.130000,-0.0034483407048870873,0.003268863971641167
14.132000,-0.0034483407048870873,0.003268863971641167
14.134000,-0.0034483407048870873,0.003268863971641167
14.136000,-0.0034483407048870873,0.003268863971641167
14.138000,-0.0034483407048870873,0.003268863971641167
14.140000,-0.0034483407048870873,0.003268863971641167
14.142000,-0.0034483407048870873,0.003268863971641167
14.144000,-0.0034483407048870873,0.003268863971641167
14.146000,-0.0034483407048870873,0.003268863971641167
14.148000,-0.0034483407048870873,-0.0018269294185202511
14.150000,-0.0034483407048870873,0.003268863971641167
14.152000,-0.0034483407048870873,0.003268863971641167
14.154000,-0.0034483407048870873,0.003268863971641167
14.156000,-0.0034483407048870873,-0.0018269294185202511
14.158000,-0.0034483407048870873,0.003268863971641167
14.160000,-0.0034483407048870873,0.003268863971641167
14.162000,-0.0034483407048870873,0.003268863971641167
14.164000,-0.0034483407048870873,0.003268863971641167
14.166000,-0.0034483407048870873,-0.0018269294185202511
14.168000,-0.0034483407048870873,0.003268863971641167
14.170000,-0.0034483407048870873,0.003268863971641167
14.172000,-0.0034483407048870873,0.003268863971641167
14.174000,-0.0034483407048870873,0.003268863971641167
14.176000,-0.0034483407048870873,0.003268863971641167
14.178000,-0.0034483407048870873,0.003268863971641167
14.180000,-0.0034483407048870873,-0.0018269294185202511
14.182000,-0.0034483407048870873,0.003268863971641167
14.184000,-0.0034483407048870873,-0.0018269294185202511
14.186000,-0.0034483407048870873,0.003268863971641167
14.188000,-0.0034483407048870873,-0.0018269294185202511
14.190000,-0.0034483407048870873,0.003268863971641167
14.192000,-0.0034483407048870873,0.003268863971641167
14.194000,-0.0034483407048870873,0.003268863971641167
14.196000,-0.0034483407048870873,0.003268863971641167
14.198000,-0.0034483407048870873,-0.0018269294185202511
14.200000,-0.0034483407048870873,0.003268863971641167
14.202000,-0.0034483407048870873,0.003268863971641167
14.204000,-0.0034483407048870873,0.003268863971641167
14.206000,-0.0034483407048870873,0.003268863971641167
14.208000,-0.0034483407048870873,0.003268863971641167
14.210000,-0.0034483407048870873,-0.0018269294185202511
14.212000,-0.0034483407048870873,-0.0018269294185202511
14.214000,-0.0034483407048870873,-0.0018269294185202511
14.216000,-0.0034483407048870873,-0.0018269294185202511
14.218000,-0.0034483407048870873,0.003268863971641167
14.220000,-0.0034483407048870873,0.003268863971641167
14.222000,-0.0034483407048870873,0.003268863971641167
14.224000,-0.0034483407048870873,-0.0018269294185202511
14.226000,-0.0034483407048870873,0.003268863971641167
14.228000,-0.0034483407048870873,-0.0018269294185202511
14.230000,-0.0034483407048870873,0.003268863971641167
14.232000,-0.0034483407048870873,0.003268863971641167
14.234000,-0.0034483407048870873,-0.0018269294185202511
14.236000,-0.0034483407048870873,0.003268863971641167
14.238000,-0.0034483407048870873,0.003268863971641167
14.240000,-0.0034483407048870873,-0.0018269294185202511
14.242000,-0.0034483407048870873,0.003268863971641167
14.244000,-0.0034483407048870873,0.003268863971641167
14.246000,-0.0034483407048870873,0.003268863971641167
14.248000,-0.0034483407048870873,0.003268863971641167
14.250000,-0.0034483407048870873,-0.0018269294185202511
14.252000,-0.0034483407048870873,-0.0018269294185202511
14.254000,-0.0034483407048870873,0.003268863971641167
14.256000,-0.0034483407048870873,0.003268863971641167
14.258000,-0.0034483407048870873,-0.0018269294185202511
14.260000,-0.0034483407048870873,0.003268863971641167
14.262000,-0.0034483407048870873,0.003268863971641167
14.264000,-0.0034483407048870873,0.003268863971641167
14.266000,-0.0034483407048870873,0.003268863971641167
14.268000,-0.0034483407048870873,0.003268863971641167
14.270000,-0.0034483407048870873,0.003268863971641167
14.272000,-0.0034483407048870873,-0.0018269294185202511
14.274000,-0.0034483407048870873,-0.0018269294185202511
14.276000,-0.0034483407048870873,0.003268863971641167
14.278000,-0.0034483407048870873,0.003268863971641167
14.280000,-0.0034483407048870873,0.003268863971641167
14.282000,-0.0034483407048870873,-0.0018269294185202511
14.284000,-0.0034483407048870873,0.003268863971641167
14.286000,-0.0034483407048870873,0.003268863971641167
14.288000,-0.0034483407048870873,0.003268863971641167
14.290000,-0.0034483407048870873,0.003268863971641167
14.292000,-0.0034483407048870873,-0.0018269294185202511
14.294000,-0.0034483407048870873,0.003268863971641167
14.296000,-0.0034483407048870873,0.003268863971641167
14.298000,-0.0034483407048870873,0.003268863971641167
14.300000,-0.0034483407048870873,0.003268863971641167
14.302000,-0.0034483407048870873,0.003268863971641167
14.304000,-0.0034483407048870873,-0.0018269294185202511
14.306000,-0.0034483407048870873,0.003268863971641167
14.308000,-0.0034483407048870873,0.003268863971641167
14.310000,-0.0034483407048870873,0.003268863971641167
14.312000,-0.0034483407048870873,-0.0018269294185202511
14.314000,-0.0034483407048870873,-0.0018269294185202511
14.316000,-0.0034483407048870873,-0.0018269294185202511
14.318000,-0.0034483407048870873,0.003268863971641167
14.320000,-0.0034483407048870873,0.003268863971641167
14.322000,-0.0085383607383136,0.003268863971641167
14.324000,-0.0034483407048870873,-0.0018269294185202511
14.326000,-0.0034483407048870873,0.003268863971641167
14.328000,-0.0034483407048870873,-0.0018269294185202511
14.330000,-0.0034483407048870873,0.003268863971641167
14.332000,-0.0034483407048870873,-0.0018269294185202511
14.334000,-0.0034483407048870873,0.003268863971641167
14.336000,-0.0034483407048870873,0.003268863971641167
14.338000,-0.0034483407048870873,0.003268863971641167
14.340000,-0.0034483407048870873,-0.0018269294185202511
14.342000,-0.0034483407048870873,0.003268863971641167
14.344000,-0.0034483407048870873,-0.0018269294185202511
14.346000,-0.0034483407048870873,0.003268863971641167
14.348000,-0.0034483407048870873,0.003268863971641167
14.350000,-0.0034483407048870873,-0.0018269294185202511
14.352000,-0.0034483407048870873,-0.0018269294185202511
14.354000,-0.0034483407048870873,0.003268863971641167
14.356000,-0.0034483407048870873,0.003268863971641167
14.358000,-0.0034483407048870873,0.003268863971641167
14.360000,-0.0034483407048870873,0.003268863971641167
14.362000,-0.0034483407048870873,0.003268863971641167
14.364000,-0.0034483407048870873,-0.0018269294185202511
14.366000,-0.0034483407048870873,-0.0018269294185202511
14.368000,-0.0034483407048870873,0.003268863971641167
14.370000,-0.0034483407048870873,0.003268863971641167
14.372000,-0.0034483407048870873,0.003268863971641167
14.374000,-0.0034483407048870873,-0.0018269294185202511
14.376000,-0.0034483407048870873,-0.0018269294185202511
14.378000,-0.0034483407048870873,0.003268863971641167
14.380000,-0.0034483407048870873,-0.0018269294185202511
14.382000,-0.0034483407048870873,0.003268863971641167
14.384000,-0.0034483407048870873,0.003268863971641167
14.386000,-0.0034483407048870873,0.003268863971641167
14.388000,-0.0034483407048870873,0.003268863971641167
14.390000,-0.0034483407048870873,0.003268863971641167
14.392000,-0.0034483407048870873,-0.0018269294185202511
14.394000,-0.0034483407048870873,0.003268863971641167
14.396000,-0.0034483407048870873,-0.0018269294185202511
14.398000,-0.0034483407048870873,0.003268863971641167
14.400000,-0.0034483407048870873,0.003268863971641167
14.402000,-0.0034483407048870873,0.003268863971641167
14.404000,-0.0034483407048870873,0.003268863971641167
14.406000,-0.0034483407048870873,0.003268863971641167
14.408000,-0.0034483407048870873,0.003268863971641167
14.410000,-0.0034483407048870873,0.003268863971641167
14.412000,-0.0034483407048870873,0.003268863971641167
14.414000,-0.0034483407048870873,0.003268863971641167
14.416000,-0.0034483407048870873,-0.0018269294185202511
14.418000,-0.0034483407048870873,0.003268863971641167
14.420000,-0.0034483407048870873,0.003268863971641167
14.422000,-0.0034483407048870873,0.003268863971641167
14.424000,-0.0034483407048870873,0.003268863971641167
14.426000,-0.0034483407048870873,0.003268863971641167
14.428000,-0.0034483407048870873,0.003268863971641167
14.430000,-0.0034483407048870873,0.003268863971641167
14.432000,-0.0034483407048870873,-0.0018269294185202511
14.434000,-0.0034483407048870873,0.003268863971641167
14.436000,-0.0034483407048870873,0.003268863971641167
14.438000,-0.0034483407048870873,-0.0018269294185202511
14.440000,-0.0034483407048870873,0.003268863971641167
14.442000,-0.0034483407048870873,0.003268863971641167
14.444000,-0.0034483407048870873,-0.0018269294185202511
14.446000,-0.0034483407048870873,0.003268863971641167
14.448000,-0.0034483407048870873,-0.0018269294185202511
14.450000,-0.0034483407048870873,0.003268863971641167
14.452000,-0.0034483407048870873,-0.0018269294185202511
14.454000,-0.0034483407048870873,0.003268863971641167
14.456000,-0.0034483407048870873,0.003268863971641167
14.458000,-0.0034483407048870873,0.003268863971641167
14.460000,-0.0034483407048870873,-0.0018269294185202511
14.462000,-0.0034483407048870873,0.003268863971641167
14.464000,-0.0034483407048870873,0.003268863971641167
14.466000,-0.0034483407048870873,0.003268863971641167
14.468000,-0.0034483407048870873,0.003268863971641167
14.470000,-0.0034483407048870873,-0.0018269294185202511
14.472000,-0.0034483407048870873,-0.0018269294185202511
14.474000,-0.0034483407048870873,-0.0018269294185202511
14.476000,-0.0034483407048870873,0.003268863971641167
14.478000,-0.0034483407048870873,-0.0018269294185202511
14.480000,-0.0034483407048870873,0.003268863971641167
14.482000,-0.0034483407048870873,0.003268863971641167
14.484000,-0.0034483407048870873,0.003268863971641167
14.486000,-0.0034483407048870873,0.003268863971641167
14.488000,-0.0034483407048870873,-0.0018269294185202511
14.490000,-0.0034483407048870873,0.003268863971641167
14.492000,-0.0034483407048870873,0.003268863971641167
14.494000,-0.0034483407048870873,0.003268863971641167
14.496000,-0.0034483407048870873,0.003268863971641167
14.498000,-0.0034483407048870873,-0.0018269294185202511
14.500000,-0.0034483407048870873,0.003268863971641167
14.502000,-0.0034483407048870873,0.003268863971641167
14.504000,-0.0034483407048870873,0.003268863971641167
14.506000,-0.0034483407048870873,-0.0018269294185202511
14.508000,-0.0034483407048870873,0.003268863971641167
14.510000,-0.0034483407048870873,0.003268863971641167
14.512000,-0.0034483407048870873,0.003268863971641167
14.514000,-0.0034483407048870873,0.003268863971641167
14.516000,-0.0034483407048870873,0.003268863971641167
14.518000,-0.0034483407048870873,0.003268863971641167
14.520000,-0.0034483407048870873,0.003268863971641167
14.522000,-0.0034483407048870873,0.003268863971641167
14.524000,-0.0034483407048870873,0.003268863971641167
14.526000,-0.0034483407048870873,-0.0018269294185202511
14.528000,-0.0034483407048870873,0.003268863971641167
14.530000,-0.0034483407048870873,0.003268863971641167
14.532000,-0.0034483407048870873,0.003268863971641167
14.534000,-0.0034483407048870873,0.003268863971641167
14.536000,-0.0034483407048870873,0.003268863971641167
14.538000,-0.0034483407048870873,0.003268863971641167
14.540000,-0.0034483407048870873,-0.0018269294185202511
14.542000,-0.0034483407048870873,0.003268863971641167
14.544000,-0.0034483407048870873,0.003268863971641167
14.546000,-0.0034483407048870873,0.003268863971641167
14.548000,-0.0034483407048870873,0.003268863971641167
14.550000,-0.0034483407048870873,0.003268863971641167
14.552000,-0.0034483407048870873,0.003268863971641167
14.554000,-0.0034483407048870873,0.003268863971641167
14.556000,-0.0034483407048870873,0.003268863971641167
14.558000,-0.0034483407048870873,-0.0018269294185202511
14.560000,-0.0034483407048870873,-0.0018269294185202511
14.562000,-0.0034483407048870873,0.003268863971641167
14.564000,-0.0034483407048870873,0.003268863971641167
14.566000,-0.0034483407048870873,-0.0018269294185202511
14.568000,-0.0034483407048870873,-0.0018269294185202511
14.570000,-0.0034483407048870873,0.003268863971641167
14.572000,-0.0034483407048870873,-0.0018269294185202511
14.574000,-0.0034483407048870873,0.003268863971641167
14.576000,-0.0034483407048870873,0.003268863971641167
14.578000,-0.0034483407048870873,0.003268863971641167
14.580000,-0.0034483407048870873,-0.0018269294185202511
14.582000,-0.0034483407048870873,-0.0018269294185202511
14.584000,-0.0034483407048870873,0.003268863971641167
14.586000,-0.0034483407048870873,-0.0018269294185202511
14.588000,-0.0034483407048870873,0.003268863971641167
14.590000,-0.0034483407048870873,0.003268863971641167
14.592000,-0.0034483407048870873,0.003268863971641167
14.594000,-0.0034483407048870873,-0.0018269294185202511
14.596000,-0.0034483407048870873,-0.0018269294185202511
14.598000,-0.0034483407048870873,-0.0018269294185202511
14.600000,-0.0034483407048870873,0.003268863971641167
14.602000,-0.0034483407048870873,0.003268863971641167
14.604000,-0.0034483407048870873,0.003268863971641167
14.606000,-0.0034483407048870873,0.003268863971641167
14.608000,-0.0034483407048870873,0.003268863971641167
14.610000,-0.0034483407048870873,0.003268863971641167
14.612000,-0.0034483407048870873,0.003268863971641167
14.614000,-0.0034483407048870873,-0.0018269294185202511
14.616000,-0.0034483407048870873,0.003268863971641167
14.618000,0.0016416793285394249,0.003268863971641167
14.620000,-0.0034483407048870873,0.003268863971641167
14.622000,-0.0034483407048870873,0.003268863971641167
14.624000,-0.0034483407048870873,0.003268863971641167
14.626000,-0.0034483407048870873,0.003268863971641167
14.628000,-0.0034483407048870873,0.003268863971641167
14.630000,-0.0034483407048870873,-0.0018269294185202511
14.632000,-0.0034483407048870873,0.003268863971641167
14.634000,-0.0034483407048870873,0.003268863971641167
14.636000,-0.0034483407048870873,-0.0018269294185202511
14.638000,-0.0034483407048870873,0.003268863971641167
14.640000,-0.0034483407048870873,0.003268863971641167
14.642000,-0.0034483407048870873,0.003268863971641167
14.644000,-0.0034483407048870873,0.003268863971641167
14.646000,-0.0034483407048870873,0.003268863971641167
14.648000,-0.0034483407048870873,-0.0018269294185202511
14.650000,-0.0034483407048870873,0.003268863971641167
14.652000,-0.0034483407048870873,0.003268863971641167
14.654000,-0.0034483407048870873,0.003268863971641167
14.656000,-0.0034483407048870873,-0.0018269294185202511
14.658000,-0.0034483407048870873,0.003268863971641167
14.660000,-0.0034483407048870873,0.003268863971641167
14.662000,-0.0034483407048870873,0.003268863971641167
14.664000,-0.0034483407048870873,0.003268863971641167
14.666000,-0.0034483407048870873,0.003268863971641167
14.668000,-0.0034483407048870873,0.003268863971641167
14.670000,-0.0034483407048870873,-0.0018269294185202511
14.672000,-0.0034483407048870873,-0.0018269294185202511
14.674000,-0.0034483407048870873,0.003268863971641167
14.676000,-0.0034483407048870873,0.003268863971641167
14.678000,-0.0034483407048870873,0.003268863971641167
14.680000,-0.0034483407048870873,-0.0018269294185202511
14.682000,-0.0034483407048870873,0.003268863971641167
14.684000,-0.0034483407048870873,0.003268863971641167
14.686000,-0.0034483407048870873,0.003268863971641167
14.688000,-0.0034483407048870873,0.003268863971641167
14.690000,-0.0034483407048870873,-0.0018269294185202511
14.692000,-0.0034483407048870873,0.003268863971641167
14.694000,-0.0034483407048870873,0.003268863971641167
14.696000,-0.0034483407048870873,-0.0018269294185202511
14.698000,0.0016416793285394249,0.003268863971641167
14.700000,-0.0034483407048870873,0.003268863971641167
14.702000,-0.0034483407048870873,-0.0018269294185202511
14.704000,-0.0034483407048870873,-0.0018269294185202511
14.706000,-0.0034483407048870873,-0.0018269294185202511
14.708000,-0.0034483407048870873,0.003268863971641167
14.710000,-0.0034483407048870873,-0.0018269294185202511
14.712000,-0.0034483407048870873,0.003268863971641167
14.714000,-0.0034483407048870873,0.003268863971641167
14.716000,-0.0034483407048870873,0.003268863971641167
14.718000,-0.0034483407048870873,0.003268863971641167
14.720000,-0.0034483407048870873,0.003268863971641167
14.722000,-0.0034483407048870873,0.003268863971641167
14.724000,-0.0034483407048870873,0.003268863971641167
14.726000,-0.0034483407048870873,0.003268863971641167
14.728000,-0.0034483407048870873,-0.0018269294185202511
14.730000,-0.0034483407048870873,0.003268863971641167
14.732000,-0.0034483407048870873,0.003268863971641167
14.734000,-0.0034483407048870873,0.003268863971641167
14.736000,-0.0034483407048870873,0.003268863971641167
14.738000,-0.0034483407048870873,0.003268863971641167
14.740000,-0.0034483407048870873,0.003268863971641167
14.742000,-0.0034483407048870873,0.003268863971641167
14.744000,-0.0034483407048870873,0.003268863971641167
14.746000,0.0016416793285394249,0.003268863971641167
14.748000,-0.0034483407048870873,0.003268863971641167
14.750000,-0.0034483407048870873,0.003268863971641167
14.752000,-0.0034483407048870873,0.003268863971641167
14.754000,-0.0034483407048870873,0.003268863971641167
14.756000,-0.0034483407048870873,0.003268863971641167
14.758000,-0.0034483407048870873,0.003268863971641167
14.760000,-0.0034483407048870873,0.003268863971641167
14.762000,-0.0034483407048870873,-0.0018269294185202511
14.764000,-0.0034483407048870873,0.003268863971641167
14.766000,-0.0034483407048870873,0.003268863971641167
14.768000,-0.0034483407048870873,0.003268863971641167
14.770000,-0.0034483407048870873,0.003268863971641167
14.772000,-0.0034483407048870873,0.003268863971641167
14.774000,-0.0034483407048870873,0.003268863971641167
14.776000,-0.0034483407048870873,0.003268863971641167
14.778000,-0.0034483407048870873,0.003268863971641167
14.780000,-0.0034483407048870873,0.003268863971641167
14.782000,-0.0034483407048870873,0.003268863971641167
14.784000,-0.0034483407048870873,0.003268863971641167
14.786000,-0.0034483407048870873,0.003268863971641167
14.788000,-0.0034483407048870873,-0.0018269294185202511
14.790000,-0.0034483407048870873,-0.0018269294185202511
14.792000,-0.0034483407048870873,-0.0018269294185202511
14.794000,-0.0034483407048870873,0.003268863971641167
14.796000,-0.0034483407048870873,0.003268863971641167
14.798000,-0.0034483407048870873,-0.0018269294185202511
14.800000,-0.0034483407048870873,-0.0018269294185202511
14.802000,-0.0034483407048870873,0.003268863971641167
14.804000,0.0016416793285394249,0.003268863971641167
14.806000,-0.0034483407048870873,-0.0018269294185202511
14.808000,0.0016416793285394249,0.003268863971641167
14.810000,-0.0034483407048870873,-0.0018269294185202511
14.812000,0.0016416793285394249,0.003268863971641167
14.814000,-0.0034483407048870873,0.003268863971641167
14.816000,-0.0034483407048870873,-0.0018269294185202511
14.818000,-0.0034483407048870873,0.003268863971641167
14.820000,-0.0034483407048870873,0.003268863971641167
14.822000,-0.0034483407048870873,-0.0018269294185202511
14.824000,-0.0034483407048870873,-0.0018269294185202511
14.826000,-0.0034483407048870873,0.003268863971641167
14.828000,-0.0034483407048870873,-0.0018269294185202511
14.830000,-0.0034483407048870873,0.003268863971641167
14.832000,-0.0034483407048870873,0.003268863971641167
14.834000,-0.0034483407048870873,0.003268863971641167
14.836000,-0.0034483407048870873,0.003268863971641167
14.838000,-0.0034483407048870873,0.003268863971641167
14.840000,-0.0034483407048870873,0.003268863971641167
14.842000,-0.0034483407048870873,0.003268863971641167
14.844000,0.0016416793285394249,0.003268863971641167
14.846000,-0.0034483407048870873,0.003268863971641167
14.848000,-0.0034483407048870873,0.003268863971641167
14.850000,-0.0034483407048870873,0.003268863971641167
14.852000,-0.0034483407048870873,-0.0018269294185202511
14.854000,0.0016416793285394249,0.003268863971641167
14.856000,-0.0034483407048870873,0.003268863971641167
14.858000,-0.0034483407048870873,0.003268863971641167
14.860000,-0.0034483407048870873,0.003268863971641167
14.862000,-0.0034483407048870873,0.003268863971641167
14.864000,-0.0034483407048870873,-0.0018269294185202511
14.866000,-0.0034483407048870873,0.003268863971641167
14.868000,-0.0034483407048870873,0.003268863971641167
14.870000,-0.0034483407048870873,0.003268863971641167
14.872000,-0.0034483407048870873,0.003268863971641167
14.874000,-0.0034483407048870873,0.003268863971641167
14.876000,-0.0034483407048870873,0.003268863971641167
14.878000,-0.0034483407048870873,0.003268863971641167
14.880000,-0.0034483407048870873,0.003268863971641167
14.882000,-0.0034483407048870873,0.003268863971641167
14.884000,-0.0034483407048870873,0.003268863971641167
14.886000,-0.0034483407048870873,0.003268863971641167
14.888000,-0.0034483407048870873,0.003268863971641167
14.890000,-0.0034483407048870873,0.003268863971641167
14.892000,-0.0034483407048870873,-0.0018269294185202511
14.894000,-0.0034483407048870873,-0.0018269294185202511
14.896000,-0.0034483407048870873,0.003268863971641167
14.898000,-0.0034483407048870873,0.003268863971641167
14.900000,-0.0034483407048870873,0.003268863971641167
14.902000,-0.0034483407048870873,0.003268863971641167
14.904000,-0.0034483407048870873,0.003268863971641167
14.906000,-0.0034483407048870873,0.003268863971641167
14.908000,-0.0034483407048870873,-0.0018269294185202511
14.910000,-0.0034483407048870873,0.003268863971641167
14.912000,0.0016416793285394249,-0.0018269294185202511
14.914000,-0.0034483407048870873,-0.0018269294185202511
14.916000,-0.0034483407048870873,0.003268863971641167
14.918000,-0.0034483407048870873,0.003268863971641167
14.920000,-0.0034483407048870873,0.003268863971641167
14.922000,-0.0034483407048870873,-0.0018269294185202511
14.924000,-0.0034483407048870873,0.003268863971641167
14.926000,-0.0034483407048870873,0.003268863971641167
14.928000,-0.0034483407048870873,0.003268863971641167
14.930000,-0.0034483407048870873,0.003268863971641167
14.932000,-0.0034483407048870873,0.003268863971641167
14.934000,-0.0034483407048870873,-0.0018269294185202511
14.936000,-0.0034483407048870873,-0.0018269294185202511
14.938000,-0.0034483407048870873,0.003268863971641167
14.940000,-0.0034483407048870873,0.003268863971641167
14.942000,-0.0034483407048870873,0.003268863971641167
14.944000,-0.0034483407048870873,0.003268863971641167
14.946000,-0.0034483407048870873,0.003268863971641167
14.948000,-0.0034483407048870873,0.003268863971641167
14.950000,-0.0034483407048870873,-0.0018269294185202511
14.952000,-0.0034483407048870873,0.003268863971641167
14.954000,-0.0034483407048870873,0.003268863971641167
14.956000,-0.0034483407048870873,0.003268863971641167
14.958000,-0.0034483407048870873,-0.0018269294185202511
14.960000,-0.0034483407048870873,0.003268863971641167
14.962000,-0.0034483407048870873,-0.0018269294185202511
14.964000,0.0016416793285394249,-0.0018269294185202511
14.966000,-0.0034483407048870873,0.003268863971641167
14.968000,-0.0034483407048870873,0.003268863971641167
14.970000,-0.0034483407048870873,0.003268863971641167
14.972000,-0.0034483407048870873,0.003268863971641167
14.974000,-0.0034483407048870873,-0.0018269294185202511
14.976000,-0.0034483407048870873,0.003268863971641167
14.978000,-0.0034483407048870873,-0.0018269294185202511
14.980000,-0.0034483407048870873,0.003268863971641167
14.982000,-0.0034483407048870873,0.003268863971641167
14.984000,0.0016416793285394249,0.003268863971641167
14.986000,-0.0034483407048870873,-0.0018269294185202511
14.988000,-0.0034483407048870873,0.003268863971641167
14.990000,-0.0034483407048870873,0.003268863971641167
14.992000,-0.0034483407048870873,-0.0018269294185202511
14.994000,-0.0034483407048870873,-0.0018269294185202511
14.996000,-0.0034483407048870873,-0.0018269294185202511
14.998000,0.0016416793285394249,0.003268863971641167
15.000000,-0.0034483407048870873,-0.0018269294185202511
15.002000,-0.0034483407048870873,0.003268863971641167
15.004000,-0.0034483407048870873,0.003268863971641167
15.006000,-0.0034483407048870873,0.003268863971641167
15.008000,-0.0034483407048870873,0.003268863971641167
15.010000,-0.0034483407048870873,0.003268863971641167
15.012000,-0.0034483407048870873,0.003268863971641167
15.014000,-0.0034483407048870873,0.003268863971641167
15.016000,-0.0034483407048870873,0.003268863971641167
15.018000,-0.0034483407048870873,0.003268863971641167
15.020000,-0.0034483407048870873,-0.0018269294185202511
15.022000,-0.0034483407048870873,0.003268863971641167
15.024000,-0.0034483407048870873,0.003268863971641167
15.026000,-0.0034483407048870873,0.003268863971641167
15.028000,-0.0034483407048870873,-0.0018269294185202511
15.030000,-0.0034483407048870873,0.003268863971641167
15.032000,-0.0034483407048870873,0.003268863971641167
15.034000,-0.0034483407048870873,0.003268863971641167
15.036000,-0.0034483407048870873,0.003268863971641167
15.038000,-0.0034483407048870873,0.003268863971641167
15.040000,-0.0034483407048870873,0.003268863971641167
15.042000,0.0016416793285394249,0.003268863971641167
15.044000,-0.0034483407048870873,0.003268863971641167
15.046000,-0.0034483407048870873,0.003268863971641167
15.048000,-0.0034483407048870873,0.003268863971641167
15.050000,-0.0034483407048870873,-0.0018269294185202511
15.052000,-0.0034483407048870873,0.003268863971641167
15.054000,-0.0034483407048870873,0.003268863971641167
15.056000,-0.0034483407048870873,-0.0018269294185202511
15.058000,-0.0034483407048870873,0.003268863971641167
15.060000,-0.0034483407048870873,0.003268863971641167
15.062000,-0.0034483407048870873,0.003268863971641167
15.064000,-0.0034483407048870873,0.003268863971641167
15.066000,-0.0034483407048870873,-0.0018269294185202511
15.068000,0.0016416793285394249,0.003268863971641167
15.070000,-0.0034483407048870873,0.003268863971641167
15.072000,-0.0034483407048870873,0.003268863971641167
15.074000,-0.0034483407048870873,0.003268863971641167
15.076000,-0.0034483407048870873,0.003268863971641167
15.078000,-0.0034483407048870873,0.003268863971641167
15.080000,-0.0034483407048870873,0.003268863971641167
15.082000,-0.0034483407048870873,0.003268863971641167
15.084000,-0.0034483407048870873,-0.0018269294185202511
15.086000,-0.0034483407048870873,0.003268863971641167
15.088000,-0.0034483407048870873,0.003268863971641167
15.090000,-0.0034483407048870873,0.003268863971641167
15.092000,-0.0034483407048870873,0.003268863971641167
15.094000,0.0016416793285394249,-0.0018269294185202511
15.096000,-0.0034483407048870873,0.003268863971641167
15.098000,-0.0034483407048870873,0.003268863971641167
15.100000,-0.0034483407048870873,0.003268863971641167
15.102000,-0.0034483407048870873,0.003268863971641167
15.104000,-0.0034483407048870873,0.003268863971641167
15.106000,-0.0034483407048870873,0.003268863971641167
15.108000,-0.0034483407048870873,0.003268863971641167
15.110000,0.0016416793285394249,0.003268863971641167
15.112000,-0.0034483407048870873,0.003268863971641167
15.114000,-0.0034483407048870873,0.003268863971641167
15.116000,-0.0034483407048870873,0.003268863971641167
15.118000,-0.0034483407048870873,0.003268863971641167
15.120000,-0.0034483407048870873,0.003268863971641167
15.122000,-0.0034483407048870873,-0.0018269294185202511
15.124000,-0.0034483407048870873,0.003268863971641167
15.126000,-0.0034483407048870873,-0.0018269294185202511
15.128000,-0.0034483407048870873,0.003268863971641167
15.130000,-0.0034483407048870873,0.003268863971641167
15.132000,-0.0034483407048870873,0.003268863971641167
15.134000,0.0016416793285394249,-0.0018269294185202511
15.136000,-0.0034483407048870873,0.003268863971641167
15.138000,0.0016416793285394249,0.003268863971641167
15.140000,0.0016416793285394249,-0.0018269294185202511
15.142000,0.0016416793285394249,0.003268863971641167
15.144000,-0.0034483407048870873,-0.0018269294185202511
15.146000,-0.0034483407048870873,-0.0018269294185202511
15.148000,-0.0034483407048870873,0.003268863971641167
15.150000,-0.0034483407048870873,-0.0018269294185202511
15.152000,-0.0034483407048870873,0.003268863971641167
15.154000,-0.0034483407048870873,-0.0018269294185202511
15.156000,-0.0034483407048870873,0.003268863971641167
15.158000,-0.0034483407048870873,-0.0018269294185202511
15.160000,-0.0034483407048870873,0.003268863971641167
15.162000,-0.0034483407048870873,0.003268863971641167
15.164000,0.0016416793285394249,0.003268863971641167
15.166000,-0.0034483407048870873,-0.0018269294185202511
15.168000,-0.0034483407048870873,0.003268863971641167
15.170000,-0.0034483407048870873,0.003268863971641167
15.172000,-0.0034483407048870873,0.003268863971641167
15.174000,0.0016416793285394249,-0.0018269294185202511
15.176000,0.0016416793285394249,0.003268863971641167
15.178000,-0.0034483407048870873,0.003268863971641167
15.180000,-0.0034483407048870873,0.003268863971641167
15.182000,-0.0034483407048870873,0.003268863971641167
15.184000,-0.0034483407048870873,0.003268863971641167
15.186000,-0.0034483407048870873,0.003268863971641167
15.188000,0.0016416793285394249,0.003268863971641167
15.190000,0.0016416793285394249,0.003268863971641167
15.192000,-0.0034483407048870873,0.003268863971641167
15.194000,-0.0034483407048870873,0.003268863971641167
15.196000,0.0016416793285394249,0.003268863971641167
15.198000,-0.0034483407048870873,0.003268863971641167
15.200000,0.0016416793285394249,-0.0018269294185202511
15.202000,-0.0034483407048870873,-0.0018269294185202511
15.204000,-0.0034483407048870873,0.003268863971641167
15.206000,-0.0034483407048870873,-0.0018269294185202511
15.208000,-0.0034483407048870873,-0.0018269294185202511
15.210000,0.0016416793285394249,0.003268863971641167
15.212000,0.0016416793285394249,0.003268863971641167
15.214000,-0.0034483407048870873,0.003268863971641167
15.216000,0.0016416793285394249,-0.0018269294185202511
15.218000,-0.0034483407048870873,0.003268863971641167
15.220000,-0.0034483407048870873,0.003268863971641167
15.222000,0.0016416793285394249,0.003268863971641167
15.224000,-0.0034483407048870873,0.003268863971641167
15.226000,-0.0034483407048870873,0.003268863971641167
15.228000,0.0016416793285394249,0.003268863971641167
15.230000,0.0016416793285394249,-0.0018269294185202511
15.232000,-0.0034483407048870873,0.003268863971641167
15.234000,-0.0034483407048870873,0.003268863971641167
15.236000,-0.0034483407048870873,-0.0018269294185202511
15.238000,0.0016416793285394249,0.003268863971641167
15.240000,0.0016416793285394249,-0.0018269294185202511
15.242000,-0.0034483407048870873,0.003268863971641167
15.244000,-0.0034483407048870873,-0.0018269294185202511
15.246000,0.0016416793285394249,0.003268863971641167
15.248000,-0.0034483407048870873,0.003268863971641167
15.250000,-0.0034483407048870873,0.003268863971641167
15.252000,-0.0034483407048870873,0.003268863971641167
15.254000,-0.0034483407048870873,0.003268863971641167
15.256000,-0.0034483407048870873,0.003268863971641167
15.258000,-0.0034483407048870873,0.003268863971641167
15.260000,0.0016416793285394249,-0.0018269294185202511
15.262000,-0.0034483407048870873,0.003268863971641167
15.264000,-0.0034483407048870873,0.003268863971641167
15.266000,-0.0034483407048870873,-0.0018269294185202511
15.268000,-0.0034483407048870873,-0.0018269294185202511
15.270000,0.0016416793285394249,-0.0018269294185202511
15.272000,-0.0034483407048870873,0.003268863971641167
15.274000,-0.0034483407048870873,0.003268863971641167
15.276000,0.0016416793285394249,0.003268863971641167
15.278000,-0.0034483407048870873,0.003268863971641167
15.280000,-0.0034483407048870873,0.003268863971641167
15.282000,-0.0034483407048870873,0.003268863971641167
15.284000,0.0016416793285394249,-0.0018269294185202511
15.286000,-0.0034483407048870873,0.003268863971641167
15.288000,-0.0034483407048870873,0.003268863971641167
15.290000,-0.0034483407048870873,-0.0018269294185202511
15.292000,-0.0034483407048870873,0.003268863971641167
15.294000,0.0016416793285394249,0.003268863971641167
15.296000,0.0016416793285394249,0.003268863971641167
15.298000,0.0016416793285394249,0.003268863971641167
15.300000,0.0016416793285394249,0.003268863971641167
15.302000,-0.0034483407048870873,-0.0018269294185202511
15.304000,0.0016416793285394249,0.003268863971641167
15.306000,-0.0034483407048870873,0.003268863971641167
15.308000,0.0016416793285394249,0.003268863971641167
15.310000,-0.0034483407048870873,0.003268863971641167
15.312000,-0.0034483407048870873,0.003268863971641167
15.314000,-0.0034483407048870873,0.003268863971641167
15.316000,-0.0034483407048870873,0.003268863971641167
15.318000,0.0016416793285394249,-0.0018269294185202511
15.320000,-0.0034483407048870873,0.003268863971641167
15.322000,0.0016416793285394249,0.003268863971641167
15.324000,0.0016416793285394249,-0.0018269294185202511
15.326000,0.0016416793285394249,0.003268863971641167
15.328000,0.0016416793285394249,0.003268863971641167
15.330000,-0.0034483407048870873,0.003268863971641167
15.332000,-0.0034483407048870873,0.003268863971641167
15.334000,-0.0034483407048870873,0.003268863971641167
15.336000,0.0016416793285394249,0.003268863971641167
15.338000,0.0016416793285394249,0.003268863971641167
15.340000,0.0016416793285394249,0.003268863971641167
15.342000,-0.0034483407048870873,0.003268863971641167
15.344000,-0.0034483407048870873,0.003268863971641167
15.346000,0.0016416793285394249,0.003268863971641167
15.348000,0.0016416793285394249,-0.0018269294185202511
15.350000,0.0016416793285394249,-0.0018269294185202511
15.352000,0.0016416793285394249,0.003268863971641167
15.354000,-0.0034483407048870873,0.003268863971641167
15.356000,-0.0034483407048870873,0.003268863971641167
15.358000,0.0016416793285394249,0.003268863971641167
15.360000,0.0016416793285394249,0.003268863971641167
15.362000,0.0016416793285394249,0.003268863971641167
15.364000,-0.0034483407048870873,0.003268863971641167
15.366000,-0.0034483407048870873,0.003268863971641167
15.368000,-0.0034483407048870873,0.003268863971641167
15.370000,0.0016416793285394249,0.003268863971641167
15.372000,0.0016416793285394249,0.003268863971641167
15.374000,0.0016416793285394249,0.003268863971641167
15.376000,0.0016416793285394249,-0.0018269294185202511
15.378000,-0.0034483407048870873,0.003268863971641167
15.380000,0.0016416793285394249,0.003268863971641167
15.382000,0.0016416793285394249,-0.0018269294185202511
15.384000,0.0016416793285394249,-0.0018269294185202511
15.386000,-0.0034483407048870873,0.003268863971641167
15.388000,-0.0034483407048870873,0.003268863971641167
15.390000,0.0016416793285394249,0.003268863971641167
15.392000,-0.0034483407048870873,0.003268863971641167
15.394000,-0.0034483407048870873,0.003268863971641167
15.396000,-0.0034483407048870873,-0.0018269294185202511
15.398000,-0.0034483407048870873,0.003268863971641167
15.400000,0.0016416793285394249,0.003268863971641167
15.402000,-0.0034483407048870873,0.003268863971641167
15.404000,-0.0034483407048870873,-0.0018269294185202511
15.406000,-0.0034483407048870873,0.003268863971641167
15.408000,-0.0034483407048870873,0.003268863971641167
15.410000,-0.0034483407048870873,0.003268863971641167
15.412000,0.0016416793285394249,-0.0018269294185202511
15.414000,-0.0034483407048870873,0.003268863971641167
15.416000,0.0016416793285394249,-0.0018269294185202511
15.418000,-0.0034483407048870873,0.003268863971641167
15.420000,-0.0034483407048870873,0.003268863971641167
15.422000,0.0016416793285394249,-0.0018269294185202511
15.424000,0.0016416793285394249,0.003268863971641167
15.426000,-0.0034483407048870873,0.003268863971641167
15.428000,-0.0034483407048870873,0.003268863971641167
15.430000,-0.0034483407048870873,0.003268863971641167
15.432000,-0.0034483407048870873,0.003268863971641167
15.434000,0.0016416793285394249,0.003268863971641167
15.436000,-0.0034483407048870873,0.003268863971641167
15.438000,-0.0034483407048870873,0.003268863971641167
15.440000,-0.0034483407048870873,0.003268863971641167
15.442000,-0.0034483407048870873,0.003268863971641167
15.444000,-0.0034483407048870873,0.003268863971641167
15.446000,0.0016416793285394249,-0.0018269294185202511
15.448000,0.0016416793285394249,-0.0018269294185202511
15.450000,-0.0034483407048870873,0.003268863971641167
15.452000,-0.0034483407048870873,0.003268863971641167
15.454000,-0.0034483407048870873,0.003268863971641167
15.456000,-0.0034483407048870873,0.003268863971641167
15.458000,0.0016416793285394249,-0.0018269294185202511
15.460000,-0.0034483407048870873,0.003268863971641167
15.462000,0.0016416793285394249,-0.0018269294185202511
15.464000,-0.0034483407048870873,0.003268863971641167
15.466000,0.0016416793285394249,-0.0018269294185202511
15.468000,0.0016416793285394249,0.003268863971641167
15.470000,-0.0034483407048870873,0.003268863971641167
15.472000,0.0016416793285394249,0.003268863971641167
15.474000,0.0016416793285394249,-0.0018269294185202511
15.476000,0.0016416793285394249,-0.0018269294185202511
15.478000,0.0016416793285394249,0.003268863971641167
15.480000,-0.0034483407048870873,0.003268863971641167
15.482000,-0.0034483407048870873,0.003268863971641167
15.484000,-0.0034483407048870873,0.003268863971641167
15.486000,-0.0034483407048870873,0.003268863971641167
15.488000,0.0016416793285394249,-0.0018269294185202511
15.490000,-0.0034483407048870873,0.003268863971641167
15.492000,0.0016416793285394249,0.003268863971641167
15.494000,-0.0034483407048870873,0.003268863971641167
15.496000,0.0016416793285394249,0.003268863971641167
15.498000,-0.0034483407048870873,0.003268863971641167
15.500000,0.0016416793285394249,0.003268863971641167
15.502000,-0.0034483407048870873,0.003268863971641167
15.504000,0.0016416793285394249,-0.0018269294185202511
15.506000,-0.0034483407048870873,0.003268863971641167
15.508000,0.0016416793285394249,-0.0018269294185202511
15.510000,0.0016416793285394249,0.003268863971641167
15.512000,0.0016416793285394249,-0.0018269294185202511
15.514000,-0.0034483407048870873,0.003268863971641167
15.516000,-0.0034483407048870873,0.003268863971641167
15.518000,-0.0034483407048870873,0.003268863971641167
15.520000,0.0016416793285394249,0.003268863971641167
15.522000,0.0016416793285394249,0.003268863971641167
15.524000,0.0016416793285394249,0.003268863971641167
15.526000,-0.0034483407048870873,0.003268863971641167
15.528000,0.0016416793285394249,0.003268863971641167
15.530000,0.0016416793285394249,0.003268863971641167
15.532000,0.0016416793285394249,0.003268863971641167
15.534000,-0.0034483407048870873,0.003268863971641167
15.536000,-0.0034483407048870873,0.003268863971641167
15.538000,0.0016416793285394249,0.003268863971641167
15.540000,0.0016416793285394249,0.003268863971641167
15.542000,-0.0034483407048870873,0.003268863971641167
15.544000,-0.0034483407048870873,-0.0018269294185202511
15.546000,-0.0034483407048870873,0.003268863971641167
15.548000,-0.0034483407048870873,0.003268863971641167
15.550000,-0.0034483407048870873,-0.0018269294185202511
15.552000,0.0016416793285394249,-0.0018269294185202511
15.554000,0.0016416793285394249,0.003268863971641167
15.556000,0.0016416793285394249,0.003268863971641167
15.558000,0.0016416793285394249,0.003268863971641167
15.560000,-0.0034483407048870873,0.003268863971641167
15.562000,-0.0034483407048870873,0.003268863971641167
15.564000,-0.0034483407048870873,-0.0018269294185202511
15.566000,-0.0034483407048870873,0.003268863971641167
15.568000,0.0016416793285394249,0.003268863971641167
15.570000,0.0016416793285394249,0.003268863971641167
15.572000,0.0016416793285394249,0.003268863971641167
15.574000,0.0016416793285394249,0.003268863971641167
15.576000,0.0016416793285394249,0.003268863971641167
15.578000,0.0016416793285394249,-0.0018269294185202511
15.580000,0.0016416793285394249,0.003268863971641167
15.582000,-0.0034483407048870873,-0.0018269294185202511
15.584000,0.0016416793285394249,0.003268863971641167
15.586000,-0.0034483407048870873,0.003268863971641167
15.588000,0.0016416793285394249,0.003268863971641167
15.590000,0.0016416793285394249,0.003268863971641167
15.592000,-0.0034483407048870873,0.003268863971641167
15.594000,-0.0034483407048870873,0.003268863971641167
15.596000,0.0016416793285394249,-0.0018269294185202511
15.598000,-0.0034483407048870873,-0.0018269294185202511
15.600000,-0.0034483407048870873,-0.0018269294185202511
15.602000,0.0016416793285394249,0.003268863971641167
15.604000,0.0016416793285394249,0.003268863971641167
15.606000,0.0016416793285394249,-0.0018269294185202511
15.608000,0.0016416793285394249,0.003268863971641167
15.610000,0.0016416793285394249,0.003268863971641167
15.612000,-0.0034483407048870873,0.003268863971641167
15.614000,0.0016416793285394249,0.003268863971641167
15.616000,0.0016416793285394249,0.003268863971641167
15.618000,-0.0034483407048870873,-0.0018269294185202511
15.620000,0.0016416793285394249,0.003268863971641167
15.622000,-0.0034483407048870873,-0.0018269294185202511
15.624000,-0.0034483407048870873,0.003268863971641167
15.626000,0.0016416793285394249,0.003268863971641167
15.628000,0.0016416793285394249,0.003268863971641167
15.630000,0.0016416793285394249,0.003268863971641167
15.632000,0.0016416793285394249,0.003268863971641167
15.634000,-0.0034483407048870873,0.003268863971641167
15.636000,0.0016416793285394249,0.003268863971641167
15.638000,-0.0034483407048870873,0.003268863971641167
15.640000,0.0016416793285394249,0.003268863971641167
15.642000,-0.0034483407048870873,0.003268863971641167
15.644000,0.0016416793285394249,0.003268863971641167
15.646000,0.0016416793285394249,-0.0018269294185202511
15.648000,0.0016416793285394249,0.003268863971641167
15.650000,0.0016416793285394249,0.003268863971641167
15.652000,-0.0034483407048870873,0.003268863971641167
15.654000,-0.0034483407048870873,0.003268863971641167
15.656000,0.0016416793285394249,-0.0018269294185202511
15.658000,0.0016416793285394249,0.003268863971641167
15.660000,-0.0034483407048870873,0.003268863971641167
15.662000,-0.0034483407048870873,0.003268863971641167
15.664000,0.0016416793285394249,-0.0018269294185202511
15.666000,-0.0034483407048870873,-0.0018269294185202511
15.668000,0.0016416793285394249,0.003268863971641167
15.670000,-0.0034483407048870873,0.003268863971641167
15.672000,0.0016416793285394249,0.003268863971641167
15.674000,0.0016416793285394249,0.003268863971641167
15.676000,0.0016416793285394249,-0.0018269294185202511
15.678000,-0.0034483407048870873,-0.0018269294185202511
15.680000,0.0016416793285394249,0.003268863971641167
15.682000,0.0016416793285394249,0.003268863971641167
15.684000,0.0016416793285394249,0.003268863971641167
15.686000,0.0016416793285394249,0.003268863971641167
15.688000,0.0016416793285394249,0.003268863971641167
15.690000,0.0016416793285394249,0.003268863971641167
15.692000,-0.0034483407048870873,0.003268863971641167
15.694000,-0.0034483407048870873,-0.0018269294185202511
15.696000,0.0016416793285394249,-0.0018269294185202511
15.698000,0.0016416793285394249,0.003268863971641167
15.700000,0.0016416793285394249,0.003268863971641167
15.702000,0.0016416793285394249,0.003268863971641167
15.704000,0.0016416793285394249,0.003268863971641167
15.706000,-0.0034483407048870873,-0.0018269294185202511
15.708000,0.0016416793285394249,-0.0018269294185202511
15.710000,-0.0034483407048870873,0.003268863971641167
15.712000,-0.0034483407048870873,0.003268863971641167
15.714000,0.0016416793285394249,-0.0018269294185202511
15.716000,-0.0034483407048870873,0.003268863971641167
15.718000,0.0016416793285394249,0.003268863971641167
15.720000,-0.0034483407048870873,0.003268863971641167
15.722000,0.0016416793285394249,0.003268863971641167
15.724000,0.0016416793285394249,-0.0018269294185202511
15.726000,-0.0034483407048870873,0.003268863971641167
15.728000,0.0016416793285394249,0.003268863971641167
15.730000,0.0016416793285394249,0.003268863971641167
15.732000,0.0016416793285394249,0.003268863971641167
15.734000,0.0016416793285394249,-0.0018269294185202511
15.736000,-0.0034483407048870873,0.003268863971641167
15.738000,0.0016416793285394249,0.003268863971641167
15.740000,0.0016416793285394249,0.003268863971641167
15.742000,0.0016416793285394249,0.003268863971641167
15.744000,-0.0034483407048870873,-0.0018269294185202511
15.746000,-0.0034483407048870873,0.003268863971641167
15.748000,0.0016416793285394249,0.003268863971641167
15.750000,0.0016416793285394249,0.003268863971641167
15.752000,0.0016416793285394249,0.003268863971641167
15.754000,0.0016416793285394249,0.003268863971641167
15.756000,0.0016416793285394249,0.003268863971641167
15.758000,0.0016416793285394249,0.003268863971641167
15.760000,0.0016416793285394249,0.003268863971641167
15.762000,-0.0034483407048870873,-0.0018269294185202511
15.764000,0.0016416793285394249,-0.0018269294185202511
15.766000,0.0016416793285394249,-0.0018269294185202511
15.768000,-0.0034483407048870873,0.003268863971641167
15.770000,0.0016416793285394249,-0.0018269294185202511
15.772000,0.0016416793285394249,-0.0018269294185202511
15.774000,0.0016416793285394249,0.003268863971641167
15.776000,0.0016416793285394249,0.003268863971641167
15.778000,0.0016416793285394249,0.003268863971641167
15.780000,0.0016416793285394249,-0.0018269294185202511
15.782000,-0.0034483407048870873,0.003268863971641167
15.784000,0.0016416793285394249,0.003268863971641167
15.786000,0.0016416793285394249,-0.0018269294185202511
15.788000,0.0016416793285394249,0.003268863971641167
15.790000,0.0016416793285394249,0.003268863971641167
15.792000,0.0016416793285394249,0.003268863971641167
15.794000,0.0016416793285394249,0.003268863971641167
15.796000,-0.0034483407048870873,0.003268863971641167
15.798000,0.0016416793285394249,0.003268863971641167
15.800000,-0.0034483407048870873,0.003268863971641167
15.802000,0.0016416793285394249,-0.0018269294185202511
15.804000,0.0016416793285394249,0.003268863971641167
15.806000,0.0016416793285394249,0.003268863971641167
15.808000,0.0016416793285394249,0.003268863971641167
15.810000,0.0016416793285394249,0.003268863971641167
15.812000,0.0016416793285394249,-0.0018269294185202511
15.814000,0.0016416793285394249,-0.0018269294185202511
15.816000,0.0016416793285394249,0.003268863971641167
15.818000,-0.0034483407048870873,0.003268863971641167
15.820000,0.0016416793285394249,0.003268863971641167
15.822000,0.0016416793285394249,0.003268863971641167
15.824000,-0.0034483407048870873,0.003268863971641167
15.826000,0.0016416793285394249,0.003268863971641167
15.828000,0.0016416793285394249,0.003268863971641167
15.830000,-0.0034483407048870873,-0.0018269294185202511
15.832000,0.0016416793285394249,0.003268863971641167
15.834000,0.0016416793285394249,0.003268863971641167
15.836000,0.0016416793285394249,-0.0018269294185202511
15.838000,-0.0034483407048870873,0.003268863971641167
15.840000,0.0016416793285394249,-0.0018269294185202511
15.842000,0.0016416793285394249,0.003268863971641167
15.844000,-0.0034483407048870873,0.003268863971641167
15.846000,0.0016416793285394249,0.003268863971641167
15.848000,-0.0034483407048870873,0.003268863971641167
15.850000,-0.0034483407048870873,0.003268863971641167
15.852000,-0.0034483407048870873,0.003268863971641167
15.854000,0.0016416793285394249,0.003268863971641167
15.856000,0.0016416793285394249,0.003268863971641167
15.858000,0.0016416793285394249,0.003268863971641167
15.860000,0.0016416793285394249,0.003268863971641167
15.862000,0.0016416793285394249,-0.0018269294185202511
15.864000,0.0016416793285394249,0.003268863971641167
15.866000,0.0016416793285394249,0.003268863971641167
15.868000,0.0016416793285394249,-0.0018269294185202511
15.870000,0.0016416793285394249,0.003268863971641167
15.872000,0.0016416793285394249,0.003268863971641167
15.874000,0.0016416793285394249,0.003268863971641167
15.876000,0.0016416793285394249,-0.0018269294185202511
15.878000,0.0016416793285394249,0.003268863971641167
15.880000,0.0016416793285394249,0.003268863971641167
15.882000,0.0016416793285394249,-0.0018269294185202511
15.884000,0.0016416793285394249,-0.0018269294185202511
15.886000,0.0016416793285394249,0.003268863971641167
15.888000,-0.0034483407048870873,0.003268863971641167
15.890000,-0.0034483407048870873,0.003268863971641167
15.892000,-0.0034483407048870873,0.003268863971641167
15.894000,0.0016416793285394249,-0.0018269294185202511
15.896000,0.0016416793285394249,0.003268863971641167
15.898000,-0.0034483407048870873,-0.0018269294185202511
15.900000,0.0016416793285394249,-0.0018269294185202511
15.902000,0.0016416793285394249,0.003268863971641167
15.904000,0.0016416793285394249,0.003268863971641167
15.906000,-0.0034483407048870873,0.003268863971641167
15.908000,0.0016416793285394249,0.003268863971641167
15.910000,-0.0034483407048870873,-0.0018269294185202511
15.912000,0.0016416793285394249,0.003268863971641167
15.914000,0.0016416793285394249,0.003268863971641167
15.916000,-0.0034483407048870873,0.003268863971641167
15.918000,0.0016416793285394249,0.003268863971641167
15.920000,0.0016416793285394249,-0.0018269294185202511
15.922000,0.0016416793285394249,-0.0018269294185202511
15.924000,0.0016416793285394249,-0.0018269294185202511
15.926000,-0.0034483407048870873,0.003268863971641167
15.928000,0.0016416793285394249,0.003268863971641167
15.930000,0.0016416793285394249,0.003268863971641167
15.932000,-0.0034483407048870873,-0.0018269294185202511
15.934000,-0.0034483407048870873,0.003268863971641167
15.936000,0.0016416793285394249,-0.0018269294185202511
15.938000,0.0016416793285394249,0.003268863971641167
15.940000,-0.0034483407048870873,0.003268863971641167
15.942000,0.0016416793285394249,0.003268863971641167
15.944000,0.0016416793285394249,0.003268863971641167
15.946000,-0.0034483407048870873,-0.0018269294185202511
15.948000,0.0016416793285394249,0.003268863971641167
15.950000,0.0016416793285394249,0.003268863971641167
15.952000,0.0016416793285394249,0.003268863971641167
15.954000,0.0016416793285394249,-0.0018269294185202511
15.956000,-0.0034483407048870873,0.003268863971641167
15.958000,0.0016416793285394249,-0.0018269294185202511
15.960000,0.0016416793285394249,0.003268863971641167
15.962000,0.0016416793285394249,0.003268863971641167
15.964000,0.0016416793285394249,-0.0018269294185202511
15.966000,0.0016416793285394249,0.003268863971641167
15.968000,0.0016416793285394249,-0.0018269294185202511
15.970000,0.0016416793285394249,0.003268863971641167
15.972000,0.0016416793285394249,0.003268863971641167
15.974000,0.0016416793285394249,0.003268863971641167
15.976000,0.0016416793285394249,0.003268863971641167
15.978000,-0.0034483407048870873,-0.0018269294185202511
15.980000,-0.0034483407048870873,-0.0018269294185202511
15.982000,0.0016416793285394249,0.003268863971641167
15.984000,0.0016416793285394249,-0.0018269294185202511
15.986000,-0.0034483407048870873,0.003268863971641167
15.988000,-0.0034483407048870873,0.003268863971641167
15.990000,0.0016416793285394249,0.003268863971641167
15.992000,0.0016416793285394249,0.003268863971641167
15.994000,0.0016416793285394249,0.003268863971641167
15.996000,0.0016416793285394249,-0.0018269294185202511
15.998000,0.0016416793285394249,0.003268863971641167
16.000000,0.0016416793285394249,0.003268863971641167
16.002000,0.0016416793285394249,0.003268863971641167
16.004000,0.0016416793285394249,0.003268863971641167
16.006000,0.0016416793285394249,0.003268863971641167
16.008000,0.0016416793285394249,-0.0018269294185202511
16.010000,0.0016416793285394249,0.003268863971641167
16.012000,0.0016416793285394249,-0.0018269294185202511
16.014000,0.0016416793285394249,0.003268863971641167
16.016000,0.0016416793285394249,-0.0018269294185202511
16.018000,0.0016416793285394249,0.003268863971641167
16.020000,0.0016416793285394249,0.003268863971641167
16.022000,0.0016416793285394249,0.003268863971641167
16.024000,0.0016416793285394249,0.003268863971641167
16.026000,0.0016416793285394249,0.003268863971641167
16.028000,0.0016416793285394249,0.003268863971641167
16.030000,0.0016416793285394249,-0.0018269294185202511
16.032000,0.0016416793285394249,-0.0018269294185202511
16.034000,0.0016416793285394249,-0.0018269294185202511
16.036000,0.0016416793285394249,-0.0018269294185202511
16.038000,-0.0034483407048870873,0.003268863971641167
16.040000,0.0016416793285394249,0.003268863971641167
16.042000,0.0016416793285394249,-0.0018269294185202511
16.044000,0.0016416793285394249,0.003268863971641167
16.046000,0.0016416793285394249,0.003268863971641167
16.048000,-0.0034483407048870873,0.003268863971641167
16.050000,0.0016416793285394249,0.003268863971641167
16.052000,0.0016416793285394249,-0.0018269294185202511
16.054000,0.0016416793285394249,0.003268863971641167
16.056000,0.0016416793285394249,0.003268863971641167
16.058000,0.0016416793285394249,-0.0018269294185202511
16.060000,0.0016416793285394249,-0.0018269294185202511
16.062000,0.0016416793285394249,0.003268863971641167
16.064000,0.0016416793285394249,0.003268863971641167
16.066000,0.0016416793285394249,-0.0018269294185202511
16.068000,0.0016416793285394249,0.003268863971641167
16.070000,-0.0034483407048870873,-0.0018269294185202511
16.072000,0.0016416793285394249,0.003268863971641167
16.074000,0.0016416793285394249,0.003268863971641167
16.076000,0.0016416793285394249,0.003268863971641167
16.078000,-0.0034483407048870873,0.003268863971641167
16.080000,-0.0034483407048870873,0.003268863971641167
16.082000,0.0016416793285394249,-0.0018269294185202511
16.084000,-0.0034483407048870873,0.003268863971641167
16.086000,0.0016416793285394249,-0.0018269294185202511
16.088000,0.0016416793285394249,-0.0018269294185202511
16.090000,0.0016416793285394249,0.003268863971641167
16.092000,0.0016416793285394249,-0.0018269294185202511
16.094000,0.0016416793285394249,0.003268863971641167
16.096000,0.0016416793285394249,0.003268863971641167
16.098000,0.0016416793285394249,0.003268863971641167
16.100000,0.0016416793285394249,0.003268863971641167
16.102000,-0.0034483407048870873,0.003268863971641167
16.104000,-0.0034483407048870873,0.003268863971641167
16.106000,0.0016416793285394249,0.003268863971641167
16.108000,0.0016416793285394249,0.003268863971641167
16.110000,0.0016416793285394249,0.003268863971641167
16.112000,0.0016416793285394249,-0.0018269294185202511
16.114000,0.0016416793285394249,-0.0018269294185202511
16.116000,0.0016416793285394249,0.003268863971641167
16.118000,0.0016416793285394249,0.003268863971641167
16.120000,0.0016416793285394249,0.003268863971641167
16.122000,0.0016416793285394249,0.003268863971641167
16.124000,0.0016416793285394249,0.003268863971641167
16.126000,-0.0034483407048870873,0.003268863971641167
16.128000,0.0016416793285394249,0.003268863971641167
16.130000,0.0016416793285394249,0.003268863971641167
16.132000,0.0016416793285394249,0.003268863971641167
16.134000,-0.0034483407048870873,0.003268863971641167
16.136000,0.0016416793285394249,0.003268863971641167
16.138000,0.0016416793285394249,-0.0018269294185202511
16.140000,0.0016416793285394249,-0.0018269294185202511
16.142000,0.0016416793285394249,0.003268863971641167
16.144000,0.0016416793285394249,0.003268863971641167
16.146000,0.0016416793285394249,-0.0018269294185202511
16.148000,0.0016416793285394249,0.003268863971641167
16.150000,-0.0034483407048870873,-0.0018269294185202511
16.152000,0.0016416793285394249,0.003268863971641167
16.154000,0.0016416793285394249,0.003268863971641167
16.156000,0.0016416793285394249,0.003268863971641167
16.158000,0.0016416793285394249,0.003268863971641167
16.160000,0.0016416793285394249,0.003268863971641167
16.162000,0.0016416793285394249,-0.0018269294185202511
16.164000,0.0016416793285394249,0.003268863971641167
16.166000,0.0016416793285394249,0.003268863971641167
16.168000,-0.0034483407048870873,0.003268863971641167
16.170000,-0.0034483407048870873,0.003268863971641167
16.172000,0.0016416793285394249,0.003268863971641167
16.174000,0.0016416793285394249,0.003268863971641167
16.176000,0.0016416793285394249,-0.0018269294185202511
16.178000,-0.0034483407048870873,-0.0018269294185202511
16.180000,-0.0034483407048870873,0.003268863971641167
16.182000,0.0016416793285394249,0.003268863971641167
16.184000,0.0016416793285394249,0.003268863971641167
16.186000,0.0016416793285394249,-0.0018269294185202511
16.188000,0.0016416793285394249,0.003268863971641167
16.190000,0.0016416793285394249,0.003268863971641167
16.192000,0.0016416793285394249,0.003268863971641167
16.194000,0.0016416793285394249,0.003268863971641167
16.196000,0.0016416793285394249,0.003268863971641167
16.198000,0.0016416793285394249,-0.0018269294185202511
16.200000,-0.0034483407048870873,0.003268863971641167
16.202000,0.0016416793285394249,0.003268863971641167
16.204000,0.0016416793285394249,0.003268863971641167
16.206000,0.0016416793285394249,0.003268863971641167
16.208000,-0.0034483407048870873,0.003268863971641167
16.210000,0.0016416793285394249,0.003268863971641167
16.212000,0.0016416793285394249,0.003268863971641167
16.214000,-0.0034483407048870873,-0.0018269294185202511
16.216000,0.0016416793285394249,-0.0018269294185202511
16.218000,0.0016416793285394249,0.003268863971641167
16.220000,0.0016416793285394249,0.003268863971641167
16.222000,0.0016416793285394249,0.003268863971641167
16.224000,0.0016416793285394249,-0.0018269294185202511
16.226000,0.0016416793285394249,0.003268863971641167
16.228000,-0.0034483407048870873,0.003268863971641167
16.230000,0.0016416793285394249,0.003268863971641167
16.232000,-0.0034483407048870873,0.003268863971641167
16.234000,0.0016416793285394249,0.003268863971641167
16.236000,0.0016416793285394249,0.003268863971641167
16.238000,0.0016416793285394249,-0.0018269294185202511
16.240000,0.0016416793285394249,0.003268863971641167
16.242000,0.0016416793285394249,-0.0018269294185202511
16.244000,0.0016416793285394249,-0.0018269294185202511
16.246000,0.0016416793285394249,-0.0018269294185202511
16.248000,0.0016416793285394249,0.003268863971641167
16.250000,0.0016416793285394249,0.003268863971641167
16.252000,0.0016416793285394249,-0.0018269294185202511
16.254000,0.0016416793285394249,0.003268863971641167
16.256000,0.0016416793285394249,0.003268863971641167
16.258000,0.0016416793285394249,0.003268863971641167
16.260000,0.0016416793285394249,0.003268863971641167
16.262000,0.0016416793285394249,0.003268863971641167
16.264000,-0.0034483407048870873,0.003268863971641167
16.266000,0.0016416793285394249,0.003268863971641167
16.268000,0.0016416793285394249,0.003268863971641167
16.270000,0.0016416793285394249,0.003268863971641167
16.272000,0.0016416793285394249,-0.0018269294185202511
16.274000,0.0016416793285394249,-0.0018269294185202511
16.276000,0.0016416793285394249,0.003268863971641167
16.278000,0.0016416793285394249,0.003268863971641167
16.280000,0.0016416793285394249,0.003268863971641167
16.282000,0.0016416793285394249,0.003268863971641167
16.284000,0.0016416793285394249,-0.0018269294185202511
16.286000,0.0016416793285394249,0.003268863971641167
16.288000,0.0016416793285394249,0.003268863971641167
16.290000,0.0016416793285394249,0.003268863971641167
16.292000,0.0016416793285394249,0.003268863971641167
16.294000,0.0016416793285394249,-0.0018269294185202511
16.296000,0.0016416793285394249,-0.0018269294185202511
16.298000,0.0016416793285394249,0.003268863971641167
16.300000,0.0016416793285394249,0.003268863971641167
16.302000,0.0016416793285394249,0.003268863971641167
16.304000,0.0016416793285394249,0.003268863971641167
16.306000,0.0016416793285394249,0.003268863971641167
16.308000,0.0016416793285394249,0.003268863971641167
16.310000,0.0016416793285394249,0.003268863971641167
16.312000,0.0016416793285394249,0.003268863971641167
16.314000,-0.0034483407048870873,0.003268863971641167
16.316000,0.0016416793285394249,0.003268863971641167
16.318000,0.0016416793285394249,0.003268863971641167
16.320000,0.0016416793285394249,0.003268863971641167
16.322000,-0.0034483407048870873,0.003268863971641167
16.324000,0.0016416793285394249,0.003268863971641167
16.326000,0.0016416793285394249,-0.0018269294185202511
16.328000,0.0016416793285394249,0.003268863971641167
16.330000,-0.0034483407048870873,0.003268863971641167
16.332000,0.0016416793285394249,0.003268863971641167
16.334000,0.0016416793285394249,0.003268863971641167
16.336000,0.0016416793285394249,0.003268863971641167
16.338000,0.0016416793285394249,-0.0018269294185202511
16.340000,0.0016416793285394249,0.003268863971641167
16.342000,0.0016416793285394249,0.003268863971641167
16.344000,0.0016416793285394249,0.003268863971641167
16.346000,0.0016416793285394249,0.003268863971641167
16.348000,0.0016416793285394249,0.003268863971641167
16.350000,0.0016416793285394249,0.003268863971641167
16.352000,0.0016416793285394249,0.003268863971641167
16.354000,0.0016416793285394249,0.003268863971641167
16.356000,0.0016416793285394249,0.003268863971641167
16.358000,0.0016416793285394249,0.003268863971641167
16.360000,0.0016416793285394249,0.003268863971641167
16.362000,-0.0034483407048870873,0.003268863971641167
16.364000,0.0016416793285394249,0.003268863971641167
16.366000,0.0016416793285394249,-0.0018269294185202511
16.368000,0.0016416793285394249,0.003268863971641167
16.370000,0.0016416793285394249,0.003268863971641167
16.372000,0.0016416793285394249,0.003268863971641167
16.374000,0.0016416793285394249,0.003268863971641167
16.376000,0.0016416793285394249,0.003268863971641167
16.378000,0.0016416793285394249,0.003268863971641167
16.380000,0.0016416793285394249,0.003268863971641167
16.382000,0.0016416793285394249,0.003268863971641167
16.384000,0.0016416793285394249,0.003268863971641167
16.386000,0.0016416793285394249,0.003268863971641167
16.388000,0.0016416793285394249,0.003268863971641167
16.390000,0.0016416793285394249,0.003268863971641167
16.392000,0.0016416793285394249,0.003268863971641167
16.394000,0.0016416793285394249,0.003268863971641167
16.396000,0.0016416793285394249,-0.0018269294185202511
16.398000,0.0016416793285394249,0.003268863971641167
16.400000,0.0016416793285394249,0.003268863971641167
16.402000,0.0016416793285394249,0.003268863971641167
16.404000,0.0016416793285394249,0.003268863971641167
16.406000,0.0016416793285394249,0.003268863971641167
16.408000,0.0016416793285394249,-0.0018269294185202511
16.410000,0.0016416793285394249,0.003268863971641167
16.412000,0.0016416793285394249,0.003268863971641167
16.414000,0.0016416793285394249,0.003268863971641167
16.416000,0.0016416793285394249,0.003268863971641167
16.418000,0.0016416793285394249,-0.0018269294185202511
16.420000,0.0016416793285394249,0.003268863971641167
16.422000,0.0016416793285394249,0.003268863971641167
16.424000,0.0016416793285394249,0.003268863971641167
16.426000,0.0016416793285394249,0.003268863971641167
16.428000,0.0016416793285394249,0.003268863971641167
16.430000,0.0016416793285394249,0.003268863971641167
16.432000,-0.0034483407048870873,0.003268863971641167
16.434000,0.0016416793285394249,-0.0018269294185202511
16.436000,0.0016416793285394249,0.003268863971641167
16.438000,0.0016416793285394249,-0.0018269294185202511
16.440000,0.0016416793285394249,0.003268863971641167
16.442000,0.0016416793285394249,-0.0018269294185202511
16.444000,0.0016416793285394249,0.003268863971641167
16.446000,0.0016416793285394249,0.003268863971641167
16.448000,0.0016416793285394249,-0.0018269294185202511
16.450000,0.0016416793285394249,-0.0018269294185202511
16.452000,0.0016416793285394249,0.003268863971641167
16.454000,0.0016416793285394249,-0.0018269294185202511
16.456000,0.0016416793285394249,0.003268863971641167
16.458000,0.0016416793285394249,0.003268863971641167
16.460000,0.0016416793285394249,0.003268863971641167
16.462000,0.0016416793285394249,0.003268863971641167
16.464000,0.0016416793285394249,0.003268863971641167
16.466000,0.0016416793285394249,0.003268863971641167
16.468000,0.0016416793285394249,-0.0018269294185202511
16.470000,0.0016416793285394249,0.003268863971641167
16.472000,0.0016416793285394249,0.003268863971641167
16.474000,0.0016416793285394249,0.003268863971641167
16.476000,0.0016416793285394249,0.003268863971641167
16.478000,0.0016416793285394249,0.003268863971641167
16.480000,0.0016416793285394249,0.003268863971641167
16.482000,0.0016416793285394249,0.003268863971641167
16.484000,0.0016416793285394249,0.003268863971641167
16.486000,0.0016416793285394249,0.003268863971641167
16.488000,0.0016416793285394249,0.003268863971641167
16.490000,0.0016416793285394249,0.003268863971641167
16.492000,0.0016416793285394249,0.003268863971641167
16.494000,0.0016416793285394249,0.003268863971641167
16.496000,0.0016416793285394249,0.003268863971641167
16.498000,0.0016416793285394249,-0.0018269294185202511
16.500000,0.0016416793285394249,-0.0018269294185202511
16.502000,0.0016416793285394249,-0.0018269294185202511
16.504000,0.0016416793285394249,0.003268863971641167
16.506000,0.0016416793285394249,0.003268863971641167
16.508000,0.0016416793285394249,-0.0018269294185202511
16.510000,0.0016416793285394249,0.003268863971641167
16.512000,0.0016416793285394249,0.003268863971641167
16.514000,0.0016416793285394249,0.003268863971641167
16.516000,0.0016416793285394249,0.003268863971641167
16.518000,0.0016416793285394249,-0.0018269294185202511
16.520000,0.0016416793285394249,0.003268863971641167
16.522000,0.0016416793285394249,0.003268863971641167
16.524000,0.0016416793285394249,0.003268863971641167
16.526000,0.0016416793285394249,0.003268863971641167
16.528000,0.0016416793285394249,0.003268863971641167
16.530000,0.0016416793285394249,0.003268863971641167
16.532000,0.0016416793285394249,0.003268863971641167
16.534000,0.0016416793285394249,0.003268863971641167
16.536000,0.0016416793285394249,0.003268863971641167
16.538000,0.0016416793285394249,0.003268863971641167
16.540000,0.0016416793285394249,0.003268863971641167
16.542000,0.0016416793285394249,0.003268863971641167
16.544000,0.0016416793285394249,0.003268863971641167
16.546000,0.0016416793285394249,-0.0018269294185202511
16.548000,-0.0034483407048870873,0.003268863971641167
16.550000,0.0016416793285394249,0.003268863971641167
16.552000,0.0016416793285394249,0.003268863971641167
16.554000,0.0016416793285394249,0.003268863971641167
16.556000,0.0016416793285394249,0.003268863971641167
16.558000,0.0016416793285394249,0.003268863971641167
16.560000,0.0016416793285394249,0.003268863971641167
16.562000,0.0016416793285394249,-0.0018269294185202511
16.564000,0.0016416793285394249,0.003268863971641167
16.566000,0.0016416793285394249,0.003268863971641167
16.568000,0.0016416793285394249,-0.0018269294185202511
16.570000,0.0016416793285394249,0.003268863971641167
16.572000,0.0016416793285394249,0.003268863971641167
16.574000,0.0016416793285394249,0.003268863971641167
16.576000,0.0016416793285394249,0.003268863971641167
16.578000,0.0016416793285394249,-0.0018269294185202511
16.580000,0.0016416793285394249,0.003268863971641167
16.582000,0.0016416793285394249,0.003268863971641167
16.584000,0.0016416793285394249,-0.0018269294185202511
16.586000,0.0016416793285394249,-0.0018269294185202511
16.588000,0.0016416793285394249,0.003268863971641167
16.590000,0.0016416793285394249,0.003268863971641167
16.592000,0.0016416793285394249,0.003268863971641167
16.594000,0.0016416793285394249,-0.0018269294185202511
16.596000,0.0016416793285394249,-0.0018269294185202511
16.598000,0.0016416793285394249,0.003268863971641167
16.600000,0.0016416793285394249,0.003268863971641167
16.602000,0.0016416793285394249,-0.0018269294185202511
16.604000,0.0016416793285394249,-0.0018269294185202511
16.606000,0.0016416793285394249,-0.0018269294185202511
16.608000,0.0016416793285394249,0.003268863971641167
16.610000,0.0016416793285394249,0.003268863971641167
16.612000,0.0016416793285394249,-0.0018269294185202511
16.614000,0.0016416793285394249,0.003268863971641167
16.616000,0.0016416793285394249,0.003268863971641167
16.618000,0.0016416793285394249,0.003268863971641167
16.620000,0.0016416793285394249,0.003268863971641167
16.622000,0.0016416793285394249,0.003268863971641167
16.624000,0.0016416793285394249,-0.0018269294185202511
16.626000,0.0016416793285394249,-0.0018269294185202511
16.628000,0.0016416793285394249,0.003268863971641167
16.630000,0.0016416793285394249,0.003268863971641167
16.632000,0.0016416793285394249,-0.0018269294185202511
16.634000,-0.0034483407048870873,0.003268863971641167
16.636000,0.0016416793285394249,-0.0018269294185202511
16.638000,0.0016416793285394249,0.003268863971641167
16.640000,0.0016416793285394249,0.003268863971641167
16.642000,0.0016416793285394249,0.003268863971641167
16.644000,0.0016416793285394249,0.003268863971641167
16.646000,0.0016416793285394249,0.003268863971641167
16.648000,0.0016416793285394249,0.003268863971641167
16.650000,0.0016416793285394249,-0.0018269294185202511
16.652000,0.0016416793285394249,0.003268863971641167
16.654000,0.0016416793285394249,0.003268863971641167
16.656000,0.0016416793285394249,0.003268863971641167
16.658000,0.0016416793285394249,0.003268863971641167
16.660000,0.0016416793285394249,0.003268863971641167
16.662000,0.0016416793285394249,0.003268863971641167
16.664000,0.0016416793285394249,-0.0018269294185202511
16.666000,0.0016416793285394249,0.003268863971641167
16.668000,0.0016416793285394249,0.003268863971641167
16.670000,0.0016416793285394249,-0.0018269294185202511
16.672000,-0.0034483407048870873,-0.0018269294185202511
16.674000,0.0016416793285394249,0.003268863971641167
16.676000,0.0016416793285394249,0.003268863971641167
16.678000,0.0016416793285394249,0.003268863971641167
16.680000,0.0016416793285394249,0.003268863971641167
16.682000,0.0016416793285394249,0.003268863971641167
16.684000,0.0016416793285394249,0.003268863971641167
16.686000,0.0016416793285394249,0.003268863971641167
16.688000,0.0016416793285394249,0.003268863971641167
16.690000,0.0016416793285394249,-0.0018269294185202511
16.692000,-0.0034483407048870873,0.003268863971641167
16.694000,0.0016416793285394249,0.003268863971641167
16.696000,0.0016416793285394249,-0.0018269294185202511
16.698000,-0.0034483407048870873,0.003268863971641167
16.700000,0.0016416793285394249,0.003268863971641167
16.702000,0.0016416793285394249,-0.0018269294185202511
16.704000,0.0016416793285394249,0.003268863971641167
16.706000,0.0016416793285394249,-0.0018269294185202511
16.708000,0.0016416793285394249,0.003268863971641167
16.710000,0.0016416793285394249,0.003268863971641167
16.712000,0.0016416793285394249,0.003268863971641167
16.714000,0.0016416793285394249,-0.0018269294185202511
16.716000,0.0016416793285394249,0.003268863971641167
16.718000,0.0016416793285394249,0.003268863971641167
16.720000,0.0016416793285394249,0.003268863971641167
16.722000,-0.0034483407048870873,0.003268863971641167
16.724000,0.0016416793285394249,0.003268863971641167
16.726000,0.0016416793285394249,0.003268863971641167
16.728000,0.0016416793285394249,0.003268863971641167
16.730000,0.0016416793285394249,-0.0018269294185202511
16.732000,0.0016416793285394249,0.003268863971641167
16.734000,0.0016416793285394249,-0.0018269294185202511
16.736000,0.0016416793285394249,0.003268863971641167
16.738000,0.0016416793285394249,0.003268863971641167
16.740000,0.0016416793285394249,0.003268863971641167
16.742000,0.0016416793285394249,0.003268863971641167
16.744000,0.0016416793285394249,0.003268863971641167
16.746000,0.0016416793285394249,0.003268863971641167
16.748000,0.0016416793285394249,0.003268863971641167
16.750000,0.0016416793285394249,-0.0018269294185202511
16.752000,0.0016416793285394249,0.003268863971641167
16.754000,0.0016416793285394249,0.003268863971641167
16.756000,0.0016416793285394249,-0.0018269294185202511
16.758000,0.0016416793285394249,-0.0018269294185202511
16.760000,0.0016416793285394249,0.003268863971641167
16.762000,0.0016416793285394249,-0.0018269294185202511
16.764000,0.0016416793285394249,0.003268863971641167
16.766000,-0.0034483407048870873,-0.0018269294185202511
16.768000,0.0016416793285394249,0.003268863971641167
16.770000,0.0016416793285394249,0.003268863971641167
16.772000,-0.0034483407048870873,0.003268863971641167
16.774000,0.0016416793285394249,-0.0018269294185202511
16.776000,0.0016416793285394249,-0.0018269294185202511
16.778000,0.0016416793285394249,0.003268863971641167
16.780000,0.0016416793285394249,-0.0018269294185202511
16.782000,0.0016416793285394249,0.003268863971641167
16.784000,0.0016416793285394249,0.003268863971641167
16.786000,0.0016416793285394249,0.003268863971641167
16.788000,-0.0034483407048870873,-0.0018269294185202511
16.790000,0.0016416793285394249,-0.0018269294185202511
16.792000,0.0016416793285394249,0.003268863971641167
16.794000,0.0016416793285394249,-0.0018269294185202511
16.796000,0.0016416793285394249,-0.0018269294185202511
16.798000,0.0016416793285394249,0.003268863971641167
16.800000,-0.0034483407048870873,0.003268863971641167
16.802000,0.0016416793285394249,-0.0018269294185202511
16.804000,0.0016416793285394249,0.003268863971641167
16.806000,0.0016416793285394249,0.003268863971641167
16.808000,0.0016416793285394249,0.003268863971641167
16.810000,0.0016416793285394249,0.003268863971641167
16.812000,0.0016416793285394249,-0.0018269294185202511
16.814000,0.0016416793285394249,0.003268863971641167
16.816000,0.0016416793285394249,-0.0018269294185202511
16.818000,0.0016416793285394249,-0.0018269294185202511
16.820000,0.0016416793285394249,0.003268863971641167
16.822000,0.0016416793285394249,0.003268863971641167
16.824000,0.0016416793285394249,0.003268863971641167
16.826000,0.0016416793285394249,0.003268863971641167
16.828000,0.0016416793285394249,0.003268863971641167
16.830000,0.0016416793285394249,0.003268863971641167
16.832000,0.0016416793285394249,0.003268863971641167
16.834000,0.0016416793285394249,-0.0018269294185202511
16.836000,0.0016416793285394249,0.003268863971641167
16.838000,0.0016416793285394249,0.003268863971641167
16.840000,0.0016416793285394249,0.003268863971641167
16.842000,0.0016416793285394249,-0.0018269294185202511
16.844000,0.0016416793285394249,0.003268863971641167
16.846000,0.0016416793285394249,0.003268863971641167
16.848000,0.0016416793285394249,0.003268863971641167
16.850000,0.0016416793285394249,0.003268863971641167
16.852000,0.0016416793285394249,-0.0018269294185202511
16.854000,0.0016416793285394249,-0.0018269294185202511
16.856000,-0.0034483407048870873,0.003268863971641167
16.858000,0.0016416793285394249,0.003268863971641167
16.860000,0.0016416793285394249,0.003268863971641167
16.862000,0.0016416793285394249,-0.0018269294185202511
16.864000,0.0016416793285394249,-0.0018269294185202511
16.866000,0.0016416793285394249,0.003268863971641167
16.868000,0.0016416793285394249,0.003268863971641167
16.870000,0.0016416793285394249,0.003268863971641167
16.872000,0.0016416793285394249,0.003268863971641167
16.874000,0.0016416793285394249,0.003268863971641167
16.876000,0.0016416793285394249,0.003268863971641167
16.878000,0.0016416793285394249,0.003268863971641167
16.880000,0.0016416793285394249,0.003268863971641167
16.882000,0.0016416793285394249,0.003268863971641167
16.884000,0.0016416793285394249,0.003268863971641167
16.886000,0.0016416793285394249,-0.0018269294185202511
16.888000,0.0016416793285394249,0.003268863971641167
16.890000,0.0016416793285394249,-0.0018269294185202511
16.892000,0.0016416793285394249,-0.0018269294185202511
16.894000,0.0016416793285394249,0.003268863971641167
16.896000,0.0016416793285394249,0.003268863971641167
16.898000,0.0016416793285394249,-0.0018269294185202511
16.900000,0.0016416793285394249,0.003268863971641167
16.902000,0.0016416793285394249,0.003268863971641167
16.904000,0.0016416793285394249,0.003268863971641167
16.906000,0.0016416793285394249,0.003268863971641167
16.908000,0.0016416793285394249,-0.0018269294185202511
16.910000,0.0016416793285394249,0.003268863971641167
16.912000,0.0016416793285394249,0.003268863971641167
16.914000,0.0016416793285394249,-0.0018269294185202511
16.916000,0.0016416793285394249,0.003268863971641167
16.918000,0.0016416793285394249,0.003268863971641167
16.920000,0.0016416793285394249,-0.0018269294185202511
16.922000,0.0016416793285394249,-0.0018269294185202511
16.924000,0.0016416793285394249,-0.0018269294185202511
16.926000,0.0016416793285394249,-0.0018269294185202511
16.928000,0.0016416793285394249,0.003268863971641167
16.930000,0.0016416793285394249,-0.0018269294185202511
16.932000,0.0016416793285394249,-0.0018269294185202511
16.934000,0.0016416793285394249,0.003268863971641167
16.936000,0.0016416793285394249,0.003268863971641167
16.938000,0.0016416793285394249,0.003268863971641167
16.940000,0.0016416793285394249,0.003268863971641167
16.942000,0.0016416793285394249,0.003268863971641167
16.944000,0.0016416793285394249,0.003268863971641167
16.946000,0.0016416793285394249,0.003268863971641167
16.948000,0.0016416793285394249,0.003268863971641167
16.950000,0.0016416793285394249,0.003268863971641167
16.952000,0.0016416793285394249,-0.0018269294185202511
16.954000,0.0016416793285394249,0.003268863971641167
16.956000,0.0016416793285394249,0.003268863971641167
16.958000,0.0016416793285394249,-0.0018269294185202511
16.960000,0.0016416793285394249,0.003268863971641167
16.962000,0.0016416793285394249,0.003268863971641167
16.964000,0.0016416793285394249,0.003268863971641167
16.966000,0.0016416793285394249,0.003268863971641167
16.968000,-0.0034483407048870873,-0.0018269294185202511
16.970000,0.0016416793285394249,0.003268863971641167
16.972000,0.0016416793285394249,0.003268863971641167
16.974000,0.0016416793285394249,0.003268863971641167
16.976000,0.0016416793285394249,-0.0018269294185202511
16.978000,0.0016416793285394249,0.003268863971641167
16.980000,0.0016416793285394249,0.003268863971641167
16.982000,0.0016416793285394249,0.003268863971641167
16.984000,0.0016416793285394249,0.003268863971641167
16.986000,0.0016416793285394249,0.003268863971641167
16.988000,0.0016416793285394249,0.003268863971641167
16.990000,0.0016416793285394249,0.003268863971641167
16.992000,0.0016416793285394249,0.003268863971641167
16.994000,0.0016416793285394249,0.003268863971641167
16.996000,0.0016416793285394249,0.003268863971641167
16.998000,0.0016416793285394249,-0.0018269294185202511
17.000000,-0.0034483407048870873,-0.0018269294185202511
17.002000,0.0016416793285394249,-0.0018269294185202511
17.004000,0.0016416793285394249,0.003268863971641167
17.006000,0.0016416793285394249,0.003268863971641167
17.008000,0.0016416793285394249,0.003268863971641167
17.010000,0.0016416793285394249,0.003268863971641167
17.012000,0.0016416793285394249,0.003268863971641167
17.014000,0.0016416793285394249,0.003268863971641167
17.016000,0.0016416793285394249,-0.0018269294185202511
17.018000,0.0016416793285394249,0.003268863971641167
17.020000,0.0016416793285394249,0.003268863971641167
17.022000,0.0016416793285394249,0.003268863971641167
17.024000,0.0016416793285394249,0.003268863971641167
17.026000,0.0016416793285394249,0.003268863971641167
17.028000,-0.0034483407048870873,-0.0018269294185202511
17.030000,0.0016416793285394249,-0.0018269294185202511
17.032000,0.0016416793285394249,0.003268863971641167
17.034000,0.0016416793285394249,0.003268863971641167
17.036000,0.0016416793285394249,0.003268863971641167
17.038000,0.0016416793285394249,0.003268863971641167
17.040000,0.0016416793285394249,-0.0018269294185202511
17.042000,0.0016416793285394249,0.003268863971641167
17.044000,0.0016416793285394249,0.003268863971641167
17.046000,0.0016416793285394249,0.003268863971641167
17.048000,0.0016416793285394249,0.003268863971641167
17.050000,0.0016416793285394249,0.003268863971641167
17.052000,0.0016416793285394249,0.003268863971641167
17.054000,0.0016416793285394249,0.003268863971641167
17.056000,0.0016416793285394249,0.003268863971641167
17.058000,0.0016416793285394249,0.003268863971641167
17.060000,0.0016416793285394249,0.003268863971641167
17.062000,0.0016416793285394249,0.003268863971641167
17.064000,0.0016416793285394249,0.003268863971641167
17.066000,0.0016416793285394249,0.003268863971641167
17.068000,0.0016416793285394249,0.003268863971641167
17.070000,0.0016416793285394249,0.003268863971641167
17.072000,0.0016416793285394249,-0.0018269294185202511
17.074000,0.0016416793285394249,-0.0018269294185202511
17.076000,0.0016416793285394249,0.003268863971641167
17.078000,0.0016416793285394249,0.003268863971641167
17.080000,0.0016416793285394249,0.003268863971641167
17.082000,0.0016416793285394249,0.003268863971641167
17.084000,0.0016416793285394249,0.003268863971641167
17.086000,0.0016416793285394249,-0.0018269294185202511
17.088000,0.0016416793285394249,0.003268863971641167
17.090000,0.0016416793285394249,-0.0018269294185202511
17.092000,0.0016416793285394249,0.003268863971641167
17.094000,0.0016416793285394249,-0.0018269294185202511
17.096000,0.0016416793285394249,-0.0018269294185202511
17.098000,0.0016416793285394249,0.003268863971641167
17.100000,0.0016416793285394249,-0.0018269294185202511
17.102000,0.0016416793285394249,0.003268863971641167
17.104000,0.0016416793285394249,0.003268863971641167
17.106000,0.0016416793285394249,0.003268863971641167
17.108000,0.0016416793285394249,0.003268863971641167
17.110000,0.0016416793285394249,0.003268863971641167
17.112000,0.0016416793285394249,0.003268863971641167
17.114000,0.0016416793285394249,-0.0018269294185202511
17.116000,0.0016416793285394249,-0.0018269294185202511
17.118000,0.0016416793285394249,-0.0018269294185202511
17.120000,0.0016416793285394249,0.003268863971641167
17.122000,0.0016416793285394249,0.003268863971641167
17.124000,0.0016416793285394249,-0.0018269294185202511
17.126000,0.0016416793285394249,0.003268863971641167
17.128000,0.0016416793285394249,0.003268863971641167
17.130000,0.0016416793285394249,0.003268863971641167
17.132000,0.0016416793285394249,0.003268863971641167
17.134000,0.0016416793285394249,-0.0018269294185202511
17.136000,0.0016416793285394249,0.003268863971641167
17.138000,0.0016416793285394249,0.003268863971641167
17.140000,0.0016416793285394249,0.003268863971641167
17.142000,0.0016416793285394249,-0.0018269294185202511
17.144000,0.0016416793285394249,0.003268863971641167
17.146000,0.0016416793285394249,0.003268863971641167
17.148000,0.0016416793285394249,0.003268863971641167
17.150000,0.0016416793285394249,0.003268863971641167
17.152000,0.0016416793285394249,0.003268863971641167
17.154000,0.0016416793285394249,-0.0018269294185202511
17.156000,0.0016416793285394249,0.003268863971641167
17.158000,0.0016416793285394249,0.003268863971641167
17.160000,0.0016416793285394249,0.003268863971641167
17.162000,0.0016416793285394249,0.003268863971641167
17.164000,0.0016416793285394249,0.003268863971641167
17.166000,0.0016416793285394249,0.003268863971641167
17.168000,0.0016416793285394249,0.003268863971641167
17.170000,0.0016416793285394249,0.003268863971641167
17.172000,0.0016416793285394249,-0.0018269294185202511
17.174000,0.0016416793285394249,0.003268863971641167
17.176000,0.0016416793285394249,0.003268863971641167
17.178000,0.0016416793285394249,0.003268863971641167
17.180000,0.0016416793285394249,0.003268863971641167
17.182000,0.0016416793285394249,-0.0018269294185202511
17.184000,0.0016416793285394249,-0.0018269294185202511
17.186000,0.0016416793285394249,0.003268863971641167
17.188000,0.0016416793285394249,-0.0018269294185202511
17.190000,0.0016416793285394249,0.003268863971641167
17.192000,0.0016416793285394249,0.003268863971641167
17.194000,0.0016416793285394249,0.003268863971641167
17.196000,0.0016416793285394249,-0.0018269294185202511
17.198000,0.0016416793285394249,0.003268863971641167
17.200000,0.0016416793285394249,0.003268863971641167
17.202000,0.0016416793285394249,0.003268863971641167
17.204000,0.0016416793285394249,0.003268863971641167
17.206000,0.0016416793285394249,-0.0018269294185202511
17.208000,0.0016416793285394249,-0.0018269294185202511
17.210000,0.0016416793285394249,0.003268863971641167
17.212000,0.0016416793285394249,0.003268863971641167
17.214000,0.0016416793285394249,0.003268863971641167
17.216000,0.0016416793285394249,0.003268863971641167
17.218000,0.0016416793285394249,0.003268863971641167
17.220000,0.0016416793285394249,-0.0018269294185202511
17.222000,0.0016416793285394249,-0.0018269294185202511
17.224000,0.0016416793285394249,0.003268863971641167
17.226000,0.0016416793285394249,0.003268863971641167
17.228000,0.0016416793285394249,0.003268863971641167
17.230000,0.0016416793285394249,0.003268863971641167
17.232000,0.0016416793285394249,0.003268863971641167
17.234000,0.0016416793285394249,0.003268863971641167
17.236000,0.0016416793285394249,0.003268863971641167
17.238000,0.0016416793285394249,0.003268863971641167
17.240000,0.0016416793285394249,0.003268863971641167
17.242000,0.0016416793285394249,0.003268863971641167
17.244000,0.0016416793285394249,0.003268863971641167
17.246000,0.0016416793285394249,-0.0018269294185202511
17.248000,0.0016416793285394249,0.003268863971641167
17.250000,0.0016416793285394249,0.003268863971641167
17.252000,0.0016416793285394249,0.003268863971641167
17.254000,0.0016416793285394249,0.003268863971641167
17.256000,0.0016416793285394249,-0.0018269294185202511
17.258000,0.0016416793285394249,-0.0018269294185202511
17.260000,0.0016416793285394249,-0.0018269294185202511
17.262000,0.0016416793285394249,0.003268863971641167
17.264000,0.0016416793285394249,0.003268863971641167
17.266000,0.0016416793285394249,-0.0018269294185202511
17.268000,0.0016416793285394249,0.003268863971641167
17.270000,0.0016416793285394249,0.003268863971641167
17.272000,0.0016416793285394249,0.003268863971641167
17.274000,0.0016416793285394249,-0.0018269294185202511
17.276000,0.0016416793285394249,-0.0018269294185202511
17.278000,0.0016416793285394249,0.003268863971641167
17.280000,0.0016416793285394249,0.003268863971641167
17.282000,0.0016416793285394249,0.003268863971641167
17.284000,0.0016416793285394249,-0.0018269294185202511
17.286000,0.0016416793285394249,0.003268863971641167
17.288000,0.0016416793285394249,0.003268863971641167
17.290000,0.0016416793285394249,0.003268863971641167
17.292000,0.0016416793285394249,0.003268863971641167
17.294000,0.0016416793285394249,0.003268863971641167
17.296000,0.0016416793285394249,0.003268863971641167
17.298000,0.0016416793285394249,-0.0018269294185202511
17.300000,0.0016416793285394249,0.003268863971641167
17.302000,0.0016416793285394249,0.003268863971641167
17.304000,0.0016416793285394249,0.003268863971641167
17.306000,0.0016416793285394249,-0.0018269294185202511
17.308000,0.0016416793285394249,0.003268863971641167
17.310000,0.0016416793285394249,0.003268863971641167
17.312000,0.0016416793285394249,0.003268863971641167
17.314000,0.0016416793285394249,0.003268863971641167
17.316000,0.0016416793285394249,0.003268863971641167
17.318000,0.0016416793285394249,-0.0018269294185202511
17.320000,0.0016416793285394249,0.003268863971641167
17.322000,0.0016416793285394249,-0.0018269294185202511
17.324000,0.0016416793285394249,0.003268863971641167
17.326000,0.0016416793285394249,0.003268863971641167
17.328000,0.0016416793285394249,0.003268863971641167
17.330000,0.0016416793285394249,-0.0018269294185202511
17.332000,0.0016416793285394249,-0.0018269294185202511
17.334000,0.0016416793285394249,0.003268863971641167
17.336000,0.0016416793285394249,0.003268863971641167
17.338000,0.0016416793285394249,0.003268863971641167
17.340000,0.0016416793285394249,0.003268863971641167
17.342000,0.0016416793285394249,0.003268863971641167
17.344000,0.0016416793285394249,0.003268863971641167
17.346000,0.0016416793285394249,-0.0018269294185202511
17.348000,0.0016416793285394249,0.003268863971641167
17.350000,0.0016416793285394249,0.003268863971641167
17.352000,0.0016416793285394249,0.003268863971641167
17.354000,0.0016416793285394249,0.003268863971641167
17.356000,0.0016416793285394249,0.003268863971641167
17.358000,0.0016416793285394249,0.003268863971641167
17.360000,0.0016416793285394249,0.003268863971641167
17.362000,0.0016416793285394249,0.003268863971641167
17.364000,0.0016416793285394249,0.003268863971641167
17.366000,0.0016416793285394249,0.003268863971641167
17.368000,0.0016416793285394249,-0.0018269294185202511
17.370000,0.0016416793285394249,0.003268863971641167
17.372000,0.0016416793285394249,-0.0018269294185202511
17.374000,0.0016416793285394249,0.003268863971641167
17.376000,0.0016416793285394249,0.003268863971641167
17.378000,0.0016416793285394249,0.003268863971641167
17.380000,0.0016416793285394249,-0.0018269294185202511
17.382000,0.0016416793285394249,-0.0018269294185202511
17.384000,0.0016416793285394249,-0.0018269294185202511
17.386000,0.0016416793285394249,-0.0018269294185202511
17.388000,0.0016416793285394249,0.003268863971641167
17.390000,0.0016416793285394249,0.003268863971641167
17.392000,0.0016416793285394249,-0.0018269294185202511
17.394000,0.0016416793285394249,0.003268863971641167
17.396000,0.0016416793285394249,0.003268863971641167
17.398000,0.0016416793285394249,0.003268863971641167
17.400000,0.0016416793285394249,-0.0018269294185202511
17.402000,0.0016416793285394249,0.003268863971641167
17.404000,0.0016416793285394249,0.003268863971641167
17.406000,0.0016416793285394249,0.003268863971641167
17.408000,0.0016416793285394249,-0.0018269294185202511
17.410000,0.0016416793285394249,-0.0018269294185202511
17.412000,0.0016416793285394249,0.003268863971641167
17.414000,0.0016416793285394249,-0.0018269294185202511
17.416000,0.0016416793285394249,0.003268863971641167
17.418000,0.0016416793285394249,0.003268863971641167
17.420000,0.0016416793285394249,0.003268863971641167
17.422000,0.0016416793285394249,0.003268863971641167
17.424000,0.0016416793285394249,-0.0018269294185202511
17.426000,0.0016416793285394249,0.003268863971641167
17.428000,0.0016416793285394249,0.003268863971641167
17.430000,0.0016416793285394249,0.003268863971641167
17.432000,0.0016416793285394249,0.003268863971641167
17.434000,0.0016416793285394249,0.003268863971641167
17.436000,0.0016416793285394249,0.003268863971641167
17.438000,0.0016416793285394249,-0.0018269294185202511
17.440000,0.0016416793285394249,-0.0018269294185202511
17.442000,0.0016416793285394249,0.003268863971641167
17.444000,0.0016416793285394249,0.003268863971641167
17.446000,0.0016416793285394249,0.003268863971641167
17.448000,0.0016416793285394249,0.003268863971641167
17.450000,0.0016416793285394249,-0.0018269294185202511
17.452000,0.0016416793285394249,0.003268863971641167
17.454000,0.0016416793285394249,-0.0018269294185202511
17.456000,0.0016416793285394249,0.003268863971641167
17.458000,0.0016416793285394249,0.003268863971641167
17.460000,0.0016416793285394249,0.003268863971641167
17.462000,0.0016416793285394249,0.003268863971641167
17.464000,0.0016416793285394249,-0.0018269294185202511
17.466000,0.0016416793285394249,-0.0018269294185202511
17.468000,0.0016416793285394249,0.003268863971641167
17.470000,0.0016416793285394249,0.003268863971641167
17.472000,0.0016416793285394249,0.003268863971641167
17.474000,0.0016416793285394249,-0.0018269294185202511
17.476000,0.0016416793285394249,0.003268863971641167
17.478000,0.0016416793285394249,-0.0018269294185202511
17.480000,0.0016416793285394249,0.003268863971641167
17.482000,0.0016416793285394249,0.003268863971641167
17.484000,0.0016416793285394249,-0.0018269294185202511
17.486000,0.0016416793285394249,0.003268863971641167
17.488000,0.0016416793285394249,0.003268863971641167
17.490000,0.0016416793285394249,0.003268863971641167
17.492000,0.0016416793285394249,0.003268863971641167
17.494000,0.0016416793285394249,0.003268863971641167
17.496000,0.0016416793285394249,0.003268863971641167
17.498000,0.0016416793285394249,0.003268863971641167
17.500000,0.0016416793285394249,-0.0018269294185202511
17.502000,0.0016416793285394249,0.003268863971641167
17.504000,0.0016416793285394249,0.003268863971641167
17.506000,0.0016416793285394249,0.003268863971641167
17.508000,0.0016416793285394249,0.003268863971641167
17.510000,0.0016416793285394249,0.003268863971641167
17.512000,0.0016416793285394249,0.003268863971641167
17.514000,0.0016416793285394249,0.003268863971641167
17.516000,0.0016416793285394249,0.003268863971641167
17.518000,0.0016416793285394249,0.003268863971641167
17.520000,0.0016416793285394249,-0.0018269294185202511
17.522000,0.0016416793285394249,-0.0018269294185202511
17.524000,0.0016416793285394249,0.003268863971641167
17.526000,0.0016416793285394249,-0.0018269294185202511
17.528000,0.0016416793285394249,-0.0018269294185202511
17.530000,0.0016416793285394249,0.003268863971641167
17.532000,0.0016416793285394249,-0.0018269294185202511
17.534000,0.0016416793285394249,0.003268863971641167
17.536000,0.0016416793285394249,0.003268863971641167
17.538000,0.0016416793285394249,0.003268863971641167
17.540000,0.0016416793285394249,0.003268863971641167
17.542000,0.0016416793285394249,-0.0018269294185202511
17.544000,0.0016416793285394249,0.003268863971641167
17.546000,0.0016416793285394249,0.003268863971641167
17.548000,0.0016416793285394249,0.003268863971641167
17.550000,0.0016416793285394249,0.003268863971641167
17.552000,0.0016416793285394249,0.003268863971641167
17.554000,0.0016416793285394249,0.003268863971641167
17.556000,0.0016416793285394249,0.003268863971641167
17.558000,0.0016416793285394249,-0.0018269294185202511
17.560000,0.0016416793285394249,0.003268863971641167
17.562000,0.0016416793285394249,-0.0018269294185202511
17.564000,0.0016416793285394249,0.003268863971641167
17.566000,0.0016416793285394249,-0.0018269294185202511
17.568000,0.0016416793285394249,-0.0018269294185202511
17.570000,0.0016416793285394249,-0.0018269294185202511
17.572000,0.0016416793285394249,-0.0018269294185202511
17.574000,0.0016416793285394249,0.003268863971641167
17.576000,0.0016416793285394249,-0.0018269294185202511
17.578000,0.0016416793285394249,0.003268863971641167
17.580000,0.0016416793285394249,0.003268863971641167
17.582000,0.0016416793285394249,0.003268863971641167
17.584000,0.0016416793285394249,0.003268863971641167
17.586000,0.0016416793285394249,0.003268863971641167
17.588000,0.0016416793285394249,0.003268863971641167
17.590000,0.0016416793285394249,0.003268863971641167
17.592000,0.0016416793285394249,0.003268863971641167
17.594000,0.0016416793285394249,0.003268863971641167
17.596000,0.0016416793285394249,0.003268863971641167
17.598000,0.0016416793285394249,-0.0018269294185202511
17.600000,0.0016416793285394249,0.003268863971641167
17.602000,0.0016416793285394249,-0.0018269294185202511
17.604000,0.0016416793285394249,0.003268863971641167
17.606000,0.0016416793285394249,-0.0018269294185202511
17.608000,0.0016416793285394249,-0.0018269294185202511
17.610000,0.0016416793285394249,0.003268863971641167
17.612000,0.0016416793285394249,-0.0018269294185202511
17.614000,0.0016416793285394249,0.003268863971641167
17.616000,0.0016416793285394249,0.003268863971641167
17.618000,0.0016416793285394249,0.003268863971641167
17.620000,0.0016416793285394249,0.003268863971641167
17.622000,0.0016416793285394249,0.003268863971641167
17.624000,0.0016416793285394249,0.003268863971641167
17.626000,0.0016416793285394249,0.003268863971641167
17.628000,0.0016416793285394249,0.003268863971641167
17.630000,0.0016416793285394249,0.003268863971641167
17.632000,0.0016416793285394249,0.003268863971641167
17.634000,0.0016416793285394249,0.003268863971641167
17.636000,0.0016416793285394249,-0.0018269294185202511
17.638000,0.0016416793285394249,-0.0018269294185202511
17.640000,0.0016416793285394249,0.003268863971641167
17.642000,0.0016416793285394249,0.003268863971641167
17.644000,0.0016416793285394249,0.003268863971641167
17.646000,0.0016416793285394249,0.003268863971641167
17.648000,0.0016416793285394249,0.003268863971641167
17.650000,0.0016416793285394249,0.003268863971641167
17.652000,0.0016416793285394249,0.003268863971641167
17.654000,0.0016416793285394249,0.003268863971641167
17.656000,0.0016416793285394249,0.003268863971641167
17.658000,0.0016416793285394249,0.003268863971641167
17.660000,0.0016416793285394249,0.003268863971641167
17.662000,0.0016416793285394249,0.003268863971641167
17.664000,0.0016416793285394249,0.003268863971641167
17.666000,0.0016416793285394249,0.003268863971641167
17.668000,0.0016416793285394249,0.003268863971641167
17.670000,0.0016416793285394249,0.003268863971641167
17.672000,0.0016416793285394249,0.003268863971641167
17.674000,0.0016416793285394249,0.003268863971641167
17.676000,0.0016416793285394249,0.003268863971641167
17.678000,0.0016416793285394249,0.003268863971641167
17.680000,0.0016416793285394249,-0.0018269294185202511
17.682000,0.0016416793285394249,0.003268863971641167
17.684000,0.0016416793285394249,-0.0018269294185202511
17.686000,0.0016416793285394249,-0.0018269294185202511
17.688000,0.0016416793285394249,0.003268863971641167
17.690000,0.0016416793285394249,0.003268863971641167
17.692000,0.0016416793285394249,0.003268863971641167
17.694000,0.0016416793285394249,0.003268863971641167
17.696000,0.0016416793285394249,0.003268863971641167
17.698000,0.0016416793285394249,0.003268863971641167
17.700000,0.0016416793285394249,0.003268863971641167
17.702000,0.0016416793285394249,0.003268863971641167
17.704000,0.0016416793285394249,0.003268863971641167
17.706000,0.0016416793285394249,-0.0018269294185202511
17.708000,0.0016416793285394249,-0.0018269294185202511
17.710000,0.0016416793285394249,0.003268863971641167
17.712000,0.0016416793285394249,0.003268863971641167
17.714000,0.0016416793285394249,0.003268863971641167
17.716000,0.0016416793285394249,-0.0018269294185202511
17.718000,0.0016416793285394249,0.003268863971641167
17.720000,0.0016416793285394249,0.003268863971641167
17.722000,0.0016416793285394249,0.003268863971641167
17.724000,0.0016416793285394249,0.003268863971641167
17.726000,0.0016416793285394249,0.003268863971641167
17.728000,0.0016416793285394249,0.003268863971641167
17.730000,0.0016416793285394249,-0.0018269294185202511
17.732000,0.0016416793285394249,0.003268863971641167
17.734000,0.0016416793285394249,0.003268863971641167
17.736000,0.0016416793285394249,0.003268863971641167
17.738000,0.0016416793285394249,0.003268863971641167
17.740000,0.0016416793285394249,0.003268863971641167
17.742000,0.0016416793285394249,-0.0018269294185202511
17.744000,0.0016416793285394249,-0.0018269294185202511
17.746000,0.0016416793285394249,-0.0018269294185202511
17.748000,0.0016416793285394249,0.003268863971641167
17.750000,0.0016416793285394249,0.003268863971641167
17.752000,0.0016416793285394249,0.003268863971641167
17.754000,0.0016416793285394249,-0.0018269294185202511
17.756000,0.0016416793285394249,0.003268863971641167
17.758000,0.0016416793285394249,0.003268863971641167
17.760000,0.0016416793285394249,0.003268863971641167
17.762000,0.0016416793285394249,0.003268863971641167
17.764000,0.0016416793285394249,0.003268863971641167
17.766000,0.0016416793285394249,0.003268863971641167
17.768000,0.0016416793285394249,-0.0018269294185202511
17.770000,0.0016416793285394249,0.003268863971641167
17.772000,0.0016416793285394249,0.003268863971641167
17.774000,0.0016416793285394249,-0.0018269294185202511
17.776000,0.0016416793285394249,-0.0018269294185202511
17.778000,0.0016416793285394249,-0.0018269294185202511
17.780000,0.0016416793285394249,0.003268863971641167
17.782000,0.0016416793285394249,0.003268863971641167
17.784000,0.0016416793285394249,-0.0018269294185202511
17.786000,0.0016416793285394249,0.003268863971641167
17.788000,0.0016416793285394249,0.003268863971641167
17.790000,0.0016416793285394249,0.003268863971641167
17.792000,0.0016416793285394249,0.003268863971641167
17.794000,0.0016416793285394249,0.003268863971641167
17.796000,0.0016416793285394249,0.003268863971641167
17.798000,0.0016416793285394249,0.003268863971641167
17.800000,0.0016416793285394249,-0.0018269294185202511
17.802000,0.0016416793285394249,0.003268863971641167
17.804000,0.0016416793285394249,0.003268863971641167
17.806000,0.0016416793285394249,0.003268863971641167
17.808000,0.0016416793285394249,0.003268863971641167
17.810000,0.0016416793285394249,0.003268863971641167
17.812000,0.0016416793285394249,-0.0018269294185202511
17.814000,0.0016416793285394249,0.003268863971641167
17.816000,0.0016416793285394249,0.003268863971641167
17.818000,0.0016416793285394249,-0.0018269294185202511
17.820000,0.0016416793285394249,0.003268863971641167
17.822000,0.0016416793285394249,0.003268863971641167
17.824000,0.0016416793285394249,0.003268863971641167
17.826000,0.0016416793285394249,0.003268863971641167
17.828000,0.0016416793285394249,0.003268863971641167
17.830000,0.0016416793285394249,0.003268863971641167
17.832000,0.0016416793285394249,0.003268863971641167
17.834000,0.0016416793285394249,0.003268863971641167
17.836000,0.0016416793285394249,0.003268863971641167
17.838000,0.0016416793285394249,0.003268863971641167
17.840000,0.0016416793285394249,0.003268863971641167
17.842000,0.0016416793285394249,-0.0018269294185202511
17.844000,0.0016416793285394249,-0.0018269294185202511
17.846000,0.0016416793285394249,0.003268863971641167
17.848000,0.0016416793285394249,0.003268863971641167
17.850000,0.0016416793285394249,0.003268863971641167
17.852000,0.0016416793285394249,0.003268863971641167
17.854000,0.0016416793285394249,0.003268863971641167
17.856000,0.0016416793285394249,0.003268863971641167
17.858000,0.0016416793285394249,0.003268863971641167
17.860000,0.0016416793285394249,0.003268863971641167
17.862000,0.0016416793285394249,-0.0018269294185202511
17.864000,0.0016416793285394249,0.003268863971641167
17.866000,0.0016416793285394249,0.003268863971641167
17.868000,0.0016416793285394249,-0.0018269294185202511
17.870000,0.0016416793285394249,0.003268863971641167
17.872000,0.0016416793285394249,0.003268863971641167
17.874000,0.0016416793285394249,0.003268863971641167
17.876000,0.0016416793285394249,0.003268863971641167
17.878000,0.0016416793285394249,0.003268863971641167
17.880000,0.0016416793285394249,0.003268863971641167
17.882000,0.0016416793285394249,0.003268863971641167
17.884000,0.0016416793285394249,0.003268863971641167
17.886000,0.0016416793285394249,0.003268863971641167
17.888000,0.0016416793285394249,0.003268863971641167
17.890000,0.0016416793285394249,0.003268863971641167
17.892000,0.0016416793285394249,0.003268863971641167
17.894000,0.0016416793285394249,0.003268863971641167
17.896000,0.0016416793285394249,-0.0018269294185202511
17.898000,0.0016416793285394249,0.003268863971641167
17.900000,0.0016416793285394249,0.003268863971641167
17.902000,0.0016416793285394249,-0.0018269294185202511
17.904000,0.0016416793285394249,0.003268863971641167
17.906000,0.0016416793285394249,0.003268863971641167
17.908000,0.0016416793285394249,0.003268863971641167
17.910000,0.0016416793285394249,-0.0018269294185202511
17.912000,0.0016416793285394249,0.003268863971641167
17.914000,0.0016416793285394249,0.003268863971641167
17.916000,0.0016416793285394249,0.003268863971641167
17.918000,0.0016416793285394249,0.003268863971641167
17.920000,0.0016416793285394249,-0.0018269294185202511
17.922000,0.0016416793285394249,-0.0018269294185202511
17.924000,0.0016416793285394249,0.003268863971641167
17.926000,0.0016416793285394249,0.003268863971641167
17.928000,0.0016416793285394249,0.003268863971641167
17.930000,0.0016416793285394249,-0.0018269294185202511
17.932000,0.0016416793285394249,0.003268863971641167
17.934000,0.0016416793285394249,-0.0018269294185202511
17.936000,0.0016416793285394249,-0.0018269294185202511
17.938000,0.0016416793285394249,0.003268863971641167
17.940000,0.0016416793285394249,-0.0018269294185202511
17.942000,0.0016416793285394249,0.003268863971641167
17.944000,0.0016416793285394249,0.003268863971641167
17.946000,0.0016416793285394249,0.003268863971641167
17.948000,0.0016416793285394249,0.003268863971641167
17.950000,0.0016416793285394249,0.003268863971641167
17.952000,0.0016416793285394249,-0.0018269294185202511
17.954000,0.0016416793285394249,0.003268863971641167
17.956000,0.0016416793285394249,0.003268863971641167
17.958000,0.0016416793285394249,-0.0018269294185202511
17.960000,0.0016416793285394249,0.003268863971641167
17.962000,0.0016416793285394249,0.003268863971641167
17.964000,0.0016416793285394249,-0.0018269294185202511
17.966000,0.0016416793285394249,0.003268863971641167
17.968000,0.0016416793285394249,0.003268863971641167
17.970000,0.0016416793285394249,0.003268863971641167
17.972000,0.0016416793285394249,0.003268863971641167
17.974000,0.0016416793285394249,0.003268863971641167
17.976000,0.0016416793285394249,-0.0018269294185202511
17.978000,0.0016416793285394249,-0.0018269294185202511
17.980000,0.0016416793285394249,0.003268863971641167
17.982000,0.0016416793285394249,0.003268863971641167
17.984000,0.0016416793285394249,0.003268863971641167
17.986000,0.0016416793285394249,0.003268863971641167
17.988000,0.0016416793285394249,0.003268863971641167
17.990000,0.0016416793285394249,-0.0018269294185202511
17.992000,0.0016416793285394249,0.003268863971641167
17.994000,0.0016416793285394249,0.003268863971641167
17.996000,0.0016416793285394249,0.003268863971641167
17.998000,0.0016416793285394249,0.003268863971641167
18.000000,0.0016416793285394249,-0.0018269294185202511
18.002000,0.0016416793285394249,0.003268863971641167
18.004000,0.0016416793285394249,0.003268863971641167
18.006000,0.0016416793285394249,0.003268863971641167
18.008000,0.0016416793285394249,0.003268863971641167
18.010000,0.0016416793285394249,0.003268863971641167
18.012000,0.0016416793285394249,0.003268863971641167
18.014000,0.0016416793285394249,0.003268863971641167
18.016000,0.0016416793285394249,-0.0018269294185202511
18.018000,0.0016416793285394249,-0.0018269294185202511
18.020000,0.0016416793285394249,0.003268863971641167
18.022000,0.0016416793285394249,0.003268863971641167
18.024000,0.0016416793285394249,0.003268863971641167
18.026000,0.0016416793285394249,0.003268863971641167
18.028000,0.0016416793285394249,0.003268863971641167
18.030000,0.0016416793285394249,-0.0018269294185202511
18.032000,0.0016416793285394249,0.003268863971641167
18.034000,0.0016416793285394249,-0.0018269294185202511
18.036000,0.0016416793285394249,0.003268863971641167
18.038000,0.0016416793285394249,0.003268863971641167
18.040000,0.0016416793285394249,0.003268863971641167
18.042000,0.0016416793285394249,0.003268863971641167
18.044000,0.0016416793285394249,-0.0018269294185202511
18.046000,0.0016416793285394249,0.003268863971641167
18.048000,0.0016416793285394249,0.003268863971641167
18.050000,0.0016416793285394249,0.003268863971641167
18.052000,0.0016416793285394249,0.003268863971641167
18.054000,0.0016416793285394249,0.003268863971641167
18.056000,0.0016416793285394249,0.003268863971641167
18.058000,0.0016416793285394249,0.003268863971641167
18.060000,0.0016416793285394249,-0.0018269294185202511
18.062000,0.0016416793285394249,0.003268863971641167
18.064000,0.0016416793285394249,0.003268863971641167
18.066000,0.0016416793285394249,-0.0018269294185202511
18.068000,0.0016416793285394249,-0.0018269294185202511
18.070000,0.0016416793285394249,0.003268863971641167
18.072000,0.0016416793285394249,0.003268863971641167
18.074000,0.0016416793285394249,0.003268863971641167
18.076000,0.0016416793285394249,0.003268863971641167
18.078000,0.0016416793285394249,0.003268863971641167
18.080000,0.0016416793285394249,0.003268863971641167
18.082000,0.0016416793285394249,0.003268863971641167
18.084000,0.0016416793285394249,0.003268863971641167
18.086000,0.0016416793285394249,0.003268863971641167
18.088000,0.0016416793285394249,0.003268863971641167
18.090000,0.0016416793285394249,0.003268863971641167
18.092000,0.0016416793285394249,-0.0018269294185202511
18.094000,0.0016416793285394249,0.003268863971641167
18.096000,0.0016416793285394249,0.003268863971641167
18.098000,0.0016416793285394249,0.003268863971641167
18.100000,0.0016416793285394249,-0.0018269294185202511
18.102000,0.0016416793285394249,0.003268863971641167
18.104000,0.0016416793285394249,0.003268863971641167
18.106000,0.0016416793285394249,-0.0018269294185202511
18.108000,0.0016416793285394249,0.003268863971641167
18.110000,0.0016416793285394249,0.003268863971641167
18.112000,0.0016416793285394249,0.003268863971641167
18.114000,0.0016416793285394249,-0.0018269294185202511
18.116000,0.0016416793285394249,0.003268863971641167
18.118000,0.0016416793285394249,0.003268863971641167
18.120000,0.0016416793285394249,-0.0018269294185202511
18.122000,0.0016416793285394249,0.003268863971641167
18.124000,0.0016416793285394249,0.003268863971641167
18.126000,0.0016416793285394249,0.003268863971641167
18.128000,0.0016416793285394249,0.003268863971641167
18.130000,0.0016416793285394249,-0.0018269294185202511
18.132000,0.0016416793285394249,0.003268863971641167
18.134000,0.0016416793285394249,0.003268863971641167
18.136000,0.0016416793285394249,0.003268863971641167
18.138000,0.0016416793285394249,-0.0018269294185202511
18.140000,0.0016416793285394249,-0.0018269294185202511
18.142000,0.0016416793285394249,0.003268863971641167
18.144000,0.0016416793285394249,0.003268863971641167
18.146000,0.0016416793285394249,0.003268863971641167
18.148000,0.0016416793285394249,0.003268863971641167
18.150000,0.0016416793285394249,0.003268863971641167
18.152000,0.0016416793285394249,0.003268863971641167
18.154000,0.0016416793285394249,-0.0018269294185202511
18.156000,0.0016416793285394249,0.003268863971641167
18.158000,0.0016416793285394249,0.003268863971641167
18.160000,0.0016416793285394249,0.003268863971641167
18.162000,0.0016416793285394249,-0.0018269294185202511
18.164000,0.0016416793285394249,0.003268863971641167
18.166000,0.0016416793285394249,0.003268863971641167
18.168000,0.0016416793285394249,0.003268863971641167
18.170000,0.0016416793285394249,-0.0018269294185202511
18.172000,0.0016416793285394249,0.003268863971641167
18.174000,0.0016416793285394249,0.003268863971641167
18.176000,0.0016416793285394249,0.003268863971641167
18.178000,0.0016416793285394249,-0.0018269294185202511
18.180000,0.0016416793285394249,-0.0018269294185202511
18.182000,0.0016416793285394249,0.003268863971641167
18.184000,0.0016416793285394249,-0.0018269294185202511
18.186000,0.0016416793285394249,-0.0018269294185202511
18.188000,0.0016416793285394249,0.003268863971641167
18.190000,0.0016416793285394249,0.003268863971641167
18.192000,0.0016416793285394249,0.003268863971641167
18.194000,0.0016416793285394249,0.003268863971641167
18.196000,0.0016416793285394249,0.003268863971641167
18.198000,0.0016416793285394249,0.003268863971641167
18.200000,0.0016416793285394249,0.003268863971641167
18.202000,0.0016416793285394249,-0.0018269294185202511
18.204000,0.0016416793285394249,0.003268863971641167
18.206000,0.0016416793285394249,0.003268863971641167
18.208000,0.0016416793285394249,0.003268863971641167
18.210000,0.0016416793285394249,0.003268863971641167
18.212000,0.0016416793285394249,0.003268863971641167
18.214000,0.0016416793285394249,-0.0018269294185202511
18.216000,0.0016416793285394249,0.003268863971641167
18.218000,0.0016416793285394249,0.003268863971641167
18.220000,0.0016416793285394249,0.003268863971641167
18.222000,0.0016416793285394249,0.003268863971641167
18.224000,0.0016416793285394249,0.003268863971641167
18.226000,0.0016416793285394249,0.003268863971641167
18.228000,0.0016416793285394249,0.003268863971641167
18.230000,0.0016416793285394249,0.003268863971641167
18.232000,0.0016416793285394249,-0.0018269294185202511
18.234000,0.0016416793285394249,-0.0018269294185202511
18.236000,0.0016416793285394249,-0.0018269294185202511
18.238000,0.0016416793285394249,0.003268863971641167
18.240000,0.0016416793285394249,0.003268863971641167
18.242000,0.0016416793285394249,0.003268863971641167
18.244000,0.0016416793285394249,0.003268863971641167
18.246000,0.0016416793285394249,0.003268863971641167
18.248000,0.0016416793285394249,-0.0018269294185202511
18.250000,0.0016416793285394249,0.003268863971641167
18.252000,0.0016416793285394249,0.003268863971641167
18.254000,0.0016416793285394249,0.003268863971641167
18.256000,0.0016416793285394249,-0.0018269294185202511
18.258000,0.0016416793285394249,0.003268863971641167
18.260000,0.0016416793285394249,0.003268863971641167
18.262000,0.0016416793285394249,0.003268863971641167
18.264000,0.0016416793285394249,0.003268863971641167
18.266000,0.0016416793285394249,0.003268863971641167
18.268000,0.0016416793285394249,-0.0018269294185202511
18.270000,0.0016416793285394249,0.003268863971641167
18.272000,0.0016416793285394249,-0.0018269294185202511
18.274000,0.0016416793285394249,0.003268863971641167
18.276000,0.0016416793285394249,0.003268863971641167
18.278000,0.0016416793285394249,0.003268863971641167
18.280000,0.0016416793285394249,0.003268863971641167
18.282000,0.0016416793285394249,0.003268863971641167
18.284000,0.0016416793285394249,0.003268863971641167
18.286000,0.0016416793285394249,0.003268863971641167
18.288000,0.0016416793285394249,0.003268863971641167
18.290000,0.0016416793285394249,0.003268863971641167
18.292000,0.0016416793285394249,0.003268863971641167
18.294000,0.0016416793285394249,-0.0018269294185202511
18.296000,0.0016416793285394249,0.003268863971641167
18.298000,0.0016416793285394249,0.003268863971641167
18.300000,0.0016416793285394249,0.003268863971641167
18.302000,0.0016416793285394249,0.003268863971641167
18.304000,0.0016416793285394249,-0.0018269294185202511
18.306000,0.0016416793285394249,-0.0018269294185202511
18.308000,0.0016416793285394249,0.003268863971641167
18.310000,0.0016416793285394249,-0.0018269294185202511
18.312000,0.0016416793285394249,0.003268863971641167
18.314000,0.0016416793285394249,0.003268863971641167
18.316000,0.0016416793285394249,0.003268863971641167
18.318000,0.0016416793285394249,0.003268863971641167
18.320000,0.0016416793285394249,0.003268863971641167
18.322000,0.0016416793285394249,-0.0018269294185202511
18.324000,0.0016416793285394249,0.003268863971641167
18.326000,0.0016416793285394249,0.003268863971641167
18.328000,0.0016416793285394249,0.003268863971641167
18.330000,0.0016416793285394249,0.003268863971641167
18.332000,0.0016416793285394249,0.003268863971641167
18.334000,0.0016416793285394249,0.003268863971641167
18.336000,0.0016416793285394249,-0.0018269294185202511
18.338000,0.0016416793285394249,0.003268863971641167
18.340000,0.0016416793285394249,0.003268863971641167
18.342000,0.0016416793285394249,0.003268863971641167
18.344000,0.0016416793285394249,0.003268863971641167
18.346000,0.0016416793285394249,0.003268863971641167
18.348000,0.0016416793285394249,0.003268863971641167
18.350000,0.0016416793285394249,0.003268863971641167
18.352000,0.0016416793285394249,-0.0018269294185202511
18.354000,0.0016416793285394249,-0.0018269294185202511
18.356000,0.0016416793285394249,0.003268863971641167
18.358000,0.0016416793285394249,-0.0018269294185202511
18.360000,0.0016416793285394249,-0.0018269294185202511
18.362000,0.0016416793285394249,0.003268863971641167
18.364000,0.0016416793285394249,0.003268863971641167
18.366000,0.0016416793285394249,0.003268863971641167
18.368000,0.0016416793285394249,-0.0018269294185202511
18.370000,0.0016416793285394249,0.003268863971641167
18.372000,0.0016416793285394249,0.003268863971641167
18.374000,0.0016416793285394249,0.003268863971641167
18.376000,0.0016416793285394249,-0.0018269294185202511
18.378000,0.0016416793285394249,-0.0018269294185202511
18.380000,0.0016416793285394249,0.003268863971641167
18.382000,0.0016416793285394249,0.003268863971641167
18.384000,0.0016416793285394249,-0.0018269294185202511
18.386000,0.0016416793285394249,0.003268863971641167
18.388000,0.0016416793285394249,0.003268863971641167
18.390000,0.0016416793285394249,0.003268863971641167
18.392000,0.0016416793285394249,0.003268863971641167
18.394000,0.0016416793285394249,0.003268863971641167
18.396000,0.0016416793285394249,0.003268863971641167
18.398000,0.0016416793285394249,0.003268863971641167
18.400000,0.0016416793285394249,0.003268863971641167
18.402000,0.0016416793285394249,0.003268863971641167
18.404000,0.0016416793285394249,-0.0018269294185202511
18.406000,0.0016416793285394249,0.003268863971641167
18.408000,0.0016416793285394249,0.003268863971641167
18.410000,0.0016416793285394249,-0.0018269294185202511
18.412000,0.0016416793285394249,0.003268863971641167
18.414000,0.0016416793285394249,0.003268863971641167
18.416000,0.0016416793285394249,0.003268863971641167
18.418000,0.0016416793285394249,0.003268863971641167
18.420000,0.0016416793285394249,-0.0018269294185202511
18.422000,0.0016416793285394249,0.003268863971641167
18.424000,0.0016416793285394249,0.003268863971641167
18.426000,0.0016416793285394249,-0.0018269294185202511
18.428000,0.0016416793285394249,-0.0018269294185202511
18.430000,0.0016416793285394249,0.003268863971641167
18.432000,0.0016416793285394249,0.003268863971641167
18.434000,0.0016416793285394249,0.003268863971641167
18.436000,0.0016416793285394249,0.003268863971641167
18.438000,0.0016416793285394249,0.003268863971641167
18.440000,0.0016416793285394249,0.003268863971641167
18.442000,0.0016416793285394249,0.003268863971641167
18.444000,0.0016416793285394249,-0.0018269294185202511
18.446000,0.0016416793285394249,0.003268863971641167
18.448000,0.0016416793285394249,-0.0018269294185202511
18.450000,0.0016416793285394249,0.003268863971641167
18.452000,0.0016416793285394249,0.003268863971641167
18.454000,0.0016416793285394249,0.003268863971641167
18.456000,0.0016416793285394249,-0.0018269294185202511
18.458000,0.0016416793285394249,-0.0018269294185202511
18.460000,0.0016416793285394249,0.003268863971641167
18.462000,0.0016416793285394249,0.003268863971641167
18.464000,0.0016416793285394249,-0.0018269294185202511
18.466000,0.0016416793285394249,0.003268863971641167
18.468000,0.0016416793285394249,0.003268863971641167
18.470000,0.0016416793285394249,-0.0018269294185202511
18.472000,0.0016416793285394249,0.003268863971641167
18.474000,0.0016416793285394249,0.003268863971641167
18.476000,0.0016416793285394249,-0.0018269294185202511
18.478000,0.0016416793285394249,0.003268863971641167
18.480000,0.0016416793285394249,-0.0018269294185202511
18.482000,0.0016416793285394249,0.003268863971641167
18.484000,0.0016416793285394249,0.003268863971641167
18.486000,0.0016416793285394249,0.003268863971641167
18.488000,0.0016416793285394249,0.003268863971641167
18.490000,0.0016416793285394249,0.003268863971641167
18.492000,0.0016416793285394249,0.003268863971641167
18.494000,0.0016416793285394249,0.003268863971641167
18.496000,0.0016416793285394249,0.003268863971641167
18.498000,0.0016416793285394249,-0.0018269294185202511
18.500000,0.0016416793285394249,0.003268863971641167
18.502000,0.0016416793285394249,-0.0018269294185202511
18.504000,0.0016416793285394249,0.003268863971641167
18.506000,0.0016416793285394249,0.003268863971641167
18.508000,0.0016416793285394249,0.003268863971641167
18.510000,0.0016416793285394249,0.003268863971641167
18.512000,0.0016416793285394249,0.003268863971641167
18.514000,0.0016416793285394249,0.003268863971641167
18.516000,0.0016416793285394249,0.003268863971641167
18.518000,0.0016416793285394249,0.003268863971641167
18.520000,0.0016416793285394249,-0.0018269294185202511
18.522000,0.0016416793285394249,-0.0018269294185202511
18.524000,0.0016416793285394249,-0.0018269294185202511
18.526000,0.0016416793285394249,0.003268863971641167
18.528000,0.0016416793285394249,0.003268863971641167
18.530000,0.0016416793285394249,-0.0018269294185202511
18.532000,0.0016416793285394249,-0.0018269294185202511
18.534000,0.0016416793285394249,0.003268863971641167
18.536000,0.0016416793285394249,0.003268863971641167
18.538000,0.0016416793285394249,0.003268863971641167
18.540000,0.0016416793285394249,0.003268863971641167
18.542000,0.0016416793285394249,0.003268863971641167
18.544000,0.0016416793285394249,0.003268863971641167
18.546000,0.0016416793285394249,0.003268863971641167
18.548000,0.0016416793285394249,-0.0018269294185202511
18.550000,0.0016416793285394249,-0.0018269294185202511
18.552000,0.0016416793285394249,0.003268863971641167
18.554000,0.0016416793285394249,0.003268863971641167
18.556000,0.0016416793285394249,0.003268863971641167
18.558000,0.0016416793285394249,0.003268863971641167
18.560000,0.0016416793285394249,0.003268863971641167
18.562000,0.0016416793285394249,0.003268863971641167
18.564000,0.0016416793285394249,0.003268863971641167
18.566000,0.0016416793285394249,0.003268863971641167
18.568000,0.0016416793285394249,0.003268863971641167
18.570000,0.0016416793285394249,0.003268863971641167
18.572000,0.0016416793285394249,0.003268863971641167
18.574000,0.0016416793285394249,-0.0018269294185202511
18.576000,0.0016416793285394249,0.003268863971641167
18.578000,0.0016416793285394249,0.003268863971641167
18.580000,0.0016416793285394249,0.003268863971641167
18.582000,0.0016416793285394249,0.003268863971641167
18.584000,0.0016416793285394249,-0.0018269294185202511
18.586000,0.0016416793285394249,0.003268863971641167
18.588000,0.0016416793285394249,0.003268863971641167
18.590000,0.0016416793285394249,-0.0018269294185202511
18.592000,0.0016416793285394249,0.003268863971641167
18.594000,0.0016416793285394249,-0.0018269294185202511
18.596000,0.0016416793285394249,0.003268863971641167
18.598000,0.0016416793285394249,-0.0018269294185202511
18.600000,0.0016416793285394249,0.003268863971641167
18.602000,0.0016416793285394249,0.003268863971641167
18.604000,0.0016416793285394249,0.003268863971641167
18.606000,0.0016416793285394249,0.003268863971641167
18.608000,0.0016416793285394249,-0.0018269294185202511
18.610000,0.0016416793285394249,0.003268863971641167
18.612000,0.0016416793285394249,0.003268863971641167
18.614000,0.0016416793285394249,0.003268863971641167
18.616000,0.0016416793285394249,-0.0018269294185202511
18.618000,0.0016416793285394249,-0.0018269294185202511
18.620000,0.0016416793285394249,0.003268863971641167
18.622000,0.0016416793285394249,-0.0018269294185202511
18.624000,0.0016416793285394249,-0.0018269294185202511
18.626000,0.0016416793285394249,0.003268863971641167
18.628000,0.0016416793285394249,0.003268863971641167
18.630000,0.0016416793285394249,-0.0018269294185202511
18.632000,0.0016416793285394249,-0.0018269294185202511
18.634000,0.0016416793285394249,-0.0018269294185202511
18.636000,0.0016416793285394249,0.003268863971641167
18.638000,0.0016416793285394249,0.003268863971641167
18.640000,0.0016416793285394249,0.003268863971641167
18.642000,0.0016416793285394249,0.003268863971641167
18.644000,0.0016416793285394249,0.003268863971641167
18.646000,0.0016416793285394249,0.003268863971641167
18.648000,0.0016416793285394249,0.003268863971641167
18.650000,0.0016416793285394249,0.003268863971641167
18.652000,0.0016416793285394249,0.003268863971641167
18.654000,0.0016416793285394249,0.003268863971641167
18.656000,0.0016416793285394249,0.003268863971641167
18.658000,0.0016416793285394249,0.003268863971641167
18.660000,0.0016416793285394249,0.003268863971641167
18.662000,0.0016416793285394249,-0.0018269294185202511
18.664000,0.0016416793285394249,-0.0018269294185202511
18.666000,0.0016416793285394249,-0.0018269294185202511
18.668000,0.0016416793285394249,-0.0018269294185202511
18.670000,0.0016416793285394249,0.003268863971641167
18.672000,0.0016416793285394249,0.003268863971641167
18.674000,0.0016416793285394249,0.003268863971641167
18.676000,0.0016416793285394249,0.003268863971641167
18.678000,0.0016416793285394249,-0.0018269294185202511
18.680000,0.0016416793285394249,-0.0018269294185202511
18.682000,0.0016416793285394249,0.003268863971641167
18.684000,0.0016416793285394249,0.003268863971641167
18.686000,0.0016416793285394249,-0.0018269294185202511
18.688000,0.0016416793285394249,0.003268863971641167
18.690000,0.0016416793285394249,-0.0018269294185202511
18.692000,0.0016416793285394249,0.003268863971641167
18.694000,0.0016416793285394249,0.003268863971641167
18.696000,0.0016416793285394249,0.003268863971641167
18.698000,0.0016416793285394249,0.003268863971641167
18.700000,0.0016416793285394249,0.003268863971641167
18.702000,0.0016416793285394249,-0.0018269294185202511
18.704000,0.0016416793285394249,-0.0018269294185202511
18.706000,0.0016416793285394249,0.003268863971641167
18.708000,0.0016416793285394249,0.003268863971641167
18.710000,0.0016416793285394249,-0.0018269294185202511
18.712000,0.0016416793285394249,0.003268863971641167
18.714000,0.0016416793285394249,-0.0018269294185202511
18.716000,0.0016416793285394249,0.003268863971641167
18.718000,0.0016416793285394249,0.003268863971641167
18.720000,0.0016416793285394249,-0.0018269294185202511
18.722000,0.0016416793285394249,0.003268863971641167
18.724000,0.0016416793285394249,0.003268863971641167
18.726000,0.0016416793285394249,0.003268863971641167
18.728000,0.0016416793285394249,0.003268863971641167
18.730000,0.0016416793285394249,0.003268863971641167
18.732000,0.0016416793285394249,0.003268863971641167
18.734000,0.0016416793285394249,-0.0018269294185202511
18.736000,0.0016416793285394249,0.003268863971641167
18.738000,0.0016416793285394249,0.003268863971641167
18.740000,0.0016416793285394249,0.003268863971641167
18.742000,0.0016416793285394249,-0.0018269294185202511
18.744000,0.0016416793285394249,0.003268863971641167
18.746000,0.0016416793285394249,0.003268863971641167
18.748000,0.0016416793285394249,0.003268863971641167
18.750000,0.0016416793285394249,0.003268863971641167
18.752000,0.0016416793285394249,-0.0018269294185202511
18.754000,0.0016416793285394249,-0.0018269294185202511
18.756000,0.0016416793285394249,0.003268863971641167
18.758000,0.0016416793285394249,0.003268863971641167
18.760000,0.0016416793285394249,0.003268863971641167
18.762000,0.0016416793285394249,0.003268863971641167
18.764000,0.0016416793285394249,0.003268863971641167
18.766000,0.0016416793285394249,-0.0018269294185202511
18.768000,0.0016416793285394249,-0.0018269294185202511
18.770000,0.0016416793285394249,-0.0018269294185202511
18.772000,0.0016416793285394249,0.003268863971641167
18.774000,0.0016416793285394249,0.003268863971641167
18.776000,0.0016416793285394249,0.003268863971641167
18.778000,0.0016416793285394249,0.003268863971641167
18.780000,0.0016416793285394249,0.003268863971641167
18.782000,0.0016416793285394249,0.003268863971641167
18.784000,0.0016416793285394249,0.003268863971641167
18.786000,0.0016416793285394249,0.003268863971641167
18.788000,0.0016416793285394249,0.003268863971641167
18.790000,0.0016416793285394249,0.003268863971641167
18.792000,0.0016416793285394249,0.003268863971641167
18.794000,0.0016416793285394249,-0.0018269294185202511
18.796000,0.0016416793285394249,0.003268863971641167
18.798000,0.0016416793285394249,0.003268863971641167
18.800000,0.0016416793285394249,0.003268863971641167
18.802000,0.0016416793285394249,-0.0018269294185202511
18.804000,0.0016416793285394249,-0.0018269294185202511
18.806000,0.0016416793285394249,0.003268863971641167
18.808000,0.0016416793285394249,0.003268863971641167
18.810000,0.0016416793285394249,0.003268863971641167
18.812000,0.0016416793285394249,0.003268863971641167
18.814000,-0.0034483407048870873,0.003268863971641167
18.816000,0.0016416793285394249,-0.0018269294185202511
18.818000,0.0016416793285394249,-0.0018269294185202511
18.820000,0.0016416793285394249,0.003268863971641167
18.822000,0.0016416793285394249,0.003268863971641167
18.824000,0.0016416793285394249,0.003268863971641167
18.826000,0.0016416793285394249,-0.0018269294185202511
18.828000,0.0016416793285394249,0.003268863971641167
18.830000,0.0016416793285394249,0.003268863971641167
18.832000,0.0016416793285394249,0.003268863971641167
18.834000,0.0016416793285394249,-0.0018269294185202511
18.836000,0.0016416793285394249,0.003268863971641167
18.838000,0.0016416793285394249,0.003268863971641167
18.840000,0.0016416793285394249,0.003268863971641167
18.842000,0.0016416793285394249,-0.0018269294185202511
18.844000,0.0016416793285394249,0.003268863971641167
18.846000,0.0016416793285394249,0.003268863971641167
18.848000,0.0016416793285394249,0.003268863971641167
18.850000,0.0016416793285394249,-0.0018269294185202511
18.852000,0.0016416793285394249,0.003268863971641167
18.854000,0.0016416793285394249,0.003268863971641167
18.856000,0.0016416793285394249,0.003268863971641167
18.858000,0.0016416793285394249,0.003268863971641167
18.860000,0.0016416793285394249,0.003268863971641167
18.862000,0.0016416793285394249,0.003268863971641167
18.864000,0.0016416793285394249,0.003268863971641167
18.866000,0.0016416793285394249,0.003268863971641167
18.868000,0.0016416793285394249,0.003268863971641167
18.870000,0.0016416793285394249,0.003268863971641167
18.872000,0.0016416793285394249,-0.0018269294185202511
18.874000,0.0016416793285394249,0.003268863971641167
18.876000,0.0016416793285394249,0.003268863971641167
18.878000,0.0016416793285394249,0.003268863971641167
18.880000,0.0016416793285394249,0.003268863971641167
18.882000,0.0016416793285394249,0.003268863971641167
18.884000,0.0016416793285394249,0.003268863971641167
18.886000,0.0016416793285394249,0.003268863971641167
18.888000,0.0016416793285394249,0.003268863971641167
18.890000,0.0016416793285394249,0.003268863971641167
18.892000,0.0016416793285394249,0.003268863971641167
18.894000,0.0016416793285394249,-0.0018269294185202511
18.896000,0.0016416793285394249,0.003268863971641167
18.898000,0.0016416793285394249,0.003268863971641167
18.900000,0.0016416793285394249,-0.0018269294185202511
18.902000,0.0016416793285394249,0.003268863971641167
18.904000,0.0016416793285394249,0.003268863971641167
18.906000,0.0016416793285394249,0.003268863971641167
18.908000,0.0016416793285394249,-0.0018269294185202511
18.910000,0.0016416793285394249,0.003268863971641167
18.912000,0.0016416793285394249,0.003268863971641167
18.914000,-0.0034483407048870873,0.003268863971641167
18.916000,0.0016416793285394249,-0.0018269294185202511
18.918000,0.0016416793285394249,0.003268863971641167
18.920000,0.0016416793285394249,-0.0018269294185202511
18.922000,0.0016416793285394249,0.003268863971641167
18.924000,0.0016416793285394249,-0.0018269294185202511
18.926000,0.0016416793285394249,-0.0018269294185202511
18.928000,0.0016416793285394249,-0.0018269294185202511
18.930000,0.0016416793285394249,0.003268863971641167
18.932000,0.0016416793285394249,-0.0018269294185202511
18.934000,0.0016416793285394249,0.003268863971641167
18.936000,0.0016416793285394249,0.003268863971641167
18.938000,0.0016416793285394249,0.003268863971641167
18.940000,0.0016416793285394249,0.003268863971641167
18.942000,0.0016416793285394249,0.003268863971641167
18.944000,0.0016416793285394249,0.003268863971641167
18.946000,0.0016416793285394249,-0.0018269294185202511
18.948000,0.0016416793285394249,0.003268863971641167
18.950000,0.0016416793285394249,-0.0018269294185202511
18.952000,0.0016416793285394249,0.003268863971641167
18.954000,0.0016416793285394249,0.003268863971641167
18.956000,0.0016416793285394249,0.003268863971641167
18.958000,0.0016416793285394249,0.003268863971641167
18.960000,0.0016416793285394249,0.003268863971641167
18.962000,0.0016416793285394249,0.003268863971641167
18.964000,0.0016416793285394249,0.003268863971641167
18.966000,0.0016416793285394249,0.003268863971641167
18.968000,0.0016416793285394249,-0.0018269294185202511
18.970000,0.0016416793285394249,0.003268863971641167
18.972000,0.0016416793285394249,0.003268863971641167
18.974000,0.0016416793285394249,0.003268863971641167
18.976000,0.0016416793285394249,0.003268863971641167
18.978000,0.0016416793285394249,0.003268863971641167
18.980000,0.0016416793285394249,0.003268863971641167
18.982000,0.0016416793285394249,-0.0018269294185202511
18.984000,0.0016416793285394249,0.003268863971641167
18.986000,0.0016416793285394249,0.003268863971641167
18.988000,0.0016416793285394249,0.003268863971641167
18.990000,0.0016416793285394249,-0.0018269294185202511
18.992000,0.0016416793285394249,0.003268863971641167
18.994000,0.0016416793285394249,0.003268863971641167
18.996000,0.0016416793285394249,0.003268863971641167
18.998000,0.0016416793285394249,0.003268863971641167
19.000000,0.0016416793285394249,0.003268863971641167
19.002000,0.0016416793285394249,0.003268863971641167
19.004000,0.0016416793285394249,0.003268863971641167
19.006000,0.0016416793285394249,0.003268863971641167
19.008000,0.0016416793285394249,0.003268863971641167
19.010000,0.0016416793285394249,0.003268863971641167
19.012000,0.0016416793285394249,0.003268863971641167
19.014000,0.0016416793285394249,0.003268863971641167
19.016000,0.0016416793285394249,-0.0018269294185202511
19.018000,0.0016416793285394249,0.003268863971641167
19.020000,0.0016416793285394249,0.003268863971641167
19.022000,0.0016416793285394249,0.003268863971641167
19.024000,0.0016416793285394249,-0.0018269294185202511
19.026000,0.0016416793285394249,-0.0018269294185202511
19.028000,0.0016416793285394249,0.003268863971641167
19.030000,0.0016416793285394249,0.003268863971641167
19.032000,0.0016416793285394249,0.003268863971641167
19.034000,0.0016416793285394249,0.003268863971641167
19.036000,0.0016416793285394249,0.003268863971641167
19.038000,0.0016416793285394249,0.003268863971641167
19.040000,0.0016416793285394249,0.003268863971641167
19.042000,0.0016416793285394249,0.003268863971641167
19.044000,0.0016416793285394249,0.003268863971641167
19.046000,0.0016416793285394249,0.003268863971641167
19.048000,0.0016416793285394249,-0.0018269294185202511
19.050000,0.0016416793285394249,-0.0018269294185202511
19.052000,0.0016416793285394249,0.003268863971641167
19.054000,0.0016416793285394249,0.003268863971641167
19.056000,0.0016416793285394249,0.003268863971641167
19.058000,0.0016416793285394249,0.003268863971641167
19.060000,0.0016416793285394249,-0.0018269294185202511
19.062000,0.0016416793285394249,0.003268863971641167
19.064000,0.0016416793285394249,0.003268863971641167
19.066000,0.0016416793285394249,0.003268863971641167
19.068000,0.0016416793285394249,0.003268863971641167
19.070000,0.0016416793285394249,0.003268863971641167
19.072000,0.0016416793285394249,0.003268863971641167
19.074000,0.0016416793285394249,0.003268863971641167
19.076000,0.0016416793285394249,-0.0018269294185202511
19.078000,0.0016416793285394249,0.003268863971641167
19.080000,0.0016416793285394249,-0.0018269294185202511
19.082000,0.0016416793285394249,0.003268863971641167
19.084000,0.0016416793285394249,0.003268863971641167
19.086000,0.0016416793285394249,0.003268863971641167
19.088000,0.0016416793285394249,0.003268863971641167
19.090000,0.0016416793285394249,0.003268863971641167
19.092000,0.0016416793285394249,-0.0018269294185202511
19.094000,0.0016416793285394249,0.003268863971641167
19.096000,0.0016416793285394249,0.003268863971641167
19.098000,0.0016416793285394249,0.003268863971641167
19.100000,0.0016416793285394249,0.003268863971641167
19.102000,0.0016416793285394249,-0.0018269294185202511
19.104000,0.0016416793285394249,0.003268863971641167
19.106000,0.0016416793285394249,0.003268863971641167
19.108000,0.0016416793285394249,-0.0018269294185202511
19.110000,0.0016416793285394249,-0.0018269294185202511
19.112000,0.0016416793285394249,-0.0018269294185202511
19.114000,0.0016416793285394249,0.003268863971641167
19.116000,0.0016416793285394249,0.003268863971641167
19.118000,0.0016416793285394249,-0.0018269294185202511
19.120000,0.0016416793285394249,-0.0018269294185202511
19.122000,0.0016416793285394249,0.003268863971641167
19.124000,0.0016416793285394249,0.003268863971641167
19.126000,0.0016416793285394249,0.003268863971641167
19.128000,0.0016416793285394249,0.003268863971641167
19.130000,0.0016416793285394249,0.003268863971641167
19.132000,0.0016416793285394249,0.003268863971641167
19.134000,0.0016416793285394249,0.003268863971641167
19.136000,0.0016416793285394249,-0.0018269294185202511
19.138000,0.0016416793285394249,0.003268863971641167
19.140000,0.0016416793285394249,0.003268863971641167
19.142000,0.0016416793285394249,0.003268863971641167
19.144000,0.0016416793285394249,0.003268863971641167
19.146000,0.0016416793285394249,0.003268863971641167
19.148000,0.0016416793285394249,0.003268863971641167
19.150000,0.0016416793285394249,0.003268863971641167
19.152000,0.0016416793285394249,0.003268863971641167
19.154000,0.0016416793285394249,-0.0018269294185202511
19.156000,0.0016416793285394249,0.003268863971641167
19.158000,0.0016416793285394249,0.003268863971641167
19.160000,0.0016416793285394249,0.003268863971641167
19.162000,0.0016416793285394249,-0.0018269294185202511
19.164000,0.0016416793285394249,0.003268863971641167
19.166000,0.0016416793285394249,-0.0018269294185202511
19.168000,0.0016416793285394249,0.003268863971641167
19.170000,0.0016416793285394249,0.003268863971641167
19.172000,0.0016416793285394249,0.003268863971641167
19.174000,0.0016416793285394249,0.003268863971641167
19.176000,0.0016416793285394249,0.003268863971641167
19.178000,0.0016416793285394249,0.003268863971641167
19.180000,0.0016416793285394249,-0.0018269294185202511
19.182000,0.0016416793285394249,0.003268863971641167
19.184000,0.0016416793285394249,0.003268863971641167
19.186000,0.0016416793285394249,0.003268863971641167
19.188000,0.0016416793285394249,0.003268863971641167
19.190000,0.0016416793285394249,0.003268863971641167
19.192000,0.0016416793285394249,-0.0018269294185202511
19.194000,0.0016416793285394249,-0.0018269294185202511
19.196000,0.0016416793285394249,0.003268863971641167
19.198000,0.0016416793285394249,0.003268863971641167
19.200000,0.0016416793285394249,0.003268863971641167
19.202000,0.0016416793285394249,0.003268863971641167
19.204000,0.0016416793285394249,0.003268863971641167
19.206000,0.0016416793285394249,0.003268863971641167
19.208000,0.0016416793285394249,0.003268863971641167
19.210000,0.0016416793285394249,-0.0018269294185202511
19.212000,0.0016416793285394249,0.003268863971641167
19.214000,0.0016416793285394249,0.003268863971641167
19.216000,0.0016416793285394249,-0.0018269294185202511
19.218000,0.0016416793285394249,0.003268863971641167
19.220000,0.0016416793285394249,0.003268863971641167
19.222000,0.0016416793285394249,0.003268863971641167
19.224000,0.0016416793285394249,0.003268863971641167
19.226000,0.0016416793285394249,0.003268863971641167
19.228000,0.0016416793285394249,0.003268863971641167
19.230000,0.0016416793285394249,0.003268863971641167
19.232000,0.0016416793285394249,-0.0018269294185202511
19.234000,0.0016416793285394249,0.003268863971641167
19.236000,0.0016416793285394249,0.003268863971641167
19.238000,0.0016416793285394249,-0.0018269294185202511
19.240000,0.0016416793285394249,-0.0018269294185202511
19.242000,0.0016416793285394249,0.003268863971641167
19.244000,0.0016416793285394249,0.003268863971641167
19.246000,0.0016416793285394249,0.003268863971641167
19.248000,0.0016416793285394249,0.003268863971641167
19.250000,0.0016416793285394249,0.003268863971641167
19.252000,0.0016416793285394249,-0.0018269294185202511
19.254000,0.0016416793285394249,-0.0018269294185202511
19.256000,0.0016416793285394249,-0.0018269294185202511
19.258000,0.0016416793285394249,-0.0018269294185202511
19.260000,0.0016416793285394249,0.003268863971641167
19.262000,0.0016416793285394249,0.003268863971641167
19.264000,0.0016416793285394249,-0.0018269294185202511
19.266000,0.0016416793285394249,0.003268863971641167
19.268000,0.0016416793285394249,0.003268863971641167
19.270000,0.0016416793285394249,0.003268863971641167
19.272000,0.0016416793285394249,0.003268863971641167
19.274000,0.0016416793285394249,0.003268863971641167
19.276000,0.0016416793285394249,0.003268863971641167
19.278000,0.0016416793285394249,0.003268863971641167
19.280000,0.0016416793285394249,0.003268863971641167
19.282000,0.0016416793285394249,0.003268863971641167
19.284000,0.0016416793285394249,0.003268863971641167
19.286000,0.0016416793285394249,0.003268863971641167
19.288000,0.0016416793285394249,-0.0018269294185202511
19.290000,0.0016416793285394249,0.003268863971641167
19.292000,0.0016416793285394249,0.003268863971641167
19.294000,0.0016416793285394249,0.003268863971641167
19.296000,0.0016416793285394249,0.003268863971641167
19.298000,0.0016416793285394249,0.003268863971641167
19.300000,0.0016416793285394249,0.003268863971641167
19.302000,0.0016416793285394249,0.003268863971641167
19.304000,0.0016416793285394249,0.003268863971641167
19.306000,0.0016416793285394249,0.003268863971641167
19.308000,0.0016416793285394249,0.003268863971641167
19.310000,0.0016416793285394249,0.003268863971641167
19.312000,0.0016416793285394249,0.003268863971641167
19.314000,0.0016416793285394249,0.003268863971641167
19.316000,0.0016416793285394249,0.003268863971641167
19.318000,0.0016416793285394249,0.003268863971641167
19.320000,0.0016416793285394249,0.003268863971641167
19.322000,0.0016416793285394249,-0.0018269294185202511
19.324000,0.0016416793285394249,0.003268863971641167
19.326000,0.0016416793285394249,0.003268863971641167
19.328000,0.0016416793285394249,0.003268863971641167
19.330000,0.0016416793285394249,0.003268863971641167
19.332000,0.0016416793285394249,0.003268863971641167
19.334000,0.0016416793285394249,0.003268863971641167
19.336000,0.0016416793285394249,0.003268863971641167
19.338000,0.0016416793285394249,0.003268863971641167
19.340000,0.0016416793285394249,-0.0018269294185202511
19.342000,0.0016416793285394249,0.003268863971641167
19.344000,0.0016416793285394249,0.003268863971641167
19.346000,0.0016416793285394249,-0.0018269294185202511
19.348000,0.0016416793285394249,0.003268863971641167
19.350000,0.0016416793285394249,0.003268863971641167
19.352000,0.0016416793285394249,0.003268863971641167
19.354000,0.0016416793285394249,0.003268863971641167
19.356000,0.0016416793285394249,-0.0018269294185202511
19.358000,0.0016416793285394249,0.003268863971641167
19.360000,0.0016416793285394249,0.003268863971641167
19.362000,0.0016416793285394249,0.003268863971641167
19.364000,0.0016416793285394249,0.003268863971641167
19.366000,0.0016416793285394249,-0.0018269294185202511
19.368000,0.0016416793285394249,0.003268863971641167
19.370000,0.0016416793285394249,0.003268863971641167
19.372000,0.0016416793285394249,-0.0018269294185202511
19.374000,0.0016416793285394249,0.003268863971641167
19.376000,0.0016416793285394249,0.003268863971641167
19.378000,0.0016416793285394249,0.003268863971641167
19.380000,0.0016416793285394249,-0.0018269294185202511
19.382000,0.0016416793285394249,0.003268863971641167
19.384000,0.0016416793285394249,0.003268863971641167
19.386000,0.0016416793285394249,0.003268863971641167
19.388000,0.0016416793285394249,0.003268863971641167
19.390000,0.0016416793285394249,0.003268863971641167
19.392000,0.0016416793285394249,-0.0018269294185202511
19.394000,0.0016416793285394249,0.003268863971641167
19.396000,0.0016416793285394249,0.003268863971641167
19.398000,0.0016416793285394249,0.003268863971641167
19.400000,0.0016416793285394249,0.003268863971641167
19.402000,0.0016416793285394249,0.003268863971641167
19.404000,0.0016416793285394249,0.003268863971641167
19.406000,0.0016416793285394249,-0.0018269294185202511
19.408000,0.0016416793285394249,-0.0018269294185202511
19.410000,0.0016416793285394249,0.003268863971641167
19.412000,0.0016416793285394249,-0.0018269294185202511
19.414000,0.0016416793285394249,0.003268863971641167
19.416000,0.0016416793285394249,0.003268863971641167
19.418000,0.0016416793285394249,0.003268863971641167
19.420000,0.0016416793285394249,0.003268863971641167
19.422000,0.0016416793285394249,0.003268863971641167
19.424000,0.0016416793285394249,0.003268863971641167
19.426000,0.0016416793285394249,-0.0018269294185202511
19.428000,0.0016416793285394249,-0.0018269294185202511
19.430000,0.0016416793285394249,0.003268863971641167
19.432000,0.0016416793285394249,0.003268863971641167
19.434000,0.0016416793285394249,-0.0018269294185202511
19.436000,0.0016416793285394249,0.003268863971641167
19.438000,0.0016416793285394249,0.003268863971641167
19.440000,0.0016416793285394249,0.003268863971641167
19.442000,0.0016416793285394249,0.003268863971641167
19.444000,0.0016416793285394249,0.003268863971641167
19.446000,0.0016416793285394249,0.003268863971641167
19.448000,0.0016416793285394249,-0.0018269294185202511
19.450000,0.0016416793285394249,0.003268863971641167
19.452000,0.0016416793285394249,0.003268863971641167
19.454000,0.0016416793285394249,-0.0018269294185202511
19.456000,0.0016416793285394249,-0.0018269294185202511
19.458000,0.0016416793285394249,0.003268863971641167
19.460000,0.0016416793285394249,0.003268863971641167
19.462000,0.0016416793285394249,-0.0018269294185202511
19.464000,0.0016416793285394249,0.003268863971641167
19.466000,0.0016416793285394249,-0.0018269294185202511
19.468000,0.0016416793285394249,0.003268863971641167
19.470000,0.0016416793285394249,0.003268863971641167
19.472000,0.0016416793285394249,0.003268863971641167
19.474000,0.0016416793285394249,0.003268863971641167
19.476000,0.0016416793285394249,0.003268863971641167
19.478000,0.0016416793285394249,0.003268863971641167
19.480000,0.0016416793285394249,-0.0018269294185202511
19.482000,0.0016416793285394249,0.003268863971641167
19.484000,0.0016416793285394249,0.003268863971641167
19.486000,0.0016416793285394249,-0.0018269294185202511
19.488000,0.0016416793285394249,0.003268863971641167
19.490000,0.0016416793285394249,0.003268863971641167
19.492000,0.0016416793285394249,0.003268863971641167
19.494000,0.0016416793285394249,0.003268863971641167
19.496000,0.0016416793285394249,0.003268863971641167
19.498000,0.0016416793285394249,0.003268863971641167
19.500000,0.0016416793285394249,0.003268863971641167
19.502000,0.0016416793285394249,0.003268863971641167
19.504000,0.0016416793285394249,0.003268863971641167
19.506000,0.0016416793285394249,-0.0018269294185202511
19.508000,0.0016416793285394249,0.003268863971641167
19.510000,0.0016416793285394249,0.003268863971641167
19.512000,0.0016416793285394249,-0.0018269294185202511
19.514000,0.0016416793285394249,0.003268863971641167
19.516000,0.0016416793285394249,0.003268863971641167
19.518000,0.0016416793285394249,0.003268863971641167
19.520000,0.0016416793285394249,0.003268863971641167
19.522000,0.0016416793285394249,0.003268863971641167
19.524000,0.0016416793285394249,0.003268863971641167
19.526000,0.0016416793285394249,0.003268863971641167
19.528000,0.0016416793285394249,-0.0018269294185202511
19.530000,0.0016416793285394249,-0.0018269294185202511
19.532000,0.0016416793285394249,0.003268863971641167
19.534000,0.0016416793285394249,0.003268863971641167
19.536000,0.0016416793285394249,-0.0018269294185202511
19.538000,0.0016416793285394249,-0.0018269294185202511
19.540000,0.0016416793285394249,-0.0018269294185202511
19.542000,0.0016416793285394249,0.003268863971641167
19.544000,0.0016416793285394249,0.003268863971641167
19.546000,0.0016416793285394249,0.003268863971641167
19.548000,0.0016416793285394249,0.003268863971641167
19.550000,0.0016416793285394249,0.003268863971641167
19.552000,0.0016416793285394249,-0.0018269294185202511
19.554000,0.0016416793285394249,0.003268863971641167
19.556000,0.0016416793285394249,0.003268863971641167
19.558000,0.0016416793285394249,0.003268863971641167
19.560000,0.0016416793285394249,-0.0018269294185202511
19.562000,0.0016416793285394249,-0.0018269294185202511
19.564000,0.0016416793285394249,0.003268863971641167
19.566000,0.0016416793285394249,0.003268863971641167
19.568000,0.0016416793285394249,0.003268863971641167
19.570000,0.0016416793285394249,0.003268863971641167
19.572000,0.0016416793285394249,0.003268863971641167
19.574000,0.0016416793285394249,0.003268863971641167
19.576000,0.0016416793285394249,0.003268863971641167
19.578000,0.0016416793285394249,0.003268863971641167
19.580000,0.0016416793285394249,-0.0018269294185202511
19.582000,0.0016416793285394249,-0.0018269294185202511
19.584000,0.0016416793285394249,-0.0018269294185202511
19.586000,0.0016416793285394249,-0.0018269294185202511
19.588000,0.0016416793285394249,0.003268863971641167
19.590000,0.0016416793285394249,0.003268863971641167
19.592000,0.0016416793285394249,-0.0018269294185202511
19.594000,0.0016416793285394249,0.003268863971641167
19.596000,0.0016416793285394249,0.003268863971641167
19.598000,0.0016416793285394249,0.003268863971641167
19.600000,0.0016416793285394249,0.003268863971641167
19.602000,0.0016416793285394249,-0.0018269294185202511
19.604000,0.0016416793285394249,0.003268863971641167
19.606000,0.0016416793285394249,0.003268863971641167
19.608000,0.0016416793285394249,0.003268863971641167
19.610000,0.0016416793285394249,0.003268863971641167
19.612000,0.0016416793285394249,0.003268863971641167
19.614000,0.0016416793285394249,-0.0018269294185202511
19.616000,0.0016416793285394249,0.003268863971641167
19.618000,0.0016416793285394249,-0.0018269294185202511
19.620000,0.0016416793285394249,0.003268863971641167
19.622000,0.0016416793285394249,-0.0018269294185202511
19.624000,0.0016416793285394249,0.003268863971641167
19.626000,0.0016416793285394249,-0.0018269294185202511
19.628000,0.0016416793285394249,-0.0018269294185202511
19.630000,0.0016416793285394249,0.003268863971641167
19.632000,0.0016416793285394249,0.003268863971641167
19.634000,0.0016416793285394249,0.003268863971641167
19.636000,0.0016416793285394249,0.003268863971641167
19.638000,0.0016416793285394249,0.003268863971641167
19.640000,0.0016416793285394249,0.003268863971641167
19.642000,0.0016416793285394249,-0.0018269294185202511
19.644000,0.0016416793285394249,0.003268863971641167
19.646000,0.0016416793285394249,0.003268863971641167
19.648000,0.0016416793285394249,0.003268863971641167
19.650000,0.0016416793285394249,0.003268863971641167
19.652000,0.0016416793285394249,0.003268863971641167
19.654000,0.0016416793285394249,0.003268863971641167
19.656000,0.0016416793285394249,0.003268863971641167
19.658000,0.0016416793285394249,-0.0018269294185202511
19.660000,0.0016416793285394249,0.003268863971641167
19.662000,0.0016416793285394249,0.003268863971641167
19.664000,0.0016416793285394249,0.003268863971641167
19.666000,0.0016416793285394249,0.003268863971641167
19.668000,0.006731699361965937,0.003268863971641167
19.670000,0.0016416793285394249,0.003268863971641167
19.672000,0.0016416793285394249,0.003268863971641167
19.674000,0.0016416793285394249,0.003268863971641167
19.676000,0.0016416793285394249,0.003268863971641167
19.678000,0.0016416793285394249,0.003268863971641167
19.680000,0.0016416793285394249,0.003268863971641167
19.682000,0.0016416793285394249,0.003268863971641167
19.684000,0.0016416793285394249,0.003268863971641167
19.686000,0.0016416793285394249,0.003268863971641167
19.688000,0.0016416793285394249,0.003268863971641167
19.690000,0.0016416793285394249,-0.0018269294185202511
19.692000,0.0016416793285394249,0.003268863971641167
19.694000,0.0016416793285394249,0.003268863971641167
19.696000,0.0016416793285394249,0.003268863971641167
19.698000,0.0016416793285394249,0.003268863971641167
19.700000,0.0016416793285394249,0.003268863971641167
19.702000,0.0016416793285394249,-0.0018269294185202511
19.704000,0.0016416793285394249,0.003268863971641167
19.706000,0.0016416793285394249,-0.0018269294185202511
19.708000,0.0016416793285394249,0.003268863971641167
19.710000,0.0016416793285394249,0.003268863971641167
19.712000,0.0016416793285394249,0.003268863971641167
19.714000,0.0016416793285394249,-0.0018269294185202511
19.716000,0.0016416793285394249,0.003268863971641167
19.718000,0.0016416793285394249,0.003268863971641167
19.720000,0.0016416793285394249,-0.0018269294185202511
19.722000,0.0016416793285394249,-0.0018269294185202511
19.724000,0.0016416793285394249,0.003268863971641167
19.726000,0.0016416793285394249,0.003268863971641167
19.728000,0.0016416793285394249,0.003268863971641167
19.730000,0.0016416793285394249,-0.0018269294185202511
19.732000,0.0016416793285394249,0.003268863971641167
19.734000,0.0016416793285394249,-0.0018269294185202511
19.736000,0.0016416793285394249,-0.0018269294185202511
19.738000,0.0016416793285394249,-0.0018269294185202511
19.740000,0.0016416793285394249,-0.0018269294185202511
19.742000,0.0016416793285394249,0.003268863971641167
19.744000,0.0016416793285394249,0.003268863971641167
19.746000,0.0016416793285394249,0.003268863971641167
19.748000,0.0016416793285394249,0.003268863971641167
19.750000,0.0016416793285394249,-0.0018269294185202511
19.752000,0.0016416793285394249,0.003268863971641167
19.754000,0.0016416793285394249,0.003268863971641167
19.756000,0.0016416793285394249,0.003268863971641167
19.758000,0.0016416793285394249,0.003268863971641167
19.760000,0.0016416793285394249,-0.0018269294185202511
19.762000,0.0016416793285394249,0.003268863971641167
19.764000,0.0016416793285394249,0.003268863971641167
19.766000,0.0016416793285394249,0.003268863971641167
19.768000,0.0016416793285394249,0.003268863971641167
19.770000,0.0016416793285394249,-0.0018269294185202511
19.772000,0.0016416793285394249,0.003268863971641167
19.774000,0.0016416793285394249,-0.0018269294185202511
19.776000,0.0016416793285394249,-0.0018269294185202511
19.778000,0.0016416793285394249,0.003268863971641167
19.780000,0.0016416793285394249,-0.0018269294185202511
19.782000,0.0016416793285394249,-0.0018269294185202511
19.784000,0.0016416793285394249,0.003268863971641167
19.786000,0.0016416793285394249,0.003268863971641167
19.788000,0.0016416793285394249,-0.0018269294185202511
19.790000,0.0016416793285394249,0.003268863971641167
19.792000,0.0016416793285394249,-0.0018269294185202511
19.794000,0.0016416793285394249,0.003268863971641167
19.796000,0.0016416793285394249,0.003268863971641167
19.798000,0.0016416793285394249,0.003268863971641167
19.800000,0.0016416793285394249,0.003268863971641167
19.802000,0.0016416793285394249,0.003268863971641167
19.804000,0.0016416793285394249,0.003268863971641167
19.806000,0.0016416793285394249,-0.0018269294185202511
19.808000,0.0016416793285394249,0.003268863971641167
19.810000,0.0016416793285394249,0.003268863971641167
19.812000,0.0016416793285394249,0.003268863971641167
19.814000,0.0016416793285394249,-0.0018269294185202511
19.816000,0.006731699361965937,0.003268863971641167
19.818000,0.0016416793285394249,0.003268863971641167
19.820000,0.006731699361965937,-0.0018269294185202511
19.822000,0.0016416793285394249,-0.0018269294185202511
19.824000,0.0016416793285394249,0.003268863971641167
19.826000,0.0016416793285394249,0.003268863971641167
19.828000,0.0016416793285394249,0.003268863971641167
19.830000,0.0016416793285394249,0.003268863971641167
19.832000,0.0016416793285394249,0.003268863971641167
19.834000,0.006731699361965937,-0.0018269294185202511
19.836000,0.0016416793285394249,0.003268863971641167
19.838000,0.0016416793285394249,0.003268863971641167
19.840000,0.0016416793285394249,0.003268863971641167
19.842000,0.0016416793285394249,-0.0018269294185202511
19.844000,0.0016416793285394249,0.003268863971641167
19.846000,0.0016416793285394249,0.003268863971641167
19.848000,0.006731699361965937,0.003268863971641167
19.850000,0.0016416793285394249,-0.0018269294185202511
19.852000,0.0016416793285394249,0.003268863971641167
19.854000,0.0016416793285394249,0.003268863971641167
19.856000,0.0016416793285394249,0.003268863971641167
19.858000,0.006731699361965937,-0.0018269294185202511
19.860000,0.006731699361965937,-0.0018269294185202511
19.862000,0.0016416793285394249,0.003268863971641167
19.864000,0.0016416793285394249,0.003268863971641167
19.866000,0.0016416793285394249,0.003268863971641167
19.868000,0.006731699361965937,0.003268863971641167
19.870000,0.0016416793285394249,0.003268863971641167
19.872000,0.006731699361965937,0.003268863971641167
19.874000,0.0016416793285394249,-0.0018269294185202511
19.876000,0.006731699361965937,-0.0018269294185202511
19.878000,0.006731699361965937,0.003268863971641167
19.880000,0.006731699361965937,0.003268863971641167
19.882000,0.0016416793285394249,0.003268863971641167
19.884000,0.0016416793285394249,0.003268863971641167
19.886000,0.0016416793285394249,0.003268863971641167
19.888000,0.0016416793285394249,-0.0018269294185202511
19.890000,0.006731699361965937,0.003268863971641167
19.892000,0.0016416793285394249,0.003268863971641167
19.894000,0.006731699361965937,-0.0018269294185202511
19.896000,0.0016416793285394249,0.003268863971641167
19.898000,0.0016416793285394249,0.003268863971641167
19.900000,0.006731699361965937,0.003268863971641167
19.902000,0.0016416793285394249,-0.0018269294185202511
19.904000,0.0016416793285394249,0.003268863971641167
19.906000,0.006731699361965937,0.003268863971641167
19.908000,0.006731699361965937,0.003268863971641167
19.910000,0.0016416793285394249,-0.0018269294185202511
19.912000,0.006731699361965937,-0.0018269294185202511
19.914000,0.006731699361965937,0.003268863971641167
19.916000,0.006731699361965937,0.003268863971641167
19.918000,0.006731699361965937,0.003268863971641167
19.920000,0.006731699361965937,0.003268863971641167
19.922000,0.006731699361965937,-0.0018269294185202511
19.924000,0.006731699361965937,0.003268863971641167
19.926000,0.0016416793285394249,0.003268863971641167
19.928000,0.006731699361965937,-0.0018269294185202511
19.930000,0.006731699361965937,-0.0018269294185202511
19.932000,0.006731699361965937,0.003268863971641167
19.934000,0.006731699361965937,-0.0018269294185202511
19.936000,0.006731699361965937,0.003268863971641167
19.938000,0.006731699361965937,0.003268863971641167
19.940000,0.006731699361965937,0.003268863971641167
19.942000,0.006731699361965937,-0.0018269294185202511
19.944000,0.006731699361965937,0.003268863971641167
19.946000,0.006731699361965937,-0.0018269294185202511
19.948000,0.006731699361965937,0.003268863971641167
19.950000,0.006731699361965937,-0.0018269294185202511
19.952000,0.006731699361965937,0.003268863971641167
19.954000,0.006731699361965937,-0.0018269294185202511
19.956000,0.006731699361965937,0.003268863971641167
19.958000,0.006731699361965937,-0.0018269294185202511
19.960000,0.006731699361965937,-0.0018269294185202511
19.962000,0.006731699361965937,0.003268863971641167
19.964000,0.006731699361965937,0.003268863971641167
19.966000,0.006731699361965937,0.003268863971641167
19.968000,0.006731699361965937,0.003268863971641167
19.970000,0.006731699361965937,0.003268863971641167
19.972000,0.006731699361965937,-0.0018269294185202511
19.974000,0.006731699361965937,0.003268863971641167
19.976000,0.006731699361965937,0.003268863971641167
19.978000,0.006731699361965937,0.003268863971641167
19.980000,0.006731699361965937,0.003268863971641167
19.982000,0.006731699361965937,0.003268863971641167
19.984000,0.006731699361965937,0.003268863971641167
19.986000,0.006731699361965937,-0.0018269294185202511
19.988000,0.006731699361965937,0.003268863971641167
19.990000,0.006731699361965937,0.003268863971641167
19.992000,0.006731699361965937,-0.0018269294185202511
19.994000,0.006731699361965937,-0.0018269294185202511
19.996000,0.006731699361965937,0.003268863971641167
19.998000,0.006731699361965937,0.003268863971641167
20.000000,0.006731699361965937,0.003268863971641167
20.002000,0.006731699361965937,0.003268863971641167
20.004000,0.006731699361965937,0.003268863971641167
20.006000,0.006731699361965937,0.003268863971641167
20.008000,0.006731699361965937,0.003268863971641167
20.010000,0.006731699361965937,0.003268863971641167
20.012000,0.006731699361965937,0.003268863971641167
20.014000,0.006731699361965937,0.003268863971641167
20.016000,0.006731699361965937,-0.0018269294185202511
20.018000,0.006731699361965937,-0.0018269294185202511
20.020000,0.006731699361965937,0.003268863971641167
20.022000,0.006731699361965937,0.003268863971641167
20.024000,0.006731699361965937,0.003268863971641167
20.026000,0.006731699361965937,0.003268863971641167
20.028000,0.006731699361965937,0.003268863971641167
20.030000,0.006731699361965937,0.003268863971641167
20.032000,0.006731699361965937,0.003268863971641167
20.034000,0.006731699361965937,0.003268863971641167
20.036000,0.006731699361965937,0.003268863971641167
20.038000,0.006731699361965937,0.003268863971641167
20.040000,0.006731699361965937,0.003268863971641167
20.042000,0.006731699361965937,0.003268863971641167
20.044000,0.006731699361965937,0.003268863971641167
20.046000,0.006731699361965937,-0.0018269294185202511
20.048000,0.006731699361965937,0.003268863971641167
20.050000,0.006731699361965937,0.003268863971641167
20.052000,0.006731699361965937,0.003268863971641167
20.054000,0.006731699361965937,0.003268863971641167
20.056000,0.006731699361965937,-0.0018269294185202511
20.058000,0.006731699361965937,-0.0018269294185202511
20.060000,0.006731699361965937,0.003268863971641167
20.062000,0.006731699361965937,-0.0018269294185202511
20.064000,0.006731699361965937,0.003268863971641167
20.066000,0.006731699361965937,-0.0018269294185202511
20.068000,0.011821719395394226,0.003268863971641167
20.070000,0.006731699361965937,0.003268863971641167
20.072000,0.006731699361965937,0.003268863971641167
20.074000,0.006731699361965937,-0.0018269294185202511
20.076000,0.011821719395394226,0.003268863971641167
20.078000,0.006731699361965937,0.003268863971641167
20.080000,0.006731699361965937,0.003268863971641167
20.082000,0.006731699361965937,0.003268863971641167
20.084000,0.006731699361965937,-0.0018269294185202511
20.086000,0.006731699361965937,0.003268863971641167
20.088000,0.006731699361965937,0.003268863971641167
20.090000,0.006731699361965937,0.003268863971641167
20.092000,0.006731699361965937,-0.0018269294185202511
20.094000,0.006731699361965937,0.003268863971641167
20.096000,0.006731699361965937,0.003268863971641167
20.098000,0.006731699361965937,0.003268863971641167
20.100000,0.011821719395394226,-0.0018269294185202511
20.102000,0.006731699361965937,0.003268863971641167
20.104000,0.006731699361965937,-0.0018269294185202511
20.106000,0.006731699361965937,0.003268863971641167
20.108000,0.006731699361965937,0.003268863971641167
20.110000,0.006731699361965937,0.003268863971641167
20.112000,0.006731699361965937,-0.0018269294185202511
20.114000,0.006731699361965937,-0.0018269294185202511
20.116000,0.011821719395394226,0.003268863971641167
20.118000,0.011821719395394226,0.003268863971641167
20.120000,0.006731699361965937,-0.0018269294185202511
20.122000,0.011821719395394226,0.003268863971641167
20.124000,0.011821719395394226,0.003268863971641167
20.126000,0.011821719395394226,0.003268863971641167
20.128000,0.011821719395394226,0.003268863971641167
20.130000,0.011821719395394226,-0.0018269294185202511
20.132000,0.011821719395394226,-0.0018269294185202511
20.134000,0.011821719395394226,-0.0018269294185202511
20.136000,0.011821719395394226,-0.0018269294185202511
20.138000,0.011821719395394226,-0.0018269294185202511
20.140000,0.011821719395394226,0.003268863971641167
20.142000,0.011821719395394226,0.003268863971641167
20.144000,0.011821719395394226,-0.0018269294185202511
20.146000,0.011821719395394226,0.003268863971641167
20.148000,0.011821719395394226,0.003268863971641167
20.150000,0.011821719395394226,0.003268863971641167
20.152000,0.011821719395394226,0.003268863971641167
20.154000,0.011821719395394226,-0.0018269294185202511
20.156000,0.011821719395394226,0.003268863971641167
20.158000,0.011821719395394226,0.003268863971641167
20.160000,0.011821719395394226,-0.0018269294185202511
20.162000,0.011821719395394226,0.003268863971641167
20.164000,0.011821719395394226,0.003268863971641167
20.166000,0.011821719395394226,-0.0018269294185202511
20.168000,0.011821719395394226,-0.0018269294185202511
20.170000,0.011821719395394226,-0.0018269294185202511
20.172000,0.011821719395394226,0.003268863971641167
20.174000,0.011821719395394226,0.003268863971641167
20.176000,0.011821719395394226,-0.0018269294185202511
20.178000,0.011821719395394226,-0.0018269294185202511
20.180000,0.011821719395394226,-0.0018269294185202511
20.182000,0.011821719395394226,0.003268863971641167
20.184000,0.011821719395394226,0.003268863971641167
20.186000,0.011821719395394226,0.003268863971641167
20.188000,0.011821719395394226,0.003268863971641167
20.190000,0.016911739428820738,0.003268863971641167
20.192000,0.016911739428820738,-0.0018269294185202511
20.194000,0.016911739428820738,0.003268863971641167
20.196000,0.016911739428820738,0.003268863971641167
20.198000,0.016911739428820738,0.003268863971641167
20.200000,0.016911739428820738,0.003268863971641167
20.202000,0.016911739428820738,0.003268863971641167
20.204000,0.016911739428820738,0.003268863971641167
20.206000,0.011821719395394226,0.003268863971641167
20.208000,0.016911739428820738,0.003268863971641167
20.210000,0.016911739428820738,0.003268863971641167
20.212000,0.016911739428820738,-0.0018269294185202511
20.214000,0.011821719395394226,0.003268863971641167
20.216000,0.016911739428820738,0.003268863971641167
20.218000,0.016911739428820738,0.003268863971641167
20.220000,0.016911739428820738,0.003268863971641167
20.222000,0.016911739428820738,0.003268863971641167
20.224000,0.016911739428820738,0.003268863971641167
20.226000,0.016911739428820738,0.003268863971641167
20.228000,0.016911739428820738,0.003268863971641167
20.230000,0.016911739428820738,0.003268863971641167
20.232000,0.016911739428820738,0.003268863971641167
20.234000,0.016911739428820738,0.003268863971641167
20.236000,0.016911739428820738,-0.0018269294185202511
20.238000,0.016911739428820738,0.003268863971641167
20.240000,0.016911739428820738,0.003268863971641167
20.242000,0.016911739428820738,0.003268863971641167
20.244000,0.016911739428820738,0.003268863971641167
20.246000,0.016911739428820738,0.003268863971641167
20.248000,0.016911739428820738,0.003268863971641167
20.250000,0.016911739428820738,-0.0018269294185202511
20.252000,0.016911739428820738,0.003268863971641167
20.254000,0.016911739428820738,0.003268863971641167
20.256000,0.016911739428820738,0.003268863971641167
20.258000,0.016911739428820738,-0.0018269294185202511
20.260000,0.016911739428820738,0.003268863971641167
20.262000,0.016911739428820738,0.003268863971641167
20.264000,0.016911739428820738,0.003268863971641167
20.266000,0.016911739428820738,-0.0018269294185202511
20.268000,0.016911739428820738,0.003268863971641167
20.270000,0.016911739428820738,0.003268863971641167
20.272000,0.016911739428820738,0.003268863971641167
20.274000,0.016911739428820738,0.003268863971641167
20.276000,0.016911739428820738,0.003268863971641167
20.278000,0.016911739428820738,0.003268863971641167
20.280000,0.016911739428820738,0.003268863971641167
20.282000,0.016911739428820738,0.003268863971641167
20.284000,0.016911739428820738,-0.0018269294185202511
20.286000,0.016911739428820738,-0.0018269294185202511
20.288000,0.016911739428820738,0.003268863971641167
20.290000,0.016911739428820738,0.003268863971641167
20.292000,0.02200175946224725,-0.0018269294185202511
20.294000,0.016911739428820738,0.003268863971641167
20.296000,0.016911739428820738,0.003268863971641167
20.298000,0.02200175946224725,0.003268863971641167
20.300000,0.02200175946224725,0.003268863971641167
20.302000,0.02200175946224725,0.003268863971641167
20.304000,0.02200175946224725,0.003268863971641167
20.306000,0.02200175946224725,-0.0018269294185202511
20.308000,0.02200175946224725,0.003268863971641167
20.310000,0.02200175946224725,0.003268863971641167
20.312000,0.02200175946224725,0.003268863971641167
20.314000,0.02200175946224725,0.003268863971641167
20.316000,0.02200175946224725,0.003268863971641167
20.318000,0.02200175946224725,0.003268863971641167
20.320000,0.02200175946224725,-0.0018269294185202511
20.322000,0.02200175946224725,0.003268863971641167
20.324000,0.02200175946224725,0.003268863971641167
20.326000,0.02200175946224725,0.003268863971641167
20.328000,0.02200175946224725,-0.0018269294185202511
20.330000,0.02200175946224725,0.003268863971641167
20.332000,0.02200175946224725,0.003268863971641167
20.334000,0.02200175946224725,0.003268863971641167
20.336000,0.02200175946224725,-0.0018269294185202511
20.338000,0.02200175946224725,-0.0018269294185202511
20.340000,0.02200175946224725,-0.0018269294185202511
20.342000,0.02200175946224725,-0.0018269294185202511
20.344000,0.027091779495673762,-0.0018269294185202511
20.346000,0.027091779495673762,-0.0018269294185202511
20.348000,0.027091779495673762,0.003268863971641167
20.350000,0.02200175946224725,0.003268863971641167
20.352000,0.02200175946224725,0.003268863971641167
20.354000,0.027091779495673762,-0.0018269294185202511
20.356000,0.027091779495673762,-0.0018269294185202511
20.358000,0.027091779495673762,-0.0018269294185202511
20.360000,0.027091779495673762,0.003268863971641167
20.362000,0.027091779495673762,-0.0018269294185202511
20.364000,0.027091779495673762,0.003268863971641167
20.366000,0.027091779495673762,-0.0018269294185202511
20.368000,0.027091779495673762,0.003268863971641167
20.370000,0.027091779495673762,0.003268863971641167
20.372000,0.027091779495673762,-0.0018269294185202511
20.374000,0.027091779495673762,0.003268863971641167
20.376000,0.032181799529100275,0.003268863971641167
20.378000,0.032181799529100275,0.003268863971641167
20.380000,0.032181799529100275,0.003268863971641167
20.382000,0.032181799529100275,0.003268863971641167
20.384000,0.032181799529100275,0.003268863971641167
20.386000,0.032181799529100275,0.003268863971641167
20.388000,0.032181799529100275,0.003268863971641167
20.390000,0.032181799529100275,0.003268863971641167
20.392000,0.03727181956252679,0.003268863971641167
20.394000,0.03727181956252679,-0.0018269294185202511
20.396000,0.03727181956252679,-0.0018269294185202511
20.398000,0.03727181956252679,0.003268863971641167
20.400000,0.0423618395959533,0.003268863971641167
20.402000,0.0423618395959533,-0.0018269294185202511
20.404000,0.0423618395959533,-0.0018269294185202511
20.406000,0.0423618395959533,0.003268863971641167
20.408000,0.0423618395959533,0.003268863971641167
20.410000,0.0423618395959533,-0.0018269294185202511
20.412000,0.04745185962938159,-0.0018269294185202511
20.414000,0.04745185962938159,0.003268863971641167
20.416000,0.0423618395959533,0.003268863971641167
20.418000,0.04745185962938159,0.003268863971641167
20.420000,0.04745185962938159,0.003268863971641167
20.422000,0.04745185962938159,-0.0018269294185202511
20.424000,0.04745185962938159,0.003268863971641167
20.426000,0.04745185962938159,-0.0018269294185202511
20.428000,0.0525418796628081,0.003268863971641167
20.430000,0.0525418796628081,0.003268863971641167
20.432000,0.0525418796628081,0.003268863971641167
20.434000,0.0525418796628081,0.003268863971641167
20.436000,0.0525418796628081,-0.0018269294185202511
20.438000,0.05763189969623461,0.003268863971641167
20.440000,0.05763189969623461,0.003268863971641167
20.442000,0.06272191972966112,0.003268863971641167
20.444000,0.06272191972966112,-0.0018269294185202511
20.446000,0.06272191972966112,-0.0018269294185202511
20.448000,0.06272191972966112,-0.0018269294185202511
20.450000,0.06272191972966112,0.003268863971641167
20.452000,0.06272191972966112,0.003268863971641167
20.454000,0.06272191972966112,0.003268863971641167
20.456000,0.06781193976308764,0.003268863971641167
20.458000,0.06781193976308764,-0.0018269294185202511
20.460000,0.06781193976308764,-0.0018269294185202511
20.462000,0.06781193976308764,0.003268863971641167
20.464000,0.06781193976308764,0.003268863971641167
20.466000,0.07290195979651415,-0.0018269294185202511
20.468000,0.07290195979651415,0.003268863971641167
20.470000,0.07290195979651415,0.003268863971641167
20.472000,0.07290195979651415,-0.0018269294185202511
20.474000,0.07290195979651415,-0.0018269294185202511
20.476000,0.07799197982994244,-0.0018269294185202511
20.478000,0.07799197982994244,0.003268863971641167
20.480000,0.07799197982994244,0.003268863971641167
20.482000,0.07799197982994244,0.003268863971641167
20.484000,0.08308199986336895,-0.0018269294185202511
20.486000,0.08308199986336895,-0.0018269294185202511
20.488000,0.08308199986336895,-0.0018269294185202511
20.490000,0.08308199986336895,0.003268863971641167
20.492000,0.08817201989679546,0.003268863971641167
20.494000,0.08308199986336895,0.003268863971641167
20.496000,0.08817201989679546,0.003268863971641167
20.498000,0.08817201989679546,0.003268863971641167
20.500000,0.08817201989679546,0.003268863971641167
20.502000,0.08817201989679546,0.003268863971641167
20.504000,0.08817201989679546,0.003268863971641167
20.506000,0.08817201989679546,0.003268863971641167
20.508000,0.09326203993022197,0.003268863971641167
20.510000,0.09326203993022197,0.003268863971641167
20.512000,0.09326203993022197,0.003268863971641167
20.514000,0.09835205996364849,-0.0018269294185202511
20.516000,0.09835205996364849,0.003268863971641167
20.518000,0.09835205996364849,-0.0018269294185202511
20.520000,0.09835205996364849,0.003268863971641167
20.522000,0.103442079997075,0.003268863971641167
20.524000,0.103442079997075,0.003268863971641167
20.526000,0.103442079997075,0.003268863971641167
20.528000,0.103442079997075,-0.0018269294185202511
20.530000,0.10853210003050329,0.003268863971641167
20.532000,0.10853210003050329,0.003268863971641167
20.534000,0.10853210003050329,0.003268863971641167
20.536000,0.10853210003050329,0.003268863971641167
20.538000,0.10853210003050329,0.003268863971641167
20.540000,0.1136221200639298,0.003268863971641167
20.542000,0.1136221200639298,0.003268863971641167
20.544000,0.11871214009735631,-0.0018269294185202511
20.546000,0.11871214009735631,0.003268863971641167
20.548000,0.11871214009735631,0.003268863971641167
20.550000,0.11871214009735631,0.003268863971641167
20.552000,0.12380216013078282,-0.0018269294185202511
20.554000,0.12380216013078282,0.003268863971641167
20.556000,0.12380216013078282,0.003268863971641167
20.558000,0.12889218016420934,0.003268863971641167
20.560000,0.12889218016420934,-0.0018269294185202511
20.562000,0.12889218016420934,0.003268863971641167
20.564000,0.13398220019763585,0.003268863971641167
20.566000,0.13398220019763585,-0.0018269294185202511
20.568000,0.13398220019763585,0.003268863971641167
20.570000,0.13907222023106414,0.003268863971641167
20.572000,0.13907222023106414,0.003268863971641167
20.574000,0.14416224026449065,0.003268863971641167
20.576000,0.14416224026449065,0.003268863971641167
20.578000,0.14925226029791716,-0.0018269294185202511
20.580000,0.14925226029791716,0.003268863971641167
20.582000,0.14925226029791716,0.003268863971641167
20.584000,0.15434228033134367,-0.0018269294185202511
20.586000,0.15434228033134367,-0.0018269294185202511
20.588000,0.15943230036477019,-0.0018269294185202511
20.590000,0.15943230036477019,0.003268863971641167
20.592000,0.15943230036477019,-0.0018269294185202511
20.594000,0.1645223203981967,-0.0018269294185202511
20.596000,0.1645223203981967,-0.0018269294185202511
20.598000,0.1696123404316232,0.003268863971641167
20.600000,0.1696123404316232,0.003268863971641167
20.602000,0.1696123404316232,0.003268863971641167
20.604000,0.1747023604650515,0.003268863971641167
20.606000,0.1747023604650515,0.003268863971641167
20.608000,0.1747023604650515,-0.0018269294185202511
20.610000,0.179792380498478,-0.0018269294185202511
20.612000,0.1747023604650515,0.003268863971641167
20.614000,0.179792380498478,0.003268863971641167
20.616000,0.179792380498478,0.003268863971641167
20.618000,0.179792380498478,0.003268863971641167
20.620000,0.18488240053190452,-0.0018269294185202511
20.622000,0.18488240053190452,0.003268863971641167
20.624000,0.18488240053190452,0.003268863971641167
20.626000,0.18488240053190452,0.003268863971641167
20.628000,0.18488240053190452,0.003268863971641167
20.630000,0.18997242056533103,0.003268863971641167
20.632000,0.18488240053190452,0.003268863971641167
20.634000,0.18997242056533103,-0.0018269294185202511
20.636000,0.18997242056533103,-0.0018269294185202511
20.638000,0.18997242056533103,0.003268863971641167
20.640000,0.18997242056533103,-0.0018269294185202511
20.642000,0.18997242056533103,-0.0018269294185202511
20.644000,0.18997242056533103,-0.0018269294185202511
20.646000,0.18997242056533103,-0.0018269294185202511
20.648000,0.18997242056533103,-0.0018269294185202511
20.650000,0.18997242056533103,0.003268863971641167
20.652000,0.18997242056533103,-0.0018269294185202511
20.654000,0.18997242056533103,0.003268863971641167
20.656000,0.19506244059875755,-0.0018269294185202511
20.658000,0.18997242056533103,0.003268863971641167
20.660000,0.18997242056533103,0.003268863971641167
20.662000,0.19506244059875755,0.003268863971641167
20.664000,0.19506244059875755,0.003268863971641167
20.666000,0.19506244059875755,0.003268863971641167
20.668000,0.18997242056533103,0.003268863971641167
20.670000,0.19506244059875755,-0.0018269294185202511
20.672000,0.19506244059875755,0.003268863971641167
20.674000,0.19506244059875755,0.003268863971641167
20.676000,0.19506244059875755,0.003268863971641167
20.678000,0.19506244059875755,0.003268863971641167
20.680000,0.19506244059875755,0.003268863971641167
20.682000,0.19506244059875755,0.003268863971641167
20.684000,0.19506244059875755,0.003268863971641167
20.686000,0.19506244059875755,0.003268863971641167
20.688000,0.19506244059875755,0.003268863971641167
20.690000,0.19506244059875755,0.003268863971641167
20.692000,0.19506244059875755,0.003268863971641167
20.694000,0.19506244059875755,-0.0018269294185202511
20.696000,0.19506244059875755,-0.0018269294185202511
20.698000,0.19506244059875755,-0.0018269294185202511
20.700000,0.19506244059875755,0.003268863971641167
20.702000,0.19506244059875755,0.003268863971641167
20.704000,0.19506244059875755,0.003268863971641167
20.706000,0.19506244059875755,0.003268863971641167
20.708000,0.19506244059875755,0.003268863971641167
20.710000,0.19506244059875755,0.003268863971641167
20.712000,0.19506244059875755,-0.0018269294185202511
20.714000,0.19506244059875755,0.003268863971641167
20.716000,0.19506244059875755,0.003268863971641167
20.718000,0.19506244059875755,0.003268863971641167
20.720000,0.19506244059875755,-0.0018269294185202511
20.722000,0.18997242056533103,-0.0018269294185202511
20.724000,0.19506244059875755,0.003268863971641167
20.726000,0.18997242056533103,0.003268863971641167
20.728000,0.18997242056533103,0.003268863971641167
20.730000,0.18997242056533103,0.003268863971641167
20.732000,0.18997242056533103,0.003268863971641167
20.734000,0.18997242056533103,0.003268863971641167
20.736000,0.18997242056533103,0.003268863971641167
20.738000,0.18997242056533103,0.003268863971641167
20.740000,0.18997242056533103,0.003268863971641167
20.742000,0.18997242056533103,-0.0018269294185202511
20.744000,0.18997242056533103,0.003268863971641167
20.746000,0.18997242056533103,0.003268863971641167
20.748000,0.18997242056533103,0.003268863971641167
20.750000,0.18997242056533103,0.003268863971641167
20.752000,0.18997242056533103,0.003268863971641167
20.754000,0.18997242056533103,0.003268863971641167
20.756000,0.18997242056533103,-0.0018269294185202511
20.758000,0.18997242056533103,0.003268863971641167
20.760000,0.18997242056533103,0.003268863971641167
20.762000,0.18997242056533103,-0.0018269294185202511
20.764000,0.18997242056533103,0.003268863971641167
20.766000,0.18488240053190452,-0.0018269294185202511
20.768000,0.18997242056533103,-0.0018269294185202511
20.770000,0.18488240053190452,0.003268863971641167
20.772000,0.18488240053190452,0.003268863971641167
20.774000,0.18488240053190452,-0.0018269294185202511
20.776000,0.18488240053190452,0.003268863971641167
20.778000,0.18488240053190452,0.003268863971641167
20.780000,0.18488240053190452,0.003268863971641167
20.782000,0.18488240053190452,0.003268863971641167
20.784000,0.18488240053190452,-0.0018269294185202511
20.786000,0.18488240053190452,0.003268863971641167
20.788000,0.18488240053190452,0.003268863971641167
20.790000,0.18488240053190452,-0.0018269294185202511
20.792000,0.18488240053190452,0.003268863971641167
20.794000,0.18488240053190452,0.003268863971641167
20.796000,0.179792380498478,0.003268863971641167
20.798000,0.18488240053190452,0.003268863971641167
20.800000,0.18488240053190452,-0.0018269294185202511
20.802000,0.179792380498478,-0.0018269294185202511
20.804000,0.179792380498478,-0.0018269294185202511
20.806000,0.179792380498478,-0.0018269294185202511
20.808000,0.179792380498478,0.003268863971641167
20.810000,0.179792380498478,-0.0018269294185202511
20.812000,0.179792380498478,-0.0018269294185202511
20.814000,0.179792380498478,0.003268863971641167
20.816000,0.179792380498478,-0.0018269294185202511
20.818000,0.179792380498478,-0.0018269294185202511
20.820000,0.179792380498478,-0.0018269294185202511
20.822000,0.179792380498478,0.003268863971641167
20.824000,0.179792380498478,0.003268863971641167
20.826000,0.1747023604650515,0.003268863971641167
20.828000,0.1747023604650515,0.003268863971641167
20.830000,0.1747023604650515,0.003268863971641167
20.832000,0.1747023604650515,0.003268863971641167
20.834000,0.1747023604650515,0.003268863971641167
20.836000,0.1747023604650515,-0.0018269294185202511
20.838000,0.1747023604650515,0.003268863971641167
20.840000,0.1696123404316232,0.003268863971641167
20.842000,0.1696123404316232,-0.0018269294185202511
20.844000,0.1696123404316232,0.003268863971641167
20.846000,0.1696123404316232,0.003268863971641167
20.848000,0.1696123404316232,0.003268863971641167
20.850000,0.1696123404316232,-0.0018269294185202511
20.852000,0.1645223203981967,0.003268863971641167
20.854000,0.1645223203981967,0.003268863971641167
20.856000,0.1645223203981967,0.003268863971641167
20.858000,0.1645223203981967,0.003268863971641167
20.860000,0.1645223203981967,0.003268863971641167
20.862000,0.1645223203981967,-0.0018269294185202511
20.864000,0.15943230036477019,0.003268863971641167
20.866000,0.15943230036477019,0.003268863971641167
20.868000,0.15943230036477019,-0.0018269294185202511
20.870000,0.15434228033134367,0.003268863971641167
20.872000,0.15434228033134367,0.003268863971641167
20.874000,0.15434228033134367,0.003268863971641167
20.876000,0.15434228033134367,0.003268863971641167
20.878000,0.15434228033134367,0.003268863971641167
20.880000,0.14925226029791716,0.003268863971641167
20.882000,0.14925226029791716,0.003268863971641167
20.884000,0.14925226029791716,-0.0018269294185202511
20.886000,0.14925226029791716,0.003268863971641167
20.888000,0.14925226029791716,0.003268863971641167
20.890000,0.14416224026449065,-0.0018269294185202511
20.892000,0.14416224026449065,0.003268863971641167
20.894000,0.14416224026449065,0.003268863971641167
20.896000,0.14416224026449065,0.003268863971641167
20.898000,0.13907222023106414,0.003268863971641167
20.900000,0.13907222023106414,-0.0018269294185202511
20.902000,0.13398220019763585,0.003268863971641167
20.904000,0.13398220019763585,0.003268863971641167
20.906000,0.12889218016420934,-0.0018269294185202511
20.908000,0.12889218016420934,0.003268863971641167
20.910000,0.12889218016420934,-0.0018269294185202511
20.912000,0.12380216013078282,0.003268863971641167
20.914000,0.12380216013078282,0.003268863971641167
20.916000,0.11871214009735631,0.003268863971641167
20.918000,0.1136221200639298,-0.0018269294185202511
20.920000,0.1136221200639298,0.003268863971641167
20.922000,0.10853210003050329,0.003268863971641167
20.924000,0.103442079997075,-0.0018269294185202511
20.926000,0.103442079997075,-0.0018269294185202511
20.928000,0.09835205996364849,-0.0018269294185202511
20.930000,0.09835205996364849,-0.0018269294185202511
20.932000,0.08817201989679546,-0.0018269294185202511
20.934000,0.08817201989679546,0.003268863971641167
20.936000,0.08308199986336895,0.003268863971641167
20.938000,0.07799197982994244,-0.0018269294185202511
20.940000,0.07290195979651415,0.003268863971641167
20.942000,0.07290195979651415,0.003268863971641167
20.944000,0.06781193976308764,0.003268863971641167
20.946000,0.06781193976308764,0.003268863971641167
20.948000,0.06272191972966112,0.003268863971641167
20.950000,0.06272191972966112,0.003268863971641167
20.952000,0.05763189969623461,0.003268863971641167
20.954000,0.05763189969623461,-0.0018269294185202511
20.956000,0.0525418796628081,0.003268863971641167
20.958000,0.04745185962938159,0.003268863971641167
20.960000,0.0423618395959533,0.003268863971641167
20.962000,0.0423618395959533,0.003268863971641167
20.964000,0.03727181956252679,0.003268863971641167
20.966000,0.03727181956252679,0.003268863971641167
20.968000,0.032181799529100275,0.003268863971641167
20.970000,0.032181799529100275,0.003268863971641167
20.972000,0.027091779495673762,0.003268863971641167
20.974000,0.027091779495673762,0.003268863971641167
20.976000,0.027091779495673762,0.003268863971641167
20.978000,0.027091779495673762,0.003268863971641167
20.980000,0.02200175946224725,0.003268863971641167
20.982000,0.02200175946224725,0.003268863971641167
20.984000,0.016911739428820738,0.003268863971641167
20.986000,0.016911739428820738,0.003268863971641167
20.988000,0.011821719395394226,0.003268863971641167
20.990000,0.011821719395394226,0.003268863971641167
20.992000,0.006731699361965937,0.003268863971641167
20.994000,0.006731699361965937,-0.0018269294185202511
20.996000,0.006731699361965937,0.003268863971641167
20.998000,0.006731699361965937,0.003268863971641167
21.000000,0.0016416793285394249,0.003268863971641167
21.002000,0.0016416793285394249,-0.0018269294185202511
21.004000,0.0016416793285394249,0.003268863971641167
21.006000,0.0016416793285394249,0.003268863971641167
21.008000,0.0016416793285394249,0.003268863971641167
21.010000,-0.0034483407048870873,-0.0018269294185202511
21.012000,-0.0034483407048870873,-0.0018269294185202511
21.014000,-0.0034483407048870873,0.003268863971641167
21.016000,-0.0034483407048870873,-0.0018269294185202511
21.018000,-0.0034483407048870873,0.003268863971641167
21.020000,-0.0085383607383136,0.003268863971641167
21.022000,-0.0034483407048870873,0.003268863971641167
21.024000,-0.0034483407048870873,0.003268863971641167
21.026000,-0.0085383607383136,0.003268863971641167
21.028000,-0.0085383607383136,0.003268863971641167
21.030000,-0.0085383607383136,0.003268863971641167
21.032000,-0.0085383607383136,0.003268863971641167
21.034000,-0.0085383607383136,0.003268863971641167
21.036000,-0.0085383607383136,0.003268863971641167
21.038000,-0.0085383607383136,0.003268863971641167
21.040000,-0.0085383607383136,-0.0018269294185202511
21.042000,-0.013628380771740112,0.003268863971641167
21.044000,-0.013628380771740112,0.003268863971641167
21.046000,-0.013628380771740112,0.003268863971641167
21.048000,-0.013628380771740112,0.003268863971641167
21.050000,-0.013628380771740112,-0.0018269294185202511
21.052000,-0.013628380771740112,0.003268863971641167
21.054000,-0.013628380771740112,0.003268863971641167
21.056000,-0.013628380771740112,0.003268863971641167
21.058000,-0.013628380771740112,0.003268863971641167
21.060000,-0.013628380771740112,0.003268863971641167
21.062000,-0.013628380771740112,0.003268863971641167
21.064000,-0.013628380771740112,0.003268863971641167
21.066000,-0.013628380771740112,-0.0018269294185202511
21.068000,-0.013628380771740112,-0.0018269294185202511
21.070000,-0.013628380771740112,-0.0018269294185202511
21.072000,-0.013628380771740112,0.003268863971641167
21.074000,-0.013628380771740112,0.003268863971641167
21.076000,-0.013628380771740112,-0.0018269294185202511
21.078000,-0.013628380771740112,-0.0018269294185202511
21.080000,-0.013628380771740112,0.003268863971641167
21.082000,-0.013628380771740112,0.003268863971641167
21.084000,-0.013628380771740112,-0.0018269294185202511
21.086000,-0.013628380771740112,-0.0018269294185202511
21.088000,-0.013628380771740112,0.003268863971641167
21.090000,-0.013628380771740112,0.003268863971641167
21.092000,-0.013628380771740112,0.003268863971641167
21.094000,-0.013628380771740112,-0.0018269294185202511
21.096000,-0.013628380771740112,0.003268863971641167
21.098000,-0.013628380771740112,0.003268863971641167
21.100000,-0.013628380771740112,0.003268863971641167
21.102000,-0.013628380771740112,0.003268863971641167
21.104000,-0.013628380771740112,-0.0018269294185202511
21.106000,-0.013628380771740112,0.003268863971641167
21.108000,-0.013628380771740112,-0.0018269294185202511
21.110000,-0.013628380771740112,0.003268863971641167
21.112000,-0.013628380771740112,0.003268863971641167
21.114000,-0.013628380771740112,0.003268863971641167
21.116000,-0.013628380771740112,0.003268863971641167
21.118000,-0.013628380771740112,-0.0018269294185202511
21.120000,-0.013628380771740112,0.003268863971641167
21.122000,-0.013628380771740112,-0.0018269294185202511
21.124000,-0.013628380771740112,0.003268863971641167
21.126000,-0.013628380771740112,0.003268863971641167
21.128000,-0.013628380771740112,0.003268863971641167
21.130000,-0.013628380771740112,-0.0018269294185202511
21.132000,-0.013628380771740112,0.003268863971641167
21.134000,-0.013628380771740112,0.003268863971641167
21.136000,-0.013628380771740112,-0.0018269294185202511
21.138000,-0.013628380771740112,0.003268863971641167
21.140000,-0.013628380771740112,-0.0018269294185202511
21.142000,-0.013628380771740112,-0.0018269294185202511
21.144000,-0.013628380771740112,0.003268863971641167
21.146000,-0.013628380771740112,-0.0018269294185202511
21.148000,-0.013628380771740112,0.003268863971641167
21.150000,-0.013628380771740112,0.003268863971641167
21.152000,-0.013628380771740112,0.003268863971641167
21.154000,-0.013628380771740112,0.003268863971641167
21.156000,-0.013628380771740112,0.003268863971641167
21.158000,-0.013628380771740112,0.003268863971641167
21.160000,-0.013628380771740112,0.003268863971641167
21.162000,-0.013628380771740112,0.003268863971641167
21.164000,-0.013628380771740112,-0.0018269294185202511
21.166000,-0.013628380771740112,0.003268863971641167
21.168000,-0.013628380771740112,-0.0018269294185202511
21.170000,-0.013628380771740112,0.003268863971641167
21.172000,-0.013628380771740112,0.003268863971641167
21.174000,-0.013628380771740112,0.003268863971641167
21.176000,-0.013628380771740112,-0.0018269294185202511
21.178000,-0.013628380771740112,0.003268863971641167
21.180000,-0.013628380771740112,0.003268863971641167
21.182000,-0.013628380771740112,0.003268863971641167
21.184000,-0.013628380771740112,-0.0018269294185202511
21.186000,-0.013628380771740112,0.003268863971641167
21.188000,-0.013628380771740112,0.003268863971641167
21.190000,-0.013628380771740112,0.003268863971641167
21.192000,-0.013628380771740112,0.003268863971641167
21.194000,-0.013628380771740112,0.003268863971641167
21.196000,-0.013628380771740112,0.003268863971641167
21.198000,-0.013628380771740112,0.003268863971641167
21.200000,-0.013628380771740112,-0.0018269294185202511
21.202000,-0.013628380771740112,0.003268863971641167
21.204000,-0.013628380771740112,0.003268863971641167
21.206000,-0.013628380771740112,0.003268863971641167
21.208000,-0.013628380771740112,0.003268863971641167
21.210000,-0.013628380771740112,0.003268863971641167
21.212000,-0.013628380771740112,0.003268863971641167
21.214000,-0.013628380771740112,0.003268863971641167
21.216000,-0.018718400805166624,0.003268863971641167
21.218000,-0.013628380771740112,0.003268863971641167
21.220000,-0.013628380771740112,-0.0018269294185202511
21.222000,-0.013628380771740112,0.003268863971641167
21.224000,-0.013628380771740112,-0.0018269294185202511
21.226000,-0.013628380771740112,0.003268863971641167
21.228000,-0.013628380771740112,0.003268863971641167
21.230000,-0.013628380771740112,0.003268863971641167
21.232000,-0.013628380771740112,-0.0018269294185202511
21.234000,-0.013628380771740112,0.003268863971641167
21.236000,-0.013628380771740112,-0.0018269294185202511
21.238000,-0.013628380771740112,0.003268863971641167
21.240000,-0.013628380771740112,0.003268863971641167
21.242000,-0.013628380771740112,0.003268863971641167
21.244000,-0.013628380771740112,-0.0018269294185202511
21.246000,-0.013628380771740112,0.003268863971641167
21.248000,-0.013628380771740112,0.003268863971641167
21.250000,-0.013628380771740112,0.003268863971641167
21.252000,-0.013628380771740112,0.003268863971641167
21.254000,-0.018718400805166624,0.003268863971641167
21.256000,-0.018718400805166624,0.003268863971641167
21.258000,-0.013628380771740112,0.003268863971641167
21.260000,-0.013628380771740112,0.003268863971641167
21.262000,-0.013628380771740112,0.003268863971641167
21.264000,-0.018718400805166624,0.003268863971641167
21.266000,-0.013628380771740112,0.003268863971641167
21.268000,-0.013628380771740112,0.003268863971641167
21.270000,-0.013628380771740112,0.003268863971641167
21.272000,-0.013628380771740112,0.003268863971641167
21.274000,-0.013628380771740112,0.003268863971641167
21.276000,-0.013628380771740112,-0.0018269294185202511
21.278000,-0.013628380771740112,0.003268863971641167
21.280000,-0.013628380771740112,-0.0018269294185202511
21.282000,-0.013628380771740112,-0.0018269294185202511
21.284000,-0.013628380771740112,-0.0018269294185202511
21.286000,-0.013628380771740112,0.003268863971641167
21.288000,-0.013628380771740112,0.003268863971641167
21.290000,-0.018718400805166624,0.003268863971641167
21.292000,-0.018718400805166624,-0.0018269294185202511
21.294000,-0.013628380771740112,0.003268863971641167
21.296000,-0.013628380771740112,0.003268863971641167
21.298000,-0.013628380771740112,0.003268863971641167
21.300000,-0.018718400805166624,0.003268863971641167
21.302000,-0.013628380771740112,0.003268863971641167
21.304000,-0.013628380771740112,0.003268863971641167
21.306000,-0.013628380771740112,0.003268863971641167
21.308000,-0.013628380771740112,0.003268863971641167
21.310000,-0.013628380771740112,-0.0018269294185202511
21.312000,-0.013628380771740112,0.003268863971641167
21.314000,-0.013628380771740112,0.003268863971641167
21.316000,-0.013628380771740112,0.003268863971641167
21.318000,-0.013628380771740112,0.003268863971641167
21.320000,-0.013628380771740112,-0.0018269294185202511
21.322000,-0.013628380771740112,0.003268863971641167
21.324000,-0.013628380771740112,0.003268863971641167
21.326000,-0.013628380771740112,0.003268863971641167
21.328000,-0.013628380771740112,-0.0018269294185202511
21.330000,-0.013628380771740112,0.003268863971641167
21.332000,-0.013628380771740112,0.003268863971641167
21.334000,-0.018718400805166624,-0.0018269294185202511
21.336000,-0.013628380771740112,0.003268863971641167
21.338000,-0.018718400805166624,-0.0018269294185202511
21.340000,-0.013628380771740112,0.003268863971641167
21.342000,-0.013628380771740112,0.003268863971641167
21.344000,-0.013628380771740112,0.003268863971641167
21.346000,-0.013628380771740112,-0.0018269294185202511
21.348000,-0.018718400805166624,0.003268863971641167
21.350000,-0.013628380771740112,0.003268863971641167
21.352000,-0.018718400805166624,-0.0018269294185202511
21.354000,-0.013628380771740112,-0.0018269294185202511
21.356000,-0.013628380771740112,0.003268863971641167
21.358000,-0.013628380771740112,-0.0018269294185202511
21.360000,-0.018718400805166624,-0.0018269294185202511
21.362000,-0.013628380771740112,0.003268863971641167
21.364000,-0.013628380771740112,-0.0018269294185202511
21.366000,-0.013628380771740112,0.003268863971641167
21.368000,-0.013628380771740112,-0.0018269294185202511
21.370000,-0.013628380771740112,0.003268863971641167
21.372000,-0.013628380771740112,0.003268863971641167
21.374000,-0.013628380771740112,-0.0018269294185202511
21.376000,-0.013628380771740112,-0.0018269294185202511
21.378000,-0.013628380771740112,0.003268863971641167
21.380000,-0.013628380771740112,0.003268863971641167
21.382000,-0.013628380771740112,0.003268863971641167
21.384000,-0.013628380771740112,-0.0018269294185202511
21.386000,-0.013628380771740112,0.003268863971641167
21.388000,-0.013628380771740112,0.003268863971641167
21.390000,-0.013628380771740112,0.003268863971641167
21.392000,-0.013628380771740112,0.003268863971641167
21.394000,-0.013628380771740112,0.003268863971641167
21.396000,-0.013628380771740112,-0.0018269294185202511
21.398000,-0.013628380771740112,0.003268863971641167
21.400000,-0.013628380771740112,0.003268863971641167
21.402000,-0.013628380771740112,0.003268863971641167
21.404000,-0.013628380771740112,-0.0018269294185202511
21.406000,-0.013628380771740112,-0.0018269294185202511
21.408000,-0.013628380771740112,0.003268863971641167
21.410000,-0.013628380771740112,0.003268863971641167
21.412000,-0.013628380771740112,0.003268863971641167
21.414000,-0.013628380771740112,-0.0018269294185202511
21.416000,-0.013628380771740112,0.003268863971641167
21.418000,-0.013628380771740112,-0.0018269294185202511
21.420000,-0.018718400805166624,0.003268863971641167
21.422000,-0.013628380771740112,0.003268863971641167
21.424000,-0.018718400805166624,0.003268863971641167
21.426000,-0.013628380771740112,0.003268863971641167
21.428000,-0.013628380771740112,-0.0018269294185202511
21.430000,-0.013628380771740112,-0.0018269294185202511
21.432000,-0.018718400805166624,0.003268863971641167
21.434000,-0.013628380771740112,0.003268863971641167
21.436000,-0.013628380771740112,0.003268863971641167
21.438000,-0.018718400805166624,0.003268863971641167
21.440000,-0.013628380771740112,0.003268863971641167
21.442000,-0.013628380771740112,-0.0018269294185202511
21.444000,-0.013628380771740112,0.003268863971641167
21.446000,-0.013628380771740112,0.003268863971641167
21.448000,-0.013628380771740112,0.003268863971641167
21.450000,-0.013628380771740112,-0.0018269294185202511
21.452000,-0.013628380771740112,0.003268863971641167
21.454000,-0.013628380771740112,0.003268863971641167
21.456000,-0.018718400805166624,0.003268863971641167
21.458000,-0.013628380771740112,0.003268863971641167
21.460000,-0.018718400805166624,0.003268863971641167
21.462000,-0.013628380771740112,0.003268863971641167
21.464000,-0.013628380771740112,0.003268863971641167
21.466000,-0.013628380771740112,0.003268863971641167
21.468000,-0.013628380771740112,0.003268863971641167
21.470000,-0.013628380771740112,0.003268863971641167
21.472000,-0.013628380771740112,0.003268863971641167
21.474000,-0.013628380771740112,0.003268863971641167
21.476000,-0.013628380771740112,-0.0018269294185202511
21.478000,-0.013628380771740112,0.003268863971641167
21.480000,-0.013628380771740112,0.003268863971641167
21.482000,-0.018718400805166624,0.003268863971641167
21.484000,-0.013628380771740112,0.003268863971641167
21.486000,-0.013628380771740112,-0.0018269294185202511
21.488000,-0.013628380771740112,0.003268863971641167
21.490000,-0.013628380771740112,0.003268863971641167
21.492000,-0.013628380771740112,0.003268863971641167
21.494000,-0.013628380771740112,-0.0018269294185202511
21.496000,-0.013628380771740112,-0.0018269294185202511
21.498000,-0.013628380771740112,-0.0018269294185202511
21.500000,-0.013628380771740112,-0.0018269294185202511
21.502000,-0.013628380771740112,0.003268863971641167
21.504000,-0.013628380771740112,-0.0018269294185202511
21.506000,-0.013628380771740112,0.003268863971641167
21.508000,-0.013628380771740112,0.003268863971641167
21.510000,-0.013628380771740112,0.003268863971641167
21.512000,-0.013628380771740112,0.003268863971641167
21.514000,-0.013628380771740112,0.003268863971641167
21.516000,-0.013628380771740112,0.003268863971641167
21.518000,-0.013628380771740112,0.003268863971641167
21.520000,-0.013628380771740112,0.003268863971641167
21.522000,-0.013628380771740112,0.003268863971641167
21.524000,-0.013628380771740112,0.003268863971641167
21.526000,-0.013628380771740112,0.003268863971641167
21.528000,-0.013628380771740112,-0.0018269294185202511
21.530000,-0.013628380771740112,0.003268863971641167
21.532000,-0.013628380771740112,0.003268863971641167
21.534000,-0.013628380771740112,0.003268863971641167
21.536000,-0.013628380771740112,0.003268863971641167
21.538000,-0.013628380771740112,0.003268863971641167
21.540000,-0.013628380771740112,0.003268863971641167
21.542000,-0.013628380771740112,-0.0018269294185202511
21.544000,-0.013628380771740112,-0.0018269294185202511
21.546000,-0.013628380771740112,0.003268863971641167
21.548000,-0.018718400805166624,0.003268863971641167
21.550000,-0.018718400805166624,-0.0018269294185202511
21.552000,-0.013628380771740112,0.003268863971641167
21.554000,-0.018718400805166624,0.003268863971641167
21.556000,-0.013628380771740112,0.003268863971641167
21.558000,-0.013628380771740112,-0.0018269294185202511
21.560000,-0.013628380771740112,-0.0018269294185202511
21.562000,-0.013628380771740112,0.003268863971641167
21.564000,-0.013628380771740112,-0.0018269294185202511
21.566000,-0.018718400805166624,0.003268863971641167
21.568000,-0.013628380771740112,-0.0018269294185202511
21.570000,-0.013628380771740112,0.003268863971641167
21.572000,-0.013628380771740112,0.003268863971641167
21.574000,-0.013628380771740112,-0.0018269294185202511
21.576000,-0.013628380771740112,0.003268863971641167
21.578000,-0.013628380771740112,-0.0018269294185202511
21.580000,-0.013628380771740112,0.003268863971641167
21.582000,-0.013628380771740112,0.003268863971641167
21.584000,-0.013628380771740112,0.003268863971641167
21.586000,-0.013628380771740112,0.003268863971641167
21.588000,-0.013628380771740112,0.003268863971641167
21.590000,-0.013628380771740112,-0.0018269294185202511
21.592000,-0.013628380771740112,0.003268863971641167
21.594000,-0.013628380771740112,-0.0018269294185202511
21.596000,-0.013628380771740112,0.003268863971641167
21.598000,-0.013628380771740112,0.003268863971641167
21.600000,-0.013628380771740112,0.003268863971641167
21.602000,-0.013628380771740112,-0.0018269294185202511
21.604000,-0.013628380771740112,0.003268863971641167
21.606000,-0.013628380771740112,0.003268863971641167
21.608000,-0.013628380771740112,0.003268863971641167
21.610000,-0.013628380771740112,0.003268863971641167
21.612000,-0.013628380771740112,-0.0018269294185202511
21.614000,-0.013628380771740112,-0.0018269294185202511
21.616000,-0.013628380771740112,-0.0018269294185202511
21.618000,-0.013628380771740112,0.003268863971641167
21.620000,-0.013628380771740112,-0.0018269294185202511
21.622000,-0.013628380771740112,0.003268863971641167
21.624000,-0.013628380771740112,0.003268863971641167
21.626000,-0.013628380771740112,-0.0018269294185202511
21.628000,-0.013628380771740112,-0.0018269294185202511
21.630000,-0.013628380771740112,0.003268863971641167
21.632000,-0.013628380771740112,0.003268863971641167
21.634000,-0.013628380771740112,0.003268863971641167
21.636000,-0.013628380771740112,-0.0018269294185202511
21.638000,-0.013628380771740112,-0.0018269294185202511
21.640000,-0.013628380771740112,0.003268863971641167
21.642000,-0.013628380771740112,0.003268863971641167
21.644000,-0.013628380771740112,0.003268863971641167
21.646000,-0.018718400805166624,-0.0018269294185202511
21.648000,-0.013628380771740112,0.003268863971641167
21.650000,-0.013628380771740112,-0.0018269294185202511
21.652000,-0.013628380771740112,-0.0018269294185202511
21.654000,-0.013628380771740112,-0.0018269294185202511
21.656000,-0.013628380771740112,0.003268863971641167
21.658000,-0.013628380771740112,0.003268863971641167
21.660000,-0.013628380771740112,0.003268863971641167
21.662000,-0.013628380771740112,-0.0018269294185202511
21.664000,-0.013628380771740112,0.003268863971641167
21.666000,-0.013628380771740112,0.003268863971641167
21.668000,-0.013628380771740112,0.003268863971641167
21.670000,-0.013628380771740112,0.003268863971641167
21.672000,-0.013628380771740112,0.003268863971641167
21.674000,-0.013628380771740112,-0.0018269294185202511
21.676000,-0.013628380771740112,0.003268863971641167
21.678000,-0.013628380771740112,0.003268863971641167
21.680000,-0.013628380771740112,0.003268863971641167
21.682000,-0.013628380771740112,-0.0018269294185202511
21.684000,-0.013628380771740112,0.003268863971641167
21.686000,-0.013628380771740112,0.003268863971641167
21.688000,-0.013628380771740112,0.003268863971641167
21.690000,-0.013628380771740112,0.003268863971641167
21.692000,-0.013628380771740112,-0.0018269294185202511
21.694000,-0.013628380771740112,0.003268863971641167
21.696000,-0.013628380771740112,0.003268863971641167
21.698000,-0.013628380771740112,0.003268863971641167
21.700000,-0.013628380771740112,-0.0018269294185202511
21.702000,-0.013628380771740112,-0.0018269294185202511
21.704000,-0.013628380771740112,0.003268863971641167
21.706000,-0.013628380771740112,0.003268863971641167
21.708000,-0.013628380771740112,0.003268863971641167
21.710000,-0.013628380771740112,0.003268863971641167
21.712000,-0.013628380771740112,0.003268863971641167
21.714000,-0.013628380771740112,0.003268863971641167
21.716000,-0.013628380771740112,0.003268863971641167
21.718000,-0.013628380771740112,0.003268863971641167
21.720000,-0.013628380771740112,0.003268863971641167
21.722000,-0.013628380771740112,-0.0018269294185202511
21.724000,-0.013628380771740112,0.003268863971641167
21.726000,-0.013628380771740112,0.003268863971641167
21.728000,-0.013628380771740112,0.003268863971641167
21.730000,-0.013628380771740112,0.003268863971641167
21.732000,-0.013628380771740112,0.003268863971641167
21.734000,-0.013628380771740112,0.003268863971641167
21.736000,-0.013628380771740112,0.003268863971641167
21.738000,-0.013628380771740112,-0.0018269294185202511
21.740000,-0.013628380771740112,0.003268863971641167
21.742000,-0.013628380771740112,0.003268863971641167
21.744000,-0.013628380771740112,0.003268863971641167
21.746000,-0.013628380771740112,0.003268863971641167
21.748000,-0.013628380771740112,0.003268863971641167
21.750000,-0.013628380771740112,0.003268863971641167
21.752000,-0.013628380771740112,0.003268863971641167
21.754000,-0.013628380771740112,0.003268863971641167
21.756000,-0.013628380771740112,0.003268863971641167
21.758000,-0.013628380771740112,0.003268863971641167
21.760000,-0.013628380771740112,0.003268863971641167
21.762000,-0.013628380771740112,0.003268863971641167
21.764000,-0.013628380771740112,0.003268863971641167
21.766000,-0.013628380771740112,-0.0018269294185202511
21.768000,-0.013628380771740112,0.003268863971641167
21.770000,-0.013628380771740112,-0.0018269294185202511
21.772000,-0.013628380771740112,0.003268863971641167
21.774000,-0.013628380771740112,0.003268863971641167
21.776000,-0.013628380771740112,-0.0018269294185202511
21.778000,-0.013628380771740112,-0.0018269294185202511
21.780000,-0.013628380771740112,-0.0018269294185202511
21.782000,-0.013628380771740112,0.003268863971641167
21.784000,-0.013628380771740112,-0.0018269294185202511
21.786000,-0.013628380771740112,0.003268863971641167
21.788000,-0.013628380771740112,-0.0018269294185202511
21.790000,-0.013628380771740112,0.003268863971641167
21.792000,-0.013628380771740112,0.003268863971641167
21.794000,-0.013628380771740112,-0.0018269294185202511
21.796000,-0.013628380771740112,-0.0018269294185202511
21.798000,-0.013628380771740112,-0.0018269294185202511
21.800000,-0.013628380771740112,0.003268863971641167
21.802000,-0.013628380771740112,0.003268863971641167
21.804000,-0.013628380771740112,0.003268863971641167
21.806000,-0.013628380771740112,0.003268863971641167
21.808000,-0.013628380771740112,0.003268863971641167
21.810000,-0.013628380771740112,-0.0018269294185202511
21.812000,-0.013628380771740112,0.003268863971641167
21.814000,-0.013628380771740112,0.003268863971641167
21.816000,-0.013628380771740112,0.003268863971641167
21.818000,-0.013628380771740112,0.003268863971641167
21.820000,-0.013628380771740112,-0.0018269294185202511
21.822000,-0.013628380771740112,0.003268863971641167
21.824000,-0.013628380771740112,0.003268863971641167
21.826000,-0.013628380771740112,0.003268863971641167
21.828000,-0.013628380771740112,0.003268863971641167
21.830000,-0.013628380771740112,0.003268863971641167
21.832000,-0.013628380771740112,-0.0018269294185202511
21.834000,-0.013628380771740112,-0.0018269294185202511
21.836000,-0.013628380771740112,0.003268863971641167
21.838000,-0.013628380771740112,0.003268863971641167
21.840000,-0.013628380771740112,-0.0018269294185202511
21.842000,-0.013628380771740112,0.003268863971641167
21.844000,-0.013628380771740112,0.003268863971641167
21.846000,-0.013628380771740112,-0.0018269294185202511
21.848000,-0.013628380771740112,0.003268863971641167
21.850000,-0.013628380771740112,0.003268863971641167
21.852000,-0.013628380771740112,0.003268863971641167
21.854000,-0.013628380771740112,0.003268863971641167
21.856000,-0.013628380771740112,0.003268863971641167
21.858000,-0.013628380771740112,-0.0018269294185202511
21.860000,-0.013628380771740112,-0.0018269294185202511
21.862000,-0.013628380771740112,0.003268863971641167
21.864000,-0.013628380771740112,0.003268863971641167
21.866000,-0.013628380771740112,0.003268863971641167
21.868000,-0.013628380771740112,0.003268863971641167
21.870000,-0.013628380771740112,0.003268863971641167
21.872000,-0.013628380771740112,0.003268863971641167
21.874000,-0.013628380771740112,0.003268863971641167
21.876000,-0.013628380771740112,0.003268863971641167
21.878000,-0.013628380771740112,-0.0018269294185202511
21.880000,-0.013628380771740112,-0.0018269294185202511
21.882000,-0.013628380771740112,0.003268863971641167
21.884000,-0.013628380771740112,0.003268863971641167
21.886000,-0.013628380771740112,-0.0018269294185202511
21.888000,-0.013628380771740112,0.003268863971641167
21.890000,-0.013628380771740112,0.003268863971641167
21.892000,-0.013628380771740112,-0.0018269294185202511
21.894000,-0.013628380771740112,0.003268863971641167
21.896000,-0.013628380771740112,-0.0018269294185202511
21.898000,-0.013628380771740112,-0.0018269294185202511
21.900000,-0.013628380771740112,-0.0018269294185202511
21.902000,-0.013628380771740112,-0.0018269294185202511
21.904000,-0.013628380771740112,0.003268863971641167
21.906000,-0.013628380771740112,0.003268863971641167
21.908000,-0.013628380771740112,-0.0018269294185202511
21.910000,-0.013628380771740112,-0.0018269294185202511
21.912000,-0.013628380771740112,0.003268863971641167
21.914000,-0.013628380771740112,0.003268863971641167
21.916000,-0.013628380771740112,-0.0018269294185202511
21.918000,-0.013628380771740112,0.003268863971641167
21.920000,-0.013628380771740112,0.003268863971641167
21.922000,-0.013628380771740112,-0.0018269294185202511
21.924000,-0.013628380771740112,-0.0018269294185202511
21.926000,-0.013628380771740112,-0.0018269294185202511
21.928000,-0.013628380771740112,0.003268863971641167
21.930000,-0.013628380771740112,-0.0018269294185202511
21.932000,-0.013628380771740112,0.003268863971641167
21.934000,-0.013628380771740112,0.003268863971641167
21.936000,-0.013628380771740112,-0.0018269294185202511
21.938000,-0.013628380771740112,0.003268863971641167
21.940000,-0.013628380771740112,-0.0018269294185202511
21.942000,-0.013628380771740112,0.003268863971641167
21.944000,-0.013628380771740112,0.003268863971641167
21.946000,-0.013628380771740112,0.003268863971641167
21.948000,-0.013628380771740112,-0.0018269294185202511
21.950000,-0.013628380771740112,0.003268863971641167
21.952000,-0.013628380771740112,0.003268863971641167
21.954000,-0.013628380771740112,-0.0018269294185202511
21.956000,-0.013628380771740112,0.003268863971641167
21.958000,-0.013628380771740112,-0.0018269294185202511
21.960000,-0.013628380771740112,0.003268863971641167
21.962000,-0.013628380771740112,-0.0018269294185202511
21.964000,-0.013628380771740112,0.003268863971641167
21.966000,-0.013628380771740112,0.003268863971641167
21.968000,-0.013628380771740112,0.003268863971641167
21.970000,-0.013628380771740112,0.003268863971641167
21.972000,-0.013628380771740112,-0.0018269294185202511
21.974000,-0.013628380771740112,0.003268863971641167
21.976000,-0.013628380771740112,0.003268863971641167
21.978000,-0.013628380771740112,-0.0018269294185202511
21.980000,-0.013628380771740112,0.003268863971641167
21.982000,-0.013628380771740112,0.003268863971641167
21.984000,-0.013628380771740112,0.003268863971641167
21.986000,-0.013628380771740112,0.003268863971641167
21.988000,-0.013628380771740112,0.003268863971641167
21.990000,-0.013628380771740112,0.003268863971641167
21.992000,-0.013628380771740112,-0.0018269294185202511
21.994000,-0.013628380771740112,0.003268863971641167
21.996000,-0.013628380771740112,-0.0018269294185202511
21.998000,-0.013628380771740112,0.003268863971641167
22.000000,-0.013628380771740112,0.003268863971641167
22.002000,-0.013628380771740112,0.003268863971641167
22.004000,-0.013628380771740112,0.003268863971641167
22.006000,-0.013628380771740112,0.003268863971641167
22.008000,-0.013628380771740112,0.003268863971641167
22.010000,-0.013628380771740112,0.003268863971641167
22.012000,-0.013628380771740112,0.003268863971641167
22.014000,-0.013628380771740112,-0.0018269294185202511
22.016000,-0.013628380771740112,-0.0018269294185202511
22.018000,-0.013628380771740112,0.003268863971641167
22.020000,-0.013628380771740112,0.003268863971641167
22.022000,-0.013628380771740112,0.003268863971641167
22.024000,-0.013628380771740112,-0.0018269294185202511
22.026000,-0.013628380771740112,0.003268863971641167
22.028000,-0.013628380771740112,0.003268863971641167
22.030000,-0.013628380771740112,-0.0018269294185202511
22.032000,-0.013628380771740112,-0.0018269294185202511
22.034000,-0.013628380771740112,0.003268863971641167
22.036000,-0.013628380771740112,-0.0018269294185202511
22.038000,-0.013628380771740112,0.003268863971641167
22.040000,-0.013628380771740112,0.003268863971641167
22.042000,-0.013628380771740112,0.003268863971641167
22.044000,-0.013628380771740112,0.003268863971641167
22.046000,-0.013628380771740112,0.003268863971641167
22.048000,-0.013628380771740112,-0.0018269294185202511
22.050000,-0.013628380771740112,0.003268863971641167
22.052000,-0.013628380771740112,0.003268863971641167
22.054000,-0.013628380771740112,-0.0018269294185202511
22.056000,-0.013628380771740112,0.003268863971641167
22.058000,-0.013628380771740112,-0.0018269294185202511
22.060000,-0.013628380771740112,0.003268863971641167
22.062000,-0.013628380771740112,0.003268863971641167
22.064000,-0.013628380771740112,0.003268863971641167
22.066000,-0.013628380771740112,0.003268863971641167
22.068000,-0.013628380771740112,-0.0018269294185202511
22.070000,-0.013628380771740112,-0.0018269294185202511
22.072000,-0.013628380771740112,0.003268863971641167
22.074000,-0.013628380771740112,0.003268863971641167
22.076000,-0.013628380771740112,0.003268863971641167
22.078000,-0.013628380771740112,0.003268863971641167
22.080000,-0.013628380771740112,0.003268863971641167
22.082000,-0.013628380771740112,0.003268863971641167
22.084000,-0.013628380771740112,0.003268863971641167
22.086000,-0.013628380771740112,0.003268863971641167
22.088000,-0.013628380771740112,0.003268863971641167
22.090000,-0.013628380771740112,0.003268863971641167
22.092000,-0.013628380771740112,0.003268863971641167
22.094000,-0.013628380771740112,0.003268863971641167
22.096000,-0.013628380771740112,-0.0018269294185202511
22.098000,-0.013628380771740112,-0.0018269294185202511
22.100000,-0.013628380771740112,-0.0018269294185202511
22.102000,-0.013628380771740112,0.003268863971641167
22.104000,-0.013628380771740112,-0.0018269294185202511
22.106000,-0.013628380771740112,0.003268863971641167
22.108000,-0.013628380771740112,0.003268863971641167
22.110000,-0.013628380771740112,0.003268863971641167
22.112000,-0.013628380771740112,-0.0018269294185202511
22.114000,-0.013628380771740112,0.003268863971641167
22.116000,-0.013628380771740112,0.003268863971641167
22.118000,-0.013628380771740112,0.003268863971641167
22.120000,-0.013628380771740112,-0.0018269294185202511
22.122000,-0.013628380771740112,0.003268863971641167
22.124000,-0.013628380771740112,0.003268863971641167
22.126000,-0.013628380771740112,0.003268863971641167
22.128000,-0.013628380771740112,0.003268863971641167
22.130000,-0.013628380771740112,-0.0018269294185202511
22.132000,-0.013628380771740112,0.003268863971641167
22.134000,-0.013628380771740112,0.003268863971641167
22.136000,-0.013628380771740112,0.003268863971641167
22.138000,-0.013628380771740112,-0.0018269294185202511
22.140000,-0.013628380771740112,-0.0018269294185202511
22.142000,-0.013628380771740112,0.003268863971641167
22.144000,-0.013628380771740112,0.003268863971641167
22.146000,-0.013628380771740112,0.003268863971641167
22.148000,-0.013628380771740112,0.003268863971641167
22.150000,-0.013628380771740112,0.003268863971641167
22.152000,-0.013628380771740112,0.003268863971641167
22.154000,-0.013628380771740112,0.003268863971641167
22.156000,-0.0085383607383136,-0.0018269294185202511
22.158000,-0.013628380771740112,0.003268863971641167
22.160000,-0.013628380771740112,0.003268863971641167
22.162000,-0.013628380771740112,-0.0018269294185202511
22.164000,-0.013628380771740112,0.003268863971641167
22.166000,-0.013628380771740112,-0.0018269294185202511
22.168000,-0.013628380771740112,0.003268863971641167
22.170000,-0.013628380771740112,0.003268863971641167
22.172000,-0.013628380771740112,0.003268863971641167
22.174000,-0.013628380771740112,0.003268863971641167
22.176000,-0.013628380771740112,0.003268863971641167
22.178000,-0.013628380771740112,-0.0018269294185202511
22.180000,-0.013628380771740112,0.003268863971641167
22.182000,-0.013628380771740112,0.003268863971641167
22.184000,-0.013628380771740112,0.003268863971641167
22.186000,-0.013628380771740112,0.003268863971641167
22.188000,-0.013628380771740112,0.003268863971641167
22.190000,-0.013628380771740112,0.003268863971641167
22.192000,-0.013628380771740112,0.003268863971641167
22.194000,-0.013628380771740112,0.003268863971641167
22.196000,-0.013628380771740112,0.003268863971641167
22.198000,-0.013628380771740112,0.003268863971641167
22.200000,-0.013628380771740112,-0.0018269294185202511
22.202000,-0.013628380771740112,0.003268863971641167
22.204000,-0.0085383607383136,-0.0018269294185202511
22.206000,-0.013628380771740112,0.003268863971641167
22.208000,-0.013628380771740112,0.003268863971641167
22.210000,-0.013628380771740112,0.003268863971641167
22.212000,-0.013628380771740112,0.003268863971641167
22.214000,-0.013628380771740112,0.003268863971641167
22.216000,-0.013628380771740112,0.003268863971641167
22.218000,-0.013628380771740112,0.003268863971641167
22.220000,-0.013628380771740112,0.003268863971641167
22.222000,-0.013628380771740112,0.003268863971641167
22.224000,-0.013628380771740112,0.003268863971641167
22.226000,-0.013628380771740112,0.003268863971641167
22.228000,-0.013628380771740112,0.003268863971641167
22.230000,-0.013628380771740112,0.003268863971641167
22.232000,-0.013628380771740112,0.003268863971641167
22.234000,-0.013628380771740112,-0.0018269294185202511
22.236000,-0.013628380771740112,-0.0018269294185202511
22.238000,-0.013628380771740112,0.003268863971641167
22.240000,-0.013628380771740112,0.003268863971641167
22.242000,-0.013628380771740112,-0.0018269294185202511
22.244000,-0.013628380771740112,0.003268863971641167
22.246000,-0.013628380771740112,-0.0018269294185202511
22.248000,-0.013628380771740112,0.003268863971641167
22.250000,-0.013628380771740112,0.003268863971641167
22.252000,-0.013628380771740112,0.003268863971641167
22.254000,-0.013628380771740112,0.003268863971641167
22.256000,-0.013628380771740112,0.003268863971641167
22.258000,-0.013628380771740112,0.003268863971641167
22.260000,-0.013628380771740112,0.003268863971641167
22.262000,-0.013628380771740112,-0.0018269294185202511
22.264000,-0.013628380771740112,-0.0018269294185202511
22.266000,-0.013628380771740112,0.003268863971641167
22.268000,-0.013628380771740112,0.003268863971641167
22.270000,-0.0085383607383136,0.003268863971641167
22.272000,-0.013628380771740112,0.003268863971641167
22.274000,-0.013628380771740112,0.003268863971641167
22.276000,-0.013628380771740112,0.003268863971641167
22.278000,-0.013628380771740112,-0.0018269294185202511
22.280000,-0.013628380771740112,-0.0018269294185202511
22.282000,-0.013628380771740112,-0.0018269294185202511
22.284000,-0.013628380771740112,0.003268863971641167
22.286000,-0.013628380771740112,0.003268863971641167
22.288000,-0.0085383607383136,0.003268863971641167
22.290000,-0.013628380771740112,-0.0018269294185202511
22.292000,-0.013628380771740112,-0.0018269294185202511
22.294000,-0.013628380771740112,0.003268863971641167
22.296000,-0.013628380771740112,0.003268863971641167
22.298000,-0.013628380771740112,-0.0018269294185202511
22.300000,-0.013628380771740112,0.003268863971641167
22.302000,-0.013628380771740112,0.003268863971641167
22.304000,-0.013628380771740112,0.003268863971641167
22.306000,-0.013628380771740112,0.003268863971641167
22.308000,-0.013628380771740112,0.003268863971641167
22.310000,-0.013628380771740112,0.003268863971641167
22.312000,-0.0085383607383136,0.003268863971641167
22.314000,-0.0085383607383136,0.003268863971641167
22.316000,-0.0085383607383136,-0.0018269294185202511
22.318000,-0.013628380771740112,0.003268863971641167
22.320000,-0.013628380771740112,0.003268863971641167
22.322000,-0.013628380771740112,0.003268863971641167
22.324000,-0.013628380771740112,-0.0018269294185202511
22.326000,-0.013628380771740112,0.003268863971641167
22.328000,-0.013628380771740112,-0.0018269294185202511
22.330000,-0.013628380771740112,-0.0018269294185202511
22.332000,-0.013628380771740112,0.003268863971641167
22.334000,-0.013628380771740112,-0.0018269294185202511
22.336000,-0.013628380771740112,0.003268863971641167
22.338000,-0.013628380771740112,0.003268863971641167
22.340000,-0.013628380771740112,0.003268863971641167
22.342000,-0.013628380771740112,0.003268863971641167
22.344000,-0.0085383607383136,0.003268863971641167
22.346000,-0.013628380771740112,0.003268863971641167
22.348000,-0.013628380771740112,0.003268863971641167
22.350000,-0.013628380771740112,0.003268863971641167
22.352000,-0.0085383607383136,0.003268863971641167
22.354000,-0.013628380771740112,0.003268863971641167
22.356000,-0.0085383607383136,0.003268863971641167
22.358000,-0.013628380771740112,0.003268863971641167
22.360000,-0.013628380771740112,0.003268863971641167
22.362000,-0.013628380771740112,-0.0018269294185202511
22.364000,-0.013628380771740112,0.003268863971641167
22.366000,-0.013628380771740112,0.003268863971641167
22.368000,-0.013628380771740112,0.003268863971641167
22.370000,-0.013628380771740112,0.003268863971641167
22.372000,-0.0085383607383136,0.003268863971641167
22.374000,-0.0085383607383136,-0.0018269294185202511
22.376000,-0.013628380771740112,0.003268863971641167
22.378000,-0.013628380771740112,0.003268863971641167
22.380000,-0.0085383607383136,-0.0018269294185202511
22.382000,-0.013628380771740112,0.003268863971641167
22.384000,-0.013628380771740112,0.003268863971641167
22.386000,-0.0085383607383136,0.003268863971641167
22.388000,-0.013628380771740112,0.003268863971641167
22.390000,-0.013628380771740112,0.003268863971641167
22.392000,-0.013628380771740112,0.003268863971641167
22.394000,-0.0085383607383136,-0.0018269294185202511
22.396000,-0.0085383607383136,0.003268863971641167
22.398000,-0.013628380771740112,-0.0018269294185202511
22.400000,-0.0085383607383136,0.003268863971641167
22.402000,-0.013628380771740112,-0.0018269294185202511
22.404000,-0.013628380771740112,0.003268863971641167
22.406000,-0.013628380771740112,0.003268863971641167
22.408000,-0.013628380771740112,0.003268863971641167
22.410000,-0.013628380771740112,0.003268863971641167
22.412000,-0.013628380771740112,0.003268863971641167
22.414000,-0.0085383607383136,0.003268863971641167
22.416000,-0.0085383607383136,0.003268863971641167
22.418000,-0.0085383607383136,0.003268863971641167
22.420000,-0.0085383607383136,0.003268863971641167
22.422000,-0.013628380771740112,0.003268863971641167
22.424000,-0.013628380771740112,0.003268863971641167
22.426000,-0.0085383607383136,0.003268863971641167
22.428000,-0.0085383607383136,0.003268863971641167
22.430000,-0.013628380771740112,0.003268863971641167
22.432000,-0.0085383607383136,0.003268863971641167
22.434000,-0.013628380771740112,0.003268863971641167
22.436000,-0.013628380771740112,0.003268863971641167
22.438000,-0.0085383607383136,0.003268863971641167
22.440000,-0.0085383607383136,-0.0018269294185202511
22.442000,-0.0085383607383136,0.003268863971641167
22.444000,-0.0085383607383136,-0.0018269294185202511
22.446000,-0.0085383607383136,0.003268863971641167
22.448000,-0.0085383607383136,-0.0018269294185202511
22.450000,-0.0085383607383136,0.003268863971641167
22.452000,-0.0085383607383136,-0.0018269294185202511
22.454000,-0.0085383607383136,-0.0018269294185202511
22.456000,-0.0085383607383136,0.003268863971641167
22.458000,-0.0085383607383136,0.003268863971641167
22.460000,-0.013628380771740112,0.003268863971641167
22.462000,-0.0085383607383136,-0.0018269294185202511
22.464000,-0.0085383607383136,0.003268863971641167
22.466000,-0.0085383607383136,0.003268863971641167
22.468000,-0.0085383607383136,0.003268863971641167
22.470000,-0.0085383607383136,0.003268863971641167
22.472000,-0.0085383607383136,0.003268863971641167
22.474000,-0.0085383607383136,-0.0018269294185202511
22.476000,-0.0085383607383136,0.003268863971641167
22.478000,-0.0085383607383136,-0.0018269294185202511
22.480000,-0.0085383607383136,0.003268863971641167
22.482000,-0.0085383607383136,0.003268863971641167
22.484000,-0.0085383607383136,0.003268863971641167
22.486000,-0.0085383607383136,0.003268863971641167
22.488000,-0.0085383607383136,0.003268863971641167
22.490000,-0.0085383607383136,0.003268863971641167
22.492000,-0.0085383607383136,0.003268863971641167
22.494000,-0.0085383607383136,-0.0018269294185202511
22.496000,-0.0085383607383136,-0.0018269294185202511
22.498000,-0.0085383607383136,0.003268863971641167
22.500000,-0.0085383607383136,0.003268863971641167
22.502000,-0.0085383607383136,0.003268863971641167
22.504000,-0.0085383607383136,0.003268863971641167
22.506000,-0.0085383607383136,0.003268863971641167
22.508000,-0.0085383607383136,-0.0018269294185202511
22.510000,-0.0085383607383136,0.003268863971641167
22.512000,-0.0085383607383136,0.003268863971641167
22.514000,-0.0085383607383136,0.003268863971641167
22.516000,-0.0085383607383136,0.003268863971641167
22.518000,-0.013628380771740112,0.003268863971641167
22.520000,-0.0085383607383136,0.003268863971641167
22.522000,-0.0085383607383136,0.003268863971641167
22.524000,-0.0085383607383136,0.003268863971641167
22.526000,-0.0085383607383136,0.003268863971641167
22.528000,-0.0085383607383136,0.003268863971641167
22.530000,-0.0085383607383136,0.003268863971641167
22.532000,-0.0085383607383136,0.003268863971641167
22.534000,-0.0085383607383136,0.003268863971641167
22.536000,-0.0085383607383136,0.003268863971641167
22.538000,-0.0085383607383136,0.003268863971641167
22.540000,-0.0085383607383136,0.003268863971641167
22.542000,-0.0085383607383136,-0.0018269294185202511
22.544000,-0.0085383607383136,-0.0018269294185202511
22.546000,-0.0085383607383136,0.003268863971641167
22.548000,-0.0085383607383136,-0.0018269294185202511
22.550000,-0.0085383607383136,0.003268863971641167
22.552000,-0.0085383607383136,0.003268863971641167
22.554000,-0.0085383607383136,0.003268863971641167
22.556000,-0.0085383607383136,-0.0018269294185202511
22.558000,-0.0085383607383136,0.003268863971641167
22.560000,-0.0085383607383136,0.003268863971641167
22.562000,-0.0085383607383136,0.003268863971641167
22.564000,-0.0034483407048870873,0.003268863971641167
22.566000,-0.0085383607383136,0.003268863971641167
22.568000,-0.0085383607383136,0.003268863971641167
22.570000,-0.0085383607383136,0.003268863971641167
22.572000,-0.0085383607383136,-0.0018269294185202511
22.574000,-0.0085383607383136,0.003268863971641167
22.576000,-0.0085383607383136,0.003268863971641167
22.578000,-0.0085383607383136,0.003268863971641167
22.580000,-0.0034483407048870873,0.003268863971641167
22.582000,-0.0034483407048870873,0.003268863971641167
22.584000,-0.0034483407048870873,0.003268863971641167
22.586000,-0.0034483407048870873,0.003268863971641167
22.588000,-0.0034483407048870873,0.003268863971641167
22.590000,-0.0034483407048870873,0.003268863971641167
22.592000,-0.0034483407048870873,0.003268863971641167
22.594000,-0.0034483407048870873,0.003268863971641167
22.596000,-0.0034483407048870873,0.003268863971641167
22.598000,-0.0034483407048870873,0.003268863971641167
22.600000,-0.0034483407048870873,0.003268863971641167
22.602000,-0.0034483407048870873,0.003268863971641167
22.604000,-0.0034483407048870873,0.003268863971641167
22.606000,-0.0034483407048870873,0.003268863971641167
22.608000,-0.0034483407048870873,-0.0018269294185202511
22.610000,-0.0034483407048870873,-0.0018269294185202511
22.612000,-0.0034483407048870873,0.003268863971641167
22.614000,-0.0034483407048870873,-0.0018269294185202511
22.616000,-0.0034483407048870873,0.003268863971641167
22.618000,-0.0034483407048870873,0.003268863971641167
22.620000,-0.0034483407048870873,-0.0018269294185202511
22.622000,0.0016416793285394249,-0.0018269294185202511
22.624000,-0.0034483407048870873,0.003268863971641167
22.626000,0.0016416793285394249,0.003268863971641167
22.628000,-0.0034483407048870873,0.003268863971641167
22.630000,-0.0034483407048870873,0.003268863971641167
22.632000,-0.0034483407048870873,0.003268863971641167
22.634000,-0.0034483407048870873,0.003268863971641167
22.636000,0.0016416793285394249,-0.0018269294185202511
22.638000,0.0016416793285394249,-0.0018269294185202511
22.640000,0.0016416793285394249,0.003268863971641167
22.642000,0.0016416793285394249,0.003268863971641167
22.644000,0.0016416793285394249,0.003268863971641167
22.646000,0.0016416793285394249,-0.0018269294185202511
22.648000,0.0016416793285394249,-0.0018269294185202511
22.650000,0.0016416793285394249,0.003268863971641167
22.652000,0.0016416793285394249,0.003268863971641167
22.654000,0.0016416793285394249,-0.0018269294185202511
22.656000,0.0016416793285394249,-0.0018269294185202511
22.658000,0.0016416793285394249,0.003268863971641167
22.660000,0.0016416793285394249,0.003268863971641167
22.662000,0.0016416793285394249,0.003268863971641167
22.664000,0.0016416793285394249,0.003268863971641167
22.666000,0.0016416793285394249,0.003268863971641167
22.668000,0.0016416793285394249,0.003268863971641167
22.670000,0.0016416793285394249,0.003268863971641167
22.672000,0.006731699361965937,0.003268863971641167
22.674000,0.006731699361965937,0.003268863971641167
22.676000,0.006731699361965937,0.003268863971641167
22.678000,0.0016416793285394249,0.003268863971641167
22.680000,0.006731699361965937,0.003268863971641167
22.682000,0.006731699361965937,0.003268863971641167
22.684000,0.006731699361965937,0.003268863971641167
22.686000,0.006731699361965937,0.003268863971641167
22.688000,0.006731699361965937,-0.0018269294185202511
22.690000,0.006731699361965937,0.003268863971641167
22.692000,0.006731699361965937,-0.0018269294185202511
22.694000,0.006731699361965937,0.003268863971641167
22.696000,0.006731699361965937,0.003268863971641167
22.698000,0.006731699361965937,-0.0018269294185202511
22.700000,0.006731699361965937,0.003268863971641167
22.702000,0.006731699361965937,0.003268863971641167
22.704000,0.006731699361965937,0.003268863971641167
22.706000,0.006731699361965937,0.003268863971641167
22.708000,0.006731699361965937,0.003268863971641167
22.710000,0.006731699361965937,-0.0018269294185202511
22.712000,0.006731699361965937,0.003268863971641167
22.714000,0.006731699361965937,0.003268863971641167
22.716000,0.011821719395394226,-0.0018269294185202511
22.718000,0.006731699361965937,0.003268863971641167
22.720000,0.011821719395394226,0.003268863971641167
22.722000,0.011821719395394226,0.003268863971641167
22.724000,0.011821719395394226,0.003268863971641167
22.726000,0.011821719395394226,-0.0018269294185202511
22.728000,0.011821719395394226,0.003268863971641167
22.730000,0.016911739428820738,0.003268863971641167
22.732000,0.011821719395394226,0.003268863971641167
22.734000,0.011821719395394226,-0.0018269294185202511
22.736000,0.011821719395394226,-0.0018269294185202511
22.738000,0.016911739428820738,0.003268863971641167
22.740000,0.016911739428820738,0.003268863971641167
22.742000,0.016911739428820738,0.003268863971641167
22.744000,0.016911739428820738,0.003268863971641167
22.746000,0.016911739428820738,-0.0018269294185202511
22.748000,0.016911739428820738,-0.0018269294185202511
22.750000,0.016911739428820738,0.003268863971641167
22.752000,0.02200175946224725,0.003268863971641167
22.754000,0.016911739428820738,0.003268863971641167
22.756000,0.02200175946224725,0.003268863971641167
22.758000,0.02200175946224725,0.003268863971641167
22.760000,0.02200175946224725,-0.0018269294185202511
22.762000,0.02200175946224725,0.003268863971641167
22.764000,0.02200175946224725,0.003268863971641167
22.766000,0.02200175946224725,0.003268863971641167
22.768000,0.02200175946224725,0.003268863971641167
22.770000,0.027091779495673762,0.003268863971641167
22.772000,0.027091779495673762,0.003268863971641167
22.774000,0.027091779495673762,-0.0018269294185202511
22.776000,0.027091779495673762,0.003268863971641167
22.778000,0.027091779495673762,0.003268863971641167
22.780000,0.027091779495673762,-0.0018269294185202511
22.782000,0.027091779495673762,0.003268863971641167
22.784000,0.032181799529100275,0.003268863971641167
22.786000,0.032181799529100275,0.003268863971641167
22.788000,0.032181799529100275,0.003268863971641167
22.790000,0.032181799529100275,0.003268863971641167
22.792000,0.032181799529100275,0.003268863971641167
22.794000,0.03727181956252679,0.003268863971641167
22.796000,0.03727181956252679,0.003268863971641167
22.798000,0.03727181956252679,0.003268863971641167
22.800000,0.03727181956252679,0.003268863971641167
22.802000,0.0423618395959533,-0.0018269294185202511
22.804000,0.0423618395959533,0.003268863971641167
22.806000,0.0423618395959533,-0.0018269294185202511
22.808000,0.0423618395959533,0.003268863971641167
22.810000,0.04745185962938159,0.003268863971641167
22.812000,0.04745185962938159,0.003268863971641167
22.814000,0.04745185962938159,0.003268863971641167
22.816000,0.04745185962938159,0.003268863971641167
22.818000,0.04745185962938159,-0.0018269294185202511
22.820000,0.04745185962938159,0.003268863971641167
22.822000,0.0525418796628081,0.003268863971641167
22.824000,0.0525418796628081,-0.0018269294185202511
22.826000,0.05763189969623461,0.003268863971641167
22.828000,0.05763189969623461,0.003268863971641167
22.830000,0.05763189969623461,-0.0018269294185202511
22.832000,0.05763189969623461,0.003268863971641167
22.834000,0.05763189969623461,-0.0018269294185202511
22.836000,0.05763189969623461,0.003268863971641167
22.838000,0.06272191972966112,0.003268863971641167
22.840000,0.05763189969623461,-0.0018269294185202511
22.842000,0.05763189969623461,0.003268863971641167
22.844000,0.06272191972966112,0.003268863971641167
22.846000,0.06272191972966112,0.003268863971641167
22.848000,0.06272191972966112,0.003268863971641167
22.850000,0.06272191972966112,0.003268863971641167
22.852000,0.06272191972966112,0.003268863971641167
22.854000,0.06272191972966112,0.003268863971641167
22.856000,0.06781193976308764,0.003268863971641167
22.858000,0.06781193976308764,0.003268863971641167
22.860000,0.06781193976308764,-0.0018269294185202511
22.862000,0.06781193976308764,0.003268863971641167
22.864000,0.06781193976308764,0.003268863971641167
22.866000,0.07290195979651415,-0.0018269294185202511
22.868000,0.07290195979651415,0.003268863971641167
22.870000,0.07290195979651415,0.003268863971641167
22.872000,0.07290195979651415,-0.0018269294185202511
22.874000,0.07290195979651415,0.003268863971641167
22.876000,0.07799197982994244,0.003268863971641167
22.878000,0.07799197982994244,0.003268863971641167
22.880000,0.07799197982994244,0.003268863971641167
22.882000,0.07799197982994244,0.003268863971641167
22.884000,0.08308199986336895,0.003268863971641167
22.886000,0.08308199986336895,0.003268863971641167
22.888000,0.08308199986336895,0.003268863971641167
22.890000,0.08308199986336895,0.003268863971641167
22.892000,0.08817201989679546,0.003268863971641167
22.894000,0.08817201989679546,0.003268863971641167
22.896000,0.08817201989679546,0.003268863971641167
22.898000,0.08817201989679546,0.003268863971641167
22.900000,0.08817201989679546,0.003268863971641167
22.902000,0.08817201989679546,-0.0018269294185202511
22.904000,0.09326203993022197,0.003268863971641167
22.906000,0.09326203993022197,0.003268863971641167
22.908000,0.09326203993022197,-0.0018269294185202511
22.910000,0.09326203993022197,0.003268863971641167
22.912000,0.09835205996364849,0.003268863971641167
22.914000,0.09835205996364849,0.003268863971641167
22.916000,0.09835205996364849,0.003268863971641167
22.918000,0.09835205996364849,-0.0018269294185202511
22.920000,0.09835205996364849,-0.0018269294185202511
22.922000,0.09835205996364849,0.003268863971641167
22.924000,0.103442079997075,0.003268863971641167
22.926000,0.103442079997075,0.003268863971641167
22.928000,0.103442079997075,0.003268863971641167
22.930000,0.103442079997075,-0.0018269294185202511
22.932000,0.103442079997075,0.003268863971641167
22.934000,0.103442079997075,0.003268863971641167
22.936000,0.103442079997075,0.003268863971641167
22.938000,0.10853210003050329,-0.0018269294185202511
22.940000,0.10853210003050329,-0.0018269294185202511
22.942000,0.10853210003050329,-0.0018269294185202511
22.944000,0.10853210003050329,0.003268863971641167
22.946000,0.10853210003050329,0.003268863971641167
22.948000,0.10853210003050329,0.003268863971641167
22.950000,0.1136221200639298,-0.0018269294185202511
22.952000,0.10853210003050329,0.003268863971641167
22.954000,0.1136221200639298,0.003268863971641167
22.956000,0.1136221200639298,0.003268863971641167
22.958000,0.1136221200639298,-0.0018269294185202511
22.960000,0.1136221200639298,0.003268863971641167
22.962000,0.11871214009735631,0.003268863971641167
22.964000,0.11871214009735631,0.003268863971641167
22.966000,0.11871214009735631,0.003268863971641167
22.968000,0.11871214009735631,0.003268863971641167
22.970000,0.12380216013078282,0.003268863971641167
22.972000,0.12380216013078282,0.003268863971641167
22.974000,0.12380216013078282,0.003268863971641167
22.976000,0.12380216013078282,0.003268863971641167
22.978000,0.12380216013078282,0.003268863971641167
22.980000,0.12380216013078282,0.003268863971641167
22.982000,0.12380216013078282,-0.0018269294185202511
22.984000,0.12380216013078282,0.003268863971641167
22.986000,0.12380216013078282,0.003268863971641167
22.988000,0.12380216013078282,0.003268863971641167
22.990000,0.12889218016420934,0.003268863971641167
22.992000,0.12380216013078282,-0.0018269294185202511
22.994000,0.12889218016420934,0.003268863971641167
22.996000,0.12889218016420934,0.003268863971641167
22.998000,0.12889218016420934,0.003268863971641167
23.000000,0.12889218016420934,-0.0018269294185202511
23.002000,0.12889218016420934,0.003268863971641167
23.004000,0.12889218016420934,0.003268863971641167
23.006000,0.12380216013078282,0.003268863971641167
23.008000,0.12889218016420934,-0.0018269294185202511
23.010000,0.12889218016420934,0.003268863971641167
23.012000,0.12889218016420934,0.003268863971641167
23.014000,0.12889218016420934,0.003268863971641167
23.016000,0.12889218016420934,0.003268863971641167
23.018000,0.12889218016420934,0.003268863971641167
23.020000,0.12889218016420934,-0.0018269294185202511
23.022000,0.12889218016420934,0.003268863971641167
23.024000,0.12889218016420934,0.003268863971641167
23.026000,0.12889218016420934,0.003268863971641167
23.028000,0.12889218016420934,0.003268863971641167
23.030000,0.12889218016420934,0.003268863971641167
23.032000,0.12889218016420934,0.003268863971641167
23.034000,0.12889218016420934,-0.0018269294185202511
23.036000,0.12889218016420934,0.003268863971641167
23.038000,0.12889218016420934,0.003268863971641167
23.040000,0.12889218016420934,-0.0018269294185202511
23.042000,0.12889218016420934,0.003268863971641167
23.044000,0.12889218016420934,0.003268863971641167
23.046000,0.12889218016420934,0.003268863971641167
23.048000,0.12889218016420934,-0.0018269294185202511
23.050000,0.12889218016420934,-0.0018269294185202511
23.052000,0.12889218016420934,0.003268863971641167
23.054000,0.12889218016420934,0.003268863971641167
23.056000,0.12889218016420934,0.003268863971641167
23.058000,0.12889218016420934,0.003268863971641167
23.060000,0.12889218016420934,0.003268863971641167
23.062000,0.12889218016420934,0.003268863971641167
23.064000,0.12889218016420934,-0.0018269294185202511
23.066000,0.12889218016420934,-0.0018269294185202511
23.068000,0.12889218016420934,0.003268863971641167
23.070000,0.12889218016420934,0.003268863971641167
23.072000,0.12889218016420934,0.003268863971641167
23.074000,0.12380216013078282,0.003268863971641167
23.076000,0.12380216013078282,0.003268863971641167
23.078000,0.12380216013078282,0.003268863971641167
23.080000,0.12380216013078282,-0.0018269294185202511
23.082000,0.12380216013078282,0.003268863971641167
23.084000,0.12380216013078282,0.003268863971641167
23.086000,0.12380216013078282,0.003268863971641167
23.088000,0.12380216013078282,0.003268863971641167
23.090000,0.12380216013078282,0.003268863971641167
23.092000,0.12380216013078282,0.003268863971641167
23.094000,0.12380216013078282,0.003268863971641167
23.096000,0.12380216013078282,-0.0018269294185202511
23.098000,0.12380216013078282,0.003268863971641167
23.100000,0.12380216013078282,0.003268863971641167
23.102000,0.12380216013078282,0.003268863971641167
23.104000,0.12380216013078282,0.003268863971641167
23.106000,0.12380216013078282,-0.0018269294185202511
23.108000,0.12380216013078282,0.003268863971641167
23.110000,0.12380216013078282,0.003268863971641167
23.112000,0.12380216013078282,0.003268863971641167
23.114000,0.12380216013078282,0.003268863971641167
23.116000,0.12380216013078282,-0.0018269294185202511
23.118000,0.12380216013078282,0.003268863971641167
23.120000,0.12380216013078282,-0.0018269294185202511
23.122000,0.12380216013078282,0.003268863971641167
23.124000,0.12380216013078282,0.003268863971641167
23.126000,0.12380216013078282,0.003268863971641167
23.128000,0.12380216013078282,-0.0018269294185202511
23.130000,0.12380216013078282,0.003268863971641167
23.132000,0.12380216013078282,0.003268863971641167
23.134000,0.12380216013078282,0.003268863971641167
23.136000,0.12380216013078282,0.003268863971641167
23.138000,0.12380216013078282,-0.0018269294185202511
23.140000,0.12380216013078282,0.003268863971641167
23.142000,0.12380216013078282,0.003268863971641167
23.144000,0.12380216013078282,0.003268863971641167
23.146000,0.12380216013078282,-0.0018269294185202511
23.148000,0.12380216013078282,0.003268863971641167
23.150000,0.12380216013078282,0.003268863971641167
23.152000,0.12380216013078282,-0.0018269294185202511
23.154000,0.11871214009735631,0.003268863971641167
23.156000,0.12380216013078282,0.003268863971641167
23.158000,0.11871214009735631,0.003268863971641167
23.160000,0.12380216013078282,0.003268863971641167
23.162000,0.11871214009735631,-0.0018269294185202511
23.164000,0.11871214009735631,0.003268863971641167
23.166000,0.11871214009735631,-0.0018269294185202511
23.168000,0.11871214009735631,0.003268863971641167
23.170000,0.11871214009735631,0.003268863971641167
23.172000,0.11871214009735631,-0.0018269294185202511
23.174000,0.11871214009735631,-0.0018269294185202511
23.176000,0.1136221200639298,0.003268863971641167
23.178000,0.1136221200639298,0.003268863971641167
23.180000,0.1136221200639298,0.003268863971641167
23.182000,0.1136221200639298,0.003268863971641167
23.184000,0.1136221200639298,0.003268863971641167
23.186000,0.10853210003050329,0.003268863971641167
23.188000,0.10853210003050329,-0.0018269294185202511
23.190000,0.10853210003050329,-0.0018269294185202511
23.192000,0.10853210003050329,0.003268863971641167
23.194000,0.10853210003050329,0.003268863971641167
23.196000,0.10853210003050329,0.003268863971641167
23.198000,0.10853210003050329,-0.0018269294185202511
23.200000,0.10853210003050329,0.003268863971641167
23.202000,0.103442079997075,0.003268863971641167
23.204000,0.103442079997075,-0.0018269294185202511
23.206000,0.103442079997075,0.003268863971641167
23.208000,0.103442079997075,0.003268863971641167
23.210000,0.09835205996364849,0.003268863971641167
23.212000,0.09835205996364849,0.003268863971641167
23.214000,0.09835205996364849,0.003268863971641167
23.216000,0.09835205996364849,0.003268863971641167
23.218000,0.09835205996364849,-0.0018269294185202511
23.220000,0.09326203993022197,-0.0018269294185202511
23.222000,0.08817201989679546,0.003268863971641167
23.224000,0.08817201989679546,0.003268863971641167
23.226000,0.08817201989679546,-0.0018269294185202511
23.228000,0.08817201989679546,0.003268863971641167
23.230000,0.08308199986336895,-0.0018269294185202511
23.232000,0.08308199986336895,-0.0018269294185202511
23.234000,0.07799197982994244,0.003268863971641167
23.236000,0.07799197982994244,0.003268863971641167
23.238000,0.07290195979651415,-0.0018269294185202511
23.240000,0.06781193976308764,0.003268863971641167
23.242000,0.06781193976308764,0.003268863971641167
23.244000,0.06272191972966112,0.003268863971641167
23.246000,0.06272191972966112,-0.0018269294185202511
23.248000,0.05763189969623461,0.003268863971641167
23.250000,0.05763189969623461,0.003268863971641167
23.252000,0.05763189969623461,0.003268863971641167
23.254000,0.05763189969623461,0.003268863971641167
23.256000,0.05763189969623461,0.003268863971641167
23.258000,0.05763189969623461,0.003268863971641167
23.260000,0.0525418796628081,0.003268863971641167
23.262000,0.0525418796628081,-0.0018269294185202511
23.264000,0.0525418796628081,0.003268863971641167
23.266000,0.0525418796628081,0.003268863971641167
23.268000,0.04745185962938159,0.003268863971641167
23.270000,0.04745185962938159,0.003268863971641167
23.272000,0.04745185962938159,0.003268863971641167
23.274000,0.04745185962938159,-0.0018269294185202511
23.276000,0.0423618395959533,0.003268863971641167
23.278000,0.0423618395959533,-0.0018269294185202511
23.280000,0.0423618395959533,-0.0018269294185202511
23.282000,0.0423618395959533,-0.0018269294185202511
23.284000,0.0423618395959533,0.003268863971641167
23.286000,0.03727181956252679,0.003268863971641167
23.288000,0.03727181956252679,0.003268863971641167
23.290000,0.03727181956252679,-0.0018269294185202511
23.292000,0.032181799529100275,0.003268863971641167
23.294000,0.032181799529100275,-0.0018269294185202511
23.296000,0.032181799529100275,-0.0018269294185202511
23.298000,0.032181799529100275,0.003268863971641167
23.300000,0.027091779495673762,0.003268863971641167
23.302000,0.027091779495673762,-0.0018269294185202511
23.304000,0.027091779495673762,0.003268863971641167
23.306000,0.027091779495673762,0.003268863971641167
23.308000,0.027091779495673762,0.003268863971641167
23.310000,0.027091779495673762,0.003268863971641167
23.312000,0.02200175946224725,0.003268863971641167
23.314000,0.02200175946224725,0.003268863971641167
23.316000,0.02200175946224725,-0.0018269294185202511
23.318000,0.02200175946224725,0.003268863971641167
23.320000,0.02200175946224725,-0.0018269294185202511
23.322000,0.016911739428820738,0.003268863971641167
23.324000,0.016911739428820738,0.003268863971641167
23.326000,0.016911739428820738,-0.0018269294185202511
23.328000,0.016911739428820738,0.003268863971641167
23.330000,0.011821719395394226,-0.0018269294185202511
23.332000,0.011821719395394226,0.003268863971641167
23.334000,0.006731699361965937,-0.0018269294185202511
23.336000,0.006731699361965937,0.003268863971641167
23.338000,0.006731699361965937,0.003268863971641167
23.340000,0.006731699361965937,0.003268863971641167
23.342000,0.006731699361965937,0.003268863971641167
23.344000,0.0016416793285394249,0.003268863971641167
23.346000,0.0016416793285394249,0.003268863971641167
23.348000,0.0016416793285394249,0.003268863971641167
23.350000,0.0016416793285394249,0.003268863971641167
23.352000,0.0016416793285394249,0.003268863971641167
23.354000,0.0016416793285394249,0.003268863971641167
23.356000,-0.0034483407048870873,0.003268863971641167
23.358000,-0.0034483407048870873,0.003268863971641167
23.360000,-0.0034483407048870873,-0.0018269294185202511
23.362000,-0.0034483407048870873,-0.0018269294185202511
23.364000,-0.0085383607383136,0.003268863971641167
23.366000,-0.0085383607383136,0.003268863971641167
23.368000,-0.0085383607383136,0.003268863971641167
23.370000,-0.0085383607383136,0.003268863971641167
23.372000,-0.0085383607383136,0.003268863971641167
23.374000,-0.0085383607383136,0.003268863971641167
23.376000,-0.0085383607383136,0.003268863971641167
23.378000,-0.0085383607383136,-0.0018269294185202511
23.380000,-0.013628380771740112,-0.0018269294185202511
23.382000,-0.013628380771740112,-0.0018269294185202511
23.384000,-0.013628380771740112,0.003268863971641167
23.386000,-0.013628380771740112,-0.0018269294185202511
23.388000,-0.013628380771740112,0.003268863971641167
23.390000,-0.013628380771740112,-0.0018269294185202511
23.392000,-0.013628380771740112,0.003268863971641167
23.394000,-0.013628380771740112,0.003268863971641167
23.396000,-0.013628380771740112,0.003268863971641167
23.398000,-0.013628380771740112,0.003268863971641167
23.400000,-0.018718400805166624,-0.0018269294185202511
23.402000,-0.013628380771740112,0.003268863971641167
23.404000,-0.018718400805166624,0.003268863971641167
23.406000,-0.018718400805166624,-0.0018269294185202511
23.408000,-0.013628380771740112,0.003268863971641167
23.410000,-0.013628380771740112,0.003268863971641167
23.412000,-0.013628380771740112,0.003268863971641167
23.414000,-0.018718400805166624,-0.0018269294185202511
23.416000,-0.018718400805166624,0.003268863971641167
23.418000,-0.013628380771740112,0.003268863971641167
23.420000,-0.018718400805166624,0.003268863971641167
23.422000,-0.013628380771740112,0.003268863971641167
23.424000,-0.018718400805166624,-0.0018269294185202511
23.426000,-0.018718400805166624,0.003268863971641167
23.428000,-0.013628380771740112,0.003268863971641167
23.430000,-0.018718400805166624,-0.0018269294185202511
23.432000,-0.018718400805166624,0.003268863971641167
23.434000,-0.018718400805166624,0.003268863971641167
23.436000,-0.013628380771740112,0.003268863971641167
23.438000,-0.013628380771740112,-0.0018269294185202511
23.440000,-0.013628380771740112,0.003268863971641167
23.442000,-0.013628380771740112,-0.0018269294185202511
23.444000,-0.018718400805166624,0.003268863971641167
23.446000,-0.018718400805166624,0.003268863971641167
23.448000,-0.013628380771740112,-0.0018269294185202511
23.450000,-0.018718400805166624,-0.0018269294185202511
23.452000,-0.018718400805166624,0.003268863971641167
23.454000,-0.013628380771740112,0.003268863971641167
23.456000,-0.013628380771740112,-0.0018269294185202511
23.458000,-0.013628380771740112,-0.0018269294185202511
23.460000,-0.013628380771740112,-0.0018269294185202511
23.462000,-0.018718400805166624,0.003268863971641167
23.464000,-0.018718400805166624,0.003268863971641167
23.466000,-0.018718400805166624,0.003268863971641167
23.468000,-0.018718400805166624,0.003268863971641167
23.470000,-0.018718400805166624,0.003268863971641167
23.472000,-0.018718400805166624,-0.0018269294185202511
23.474000,-0.018718400805166624,0.003268863971641167
23.476000,-0.018718400805166624,0.003268863971641167
23.478000,-0.018718400805166624,0.003268863971641167
23.480000,-0.018718400805166624,-0.0018269294185202511
23.482000,-0.018718400805166624,0.003268863971641167
23.484000,-0.018718400805166624,-0.0018269294185202511
23.486000,-0.018718400805166624,0.003268863971641167
23.488000,-0.018718400805166624,-0.0018269294185202511
23.490000,-0.018718400805166624,0.003268863971641167
23.492000,-0.018718400805166624,0.003268863971641167
23.494000,-0.018718400805166624,0.003268863971641167
23.496000,-0.018718400805166624,0.003268863971641167
23.498000,-0.018718400805166624,-0.0018269294185202511
23.500000,-0.018718400805166624,0.003268863971641167
23.502000,-0.018718400805166624,0.003268863971641167
23.504000,-0.018718400805166624,-0.0018269294185202511
23.506000,-0.018718400805166624,0.003268863971641167
23.508000,-0.018718400805166624,-0.0018269294185202511
23.510000,-0.018718400805166624,-0.0018269294185202511
23.512000,-0.018718400805166624,0.003268863971641167
23.514000,-0.018718400805166624,0.003268863971641167
23.516000,-0.018718400805166624,0.003268863971641167
23.518000,-0.018718400805166624,-0.0018269294185202511
23.520000,-0.018718400805166624,0.003268863971641167
23.522000,-0.018718400805166624,0.003268863971641167
23.524000,-0.018718400805166624,0.003268863971641167
23.526000,-0.018718400805166624,0.003268863971641167
23.528000,-0.018718400805166624,0.003268863971641167
23.530000,-0.018718400805166624,0.003268863971641167
23.532000,-0.018718400805166624,0.003268863971641167
23.534000,-0.018718400805166624,0.003268863971641167
23.536000,-0.018718400805166624,0.003268863971641167
23.538000,-0.018718400805166624,-0.0018269294185202511
23.540000,-0.018718400805166624,0.003268863971641167
23.542000,-0.018718400805166624,0.003268863971641167
23.544000,-0.018718400805166624,-0.0018269294185202511
23.546000,-0.018718400805166624,0.003268863971641167
23.548000,-0.018718400805166624,0.003268863971641167
23.550000,-0.018718400805166624,0.003268863971641167
23.552000,-0.018718400805166624,0.003268863971641167
23.554000,-0.018718400805166624,-0.0018269294185202511
23.556000,-0.018718400805166624,-0.0018269294185202511
23.558000,-0.018718400805166624,-0.0018269294185202511
23.560000,-0.018718400805166624,0.003268863971641167
23.562000,-0.018718400805166624,0.003268863971641167
23.564000,-0.018718400805166624,0.003268863971641167
23.566000,-0.018718400805166624,0.003268863971641167
23.568000,-0.018718400805166624,-0.0018269294185202511
23.570000,-0.018718400805166624,0.003268863971641167
23.572000,-0.018718400805166624,-0.0018269294185202511
23.574000,-0.018718400805166624,0.003268863971641167
23.576000,-0.018718400805166624,-0.0018269294185202511
23.578000,-0.018718400805166624,-0.0018269294185202511
23.580000,-0.018718400805166624,0.003268863971641167
23.582000,-0.018718400805166624,0.003268863971641167
23.584000,-0.018718400805166624,0.003268863971641167
23.586000,-0.018718400805166624,0.003268863971641167
23.588000,-0.018718400805166624,0.003268863971641167
23.590000,-0.018718400805166624,-0.0018269294185202511
23.592000,-0.018718400805166624,0.003268863971641167
23.594000,-0.018718400805166624,-0.0018269294185202511
23.596000,-0.018718400805166624,0.003268863971641167
23.598000,-0.018718400805166624,-0.0018269294185202511
23.600000,-0.018718400805166624,-0.0018269294185202511
23.602000,-0.018718400805166624,0.003268863971641167
23.604000,-0.018718400805166624,0.003268863971641167
23.606000,-0.018718400805166624,0.003268863971641167
23.608000,-0.018718400805166624,0.003268863971641167
23.610000,-0.018718400805166624,0.003268863971641167
23.612000,-0.018718400805166624,0.003268863971641167
23.614000,-0.018718400805166624,-0.0018269294185202511
23.616000,-0.018718400805166624,0.003268863971641167
23.618000,-0.018718400805166624,0.003268863971641167
23.620000,-0.018718400805166624,0.003268863971641167
23.622000,-0.018718400805166624,0.003268863971641167
23.624000,-0.018718400805166624,-0.0018269294185202511
23.626000,-0.018718400805166624,-0.0018269294185202511
23.628000,-0.018718400805166624,0.003268863971641167
23.630000,-0.018718400805166624,-0.0018269294185202511
23.632000,-0.018718400805166624,0.003268863971641167
23.634000,-0.018718400805166624,0.003268863971641167
23.636000,-0.018718400805166624,0.003268863971641167
23.638000,-0.023808420838594913,-0.0018269294185202511
23.640000,-0.018718400805166624,-0.0018269294185202511
23.642000,-0.018718400805166624,0.003268863971641167
23.644000,-0.018718400805166624,-0.0018269294185202511
23.646000,-0.018718400805166624,-0.0018269294185202511
23.648000,-0.018718400805166624,0.003268863971641167
23.650000,-0.018718400805166624,-0.0018269294185202511
23.652000,-0.018718400805166624,-0.0018269294185202511
23.654000,-0.018718400805166624,0.003268863971641167
23.656000,-0.018718400805166624,0.003268863971641167
23.658000,-0.018718400805166624,-0.0018269294185202511
23.660000,-0.023808420838594913,0.003268863971641167
23.662000,-0.018718400805166624,0.003268863971641167
23.664000,-0.018718400805166624,-0.0018269294185202511
23.666000,-0.018718400805166624,-0.0018269294185202511
23.668000,-0.018718400805166624,-0.0018269294185202511
23.670000,-0.023808420838594913,0.003268863971641167
23.672000,-0.018718400805166624,0.003268863971641167
23.674000,-0.018718400805166624,0.003268863971641167
23.676000,-0.018718400805166624,0.003268863971641167
23.678000,-0.018718400805166624,0.003268863971641167
23.680000,-0.018718400805166624,0.003268863971641167
23.682000,-0.018718400805166624,0.003268863971641167
23.684000,-0.023808420838594913,0.003268863971641167
23.686000,-0.018718400805166624,-0.0018269294185202511
23.688000,-0.018718400805166624,0.003268863971641167
23.690000,-0.023808420838594913,-0.0018269294185202511
23.692000,-0.018718400805166624,0.003268863971641167
23.694000,-0.018718400805166624,0.003268863971641167
23.696000,-0.018718400805166624,0.003268863971641167
23.698000,-0.018718400805166624,0.003268863971641167
23.700000,-0.018718400805166624,0.003268863971641167
23.702000,-0.018718400805166624,0.003268863971641167
23.704000,-0.018718400805166624,0.003268863971641167
23.706000,-0.018718400805166624,0.003268863971641167
23.708000,-0.018718400805166624,0.003268863971641167
23.710000,-0.023808420838594913,0.003268863971641167
23.712000,-0.018718400805166624,0.003268863971641167
23.714000,-0.018718400805166624,0.003268863971641167
23.716000,-0.018718400805166624,0.003268863971641167
23.718000,-0.018718400805166624,0.003268863971641167
23.720000,-0.018718400805166624,0.003268863971641167
23.722000,-0.018718400805166624,0.003268863971641167
23.724000,-0.018718400805166624,0.003268863971641167
23.726000,-0.018718400805166624,0.003268863971641167
23.728000,-0.018718400805166624,0.003268863971641167
23.730000,-0.018718400805166624,-0.0018269294185202511
23.732000,-0.018718400805166624,0.003268863971641167
23.734000,-0.018718400805166624,0.003268863971641167
23.736000,-0.018718400805166624,-0.0018269294185202511
23.738000,-0.018718400805166624,-0.0018269294185202511
23.740000,-0.018718400805166624,0.003268863971641167
23.742000,-0.023808420838594913,0.003268863971641167
23.744000,-0.018718400805166624,0.003268863971641167
23.746000,-0.018718400805166624,0.003268863971641167
23.748000,-0.018718400805166624,0.003268863971641167
23.750000,-0.023808420838594913,0.003268863971641167
23.752000,-0.018718400805166624,0.003268863971641167
23.754000,-0.018718400805166624,0.003268863971641167
23.756000,-0.018718400805166624,-0.0018269294185202511
23.758000,-0.018718400805166624,-0.0018269294185202511
23.760000,-0.018718400805166624,0.003268863971641167
23.762000,-0.018718400805166624,0.003268863971641167
23.764000,-0.018718400805166624,0.003268863971641167
23.766000,-0.018718400805166624,0.003268863971641167
23.768000,-0.018718400805166624,0.003268863971641167
23.770000,-0.018718400805166624,0.003268863971641167
23.772000,-0.018718400805166624,0.003268863971641167
23.774000,-0.018718400805166624,0.003268863971641167
23.776000,-0.023808420838594913,-0.0018269294185202511
23.778000,-0.018718400805166624,-0.0018269294185202511
23.780000,-0.018718400805166624,0.003268863971641167
23.782000,-0.018718400805166624,-0.0018269294185202511
23.784000,-0.023808420838594913,-0.0018269294185202511
23.786000,-0.018718400805166624,-0.0018269294185202511
23.788000,-0.018718400805166624,0.003268863971641167
23.790000,-0.018718400805166624,-0.0018269294185202511
23.792000,-0.018718400805166624,0.003268863971641167
23.794000,-0.018718400805166624,-0.0018269294185202511
23.796000,-0.018718400805166624,0.003268863971641167
23.798000,-0.018718400805166624,0.003268863971641167
23.800000,-0.018718400805166624,-0.0018269294185202511
23.802000,-0.018718400805166624,-0.0018269294185202511
23.804000,-0.018718400805166624,0.003268863971641167
23.806000,-0.018718400805166624,0.003268863971641167
23.808000,-0.018718400805166624,0.003268863971641167
23.810000,-0.018718400805166624,0.003268863971641167
23.812000,-0.018718400805166624,0.003268863971641167
23.814000,-0.018718400805166624,-0.0018269294185202511
23.816000,-0.023808420838594913,0.003268863971641167
23.818000,-0.018718400805166624,0.003268863971641167
23.820000,-0.018718400805166624,0.003268863971641167
23.822000,-0.018718400805166624,0.003268863971641167
23.824000,-0.018718400805166624,-0.0018269294185202511
23.826000,-0.018718400805166624,-0.0018269294185202511
23.828000,-0.023808420838594913,0.003268863971641167
23.830000,-0.018718400805166624,0.003268863971641167
23.832000,-0.018718400805166624,0.003268863971641167
23.834000,-0.023808420838594913,-0.0018269294185202511
23.836000,-0.018718400805166624,0.003268863971641167
23.838000,-0.018718400805166624,0.003268863971641167
23.840000,-0.023808420838594913,0.003268863971641167
23.842000,-0.018718400805166624,0.003268863971641167
23.844000,-0.018718400805166624,-0.0018269294185202511
23.846000,-0.018718400805166624,-0.0018269294185202511
23.848000,-0.018718400805166624,0.003268863971641167
23.850000,-0.018718400805166624,0.003268863971641167
23.852000,-0.018718400805166624,0.003268863971641167
23.854000,-0.018718400805166624,0.003268863971641167
23.856000,-0.018718400805166624,-0.0018269294185202511
23.858000,-0.018718400805166624,0.003268863971641167
23.860000,-0.018718400805166624,-0.0018269294185202511
23.862000,-0.018718400805166624,0.003268863971641167
23.864000,-0.018718400805166624,0.003268863971641167
23.866000,-0.018718400805166624,0.003268863971641167
23.868000,-0.018718400805166624,0.003268863971641167
23.870000,-0.018718400805166624,0.003268863971641167
23.872000,-0.018718400805166624,0.003268863971641167
23.874000,-0.018718400805166624,0.003268863971641167
23.876000,-0.018718400805166624,0.003268863971641167
23.878000,-0.018718400805166624,0.003268863971641167
23.880000,-0.018718400805166624,0.003268863971641167
23.882000,-0.018718400805166624,0.003268863971641167
23.884000,-0.018718400805166624,0.003268863971641167
23.886000,-0.023808420838594913,0.003268863971641167
23.888000,-0.018718400805166624,0.003268863971641167
23.890000,-0.018718400805166624,0.003268863971641167
23.892000,-0.018718400805166624,0.003268863971641167
23.894000,-0.018718400805166624,0.003268863971641167
23.896000,-0.018718400805166624,0.003268863971641167
23.898000,-0.018718400805166624,0.003268863971641167
23.900000,-0.018718400805166624,0.003268863971641167
23.902000,-0.018718400805166624,-0.0018269294185202511
23.904000,-0.018718400805166624,0.003268863971641167
23.906000,-0.018718400805166624,0.003268863971641167
23.908000,-0.018718400805166624,0.003268863971641167
23.910000,-0.018718400805166624,0.003268863971641167
23.912000,-0.018718400805166624,0.003268863971641167
23.914000,-0.023808420838594913,0.003268863971641167
23.916000,-0.018718400805166624,0.003268863971641167
23.918000,-0.018718400805166624,0.003268863971641167
23.920000,-0.018718400805166624,0.003268863971641167
23.922000,-0.018718400805166624,-0.0018269294185202511
23.924000,-0.018718400805166624,0.003268863971641167
23.926000,-0.018718400805166624,-0.0018269294185202511
23.928000,-0.018718400805166624,0.003268863971641167
23.930000,-0.018718400805166624,0.003268863971641167
23.932000,-0.018718400805166624,0.003268863971641167
23.934000,-0.018718400805166624,0.003268863971641167
23.936000,-0.018718400805166624,0.003268863971641167
23.938000,-0.018718400805166624,0.003268863971641167
23.940000,-0.018718400805166624,0.003268863971641167
23.942000,-0.018718400805166624,0.003268863971641167
23.944000,-0.018718400805166624,0.003268863971641167
23.946000,-0.018718400805166624,0.003268863971641167
23.948000,-0.018718400805166624,0.003268863971641167
23.950000,-0.018718400805166624,0.003268863971641167
23.952000,-0.018718400805166624,0.003268863971641167
23.954000,-0.018718400805166624,0.003268863971641167
23.956000,-0.018718400805166624,0.003268863971641167
23.958000,-0.018718400805166624,0.003268863971641167
23.960000,-0.018718400805166624,-0.0018269294185202511
23.962000,-0.018718400805166624,0.003268863971641167
23.964000,-0.018718400805166624,0.003268863971641167
23.966000,-0.018718400805166624,0.003268863971641167
23.968000,-0.018718400805166624,0.003268863971641167
23.970000,-0.018718400805166624,-0.0018269294185202511
23.972000,-0.018718400805166624,-0.0018269294185202511
23.974000,-0.018718400805166624,0.003268863971641167
23.976000,-0.018718400805166624,0.003268863971641167
23.978000,-0.018718400805166624,0.003268863971641167
23.980000,-0.018718400805166624,0.003268863971641167
23.982000,-0.018718400805166624,0.003268863971641167
23.984000,-0.018718400805166624,0.003268863971641167
23.986000,-0.018718400805166624,0.003268863971641167
23.988000,-0.018718400805166624,0.003268863971641167
23.990000,-0.018718400805166624,0.003268863971641167
23.992000,-0.018718400805166624,-0.0018269294185202511
23.994000,-0.018718400805166624,-0.0018269294185202511
23.996000,-0.018718400805166624,0.003268863971641167
23.998000,-0.018718400805166624,-0.0018269294185202511
24.000000,-0.018718400805166624,0.003268863971641167
24.002000,-0.018718400805166624,-0.0018269294185202511
24.004000,-0.018718400805166624,0.003268863971641167
24.006000,-0.018718400805166624,-0.0018269294185202511
24.008000,-0.018718400805166624,0.003268863971641167
24.010000,-0.018718400805166624,0.003268863971641167
24.012000,-0.018718400805166624,0.003268863971641167
24.014000,-0.018718400805166624,-0.0018269294185202511
24.016000,-0.018718400805166624,0.003268863971641167
24.018000,-0.018718400805166624,0.003268863971641167
24.020000,-0.018718400805166624,-0.0018269294185202511
24.022000,-0.018718400805166624,0.003268863971641167
24.024000,-0.018718400805166624,0.003268863971641167
24.026000,-0.018718400805166624,0.003268863971641167
24.028000,-0.018718400805166624,0.003268863971641167
24.030000,-0.018718400805166624,-0.0018269294185202511
24.032000,-0.018718400805166624,0.003268863971641167
24.034000,-0.018718400805166624,0.003268863971641167
24.036000,-0.018718400805166624,0.003268863971641167
24.038000,-0.018718400805166624,0.003268863971641167
24.040000,-0.018718400805166624,0.003268863971641167
24.042000,-0.018718400805166624,0.003268863971641167
24.044000,-0.018718400805166624,-0.0018269294185202511
24.046000,-0.018718400805166624,0.003268863971641167
24.048000,-0.018718400805166624,-0.0018269294185202511
24.050000,-0.018718400805166624,-0.0018269294185202511
24.052000,-0.018718400805166624,-0.0018269294185202511
24.054000,-0.018718400805166624,0.003268863971641167
24.056000,-0.018718400805166624,0.003268863971641167
24.058000,-0.018718400805166624,0.003268863971641167
24.060000,-0.018718400805166624,0.003268863971641167
24.062000,-0.018718400805166624,-0.0018269294185202511
24.064000,-0.018718400805166624,0.003268863971641167
24.066000,-0.018718400805166624,0.003268863971641167
24.068000,-0.018718400805166624,0.003268863971641167
24.070000,-0.018718400805166624,0.003268863971641167
24.072000,-0.018718400805166624,0.003268863971641167
24.074000,-0.018718400805166624,0.003268863971641167
24.076000,-0.018718400805166624,0.003268863971641167
24.078000,-0.018718400805166624,0.003268863971641167
24.080000,-0.018718400805166624,0.003268863971641167
24.082000,-0.018718400805166624,0.003268863971641167
24.084000,-0.018718400805166624,0.003268863971641167
24.086000,-0.018718400805166624,0.003268863971641167
24.088000,-0.018718400805166624,-0.0018269294185202511
24.090000,-0.018718400805166624,0.003268863971641167
24.092000,-0.018718400805166624,0.003268863971641167
24.094000,-0.018718400805166624,0.003268863971641167
24.096000,-0.018718400805166624,0.003268863971641167
24.098000,-0.018718400805166624,0.003268863971641167
24.100000,-0.018718400805166624,0.003268863971641167
24.102000,-0.018718400805166624,0.003268863971641167
24.104000,-0.018718400805166624,-0.0018269294185202511
24.106000,-0.018718400805166624,0.003268863971641167
24.108000,-0.018718400805166624,0.003268863971641167
24.110000,-0.018718400805166624,-0.0018269294185202511
24.112000,-0.018718400805166624,0.003268863971641167
24.114000,-0.018718400805166624,0.003268863971641167
24.116000,-0.018718400805166624,0.003268863971641167
24.118000,-0.018718400805166624,0.003268863971641167
24.120000,-0.018718400805166624,0.003268863971641167
24.122000,-0.018718400805166624,-0.0018269294185202511
24.124000,-0.018718400805166624,0.003268863971641167
24.126000,-0.018718400805166624,0.003268863971641167
24.128000,-0.018718400805166624,0.003268863971641167
24.130000,-0.018718400805166624,0.003268863971641167
24.132000,-0.018718400805166624,-0.0018269294185202511
24.134000,-0.018718400805166624,0.003268863971641167
24.136000,-0.018718400805166624,0.003268863971641167
24.138000,-0.018718400805166624,0.003268863971641167
24.140000,-0.018718400805166624,0.003268863971641167
24.142000,-0.018718400805166624,-0.0018269294185202511
24.144000,-0.018718400805166624,-0.0018269294185202511
24.146000,-0.018718400805166624,0.003268863971641167
24.148000,-0.018718400805166624,-0.0018269294185202511
24.150000,-0.018718400805166624,-0.0018269294185202511
24.152000,-0.018718400805166624,-0.0018269294185202511
24.154000,-0.018718400805166624,-0.0018269294185202511
24.156000,-0.018718400805166624,0.003268863971641167
24.158000,-0.018718400805166624,0.003268863971641167
24.160000,-0.018718400805166624,0.003268863971641167
24.162000,-0.018718400805166624,0.003268863971641167
24.164000,-0.018718400805166624,0.003268863971641167
24.166000,-0.018718400805166624,0.003268863971641167
24.168000,-0.018718400805166624,0.003268863971641167
24.170000,-0.018718400805166624,0.003268863971641167
24.172000,-0.018718400805166624,0.003268863971641167
24.174000,-0.018718400805166624,-0.0018269294185202511
24.176000,-0.018718400805166624,0.003268863971641167
24.178000,-0.018718400805166624,0.003268863971641167
24.180000,-0.013628380771740112,0.003268863971641167
24.182000,-0.018718400805166624,0.003268863971641167
24.184000,-0.018718400805166624,-0.0018269294185202511
24.186000,-0.018718400805166624,0.003268863971641167
24.188000,-0.018718400805166624,0.003268863971641167
24.190000,-0.018718400805166624,0.003268863971641167
24.192000,-0.018718400805166624,0.003268863971641167
24.194000,-0.018718400805166624,0.003268863971641167
24.196000,-0.018718400805166624,0.003268863971641167
24.198000,-0.018718400805166624,0.003268863971641167
24.200000,-0.018718400805166624,0.003268863971641167
24.202000,-0.018718400805166624,0.003268863971641167
24.204000,-0.018718400805166624,0.003268863971641167
24.206000,-0.018718400805166624,-0.0018269294185202511
24.208000,-0.018718400805166624,0.003268863971641167
24.210000,-0.018718400805166624,-0.0018269294185202511
24.212000,-0.018718400805166624,-0.0018269294185202511
24.214000,-0.018718400805166624,0.003268863971641167
24.216000,-0.018718400805166624,-0.0018269294185202511
24.218000,-0.018718400805166624,0.003268863971641167
24.220000,-0.018718400805166624,0.003268863971641167
24.222000,-0.018718400805166624,0.003268863971641167
24.224000,-0.018718400805166624,0.003268863971641167
24.226000,-0.013628380771740112,0.003268863971641167
24.228000,-0.013628380771740112,0.003268863971641167
24.230000,-0.018718400805166624,-0.0018269294185202511
24.232000,-0.018718400805166624,0.003268863971641167
24.234000,-0.018718400805166624,0.003268863971641167
24.236000,-0.013628380771740112,0.003268863971641167
24.238000,-0.018718400805166624,0.003268863971641167
24.240000,-0.018718400805166624,0.003268863971641167
24.242000,-0.018718400805166624,0.003268863971641167
24.244000,-0.018718400805166624,0.003268863971641167
24.246000,-0.018718400805166624,0.003268863971641167
24.248000,-0.018718400805166624,0.003268863971641167
24.250000,-0.018718400805166624,0.003268863971641167
24.252000,-0.013628380771740112,0.003268863971641167
24.254000,-0.018718400805166624,0.003268863971641167
24.256000,-0.013628380771740112,-0.0018269294185202511
24.258000,-0.018718400805166624,-0.0018269294185202511
24.260000,-0.018718400805166624,-0.0018269294185202511
24.262000,-0.018718400805166624,-0.0018269294185202511
24.264000,-0.013628380771740112,0.003268863971641167
24.266000,-0.018718400805166624,0.003268863971641167
24.268000,-0.018718400805166624,0.003268863971641167
24.270000,-0.018718400805166624,0.003268863971641167
24.272000,-0.018718400805166624,0.003268863971641167
24.274000,-0.018718400805166624,0.003268863971641167
24.276000,-0.018718400805166624,0.003268863971641167
24.278000,-0.018718400805166624,0.003268863971641167
24.280000,-0.013628380771740112,-0.0018269294185202511
24.282000,-0.018718400805166624,0.003268863971641167
24.284000,-0.018718400805166624,0.003268863971641167
24.286000,-0.018718400805166624,0.003268863971641167
24.288000,-0.018718400805166624,0.003268863971641167
24.290000,-0.018718400805166624,0.003268863971641167
24.292000,-0.018718400805166624,0.003268863971641167
24.294000,-0.018718400805166624,0.003268863971641167
24.296000,-0.018718400805166624,0.003268863971641167
24.298000,-0.018718400805166624,0.003268863971641167
24.300000,-0.018718400805166624,0.003268863971641167
24.302000,-0.018718400805166624,0.003268863971641167
24.304000,-0.018718400805166624,-0.0018269294185202511
24.306000,-0.018718400805166624,-0.0018269294185202511
24.308000,-0.018718400805166624,-0.0018269294185202511
24.310000,-0.013628380771740112,0.003268863971641167
24.312000,-0.018718400805166624,0.003268863971641167
24.314000,-0.018718400805166624,0.003268863971641167
24.316000,-0.013628380771740112,0.003268863971641167
24.318000,-0.018718400805166624,-0.0018269294185202511
24.320000,-0.018718400805166624,0.003268863971641167
24.322000,-0.018718400805166624,0.003268863971641167
24.324000,-0.018718400805166624,0.003268863971641167
24.326000,-0.013628380771740112,0.003268863971641167
24.328000,-0.018718400805166624,-0.0018269294185202511
24.330000,-0.018718400805166624,0.003268863971641167
24.332000,-0.013628380771740112,0.003268863971641167
24.334000,-0.018718400805166624,0.003268863971641167
24.336000,-0.018718400805166624,0.003268863971641167
24.338000,-0.013628380771740112,0.003268863971641167
24.340000,-0.013628380771740112,-0.0018269294185202511
24.342000,-0.013628380771740112,0.003268863971641167
24.344000,-0.013628380771740112,-0.0018269294185202511
24.346000,-0.018718400805166624,0.003268863971641167
24.348000,-0.018718400805166624,0.003268863971641167
24.350000,-0.013628380771740112,-0.0018269294185202511
24.352000,-0.013628380771740112,0.003268863971641167
24.354000,-0.018718400805166624,0.003268863971641167
24.356000,-0.018718400805166624,0.003268863971641167
24.358000,-0.018718400805166624,0.003268863971641167
24.360000,-0.013628380771740112,0.003268863971641167
24.362000,-0.013628380771740112,0.003268863971641167
24.364000,-0.013628380771740112,0.003268863971641167
24.366000,-0.013628380771740112,0.003268863971641167
24.368000,-0.013628380771740112,-0.0018269294185202511
24.370000,-0.013628380771740112,-0.0018269294185202511
24.372000,-0.013628380771740112,0.003268863971641167
24.374000,-0.013628380771740112,0.003268863971641167
24.376000,-0.013628380771740112,0.003268863971641167
24.378000,-0.013628380771740112,0.003268863971641167
24.380000,-0.013628380771740112,0.003268863971641167
24.382000,-0.013628380771740112,0.003268863971641167
24.384000,-0.013628380771740112,0.003268863971641167
24.386000,-0.013628380771740112,0.003268863971641167
24.388000,-0.013628380771740112,-0.0018269294185202511
24.390000,-0.013628380771740112,-0.0018269294185202511
24.392000,-0.013628380771740112,0.003268863971641167
24.394000,-0.013628380771740112,0.003268863971641167
24.396000,-0.013628380771740112,0.003268863971641167
24.398000,-0.013628380771740112,0.003268863971641167
24.400000,-0.013628380771740112,0.003268863971641167
24.402000,-0.013628380771740112,0.003268863971641167
24.404000,-0.013628380771740112,0.003268863971641167
24.406000,-0.013628380771740112,0.003268863971641167
24.408000,-0.013628380771740112,-0.0018269294185202511
24.410000,-0.013628380771740112,0.003268863971641167
24.412000,-0.013628380771740112,0.003268863971641167
24.414000,-0.013628380771740112,0.003268863971641167
24.416000,-0.013628380771740112,0.003268863971641167
24.418000,-0.013628380771740112,0.003268863971641167
24.420000,-0.013628380771740112,0.003268863971641167
24.422000,-0.013628380771740112,0.003268863971641167
24.424000,-0.013628380771740112,0.003268863971641167
24.426000,-0.013628380771740112,0.003268863971641167
24.428000,-0.013628380771740112,0.003268863971641167
24.430000,-0.013628380771740112,0.003268863971641167
24.432000,-0.013628380771740112,-0.0018269294185202511
24.434000,-0.013628380771740112,0.003268863971641167
24.436000,-0.013628380771740112,-0.0018269294185202511
24.438000,-0.013628380771740112,0.003268863971641167
24.440000,-0.013628380771740112,0.003268863971641167
24.442000,-0.013628380771740112,0.003268863971641167
24.444000,-0.013628380771740112,0.003268863971641167
24.446000,-0.013628380771740112,0.003268863971641167
24.448000,-0.013628380771740112,0.003268863971641167
24.450000,-0.013628380771740112,0.003268863971641167
24.452000,-0.013628380771740112,0.003268863971641167
24.454000,-0.013628380771740112,0.003268863971641167
24.456000,-0.013628380771740112,0.003268863971641167
24.458000,-0.013628380771740112,0.003268863971641167
24.460000,-0.013628380771740112,-0.0018269294185202511
24.462000,-0.013628380771740112,-0.0018269294185202511
24.464000,-0.013628380771740112,0.003268863971641167
24.466000,-0.013628380771740112,0.003268863971641167
24.468000,-0.013628380771740112,0.003268863971641167
24.470000,-0.013628380771740112,0.003268863971641167
24.472000,-0.013628380771740112,-0.0018269294185202511
24.474000,-0.013628380771740112,0.003268863971641167
24.476000,-0.013628380771740112,0.003268863971641167
24.478000,-0.013628380771740112,0.003268863971641167
24.480000,-0.013628380771740112,0.003268863971641167
24.482000,-0.013628380771740112,0.003268863971641167
24.484000,-0.013628380771740112,0.003268863971641167
24.486000,-0.013628380771740112,0.003268863971641167
24.488000,-0.013628380771740112,0.003268863971641167
24.490000,-0.013628380771740112,0.003268863971641167
24.492000,-0.013628380771740112,0.003268863971641167
24.494000,-0.013628380771740112,0.003268863971641167
24.496000,-0.013628380771740112,0.003268863971641167
24.498000,-0.013628380771740112,0.003268863971641167
24.500000,-0.013628380771740112,0.003268863971641167
24.502000,-0.013628380771740112,0.003268863971641167
24.504000,-0.013628380771740112,0.003268863971641167
24.506000,-0.013628380771740112,-0.0018269294185202511
24.508000,-0.013628380771740112,0.003268863971641167
24.510000,-0.013628380771740112,-0.0018269294185202511
24.512000,-0.013628380771740112,0.003268863971641167
24.514000,-0.013628380771740112,0.003268863971641167
24.516000,-0.013628380771740112,0.003268863971641167
24.518000,-0.013628380771740112,-0.0018269294185202511
24.520000,-0.013628380771740112,0.003268863971641167
24.522000,-0.013628380771740112,-0.0018269294185202511
24.524000,-0.013628380771740112,0.003268863971641167
24.526000,-0.013628380771740112,-0.0018269294185202511
24.528000,-0.0085383607383136,0.003268863971641167
24.530000,-0.013628380771740112,0.003268863971641167
24.532000,-0.0085383607383136,0.003268863971641167
24.534000,-0.0085383607383136,-0.0018269294185202511
24.536000,-0.013628380771740112,-0.0018269294185202511
24.538000,-0.0085383607383136,0.003268863971641167
24.540000,-0.0085383607383136,0.003268863971641167
24.542000,-0.0085383607383136,0.003268863971641167
24.544000,-0.0085383607383136,0.003268863971641167
24.546000,-0.0085383607383136,0.003268863971641167
24.548000,-0.0085383607383136,0.003268863971641167
24.550000,-0.0085383607383136,0.003268863971641167
24.552000,-0.0085383607383136,0.003268863971641167
24.554000,-0.0085383607383136,-0.0018269294185202511
24.556000,-0.0085383607383136,0.003268863971641167
24.558000,-0.0085383607383136,0.003268863971641167
24.560000,-0.0085383607383136,0.003268863971641167
24.562000,-0.0085383607383136,0.003268863971641167
24.564000,-0.0085383607383136,-0.0018269294185202511
24.566000,-0.0085383607383136,-0.0018269294185202511
24.568000,-0.0085383607383136,-0.0018269294185202511
24.570000,-0.0085383607383136,0.003268863971641167
24.572000,-0.0085383607383136,-0.0018269294185202511
24.574000,-0.0085383607383136,0.003268863971641167
24.576000,-0.0085383607383136,-0.0018269294185202511
24.578000,-0.0085383607383136,0.003268863971641167
24.580000,-0.0085383607383136,0.003268863971641167
24.582000,-0.0085383607383136,-0.0018269294185202511
24.584000,-0.0034483407048870873,-0.0018269294185202511
24.586000,-0.0085383607383136,-0.0018269294185202511
24.588000,-0.0085383607383136,-0.0018269294185202511
24.590000,-0.0034483407048870873,0.003268863971641167
24.592000,-0.0034483407048870873,-0.0018269294185202511
24.594000,-0.0034483407048870873,0.003268863971641167
24.596000,-0.0085383607383136,0.003268863971641167
24.598000,-0.0034483407048870873,0.003268863971641167
24.600000,-0.0034483407048870873,-0.0018269294185202511
24.602000,-0.0034483407048870873,0.003268863971641167
24.604000,-0.0034483407048870873,0.003268863971641167
24.606000,-0.0034483407048870873,-0.0018269294185202511
24.608000,-0.0034483407048870873,0.003268863971641167
24.610000,-0.0034483407048870873,0.003268863971641167
24.612000,-0.0034483407048870873,0.003268863971641167
24.614000,-0.0034483407048870873,0.003268863971641167
24.616000,-0.0034483407048870873,-0.0018269294185202511
24.618000,-0.0034483407048870873,0.003268863971641167
24.620000,-0.0034483407048870873,0.003268863971641167
24.622000,-0.0034483407048870873,0.003268863971641167
24.624000,-0.0034483407048870873,0.003268863971641167
24.626000,-0.0034483407048870873,0.003268863971641167
24.628000,-0.0034483407048870873,0.003268863971641167
24.630000,-0.0034483407048870873,0.003268863971641167
24.632000,-0.0034483407048870873,-0.0018269294185202511
24.634000,0.0016416793285394249,0.003268863971641167
24.636000,0.0016416793285394249,-0.0018269294185202511
24.638000,0.0016416793285394249,0.003268863971641167
24.640000,0.0016416793285394249,0.003268863971641167
24.642000,0.0016416793285394249,0.003268863971641167
24.644000,0.0016416793285394249,-0.0018269294185202511
24.646000,0.0016416793285394249,0.003268863971641167
24.648000,0.0016416793285394249,0.003268863971641167
24.650000,0.0016416793285394249,0.003268863971641167
24.652000,0.0016416793285394249,-0.0018269294185202511
24.654000,0.0016416793285394249,0.003268863971641167
24.656000,0.0016416793285394249,-0.0018269294185202511
24.658000,0.0016416793285394249,-0.0018269294185202511
24.660000,0.0016416793285394249,-0.0018269294185202511
24.662000,0.0016416793285394249,0.003268863971641167
24.664000,0.0016416793285394249,0.003268863971641167
24.666000,0.0016416793285394249,0.003268863971641167
24.668000,0.006731699361965937,0.003268863971641167
24.670000,0.006731699361965937,0.003268863971641167
24.672000,0.006731699361965937,-0.0018269294185202511
24.674000,0.006731699361965937,0.003268863971641167
24.676000,0.006731699361965937,-0.0018269294185202511
24.678000,0.006731699361965937,0.003268863971641167
24.680000,0.006731699361965937,0.003268863971641167
24.682000,0.006731699361965937,-0.0018269294185202511
24.684000,0.006731699361965937,0.003268863971641167
24.686000,0.006731699361965937,0.003268863971641167
24.688000,0.006731699361965937,0.003268863971641167
24.690000,0.006731699361965937,-0.0018269294185202511
24.692000,0.011821719395394226,0.003268863971641167
24.694000,0.011821719395394226,-0.0018269294185202511
24.696000,0.011821719395394226,0.003268863971641167
24.698000,0.011821719395394226,0.003268863971641167
24.700000,0.011821719395394226,0.003268863971641167
24.702000,0.011821719395394226,0.003268863971641167
24.704000,0.011821719395394226,0.003268863971641167
24.706000,0.011821719395394226,-0.0018269294185202511
24.708000,0.016911739428820738,0.003268863971641167
24.710000,0.011821719395394226,0.003268863971641167
24.712000,0.016911739428820738,0.003268863971641167
24.714000,0.016911739428820738,0.003268863971641167
24.716000,0.016911739428820738,-0.0018269294185202511
24.718000,0.016911739428820738,0.003268863971641167
24.720000,0.016911739428820738,0.003268863971641167
24.722000,0.016911739428820738,-0.0018269294185202511
24.724000,0.016911739428820738,0.003268863971641167
24.726000,0.016911739428820738,0.003268863971641167
24.728000,0.016911739428820738,0.003268863971641167
24.730000,0.016911739428820738,0.003268863971641167
24.732000,0.016911739428820738,0.003268863971641167
24.734000,0.02200175946224725,0.003268863971641167
24.736000,0.02200175946224725,0.003268863971641167
24.738000,0.02200175946224725,0.003268863971641167
24.740000,0.02200175946224725,-0.0018269294185202511
24.742000,0.02200175946224725,0.003268863971641167
24.744000,0.02200175946224725,-0.0018269294185202511
24.746000,0.027091779495673762,0.003268863971641167
24.748000,0.027091779495673762,0.003268863971641167
24.750000,0.027091779495673762,0.003268863971641167
24.752000,0.027091779495673762,0.003268863971641167
24.754000,0.027091779495673762,0.003268863971641167
24.756000,0.027091779495673762,0.003268863971641167
24.758000,0.027091779495673762,0.003268863971641167
24.760000,0.032181799529100275,0.003268863971641167
24.762000,0.032181799529100275,-0.0018269294185202511
24.764000,0.032181799529100275,-0.0018269294185202511
24.766000,0.032181799529100275,0.003268863971641167
24.768000,0.03727181956252679,0.003268863971641167
24.770000,0.03727181956252679,-0.0018269294185202511
24.772000,0.03727181956252679,0.003268863971641167
24.774000,0.03727181956252679,-0.0018269294185202511
24.776000,0.03727181956252679,0.003268863971641167
24.778000,0.03727181956252679,-0.0018269294185202511
24.780000,0.0423618395959533,0.003268863971641167
24.782000,0.0423618395959533,-0.0018269294185202511
24.784000,0.0423618395959533,0.003268863971641167
24.786000,0.0423618395959533,0.003268863971641167
24.788000,0.0423618395959533,-0.0018269294185202511
24.790000,0.0423618395959533,0.003268863971641167
24.792000,0.0423618395959533,0.003268863971641167
24.794000,0.0423618395959533,0.003268863971641167
24.796000,0.0423618395959533,-0.0018269294185202511
24.798000,0.04745185962938159,-0.0018269294185202511
24.800000,0.04745185962938159,-0.0018269294185202511
24.802000,0.04745185962938159,0.003268863971641167
24.804000,0.04745185962938159,0.003268863971641167
24.806000,0.04745185962938159,-0.0018269294185202511
24.808000,0.04745185962938159,0.003268863971641167
24.810000,0.04745185962938159,0.003268863971641167
24.812000,0.0525418796628081,0.003268863971641167
24.814000,0.0525418796628081,0.003268863971641167
24.816000,0.0525418796628081,0.003268863971641167
24.818000,0.0525418796628081,-0.0018269294185202511
24.820000,0.05763189969623461,0.003268863971641167
24.822000,0.05763189969623461,0.003268863971641167
24.824000,0.05763189969623461,0.003268863971641167
24.826000,0.05763189969623461,0.003268863971641167
24.828000,0.05763189969623461,0.003268863971641167
24.830000,0.05763189969623461,-0.0018269294185202511
24.832000,0.05763189969623461,-0.0018269294185202511
24.834000,0.06272191972966112,-0.0018269294185202511
24.836000,0.06272191972966112,0.003268863971641167
24.838000,0.06272191972966112,0.003268863971641167
24.840000,0.06272191972966112,0.003268863971641167
24.842000,0.06272191972966112,-0.0018269294185202511
24.844000,0.06272191972966112,0.003268863971641167
24.846000,0.06272191972966112,0.003268863971641167
24.848000,0.06781193976308764,0.003268863971641167
24.850000,0.06781193976308764,0.003268863971641167
24.852000,0.06781193976308764,-0.0018269294185202511
24.854000,0.06781193976308764,0.003268863971641167
24.856000,0.06781193976308764,0.003268863971641167
24.858000,0.06781193976308764,0.003268863971641167
24.860000,0.07290195979651415,0.003268863971641167
24.862000,0.07290195979651415,0.003268863971641167
24.864000,0.07290195979651415,0.003268863971641167
24.866000,0.07290195979651415,-0.0018269294185202511
24.868000,0.07290195979651415,0.003268863971641167
24.870000,0.07290195979651415,0.003268863971641167
24.872000,0.07290195979651415,-0.0018269294185202511
24.874000,0.07290195979651415,0.003268863971641167
24.876000,0.07799197982994244,-0.0018269294185202511
24.878000,0.07290195979651415,0.003268863971641167
24.880000,0.07290195979651415,0.003268863971641167
24.882000,0.07799197982994244,0.003268863971641167
24.884000,0.07799197982994244,-0.0018269294185202511
24.886000,0.07799197982994244,0.003268863971641167
24.888000,0.07799197982994244,0.003268863971641167
24.890000,0.07799197982994244,0.003268863971641167
24.892000,0.07799197982994244,-0.0018269294185202511
24.894000,0.07799197982994244,0.003268863971641167
24.896000,0.08308199986336895,-0.0018269294185202511
24.898000,0.08308199986336895,-0.0018269294185202511
24.900000,0.08308199986336895,0.003268863971641167
24.902000,0.08308199986336895,0.003268863971641167
24.904000,0.08308199986336895,0.003268863971641167
24.906000,0.08308199986336895,-0.0018269294185202511
24.908000,0.08308199986336895,-0.0018269294185202511
24.910000,0.08308199986336895,0.003268863971641167
24.912000,0.08308199986336895,0.003268863971641167
24.914000,0.08308199986336895,0.003268863971641167
24.916000,0.08308199986336895,0.003268863971641167
24.918000,0.08308199986336895,0.003268863971641167
24.920000,0.08308199986336895,0.003268863971641167
24.922000,0.08308199986336895,0.003268863971641167
24.924000,0.08308199986336895,0.003268863971641167
24.926000,0.08308199986336895,-0.0018269294185202511
24.928000,0.08308199986336895,-0.0018269294185202511
24.930000,0.08308199986336895,0.003268863971641167
24.932000,0.08308199986336895,0.003268863971641167
24.934000,0.08308199986336895,0.003268863971641167
24.936000,0.08308199986336895,0.003268863971641167
24.938000,0.08308199986336895,0.003268863971641167
24.940000,0.08308199986336895,0.003268863971641167
24.942000,0.08308199986336895,-0.0018269294185202511
24.944000,0.08308199986336895,0.003268863971641167
24.946000,0.08308199986336895,-0.0018269294185202511
24.948000,0.08308199986336895,-0.0018269294185202511
24.950000,0.08308199986336895,0.003268863971641167
24.952000,0.08308199986336895,0.003268863971641167
24.954000,0.08817201989679546,0.003268863971641167
24.956000,0.08308199986336895,0.003268863971641167
24.958000,0.08308199986336895,0.003268863971641167
24.960000,0.08817201989679546,0.003268863971641167
24.962000,0.08817201989679546,0.003268863971641167
24.964000,0.08817201989679546,0.003268863971641167
24.966000,0.08308199986336895,0.003268863971641167
24.968000,0.08817201989679546,0.003268863971641167
24.970000,0.08308199986336895,0.003268863971641167
24.972000,0.08817201989679546,-0.0018269294185202511
24.974000,0.08308199986336895,-0.0018269294185202511
24.976000,0.08817201989679546,-0.0018269294185202511
24.978000,0.08817201989679546,0.003268863971641167
24.980000,0.08308199986336895,-0.0018269294185202511
24.982000,0.08817201989679546,0.003268863971641167
24.984000,0.08817201989679546,0.003268863971641167
24.986000,0.08817201989679546,0.003268863971641167
24.988000,0.08817201989679546,-0.0018269294185202511
24.990000,0.08817201989679546,0.003268863971641167
24.992000,0.08817201989679546,0.003268863971641167
24.994000,0.08817201989679546,0.003268863971641167
24.996000,0.08817201989679546,0.003268863971641167
24.998000,0.08817201989679546,0.003268863971641167
25.000000,0.08817201989679546,0.003268863971641167
25.002000,0.08817201989679546,-0.0018269294185202511
25.004000,0.08817201989679546,0.003268863971641167
25.006000,0.08817201989679546,-0.0018269294185202511
25.008000,0.08817201989679546,0.003268863971641167
25.010000,0.08817201989679546,-0.0018269294185202511
25.012000,0.08817201989679546,0.003268863971641167
25.014000,0.08817201989679546,0.003268863971641167
25.016000,0.08817201989679546,0.003268863971641167
25.018000,0.08817201989679546,0.003268863971641167
25.020000,0.08817201989679546,0.003268863971641167
25.022000,0.08817201989679546,-0.0018269294185202511
25.024000,0.08817201989679546,-0.0018269294185202511
25.026000,0.08817201989679546,0.003268863971641167
25.028000,0.08817201989679546,0.003268863971641167
25.030000,0.08817201989679546,0.003268863971641167
25.032000,0.08817201989679546,-0.0018269294185202511
25.034000,0.08817201989679546,0.003268863971641167
25.036000,0.08817201989679546,0.003268863971641167
25.038000,0.08817201989679546,0.003268863971641167
25.040000,0.08817201989679546,-0.0018269294185202511
25.042000,0.08817201989679546,0.003268863971641167
25.044000,0.08308199986336895,0.003268863971641167
25.046000,0.08817201989679546,-0.0018269294185202511
25.048000,0.08817201989679546,0.003268863971641167
25.050000,0.08308199986336895,0.003268863971641167
25.052000,0.08308199986336895,0.003268863971641167
25.054000,0.08308199986336895,0.003268863971641167
25.056000,0.08308199986336895,-0.0018269294185202511
25.058000,0.08308199986336895,0.003268863971641167
25.060000,0.08308199986336895,0.003268863971641167
25.062000,0.08308199986336895,-0.0018269294185202511
25.064000,0.08308199986336895,0.003268863971641167
25.066000,0.07799197982994244,0.003268863971641167
25.068000,0.08308199986336895,-0.0018269294185202511
25.070000,0.07799197982994244,-0.0018269294185202511
25.072000,0.07799197982994244,0.003268863971641167
25.074000,0.07290195979651415,0.003268863971641167
25.076000,0.07290195979651415,-0.0018269294185202511
25.078000,0.07290195979651415,0.003268863971641167
25.080000,0.07290195979651415,0.003268863971641167
25.082000,0.07290195979651415,-0.0018269294185202511
25.084000,0.07290195979651415,0.003268863971641167
25.086000,0.06781193976308764,-0.0018269294185202511
25.088000,0.06781193976308764,0.003268863971641167
25.090000,0.06781193976308764,-0.0018269294185202511
25.092000,0.06272191972966112,-0.0018269294185202511
25.094000,0.06272191972966112,-0.0018269294185202511
25.096000,0.06272191972966112,0.003268863971641167
25.098000,0.05763189969623461,0.003268863971641167
25.100000,0.05763189969623461,0.003268863971641167
25.102000,0.05763189969623461,0.003268863971641167
25.104000,0.0525418796628081,0.003268863971641167
25.106000,0.0525418796628081,0.003268863971641167
25.108000,0.0525418796628081,0.003268863971641167
25.110000,0.0525418796628081,0.003268863971641167
25.112000,0.0525418796628081,0.003268863971641167
25.114000,0.0525418796628081,0.003268863971641167
25.116000,0.0525418796628081,0.003268863971641167
25.118000,0.05763189969623461,0.003268863971641167
25.120000,0.0525418796628081,-0.0018269294185202511
25.122000,0.0525418796628081,0.003268863971641167
25.124000,0.0525418796628081,0.003268863971641167
25.126000,0.0525418796628081,0.003268863971641167
25.128000,0.04745185962938159,-0.0018269294185202511
25.130000,0.04745185962938159,0.003268863971641167
25.132000,0.04745185962938159,-0.0018269294185202511
25.134000,0.04745185962938159,-0.0018269294185202511
25.136000,0.04745185962938159,0.003268863971641167
25.138000,0.04745185962938159,-0.0018269294185202511
25.140000,0.04745185962938159,-0.0018269294185202511
25.142000,0.0423618395959533,-0.0018269294185202511
25.144000,0.0423618395959533,0.003268863971641167
25.146000,0.0423618395959533,0.003268863971641167
25.148000,0.0423618395959533,0.003268863971641167
25.150000,0.0423618395959533,-0.0018269294185202511
25.152000,0.0423618395959533,0.003268863971641167
25.154000,0.0423618395959533,0.003268863971641167
25.156000,0.03727181956252679,0.003268863971641167
25.158000,0.03727181956252679,0.003268863971641167
25.160000,0.03727181956252679,0.003268863971641167
25.162000,0.032181799529100275,0.003268863971641167
25.164000,0.032181799529100275,0.003268863971641167
25.166000,0.032181799529100275,0.003268863971641167
25.168000,0.027091779495673762,0.003268863971641167
25.170000,0.027091779495673762,0.003268863971641167
25.172000,0.027091779495673762,0.003268863971641167
25.174000,0.027091779495673762,0.003268863971641167
25.176000,0.02200175946224725,0.003268863971641167
25.178000,0.02200175946224725,0.003268863971641167
25.180000,0.016911739428820738,-0.0018269294185202511
25.182000,0.016911739428820738,0.003268863971641167
25.184000,0.016911739428820738,0.003268863971641167
25.186000,0.016911739428820738,0.003268863971641167
25.188000,0.011821719395394226,0.003268863971641167
25.190000,0.011821719395394226,0.003268863971641167
25.192000,0.006731699361965937,0.003268863971641167
25.194000,0.006731699361965937,0.003268863971641167
25.196000,0.006731699361965937,-0.0018269294185202511
25.198000,0.006731699361965937,-0.0018269294185202511
25.200000,0.0016416793285394249,-0.0018269294185202511
25.202000,-0.0034483407048870873,0.003268863971641167
25.204000,-0.0034483407048870873,-0.0018269294185202511
25.206000,-0.0034483407048870873,0.003268863971641167
25.208000,-0.0085383607383136,0.003268863971641167
25.210000,-0.0085383607383136,0.003268863971641167
25.212000,-0.0034483407048870873,-0.0018269294185202511
25.214000,-0.0085383607383136,-0.0018269294185202511
25.216000,-0.0085383607383136,0.003268863971641167
25.218000,-0.0085383607383136,-0.0018269294185202511
25.220000,-0.0085383607383136,-0.0018269294185202511
25.222000,-0.0085383607383136,0.003268863971641167
25.224000,-0.0085383607383136,0.003268863971641167
25.226000,-0.0085383607383136,-0.0018269294185202511
25.228000,-0.0085383607383136,-0.0018269294185202511
25.230000,-0.013628380771740112,0.003268863971641167
25.232000,-0.013628380771740112,0.003268863971641167
25.234000,-0.013628380771740112,0.003268863971641167
25.236000,-0.013628380771740112,-0.0018269294185202511
25.238000,-0.013628380771740112,-0.0018269294185202511
25.240000,-0.013628380771740112,-0.0018269294185202511
25.242000,-0.013628380771740112,-0.0018269294185202511
25.244000,-0.013628380771740112,0.003268863971641167
25.246000,-0.018718400805166624,0.003268863971641167
25.248000,-0.013628380771740112,0.003268863971641167
25.250000,-0.018718400805166624,-0.0018269294185202511
25.252000,-0.013628380771740112,0.003268863971641167
25.254000,-0.018718400805166624,-0.0018269294185202511
25.256000,-0.018718400805166624,0.003268863971641167
25.258000,-0.018718400805166624,0.003268863971641167
25.260000,-0.018718400805166624,-0.0018269294185202511
25.262000,-0.018718400805166624,0.003268863971641167
25.264000,-0.018718400805166624,-0.0018269294185202511
25.266000,-0.018718400805166624,0.003268863971641167
25.268000,-0.018718400805166624,-0.0018269294185202511
25.270000,-0.018718400805166624,0.003268863971641167
25.272000,-0.018718400805166624,0.003268863971641167
25.274000,-0.023808420838594913,0.003268863971641167
25.276000,-0.023808420838594913,0.003268863971641167
25.278000,-0.018718400805166624,-0.0018269294185202511
25.280000,-0.023808420838594913,0.003268863971641167
25.282000,-0.023808420838594913,0.003268863971641167
25.284000,-0.023808420838594913,0.003268863971641167
25.286000,-0.023808420838594913,0.003268863971641167
25.288000,-0.023808420838594913,0.003268863971641167
25.290000,-0.023808420838594913,0.003268863971641167
25.292000,-0.023808420838594913,0.003268863971641167
25.294000,-0.023808420838594913,0.003268863971641167
25.296000,-0.023808420838594913,-0.0018269294185202511
25.298000,-0.023808420838594913,-0.0018269294185202511
25.300000,-0.023808420838594913,0.003268863971641167
25.302000,-0.023808420838594913,0.003268863971641167
25.304000,-0.023808420838594913,0.003268863971641167
25.306000,-0.023808420838594913,0.003268863971641167
25.308000,-0.023808420838594913,0.003268863971641167
25.310000,-0.023808420838594913,0.003268863971641167
25.312000,-0.023808420838594913,0.003268863971641167
25.314000,-0.023808420838594913,0.003268863971641167
25.316000,-0.023808420838594913,-0.0018269294185202511
25.318000,-0.023808420838594913,-0.0018269294185202511
25.320000,-0.023808420838594913,0.003268863971641167
25.322000,-0.023808420838594913,0.003268863971641167
25.324000,-0.023808420838594913,0.003268863971641167
25.326000,-0.023808420838594913,-0.0018269294185202511
25.328000,-0.023808420838594913,-0.0018269294185202511
25.330000,-0.023808420838594913,0.003268863971641167
25.332000,-0.023808420838594913,0.003268863971641167
25.334000,-0.023808420838594913,0.003268863971641167
25.336000,-0.023808420838594913,0.003268863971641167
25.338000,-0.023808420838594913,0.003268863971641167
25.340000,-0.023808420838594913,0.003268863971641167
25.342000,-0.023808420838594913,-0.0018269294185202511
25.344000,-0.023808420838594913,0.003268863971641167
25.346000,-0.023808420838594913,0.003268863971641167
25.348000,-0.023808420838594913,0.003268863971641167
25.350000,-0.023808420838594913,0.003268863971641167
25.352000,-0.023808420838594913,-0.0018269294185202511
25.354000,-0.023808420838594913,-0.0018269294185202511
25.356000,-0.023808420838594913,0.003268863971641167
25.358000,-0.023808420838594913,0.003268863971641167
25.360000,-0.023808420838594913,0.003268863971641167
25.362000,-0.023808420838594913,0.003268863971641167
25.364000,-0.023808420838594913,0.003268863971641167
25.366000,-0.023808420838594913,0.003268863971641167
25.368000,-0.023808420838594913,0.003268863971641167
25.370000,-0.023808420838594913,-0.0018269294185202511
25.372000,-0.023808420838594913,0.003268863971641167
25.374000,-0.023808420838594913,0.003268863971641167
25.376000,-0.023808420838594913,0.003268863971641167
25.378000,-0.023808420838594913,-0.0018269294185202511
25.380000,-0.023808420838594913,0.003268863971641167
25.382000,-0.023808420838594913,0.003268863971641167
25.384000,-0.023808420838594913,0.003268863971641167
25.386000,-0.023808420838594913,0.003268863971641167
25.388000,-0.023808420838594913,-0.0018269294185202511
25.390000,-0.023808420838594913,0.003268863971641167
25.392000,-0.023808420838594913,0.003268863971641167
25.394000,-0.023808420838594913,0.003268863971641167
25.396000,-0.023808420838594913,0.003268863971641167
25.398000,-0.023808420838594913,-0.0018269294185202511
25.400000,-0.023808420838594913,0.003268863971641167
25.402000,-0.023808420838594913,0.003268863971641167
25.404000,-0.023808420838594913,0.003268863971641167
25.406000,-0.023808420838594913,0.003268863971641167
25.408000,-0.023808420838594913,0.003268863971641167
25.410000,-0.023808420838594913,-0.0018269294185202511
25.412000,-0.023808420838594913,-0.0018269294185202511
25.414000,-0.023808420838594913,0.003268863971641167
25.416000,-0.023808420838594913,0.003268863971641167
25.418000,-0.023808420838594913,0.003268863971641167
25.420000,-0.023808420838594913,0.003268863971641167
25.422000,-0.023808420838594913,0.003268863971641167
25.424000,-0.023808420838594913,0.003268863971641167
25.426000,-0.023808420838594913,0.003268863971641167
25.428000,-0.023808420838594913,0.003268863971641167
25.430000,-0.023808420838594913,0.003268863971641167
25.432000,-0.023808420838594913,0.003268863971641167
25.434000,-0.023808420838594913,0.003268863971641167
25.436000,-0.023808420838594913,0.003268863971641167
25.438000,-0.023808420838594913,0.003268863971641167
25.440000,-0.023808420838594913,-0.0018269294185202511
25.442000,-0.023808420838594913,0.003268863971641167
25.444000,-0.023808420838594913,-0.0018269294185202511
25.446000,-0.023808420838594913,0.003268863971641167
25.448000,-0.023808420838594913,0.003268863971641167
25.450000,-0.023808420838594913,0.003268863971641167
25.452000,-0.023808420838594913,0.003268863971641167
25.454000,-0.023808420838594913,0.003268863971641167
25.456000,-0.023808420838594913,-0.0018269294185202511
25.458000,-0.023808420838594913,-0.0018269294185202511
25.460000,-0.023808420838594913,0.003268863971641167
25.462000,-0.023808420838594913,0.003268863971641167
25.464000,-0.023808420838594913,0.003268863971641167
25.466000,-0.023808420838594913,-0.0018269294185202511
25.468000,-0.023808420838594913,0.003268863971641167
25.470000,-0.023808420838594913,0.003268863971641167
25.472000,-0.023808420838594913,0.003268863971641167
25.474000,-0.023808420838594913,0.003268863971641167
25.476000,-0.023808420838594913,0.003268863971641167
25.478000,-0.023808420838594913,0.003268863971641167
25.480000,-0.023808420838594913,0.003268863971641167
25.482000,-0.023808420838594913,-0.0018269294185202511
25.484000,-0.023808420838594913,0.003268863971641167
25.486000,-0.023808420838594913,-0.0018269294185202511
25.488000,-0.023808420838594913,0.003268863971641167
25.490000,-0.023808420838594913,0.003268863971641167
25.492000,-0.023808420838594913,-0.0018269294185202511
25.494000,-0.023808420838594913,0.003268863971641167
25.496000,-0.023808420838594913,0.003268863971641167
25.498000,-0.023808420838594913,-0.0018269294185202511
25.500000,-0.023808420838594913,-0.0018269294185202511
25.502000,-0.023808420838594913,0.003268863971641167
25.504000,-0.023808420838594913,0.003268863971641167
25.506000,-0.023808420838594913,-0.0018269294185202511
25.508000,-0.023808420838594913,0.003268863971641167
25.510000,-0.023808420838594913,0.003268863971641167
25.512000,-0.023808420838594913,-0.0018269294185202511
25.514000,-0.023808420838594913,-0.0018269294185202511
25.516000,-0.023808420838594913,0.003268863971641167
25.518000,-0.023808420838594913,0.003268863971641167
25.520000,-0.023808420838594913,-0.0018269294185202511
25.522000,-0.023808420838594913,0.003268863971641167
25.524000,-0.023808420838594913,-0.0018269294185202511
25.526000,-0.023808420838594913,0.003268863971641167
25.528000,-0.023808420838594913,0.003268863971641167
25.530000,-0.023808420838594913,0.003268863971641167
25.532000,-0.023808420838594913,-0.0018269294185202511
25.534000,-0.023808420838594913,0.003268863971641167
25.536000,-0.023808420838594913,0.003268863971641167
25.538000,-0.023808420838594913,0.003268863971641167
25.540000,-0.023808420838594913,-0.0018269294185202511
25.542000,-0.023808420838594913,0.003268863971641167
25.544000,-0.023808420838594913,-0.0018269294185202511
25.546000,-0.023808420838594913,0.003268863971641167
25.548000,-0.023808420838594913,-0.0018269294185202511
25.550000,-0.023808420838594913,0.003268863971641167
25.552000,-0.023808420838594913,-0.0018269294185202511
25.554000,-0.023808420838594913,0.003268863971641167
25.556000,-0.023808420838594913,0.003268863971641167
25.558000,-0.023808420838594913,0.003268863971641167
25.560000,-0.023808420838594913,0.003268863971641167
25.562000,-0.023808420838594913,0.003268863971641167
25.564000,-0.023808420838594913,0.003268863971641167
25.566000,-0.023808420838594913,0.003268863971641167
25.568000,-0.023808420838594913,-0.0018269294185202511
25.570000,-0.023808420838594913,0.003268863971641167
25.572000,-0.023808420838594913,0.003268863971641167
25.574000,-0.023808420838594913,0.003268863971641167
25.576000,-0.023808420838594913,-0.0018269294185202511
25.578000,-0.023808420838594913,0.003268863971641167
25.580000,-0.023808420838594913,0.003268863971641167
25.582000,-0.018718400805166624,0.003268863971641167
25.584000,-0.023808420838594913,0.003268863971641167
25.586000,-0.023808420838594913,0.003268863971641167
25.588000,-0.023808420838594913,0.003268863971641167
25.590000,-0.023808420838594913,0.003268863971641167
25.592000,-0.023808420838594913,0.003268863971641167
25.594000,-0.018718400805166624,0.003268863971641167
25.596000,-0.023808420838594913,0.003268863971641167
25.598000,-0.023808420838594913,0.003268863971641167
25.600000,-0.023808420838594913,0.003268863971641167
25.602000,-0.023808420838594913,0.003268863971641167
25.604000,-0.023808420838594913,0.003268863971641167
25.606000,-0.023808420838594913,0.003268863971641167
25.608000,-0.023808420838594913,0.003268863971641167
25.610000,-0.023808420838594913,0.003268863971641167
25.612000,-0.023808420838594913,0.003268863971641167
25.614000,-0.023808420838594913,0.003268863971641167
25.616000,-0.023808420838594913,0.003268863971641167
25.618000,-0.023808420838594913,0.003268863971641167
25.620000,-0.023808420838594913,0.003268863971641167
25.622000,-0.023808420838594913,0.003268863971641167
25.624000,-0.023808420838594913,0.003268863971641167
25.626000,-0.023808420838594913,0.003268863971641167
25.628000,-0.023808420838594913,0.003268863971641167
25.630000,-0.023808420838594913,0.003268863971641167
25.632000,-0.023808420838594913,0.003268863971641167
25.634000,-0.023808420838594913,0.003268863971641167
25.636000,-0.023808420838594913,0.003268863971641167
25.638000,-0.023808420838594913,0.003268863971641167
25.640000,-0.023808420838594913,0.003268863971641167
25.642000,-0.023808420838594913,0.003268863971641167
25.644000,-0.023808420838594913,-0.0018269294185202511
25.646000,-0.023808420838594913,0.003268863971641167
25.648000,-0.023808420838594913,0.003268863971641167
25.650000,-0.023808420838594913,0.003268863971641167
25.652000,-0.023808420838594913,0.003268863971641167
25.654000,-0.023808420838594913,0.003268863971641167
25.656000,-0.023808420838594913,0.003268863971641167
25.658000,-0.023808420838594913,-0.0018269294185202511
25.660000,-0.023808420838594913,0.003268863971641167
25.662000,-0.023808420838594913,0.003268863971641167
25.664000,-0.023808420838594913,0.003268863971641167
25.666000,-0.023808420838594913,0.003268863971641167
25.668000,-0.023808420838594913,-0.0018269294185202511
25.670000,-0.023808420838594913,0.003268863971641167
25.672000,-0.023808420838594913,0.003268863971641167
25.674000,-0.023808420838594913,-0.0018269294185202511
25.676000,-0.018718400805166624,-0.0018269294185202511
25.678000,-0.023808420838594913,0.003268863971641167
25.680000,-0.023808420838594913,0.003268863971641167
25.682000,-0.018718400805166624,0.003268863971641167
25.684000,-0.023808420838594913,0.003268863971641167
25.686000,-0.023808420838594913,0.003268863971641167
25.688000,-0.023808420838594913,-0.0018269294185202511
25.690000,-0.023808420838594913,0.003268863971641167
25.692000,-0.023808420838594913,-0.0018269294185202511
25.694000,-0.023808420838594913,0.003268863971641167
25.696000,-0.023808420838594913,0.003268863971641167
25.698000,-0.023808420838594913,0.003268863971641167
25.700000,-0.023808420838594913,0.003268863971641167
25.702000,-0.023808420838594913,0.003268863971641167
25.704000,-0.023808420838594913,0.003268863971641167
25.706000,-0.023808420838594913,0.003268863971641167
25.708000,-0.023808420838594913,0.003268863971641167
25.710000,-0.023808420838594913,0.003268863971641167
25.712000,-0.023808420838594913,0.003268863971641167
25.714000,-0.023808420838594913,0.003268863971641167
25.716000,-0.023808420838594913,-0.0018269294185202511
25.718000,-0.023808420838594913,0.003268863971641167
25.720000,-0.023808420838594913,0.003268863971641167
25.722000,-0.023808420838594913,0.003268863971641167
25.724000,-0.023808420838594913,0.003268863971641167
25.726000,-0.018718400805166624,-0.0018269294185202511
25.728000,-0.023808420838594913,0.003268863971641167
25.730000,-0.023808420838594913,0.003268863971641167
25.732000,-0.023808420838594913,0.003268863971641167
25.734000,-0.023808420838594913,0.003268863971641167
25.736000,-0.023808420838594913,0.003268863971641167
25.738000,-0.023808420838594913,0.003268863971641167
25.740000,-0.023808420838594913,0.003268863971641167
25.742000,-0.023808420838594913,-0.0018269294185202511
25.744000,-0.018718400805166624,-0.0018269294185202511
25.746000,-0.018718400805166624,0.003268863971641167
25.748000,-0.023808420838594913,0.003268863971641167
25.750000,-0.023808420838594913,0.003268863971641167
25.752000,-0.023808420838594913,-0.0018269294185202511
25.754000,-0.018718400805166624,0.003268863971641167
25.756000,-0.018718400805166624,0.003268863971641167
25.758000,-0.023808420838594913,0.003268863971641167
25.760000,-0.023808420838594913,0.003268863971641167
25.762000,-0.018718400805166624,0.003268863971641167
25.764000,-0.018718400805166624,0.003268863971641167
25.766000,-0.023808420838594913,0.003268863971641167
25.768000,-0.018718400805166624,0.003268863971641167
25.770000,-0.023808420838594913,0.003268863971641167
25.772000,-0.023808420838594913,0.003268863971641167
25.774000,-0.018718400805166624,-0.0018269294185202511
25.776000,-0.023808420838594913,0.003268863971641167
25.778000,-0.023808420838594913,0.003268863971641167
25.780000,-0.018718400805166624,0.003268863971641167
25.782000,-0.023808420838594913,0.003268863971641167
25.784000,-0.018718400805166624,-0.0018269294185202511
25.786000,-0.023808420838594913,0.003268863971641167
25.788000,-0.018718400805166624,-0.0018269294185202511
25.790000,-0.018718400805166624,0.003268863971641167
25.792000,-0.018718400805166624,0.003268863971641167
25.794000,-0.018718400805166624,0.003268863971641167
25.796000,-0.018718400805166624,0.003268863971641167
25.798000,-0.018718400805166624,0.003268863971641167
25.800000,-0.018718400805166624,0.003268863971641167
25.802000,-0.023808420838594913,0.003268863971641167
25.804000,-0.023808420838594913,0.003268863971641167
25.806000,-0.018718400805166624,-0.0018269294185202511
25.808000,-0.023808420838594913,0.003268863971641167
25.810000,-0.018718400805166624,0.003268863971641167
25.812000,-0.023808420838594913,0.003268863971641167
25.814000,-0.018718400805166624,0.003268863971641167
25.816000,-0.018718400805166624,0.003268863971641167
25.818000,-0.018718400805166624,-0.0018269294185202511
25.820000,-0.023808420838594913,-0.0018269294185202511
25.822000,-0.023808420838594913,0.003268863971641167
25.824000,-0.018718400805166624,0.003268863971641167
25.826000,-0.023808420838594913,0.003268863971641167
25.828000,-0.018718400805166624,0.003268863971641167
25.830000,-0.018718400805166624,0.003268863971641167
25.832000,-0.018718400805166624,0.003268863971641167
25.834000,-0.018718400805166624,-0.0018269294185202511
25.836000,-0.018718400805166624,-0.0018269294185202511
25.838000,-0.018718400805166624,0.003268863971641167
25.840000,-0.023808420838594913,0.003268863971641167
25.842000,-0.023808420838594913,0.003268863971641167
25.844000,-0.018718400805166624,0.003268863971641167
25.846000,-0.023808420838594913,0.003268863971641167
25.848000,-0.018718400805166624,0.003268863971641167
25.850000,-0.018718400805166624,0.003268863971641167
25.852000,-0.018718400805166624,0.003268863971641167
25.854000,-0.018718400805166624,-0.0018269294185202511
25.856000,-0.018718400805166624,0.003268863971641167
25.858000,-0.018718400805166624,0.003268863971641167
25.860000,-0.018718400805166624,-0.0018269294185202511
25.862000,-0.018718400805166624,0.003268863971641167
25.864000,-0.018718400805166624,-0.0018269294185202511
25.866000,-0.018718400805166624,0.003268863971641167
25.868000,-0.018718400805166624,0.003268863971641167
25.870000,-0.018718400805166624,0.003268863971641167
25.872000,-0.018718400805166624,0.003268863971641167
25.874000,-0.018718400805166624,0.003268863971641167
25.876000,-0.018718400805166624,0.003268863971641167
25.878000,-0.018718400805166624,-0.0018269294185202511
25.880000,-0.018718400805166624,0.003268863971641167
25.882000,-0.023808420838594913,0.003268863971641167
25.884000,-0.018718400805166624,-0.0018269294185202511
25.886000,-0.018718400805166624,0.003268863971641167
25.888000,-0.018718400805166624,0.003268863971641167
25.890000,-0.018718400805166624,-0.0018269294185202511
25.892000,-0.018718400805166624,0.003268863971641167
25.894000,-0.018718400805166624,0.003268863971641167
25.896000,-0.018718400805166624,0.003268863971641167
25.898000,-0.018718400805166624,-0.0018269294185202511
25.900000,-0.018718400805166624,0.003268863971641167
25.902000,-0.018718400805166624,-0.0018269294185202511
25.904000,-0.018718400805166624,0.003268863971641167
25.906000,-0.018718400805166624,0.003268863971641167
25.908000,-0.018718400805166624,0.003268863971641167
25.910000,-0.018718400805166624,0.003268863971641167
25.912000,-0.023808420838594913,0.003268863971641167
25.914000,-0.018718400805166624,0.003268863971641167
25.916000,-0.018718400805166624,-0.0018269294185202511
25.918000,-0.018718400805166624,0.003268863971641167
25.920000,-0.018718400805166624,0.003268863971641167
25.922000,-0.018718400805166624,-0.0018269294185202511
25.924000,-0.018718400805166624,0.003268863971641167
25.926000,-0.018718400805166624,0.003268863971641167
25.928000,-0.018718400805166624,-0.0018269294185202511
25.930000,-0.018718400805166624,0.003268863971641167
25.932000,-0.018718400805166624,0.003268863971641167
25.934000,-0.018718400805166624,0.003268863971641167
25.936000,-0.018718400805166624,-0.0018269294185202511
25.938000,-0.018718400805166624,0.003268863971641167
25.940000,-0.018718400805166624,-0.0018269294185202511
25.942000,-0.018718400805166624,0.003268863971641167
25.944000,-0.018718400805166624,0.003268863971641167
25.946000,-0.018718400805166624,0.003268863971641167
25.948000,-0.018718400805166624,-0.0018269294185202511
25.950000,-0.018718400805166624,0.003268863971641167
25.952000,-0.018718400805166624,-0.0018269294185202511
25.954000,-0.018718400805166624,0.003268863971641167
25.956000,-0.018718400805166624,0.003268863971641167
25.958000,-0.018718400805166624,0.003268863971641167
25.960000,-0.018718400805166624,0.003268863971641167
25.962000,-0.018718400805166624,-0.0018269294185202511
25.964000,-0.018718400805166624,0.003268863971641167
25.966000,-0.018718400805166624,0.003268863971641167
25.968000,-0.018718400805166624,0.003268863971641167
25.970000,-0.018718400805166624,-0.0018269294185202511
25.972000,-0.018718400805166624,-0.0018269294185202511
25.974000,-0.018718400805166624,0.003268863971641167
25.976000,-0.018718400805166624,0.003268863971641167
25.978000,-0.018718400805166624,0.003268863971641167
25.980000,-0.018718400805166624,0.003268863971641167
25.982000,-0.018718400805166624,-0.0018269294185202511
25.984000,-0.018718400805166624,-0.0018269294185202511
25.986000,-0.018718400805166624,0.003268863971641167
25.988000,-0.018718400805166624,0.003268863971641167
25.990000,-0.018718400805166624,0.003268863971641167
25.992000,-0.018718400805166624,0.003268863971641167
25.994000,-0.018718400805166624,-0.0018269294185202511
25.996000,-0.018718400805166624,-0.0018269294185202511
25.998000,-0.018718400805166624,-0.0018269294185202511
26.000000,-0.018718400805166624,0.003268863971641167
26.002000,-0.018718400805166624,0.003268863971641167
26.004000,-0.018718400805166624,0.003268863971641167
26.006000,-0.018718400805166624,0.003268863971641167
26.008000,-0.018718400805166624,0.003268863971641167
26.010000,-0.018718400805166624,0.003268863971641167
26.012000,-0.018718400805166624,0.003268863971641167
26.014000,-0.018718400805166624,0.003268863971641167
26.016000,-0.018718400805166624,0.003268863971641167
26.018000,-0.018718400805166624,0.003268863971641167
26.020000,-0.018718400805166624,0.003268863971641167
26.022000,-0.018718400805166624,-0.0018269294185202511
26.024000,-0.018718400805166624,0.003268863971641167
26.026000,-0.018718400805166624,0.003268863971641167
26.028000,-0.018718400805166624,-0.0018269294185202511
26.030000,-0.018718400805166624,0.003268863971641167
26.032000,-0.018718400805166624,-0.0018269294185202511
26.034000,-0.018718400805166624,0.003268863971641167
26.036000,-0.018718400805166624,0.003268863971641167
26.038000,-0.018718400805166624,-0.0018269294185202511
26.040000,-0.018718400805166624,0.003268863971641167
26.042000,-0.018718400805166624,0.003268863971641167
26.044000,-0.018718400805166624,0.003268863971641167
26.046000,-0.018718400805166624,0.003268863971641167
26.048000,-0.018718400805166624,-0.0018269294185202511
26.050000,-0.018718400805166624,0.003268863971641167
26.052000,-0.018718400805166624,0.003268863971641167
26.054000,-0.018718400805166624,0.003268863971641167
26.056000,-0.018718400805166624,0.003268863971641167
26.058000,-0.018718400805166624,-0.0018269294185202511
26.060000,-0.018718400805166624,0.003268863971641167
26.062000,-0.018718400805166624,0.003268863971641167
26.064000,-0.018718400805166624,0.003268863971641167
26.066000,-0.018718400805166624,-0.0018269294185202511
26.068000,-0.018718400805166624,0.003268863971641167
26.070000,-0.018718400805166624,0.003268863971641167
26.072000,-0.018718400805166624,0.003268863971641167
26.074000,-0.018718400805166624,0.003268863971641167
26.076000,-0.018718400805166624,0.003268863971641167
26.078000,-0.018718400805166624,-0.0018269294185202511
26.080000,-0.018718400805166624,0.003268863971641167
26.082000,-0.018718400805166624,0.003268863971641167
26.084000,-0.018718400805166624,0.003268863971641167
26.086000,-0.018718400805166624,-0.0018269294185202511
26.088000,-0.018718400805166624,0.003268863971641167
26.090000,-0.018718400805166624,0.003268863971641167
26.092000,-0.018718400805166624,0.003268863971641167
26.094000,-0.018718400805166624,0.003268863971641167
26.096000,-0.018718400805166624,0.003268863971641167
26.098000,-0.018718400805166624,0.003268863971641167
26.100000,-0.018718400805166624,0.003268863971641167
26.102000,-0.018718400805166624,0.003268863971641167
26.104000,-0.018718400805166624,0.003268863971641167
26.106000,-0.018718400805166624,-0.0018269294185202511
26.108000,-0.018718400805166624,-0.0018269294185202511
26.110000,-0.018718400805166624,0.003268863971641167
26.112000,-0.018718400805166624,-0.0018269294185202511
26.114000,-0.018718400805166624,-0.0018269294185202511
26.116000,-0.018718400805166624,0.003268863971641167
26.118000,-0.013628380771740112,0.003268863971641167
26.120000,-0.018718400805166624,-0.0018269294185202511
26.122000,-0.018718400805166624,0.003268863971641167
26.124000,-0.018718400805166624,0.003268863971641167
26.126000,-0.018718400805166624,0.003268863971641167
26.128000,-0.018718400805166624,0.003268863971641167
26.130000,-0.018718400805166624,0.003268863971641167
26.132000,-0.018718400805166624,-0.0018269294185202511
26.134000,-0.018718400805166624,0.003268863971641167
26.136000,-0.018718400805166624,0.003268863971641167
26.138000,-0.018718400805166624,0.003268863971641167
26.140000,-0.018718400805166624,0.003268863971641167
26.142000,-0.018718400805166624,-0.0018269294185202511
26.144000,-0.018718400805166624,0.003268863971641167
26.146000,-0.018718400805166624,-0.0018269294185202511
26.148000,-0.018718400805166624,-0.0018269294185202511
26.150000,-0.018718400805166624,-0.0018269294185202511
26.152000,-0.018718400805166624,0.003268863971641167
26.154000,-0.018718400805166624,0.003268863971641167
26.156000,-0.018718400805166624,0.003268863971641167
26.158000,-0.018718400805166624,0.003268863971641167
26.160000,-0.018718400805166624,0.003268863971641167
26.162000,-0.018718400805166624,0.003268863971641167
26.164000,-0.018718400805166624,0.003268863971641167
26.166000,-0.018718400805166624,-0.0018269294185202511
26.168000,-0.018718400805166624,-0.0018269294185202511
26.170000,-0.018718400805166624,0.003268863971641167
26.172000,-0.018718400805166624,0.003268863971641167
26.174000,-0.018718400805166624,0.003268863971641167
26.176000,-0.018718400805166624,0.003268863971641167
26.178000,-0.018718400805166624,0.003268863971641167
26.180000,-0.018718400805166624,0.003268863971641167
26.182000,-0.013628380771740112,0.003268863971641167
26.184000,-0.018718400805166624,0.003268863971641167
26.186000,-0.018718400805166624,0.003268863971641167
26.188000,-0.018718400805166624,0.003268863971641167
26.190000,-0.018718400805166624,-0.0018269294185202511
26.192000,-0.018718400805166624,0.003268863971641167
26.194000,-0.018718400805166624,0.003268863971641167
26.196000,-0.018718400805166624,0.003268863971641167
26.198000,-0.018718400805166624,0.003268863971641167
26.200000,-0.018718400805166624,0.003268863971641167
26.202000,-0.018718400805166624,-0.0018269294185202511
26.204000,-0.018718400805166624,-0.0018269294185202511
26.206000,-0.013628380771740112,-0.0018269294185202511
26.208000,-0.018718400805166624,0.003268863971641167
26.210000,-0.018718400805166624,0.003268863971641167
26.212000,-0.018718400805166624,0.003268863971641167
26.214000,-0.018718400805166624,0.003268863971641167
26.216000,-0.018718400805166624,0.003268863971641167
26.218000,-0.018718400805166624,0.003268863971641167
26.220000,-0.018718400805166624,-0.0018269294185202511
26.222000,-0.018718400805166624,-0.0018269294185202511
26.224000,-0.018718400805166624,0.003268863971641167
26.226000,-0.018718400805166624,-0.0018269294185202511
26.228000,-0.018718400805166624,-0.0018269294185202511
26.230000,-0.018718400805166624,0.003268863971641167
26.232000,-0.018718400805166624,0.003268863971641167
26.234000,-0.018718400805166624,0.003268863971641167
26.236000,-0.018718400805166624,-0.0018269294185202511
26.238000,-0.018718400805166624,0.003268863971641167
26.240000,-0.018718400805166624,0.003268863971641167
26.242000,-0.018718400805166624,-0.0018269294185202511
26.244000,-0.013628380771740112,0.003268863971641167
26.246000,-0.018718400805166624,0.003268863971641167
26.248000,-0.013628380771740112,0.003268863971641167
26.250000,-0.018718400805166624,-0.0018269294185202511
26.252000,-0.013628380771740112,0.003268863971641167
26.254000,-0.018718400805166624,0.003268863971641167
26.256000,-0.018718400805166624,0.003268863971641167
26.258000,-0.013628380771740112,0.003268863971641167
26.260000,-0.013628380771740112,0.003268863971641167
26.262000,-0.018718400805166624,0.003268863971641167
26.264000,-0.013628380771740112,0.003268863971641167
26.266000,-0.018718400805166624,0.003268863971641167
26.268000,-0.018718400805166624,0.003268863971641167
26.270000,-0.018718400805166624,0.003268863971641167
26.272000,-0.018718400805166624,0.003268863971641167
26.274000,-0.013628380771740112,-0.0018269294185202511
26.276000,-0.018718400805166624,-0.0018269294185202511
26.278000,-0.018718400805166624,0.003268863971641167
26.280000,-0.018718400805166624,-0.0018269294185202511
26.282000,-0.018718400805166624,0.003268863971641167
26.284000,-0.018718400805166624,0.003268863971641167
26.286000,-0.013628380771740112,0.003268863971641167
26.288000,-0.018718400805166624,0.003268863971641167
26.290000,-0.013628380771740112,-0.0018269294185202511
26.292000,-0.013628380771740112,-0.0018269294185202511
26.294000,-0.013628380771740112,-0.0018269294185202511
26.296000,-0.013628380771740112,0.003268863971641167
26.298000,-0.018718400805166624,0.003268863971641167
26.300000,-0.018718400805166624,-0.0018269294185202511
26.302000,-0.018718400805166624,0.003268863971641167
26.304000,-0.013628380771740112,0.003268863971641167
26.306000,-0.013628380771740112,0.003268863971641167
26.308000,-0.018718400805166624,0.003268863971641167
26.310000,-0.013628380771740112,-0.0018269294185202511
26.312000,-0.013628380771740112,0.003268863971641167
26.314000,-0.018718400805166624,0.003268863971641167
26.316000,-0.013628380771740112,0.003268863971641167
26.318000,-0.013628380771740112,0.003268863971641167
26.320000,-0.013628380771740112,-0.0018269294185202511
26.322000,-0.013628380771740112,-0.0018269294185202511
26.324000,-0.018718400805166624,-0.0018269294185202511
26.326000,-0.018718400805166624,0.003268863971641167
26.328000,-0.013628380771740112,0.003268863971641167
26.330000,-0.013628380771740112,0.003268863971641167
26.332000,-0.013628380771740112,0.003268863971641167
26.334000,-0.013628380771740112,0.003268863971641167
26.336000,-0.013628380771740112,0.003268863971641167
26.338000,-0.018718400805166624,0.003268863971641167
26.340000,-0.013628380771740112,0.003268863971641167
26.342000,-0.018718400805166624,-0.0018269294185202511
26.344000,-0.013628380771740112,0.003268863971641167
26.346000,-0.013628380771740112,0.003268863971641167
26.348000,-0.013628380771740112,0.003268863971641167
26.350000,-0.013628380771740112,-0.0018269294185202511
26.352000,-0.013628380771740112,0.003268863971641167
26.354000,-0.013628380771740112,0.003268863971641167
26.356000,-0.018718400805166624,-0.0018269294185202511
26.358000,-0.013628380771740112,-0.0018269294185202511
26.360000,-0.013628380771740112,-0.0018269294185202511
26.362000,-0.013628380771740112,-0.0018269294185202511
26.364000,-0.013628380771740112,-0.0018269294185202511
26.366000,-0.018718400805166624,0.003268863971641167
26.368000,-0.018718400805166624,0.003268863971641167
26.370000,-0.013628380771740112,0.003268863971641167
26.372000,-0.013628380771740112,0.003268863971641167
26.374000,-0.013628380771740112,0.003268863971641167
26.376000,-0.013628380771740112,0.003268863971641167
26.378000,-0.013628380771740112,0.003268863971641167
26.380000,-0.013628380771740112,-0.0018269294185202511
26.382000,-0.013628380771740112,0.003268863971641167
26.384000,-0.013628380771740112,0.003268863971641167
26.386000,-0.018718400805166624,0.003268863971641167
26.388000,-0.013628380771740112,0.003268863971641167
26.390000,-0.018718400805166624,-0.0018269294185202511
26.392000,-0.013628380771740112,0.003268863971641167
26.394000,-0.013628380771740112,-0.0018269294185202511
26.396000,-0.013628380771740112,0.003268863971641167
26.398000,-0.013628380771740112,-0.0018269294185202511
26.400000,-0.018718400805166624,0.003268863971641167
26.402000,-0.013628380771740112,0.003268863971641167
26.404000,-0.013628380771740112,-0.0018269294185202511
26.406000,-0.013628380771740112,0.003268863971641167
26.408000,-0.013628380771740112,0.003268863971641167
26.410000,-0.013628380771740112,-0.0018269294185202511
26.412000,-0.013628380771740112,0.003268863971641167
26.414000,-0.013628380771740112,0.003268863971641167
26.416000,-0.013628380771740112,0.003268863971641167
26.418000,-0.013628380771740112,0.003268863971641167
26.420000,-0.013628380771740112,0.003268863971641167
26.422000,-0.013628380771740112,0.003268863971641167
26.424000,-0.013628380771740112,0.003268863971641167
26.426000,-0.013628380771740112,0.003268863971641167
26.428000,-0.013628380771740112,0.003268863971641167
26.430000,-0.013628380771740112,0.003268863971641167
26.432000,-0.013628380771740112,-0.0018269294185202511
26.434000,-0.013628380771740112,0.003268863971641167
26.436000,-0.013628380771740112,0.003268863971641167
26.438000,-0.013628380771740112,0.003268863971641167
26.440000,-0.013628380771740112,0.003268863971641167
26.442000,-0.013628380771740112,0.003268863971641167
26.444000,-0.013628380771740112,-0.0018269294185202511
26.446000,-0.013628380771740112,0.003268863971641167
26.448000,-0.013628380771740112,0.003268863971641167
26.450000,-0.013628380771740112,-0.0018269294185202511
26.452000,-0.013628380771740112,0.003268863971641167
26.454000,-0.013628380771740112,0.003268863971641167
26.456000,-0.013628380771740112,-0.0018269294185202511
26.458000,-0.013628380771740112,0.003268863971641167
26.460000,-0.013628380771740112,0.003268863971641167
26.462000,-0.013628380771740112,0.003268863971641167
26.464000,-0.013628380771740112,0.003268863971641167
26.466000,-0.013628380771740112,-0.0018269294185202511
26.468000,-0.013628380771740112,-0.0018269294185202511
26.470000,-0.013628380771740112,0.003268863971641167
26.472000,-0.013628380771740112,0.003268863971641167
26.474000,-0.013628380771740112,-0.0018269294185202511
26.476000,-0.013628380771740112,-0.0018269294185202511
26.478000,-0.013628380771740112,0.003268863971641167
26.480000,-0.013628380771740112,0.003268863971641167
26.482000,-0.013628380771740112,0.003268863971641167
26.484000,-0.013628380771740112,-0.0018269294185202511
26.486000,-0.013628380771740112,-0.0018269294185202511
26.488000,-0.013628380771740112,0.003268863971641167
26.490000,-0.013628380771740112,0.003268863971641167
26.492000,-0.013628380771740112,0.003268863971641167
26.494000,-0.013628380771740112,0.003268863971641167
26.496000,-0.013628380771740112,0.003268863971641167
26.498000,-0.013628380771740112,0.003268863971641167
26.500000,-0.013628380771740112,0.003268863971641167
26.502000,-0.013628380771740112,0.003268863971641167
26.504000,-0.013628380771740112,0.003268863971641167
26.506000,-0.013628380771740112,0.003268863971641167
26.508000,-0.013628380771740112,0.003268863971641167
26.510000,-0.013628380771740112,0.003268863971641167
26.512000,-0.013628380771740112,0.003268863971641167
26.514000,-0.013628380771740112,0.003268863971641167
26.516000,-0.013628380771740112,0.003268863971641167
26.518000,-0.013628380771740112,0.003268863971641167
26.520000,-0.013628380771740112,0.003268863971641167
26.522000,-0.013628380771740112,0.003268863971641167
26.524000,-0.013628380771740112,0.003268863971641167
26.526000,-0.013628380771740112,-0.0018269294185202511
26.528000,-0.013628380771740112,-0.0018269294185202511
26.530000,-0.013628380771740112,0.003268863971641167
26.532000,-0.013628380771740112,0.003268863971641167
26.534000,-0.013628380771740112,-0.0018269294185202511
26.536000,-0.013628380771740112,0.003268863971641167
26.538000,-0.013628380771740112,0.003268863971641167
26.540000,-0.013628380771740112,0.003268863971641167
26.542000,-0.013628380771740112,-0.0018269294185202511
26.544000,-0.013628380771740112,-0.0018269294185202511
26.546000,-0.013628380771740112,-0.0018269294185202511
26.548000,-0.013628380771740112,0.003268863971641167
26.550000,-0.013628380771740112,0.003268863971641167
26.552000,-0.013628380771740112,-0.0018269294185202511
26.554000,-0.013628380771740112,0.003268863971641167
26.556000,-0.013628380771740112,0.003268863971641167
26.558000,-0.013628380771740112,0.003268863971641167
26.560000,-0.013628380771740112,0.003268863971641167
26.562000,-0.013628380771740112,0.003268863971641167
26.564000,-0.013628380771740112,0.003268863971641167
26.566000,-0.013628380771740112,-0.0018269294185202511
26.568000,-0.013628380771740112,0.003268863971641167
26.570000,-0.013628380771740112,0.003268863971641167
26.572000,-0.013628380771740112,-0.0018269294185202511
26.574000,-0.013628380771740112,0.003268863971641167
26.576000,-0.013628380771740112,0.003268863971641167
26.578000,-0.013628380771740112,0.003268863971641167
26.580000,-0.013628380771740112,0.003268863971641167
26.582000,-0.013628380771740112,0.003268863971641167
26.584000,-0.013628380771740112,-0.0018269294185202511
26.586000,-0.013628380771740112,-0.0018269294185202511
26.588000,-0.013628380771740112,0.003268863971641167
26.590000,-0.013628380771740112,-0.0018269294185202511
26.592000,-0.013628380771740112,0.003268863971641167
26.594000,-0.013628380771740112,0.003268863971641167
26.596000,-0.013628380771740112,-0.0018269294185202511
26.598000,-0.013628380771740112,-0.0018269294185202511
26.600000,-0.013628380771740112,-0.0018269294185202511
26.602000,-0.013628380771740112,0.003268863971641167
26.604000,-0.013628380771740112,0.003268863971641167
26.606000,-0.013628380771740112,0.003268863971641167
26.608000,-0.013628380771740112,0.003268863971641167
26.610000,-0.013628380771740112,0.003268863971641167
26.612000,-0.013628380771740112,0.003268863971641167
26.614000,-0.013628380771740112,-0.0018269294185202511
26.616000,-0.013628380771740112,0.003268863971641167
26.618000,-0.013628380771740112,0.003268863971641167
26.620000,-0.013628380771740112,0.003268863971641167
26.622000,-0.013628380771740112,0.003268863971641167
26.624000,-0.013628380771740112,0.003268863971641167
26.626000,-0.013628380771740112,0.003268863971641167
26.628000,-0.013628380771740112,-0.0018269294185202511
26.630000,-0.013628380771740112,0.003268863971641167
26.632000,-0.013628380771740112,0.003268863971641167
26.634000,-0.013628380771740112,-0.0018269294185202511
26.636000,-0.013628380771740112,0.003268863971641167
26.638000,-0.013628380771740112,0.003268863971641167
26.640000,-0.013628380771740112,0.003268863971641167
26.642000,-0.013628380771740112,-0.0018269294185202511
26.644000,-0.013628380771740112,0.003268863971641167
26.646000,-0.013628380771740112,0.003268863971641167
26.648000,-0.013628380771740112,-0.0018269294185202511
26.650000,-0.013628380771740112,0.003268863971641167
26.652000,-0.013628380771740112,0.003268863971641167
26.654000,-0.013628380771740112,0.003268863971641167
26.656000,-0.013628380771740112,0.003268863971641167
26.658000,-0.013628380771740112,-0.0018269294185202511
26.660000,-0.013628380771740112,-0.0018269294185202511
26.662000,-0.013628380771740112,0.003268863971641167
26.664000,-0.013628380771740112,0.003268863971641167
26.666000,-0.013628380771740112,0.003268863971641167
26.668000,-0.013628380771740112,0.003268863971641167
26.670000,-0.013628380771740112,0.003268863971641167
26.672000,-0.013628380771740112,0.003268863971641167
26.674000,-0.013628380771740112,0.003268863971641167
26.676000,-0.013628380771740112,0.003268863971641167
26.678000,-0.013628380771740112,0.003268863971641167
26.680000,-0.013628380771740112,0.003268863971641167
26.682000,-0.013628380771740112,0.003268863971641167
26.684000,-0.013628380771740112,-0.0018269294185202511
26.686000,-0.013628380771740112,0.003268863971641167
26.688000,-0.013628380771740112,0.003268863971641167
26.690000,-0.013628380771740112,0.003268863971641167
26.692000,-0.013628380771740112,0.003268863971641167
26.694000,-0.013628380771740112,0.003268863971641167
26.696000,-0.013628380771740112,0.003268863971641167
26.698000,-0.013628380771740112,0.003268863971641167
26.700000,-0.013628380771740112,0.003268863971641167
26.702000,-0.013628380771740112,0.003268863971641167
26.704000,-0.013628380771740112,0.003268863971641167
26.706000,-0.013628380771740112,0.003268863971641167
26.708000,-0.013628380771740112,0.003268863971641167
26.710000,-0.013628380771740112,0.003268863971641167
26.712000,-0.013628380771740112,-0.0018269294185202511
26.714000,-0.013628380771740112,-0.0018269294185202511
26.716000,-0.013628380771740112,0.003268863971641167
26.718000,-0.013628380771740112,0.003268863971641167
26.720000,-0.013628380771740112,0.003268863971641167
26.722000,-0.013628380771740112,0.003268863971641167
26.724000,-0.013628380771740112,-0.0018269294185202511
26.726000,-0.013628380771740112,0.003268863971641167
26.728000,-0.013628380771740112,0.003268863971641167
26.730000,-0.013628380771740112,0.003268863971641167
26.732000,-0.013628380771740112,0.003268863971641167
26.734000,-0.013628380771740112,0.003268863971641167
26.736000,-0.013628380771740112,-0.0018269294185202511
26.738000,-0.013628380771740112,0.003268863971641167
26.740000,-0.013628380771740112,0.003268863971641167
26.742000,-0.013628380771740112,0.003268863971641167
26.744000,-0.013628380771740112,0.003268863971641167
26.746000,-0.013628380771740112,0.003268863971641167
26.748000,-0.013628380771740112,-0.0018269294185202511
26.750000,-0.013628380771740112,-0.0018269294185202511
26.752000,-0.013628380771740112,-0.0018269294185202511
26.754000,-0.013628380771740112,0.003268863971641167
26.756000,-0.013628380771740112,-0.0018269294185202511
26.758000,-0.013628380771740112,0.003268863971641167
26.760000,-0.013628380771740112,-0.0018269294185202511
26.762000,-0.013628380771740112,0.003268863971641167
26.764000,-0.013628380771740112,0.003268863971641167
26.766000,-0.013628380771740112,0.003268863971641167
26.768000,-0.013628380771740112,0.003268863971641167
26.770000,-0.013628380771740112,0.003268863971641167
26.772000,-0.013628380771740112,0.003268863971641167
26.774000,-0.013628380771740112,0.003268863971641167
26.776000,-0.013628380771740112,0.003268863971641167
26.778000,-0.013628380771740112,0.003268863971641167
26.780000,-0.013628380771740112,0.003268863971641167
26.782000,-0.013628380771740112,0.003268863971641167
26.784000,-0.013628380771740112,0.003268863971641167
26.786000,-0.013628380771740112,0.003268863971641167
26.788000,-0.013628380771740112,-0.0018269294185202511
26.790000,-0.013628380771740112,0.003268863971641167
26.792000,-0.013628380771740112,0.003268863971641167
26.794000,-0.013628380771740112,0.003268863971641167
26.796000,-0.013628380771740112,0.003268863971641167
26.798000,-0.013628380771740112,-0.0018269294185202511
26.800000,-0.013628380771740112,0.003268863971641167
26.802000,-0.013628380771740112,0.003268863971641167
26.804000,-0.013628380771740112,0.003268863971641167
26.806000,-0.013628380771740112,0.003268863971641167
26.808000,-0.013628380771740112,0.003268863971641167
26.810000,-0.013628380771740112,0.003268863971641167
26.812000,-0.013628380771740112,0.003268863971641167
26.814000,-0.013628380771740112,-0.0018269294185202511
26.816000,-0.0085383607383136,0.003268863971641167
26.818000,-0.013628380771740112,0.003268863971641167
26.820000,-0.013628380771740112,0.003268863971641167
26.822000,-0.013628380771740112,0.003268863971641167
26.824000,-0.013628380771740112,-0.0018269294185202511
26.826000,-0.013628380771740112,0.003268863971641167
26.828000,-0.013628380771740112,0.003268863971641167
26.830000,-0.013628380771740112,-0.0018269294185202511
26.832000,-0.013628380771740112,-0.0018269294185202511
26.834000,-0.013628380771740112,-0.0018269294185202511
26.836000,-0.013628380771740112,0.003268863971641167
26.838000,-0.013628380771740112,0.003268863971641167
26.840000,-0.013628380771740112,0.003268863971641167
26.842000,-0.013628380771740112,0.003268863971641167
26.844000,-0.013628380771740112,0.003268863971641167
26.846000,-0.013628380771740112,0.003268863971641167
26.848000,-0.013628380771740112,0.003268863971641167
26.850000,-0.013628380771740112,-0.0018269294185202511
26.852000,-0.013628380771740112,0.003268863971641167
26.854000,-0.013628380771740112,-0.0018269294185202511
26.856000,-0.013628380771740112,0.003268863971641167
26.858000,-0.013628380771740112,0.003268863971641167
26.860000,-0.013628380771740112,0.003268863971641167
26.862000,-0.013628380771740112,0.003268863971641167
26.864000,-0.013628380771740112,0.003268863971641167
26.866000,-0.013628380771740112,-0.0018269294185202511
26.868000,-0.013628380771740112,0.003268863971641167
26.870000,-0.013628380771740112,0.003268863971641167
26.872000,-0.013628380771740112,0.003268863971641167
26.874000,-0.013628380771740112,-0.0018269294185202511
26.876000,-0.013628380771740112,0.003268863971641167
26.878000,-0.013628380771740112,0.003268863971641167
26.880000,-0.013628380771740112,0.003268863971641167
26.882000,-0.013628380771740112,-0.0018269294185202511
26.884000,-0.013628380771740112,-0.0018269294185202511
26.886000,-0.013628380771740112,-0.0018269294185202511
26.888000,-0.013628380771740112,0.003268863971641167
26.890000,-0.013628380771740112,-0.0018269294185202511
26.892000,-0.013628380771740112,0.003268863971641167
26.894000,-0.013628380771740112,0.003268863971641167
26.896000,-0.013628380771740112,0.003268863971641167
26.898000,-0.013628380771740112,0.003268863971641167
26.900000,-0.013628380771740112,0.003268863971641167
26.902000,-0.0085383607383136,0.003268863971641167
26.904000,-0.013628380771740112,0.003268863971641167
26.906000,-0.013628380771740112,-0.0018269294185202511
26.908000,-0.013628380771740112,-0.0018269294185202511
26.910000,-0.013628380771740112,0.003268863971641167
26.912000,-0.013628380771740112,-0.0018269294185202511
26.914000,-0.013628380771740112,0.003268863971641167
26.916000,-0.013628380771740112,0.003268863971641167
26.918000,-0.013628380771740112,0.003268863971641167
26.920000,-0.013628380771740112,0.003268863971641167
26.922000,-0.013628380771740112,0.003268863971641167
26.924000,-0.013628380771740112,0.003268863971641167
26.926000,-0.013628380771740112,-0.0018269294185202511
26.928000,-0.013628380771740112,-0.0018269294185202511
26.930000,-0.013628380771740112,0.003268863971641167
26.932000,-0.013628380771740112,0.003268863971641167
26.934000,-0.013628380771740112,0.003268863971641167
26.936000,-0.013628380771740112,0.003268863971641167
26.938000,-0.013628380771740112,0.003268863971641167
26.940000,-0.013628380771740112,0.003268863971641167
26.942000,-0.013628380771740112,0.003268863971641167
26.944000,-0.0085383607383136,0.003268863971641167
26.946000,-0.013628380771740112,0.003268863971641167
26.948000,-0.013628380771740112,0.003268863971641167
26.950000,-0.013628380771740112,0.003268863971641167
26.952000,-0.013628380771740112,0.003268863971641167
26.954000,-0.013628380771740112,-0.0018269294185202511
26.956000,-0.013628380771740112,0.003268863971641167
26.958000,-0.013628380771740112,-0.0018269294185202511
26.960000,-0.013628380771740112,-0.0018269294185202511
26.962000,-0.013628380771740112,0.003268863971641167
26.964000,-0.013628380771740112,0.003268863971641167
26.966000,-0.013628380771740112,0.003268863971641167
26.968000,-0.013628380771740112,0.003268863971641167
26.970000,-0.0085383607383136,0.003268863971641167
26.972000,-0.013628380771740112,-0.0018269294185202511
26.974000,-0.013628380771740112,0.003268863971641167
26.976000,-0.0085383607383136,0.003268863971641167
26.978000,-0.013628380771740112,0.003268863971641167
26.980000,-0.013628380771740112,0.003268863971641167
26.982000,-0.013628380771740112,0.003268863971641167
26.984000,-0.013628380771740112,-0.0018269294185202511
26.986000,-0.013628380771740112,0.003268863971641167
26.988000,-0.013628380771740112,0.003268863971641167
26.990000,-0.013628380771740112,0.003268863971641167
26.992000,-0.0085383607383136,-0.0018269294185202511
26.994000,-0.013628380771740112,0.003268863971641167
26.996000,-0.013628380771740112,0.003268863971641167
26.998000,-0.013628380771740112,0.003268863971641167
27.000000,-0.013628380771740112,0.003268863971641167
27.002000,-0.013628380771740112,0.003268863971641167
27.004000,-0.013628380771740112,-0.0018269294185202511
27.006000,-0.013628380771740112,-0.0018269294185202511
27.008000,-0.0085383607383136,0.003268863971641167
27.010000,-0.013628380771740112,0.003268863971641167
27.012000,-0.013628380771740112,-0.0018269294185202511
27.014000,-0.013628380771740112,-0.0018269294185202511
27.016000,-0.013628380771740112,-0.0018269294185202511
27.018000,-0.013628380771740112,0.003268863971641167
27.020000,-0.013628380771740112,0.003268863971641167
27.022000,-0.013628380771740112,0.003268863971641167
27.024000,-0.013628380771740112,0.003268863971641167
27.026000,-0.013628380771740112,0.003268863971641167
27.028000,-0.0085383607383136,-0.0018269294185202511
27.030000,-0.0085383607383136,-0.0018269294185202511
27.032000,-0.0085383607383136,0.003268863971641167
27.034000,-0.013628380771740112,0.003268863971641167
27.036000,-0.0085383607383136,0.003268863971641167
27.038000,-0.013628380771740112,0.003268863971641167
27.040000,-0.013628380771740112,0.003268863971641167
27.042000,-0.013628380771740112,-0.0018269294185202511
27.044000,-0.013628380771740112,0.003268863971641167
27.046000,-0.013628380771740112,-0.0018269294185202511
27.048000,-0.013628380771740112,0.003268863971641167
27.050000,-0.013628380771740112,0.003268863971641167
27.052000,-0.013628380771740112,0.003268863971641167
27.054000,-0.013628380771740112,-0.0018269294185202511
27.056000,-0.013628380771740112,0.003268863971641167
27.058000,-0.0085383607383136,-0.0018269294185202511
27.060000,-0.0085383607383136,0.003268863971641167
27.062000,-0.013628380771740112,0.003268863971641167
27.064000,-0.0085383607383136,0.003268863971641167
27.066000,-0.013628380771740112,0.003268863971641167
27.068000,-0.013628380771740112,0.003268863971641167
27.070000,-0.013628380771740112,0.003268863971641167
27.072000,-0.013628380771740112,0.003268863971641167
27.074000,-0.013628380771740112,0.003268863971641167
27.076000,-0.0085383607383136,0.003268863971641167
27.078000,-0.0085383607383136,0.003268863971641167
27.080000,-0.013628380771740112,0.003268863971641167
27.082000,-0.013628380771740112,0.003268863971641167
27.084000,-0.0085383607383136,0.003268863971641167
27.086000,-0.0085383607383136,-0.0018269294185202511
27.088000,-0.013628380771740112,-0.0018269294185202511
27.090000,-0.013628380771740112,-0.0018269294185202511
27.092000,-0.013628380771740112,0.003268863971641167
27.094000,-0.013628380771740112,0.003268863971641167
27.096000,-0.013628380771740112,-0.0018269294185202511
27.098000,-0.013628380771740112,-0.0018269294185202511
27.100000,-0.013628380771740112,0.003268863971641167
27.102000,-0.0085383607383136,0.003268863971641167
27.104000,-0.013628380771740112,0.003268863971641167
27.106000,-0.013628380771740112,0.003268863971641167
27.108000,-0.013628380771740112,0.003268863971641167
27.110000,-0.013628380771740112,0.003268863971641167
27.112000,-0.013628380771740112,0.003268863971641167
27.114000,-0.013628380771740112,0.003268863971641167
27.116000,-0.013628380771740112,0.003268863971641167
27.118000,-0.0085383607383136,0.003268863971641167
27.120000,-0.0085383607383136,-0.0018269294185202511
27.122000,-0.013628380771740112,0.003268863971641167
27.124000,-0.013628380771740112,0.003268863971641167
27.126000,-0.0085383607383136,0.003268863971641167
27.128000,-0.0085383607383136,0.003268863971641167
27.130000,-0.0085383607383136,0.003268863971641167
27.132000,-0.013628380771740112,0.003268863971641167
27.134000,-0.013628380771740112,0.003268863971641167
27.136000,-0.0085383607383136,0.003268863971641167
27.138000,-0.0085383607383136,0.003268863971641167
27.140000,-0.013628380771740112,-0.0018269294185202511
27.142000,-0.0085383607383136,0.003268863971641167
27.144000,-0.013628380771740112,0.003268863971641167
27.146000,-0.0085383607383136,0.003268863971641167
27.148000,-0.0085383607383136,0.003268863971641167
27.150000,-0.0085383607383136,0.003268863971641167
27.152000,-0.0085383607383136,0.003268863971641167
27.154000,-0.0085383607383136,-0.0018269294185202511
27.156000,-0.013628380771740112,0.003268863971641167
27.158000,-0.0085383607383136,0.003268863971641167
27.160000,-0.013628380771740112,0.003268863971641167
27.162000,-0.0085383607383136,0.003268863971641167
27.164000,-0.0085383607383136,0.003268863971641167
27.166000,-0.0085383607383136,0.003268863971641167
27.168000,-0.013628380771740112,0.003268863971641167
27.170000,-0.013628380771740112,0.003268863971641167
27.172000,-0.0085383607383136,-0.0018269294185202511
27.174000,-0.013628380771740112,0.003268863971641167
27.176000,-0.0085383607383136,0.003268863971641167
27.178000,-0.013628380771740112,0.003268863971641167
27.180000,-0.0085383607383136,0.003268863971641167
27.182000,-0.0085383607383136,0.003268863971641167
27.184000,-0.013628380771740112,0.003268863971641167
27.186000,-0.0085383607383136,-0.0018269294185202511
27.188000,-0.0085383607383136,0.003268863971641167
27.190000,-0.0085383607383136,0.003268863971641167
27.192000,-0.013628380771740112,0.003268863971641167
27.194000,-0.0085383607383136,-0.0018269294185202511
27.196000,-0.0085383607383136,0.003268863971641167
27.198000,-0.013628380771740112,0.003268863971641167
27.200000,-0.0085383607383136,0.003268863971641167
27.202000,-0.0085383607383136,0.003268863971641167
27.204000,-0.0085383607383136,0.003268863971641167
27.206000,-0.013628380771740112,0.003268863971641167
27.208000,-0.0085383607383136,0.003268863971641167
27.210000,-0.0085383607383136,-0.0018269294185202511
27.212000,-0.0085383607383136,0.003268863971641167
27.214000,-0.0085383607383136,0.003268863971641167
27.216000,-0.0085383607383136,0.003268863971641167
27.218000,-0.0085383607383136,-0.0018269294185202511
27.220000,-0.0085383607383136,0.003268863971641167
27.222000,-0.0085383607383136,-0.0018269294185202511
27.224000,-0.0085383607383136,0.003268863971641167
27.226000,-0.0085383607383136,0.003268863971641167
27.228000,-0.0085383607383136,0.003268863971641167
27.230000,-0.0085383607383136,-0.0018269294185202511
27.232000,-0.0085383607383136,0.003268863971641167
27.234000,-0.0085383607383136,0.003268863971641167
27.236000,-0.0085383607383136,0.003268863971641167
27.238000,-0.0085383607383136,0.003268863971641167
27.240000,-0.0085383607383136,0.003268863971641167
27.242000,-0.0085383607383136,-0.0018269294185202511
27.244000,-0.0085383607383136,0.003268863971641167
27.246000,-0.0085383607383136,0.003268863971641167
27.248000,-0.0085383607383136,0.003268863971641167
27.250000,-0.013628380771740112,-0.0018269294185202511
27.252000,-0.0085383607383136,0.003268863971641167
27.254000,-0.0085383607383136,0.003268863971641167
27.256000,-0.0085383607383136,0.003268863971641167
27.258000,-0.0085383607383136,-0.0018269294185202511
27.260000,-0.0085383607383136,0.003268863971641167
27.262000,-0.0085383607383136,0.003268863971641167
27.264000,-0.013628380771740112,-0.0018269294185202511
27.266000,-0.0085383607383136,-0.0018269294185202511
27.268000,-0.0085383607383136,-0.0018269294185202511
27.270000,-0.0085383607383136,-0.0018269294185202511
27.272000,-0.0085383607383136,0.003268863971641167
27.274000,-0.0085383607383136,0.003268863971641167
27.276000,-0.0085383607383136,0.003268863971641167
27.278000,-0.0085383607383136,0.003268863971641167
27.280000,-0.013628380771740112,0.003268863971641167
27.282000,-0.0085383607383136,0.003268863971641167
27.284000,-0.0085383607383136,0.003268863971641167
27.286000,-0.0085383607383136,0.003268863971641167
27.288000,-0.0085383607383136,0.003268863971641167
27.290000,-0.0085383607383136,0.003268863971641167
27.292000,-0.0085383607383136,0.003268863971641167
27.294000,-0.0085383607383136,0.003268863971641167
27.296000,-0.0085383607383136,-0.0018269294185202511
27.298000,-0.0085383607383136,-0.0018269294185202511
27.300000,-0.0085383607383136,0.003268863971641167
27.302000,-0.0085383607383136,0.003268863971641167
27.304000,-0.0085383607383136,0.003268863971641167
27.306000,-0.0085383607383136,0.003268863971641167
27.308000,-0.0085383607383136,0.003268863971641167
27.310000,-0.0085383607383136,0.003268863971641167
27.312000,-0.0085383607383136,0.003268863971641167
27.314000,-0.0085383607383136,0.003268863971641167
27.316000,-0.0085383607383136,0.003268863971641167
27.318000,-0.0085383607383136,0.003268863971641167
27.320000,-0.0085383607383136,0.003268863971641167
27.322000,-0.0085383607383136,0.003268863971641167
27.324000,-0.0085383607383136,0.003268863971641167
27.326000,-0.0085383607383136,0.003268863971641167
27.328000,-0.0085383607383136,0.003268863971641167
27.330000,-0.0085383607383136,0.003268863971641167
27.332000,-0.0085383607383136,0.003268863971641167
27.334000,-0.0085383607383136,0.003268863971641167
27.336000,-0.0085383607383136,0.003268863971641167
27.338000,-0.0085383607383136,0.003268863971641167
27.340000,-0.0085383607383136,0.003268863971641167
27.342000,-0.0085383607383136,0.003268863971641167
27.344000,-0.0085383607383136,-0.0018269294185202511
27.346000,-0.0085383607383136,0.003268863971641167
27.348000,-0.0085383607383136,0.003268863971641167
27.350000,-0.013628380771740112,0.003268863971641167
27.352000,-0.0085383607383136,-0.0018269294185202511
27.354000,-0.0085383607383136,0.003268863971641167
27.356000,-0.0085383607383136,-0.0018269294185202511
27.358000,-0.0085383607383136,-0.0018269294185202511
27.360000,-0.0085383607383136,-0.0018269294185202511
27.362000,-0.0085383607383136,0.003268863971641167
27.364000,-0.0085383607383136,0.003268863971641167
27.366000,-0.0085383607383136,0.003268863971641167
27.368000,-0.0085383607383136,0.003268863971641167
27.370000,-0.0085383607383136,0.003268863971641167
27.372000,-0.0085383607383136,0.003268863971641167
27.374000,-0.0085383607383136,-0.0018269294185202511
27.376000,-0.0085383607383136,0.003268863971641167
27.378000,-0.0085383607383136,0.003268863971641167
27.380000,-0.0085383607383136,0.003268863971641167
27.382000,-0.0085383607383136,0.003268863971641167
27.384000,-0.0085383607383136,0.003268863971641167
27.386000,-0.0085383607383136,0.003268863971641167
27.388000,-0.0085383607383136,0.003268863971641167
27.390000,-0.0085383607383136,0.003268863971641167
27.392000,-0.0085383607383136,0.003268863971641167
27.394000,-0.0085383607383136,0.003268863971641167
27.396000,-0.0085383607383136,-0.0018269294185202511
27.398000,-0.0085383607383136,0.003268863971641167
27.400000,-0.0085383607383136,0.003268863971641167
27.402000,-0.0085383607383136,0.003268863971641167
27.404000,-0.0085383607383136,-0.0018269294185202511
27.406000,-0.0085383607383136,0.003268863971641167
27.408000,-0.0085383607383136,0.003268863971641167
27.410000,-0.0085383607383136,0.003268863971641167
27.412000,-0.0085383607383136,0.003268863971641167
27.414000,-0.0085383607383136,0.003268863971641167
27.416000,-0.0085383607383136,-0.0018269294185202511
27.418000,-0.0085383607383136,0.003268863971641167
27.420000,-0.0085383607383136,0.003268863971641167
27.422000,-0.0085383607383136,-0.0018269294185202511
27.424000,-0.0085383607383136,0.003268863971641167
27.426000,-0.0085383607383136,0.003268863971641167
27.428000,-0.0085383607383136,0.003268863971641167
27.430000,-0.0085383607383136,0.003268863971641167
27.432000,-0.0085383607383136,0.003268863971641167
27.434000,-0.0085383607383136,0.003268863971641167
27.436000,-0.0085383607383136,0.003268863971641167
27.438000,-0.0085383607383136,-0.0018269294185202511
27.440000,-0.0085383607383136,0.003268863971641167
27.442000,-0.0085383607383136,-0.0018269294185202511
27.444000,-0.0085383607383136,0.003268863971641167
27.446000,-0.0085383607383136,0.003268863971641167
27.448000,-0.0085383607383136,-0.0018269294185202511
27.450000,-0.0085383607383136,-0.0018269294185202511
27.452000,-0.0085383607383136,0.003268863971641167
27.454000,-0.0085383607383136,-0.0018269294185202511
27.456000,-0.0085383607383136,0.003268863971641167
27.458000,-0.0085383607383136,0.003268863971641167
27.460000,-0.0085383607383136,0.003268863971641167
27.462000,-0.0085383607383136,0.003268863971641167
27.464000,-0.0085383607383136,0.003268863971641167
27.466000,-0.0085383607383136,0.003268863971641167
27.468000,-0.0085383607383136,0.003268863971641167
27.470000,-0.0085383607383136,0.003268863971641167
27.472000,-0.0085383607383136,0.003268863971641167
27.474000,-0.0085383607383136,-0.0018269294185202511
27.476000,-0.0085383607383136,0.003268863971641167
27.478000,-0.0085383607383136,0.003268863971641167
27.480000,-0.0085383607383136,-0.0018269294185202511
27.482000,-0.0085383607383136,-0.0018269294185202511
27.484000,-0.0085383607383136,0.003268863971641167
27.486000,-0.0085383607383136,-0.0018269294185202511
27.488000,-0.0085383607383136,-0.0018269294185202511
27.490000,-0.0085383607383136,0.003268863971641167
27.492000,-0.0085383607383136,0.003268863971641167
27.494000,-0.0085383607383136,0.003268863971641167
27.496000,-0.0085383607383136,-0.0018269294185202511
27.498000,-0.0085383607383136,0.003268863971641167
27.500000,-0.0085383607383136,0.003268863971641167
27.502000,-0.0085383607383136,0.003268863971641167
27.504000,-0.0085383607383136,0.003268863971641167
27.506000,-0.0085383607383136,-0.0018269294185202511
27.508000,-0.0085383607383136,0.003268863971641167
27.510000,-0.0085383607383136,0.003268863971641167
27.512000,-0.0085383607383136,0.003268863971641167
27.514000,-0.0085383607383136,-0.0018269294185202511
27.516000,-0.0085383607383136,-0.0018269294185202511
27.518000,-0.0085383607383136,0.003268863971641167
27.520000,-0.0085383607383136,-0.0018269294185202511
27.522000,-0.0085383607383136,-0.0018269294185202511
27.524000,-0.0085383607383136,0.003268863971641167
27.526000,-0.0085383607383136,0.003268863971641167
27.528000,-0.0085383607383136,0.003268863971641167
27.530000,-0.0085383607383136,0.003268863971641167
27.532000,-0.0085383607383136,0.003268863971641167
27.534000,-0.0085383607383136,-0.0018269294185202511
27.536000,-0.0085383607383136,0.003268863971641167
27.538000,-0.0085383607383136,0.003268863971641167
27.540000,-0.0085383607383136,0.003268863971641167
27.542000,-0.0085383607383136,0.003268863971641167
27.544000,-0.0085383607383136,0.003268863971641167
27.546000,-0.0085383607383136,0.003268863971641167
27.548000,-0.0085383607383136,0.003268863971641167
27.550000,-0.0085383607383136,0.003268863971641167
27.552000,-0.0085383607383136,0.003268863971641167
27.554000,-0.0085383607383136,-0.0018269294185202511
27.556000,-0.0085383607383136,0.003268863971641167
27.558000,-0.0085383607383136,0.003268863971641167
27.560000,-0.0085383607383136,0.003268863971641167
27.562000,-0.0085383607383136,0.003268863971641167
27.564000,-0.0085383607383136,-0.0018269294185202511
27.566000,-0.0085383607383136,0.003268863971641167
27.568000,-0.0085383607383136,0.003268863971641167
27.570000,-0.0085383607383136,0.003268863971641167
27.572000,-0.0085383607383136,-0.0018269294185202511
27.574000,-0.0085383607383136,0.003268863971641167
27.576000,-0.0085383607383136,0.003268863971641167
27.578000,-0.0085383607383136,0.003268863971641167
27.580000,-0.0085383607383136,-0.0018269294185202511
27.582000,-0.0085383607383136,0.003268863971641167
27.584000,-0.0085383607383136,0.003268863971641167
27.586000,-0.0085383607383136,0.003268863971641167
27.588000,-0.0085383607383136,-0.0018269294185202511
27.590000,-0.0085383607383136,0.003268863971641167
27.592000,-0.0085383607383136,-0.0018269294185202511
27.594000,-0.0085383607383136,0.003268863971641167
27.596000,-0.0085383607383136,-0.0018269294185202511
27.598000,-0.0085383607383136,0.003268863971641167
27.600000,-0.0085383607383136,-0.0018269294185202511
27.602000,-0.0085383607383136,0.003268863971641167
27.604000,-0.0085383607383136,0.003268863971641167
27.606000,-0.0085383607383136,0.003268863971641167
27.608000,-0.0085383607383136,0.003268863971641167
27.610000,-0.0085383607383136,0.003268863971641167
27.612000,-0.0085383607383136,-0.0018269294185202511
27.614000,-0.0085383607383136,0.003268863971641167
27.616000,-0.0085383607383136,0.003268863971641167
27.618000,-0.0085383607383136,0.003268863971641167
27.620000,-0.0085383607383136,0.003268863971641167
27.622000,-0.0085383607383136,0.003268863971641167
27.624000,-0.0085383607383136,-0.0018269294185202511
27.626000,-0.0085383607383136,-0.0018269294185202511
27.628000,-0.0085383607383136,-0.0018269294185202511
27.630000,-0.0085383607383136,-0.0018269294185202511
27.632000,-0.0085383607383136,0.003268863971641167
27.634000,-0.0085383607383136,-0.0018269294185202511
27.636000,-0.0085383607383136,0.003268863971641167
27.638000,-0.0085383607383136,-0.0018269294185202511
27.640000,-0.0085383607383136,0.003268863971641167
27.642000,-0.0085383607383136,0.003268863971641167
27.644000,-0.0085383607383136,-0.0018269294185202511
27.646000,-0.0085383607383136,-0.0018269294185202511
27.648000,-0.0085383607383136,0.003268863971641167
27.650000,-0.0085383607383136,0.003268863971641167
27.652000,-0.0085383607383136,-0.0018269294185202511
27.654000,-0.0085383607383136,0.003268863971641167
27.656000,-0.0085383607383136,-0.0018269294185202511
27.658000,-0.0085383607383136,-0.0018269294185202511
27.660000,-0.0085383607383136,0.003268863971641167
27.662000,-0.0085383607383136,0.003268863971641167
27.664000,-0.0085383607383136,0.003268863971641167
27.666000,-0.0085383607383136,-0.0018269294185202511
27.668000,-0.0085383607383136,-0.0018269294185202511
27.670000,-0.0085383607383136,0.003268863971641167
27.672000,-0.0085383607383136,0.003268863971641167
27.674000,-0.0085383607383136,0.003268863971641167
27.676000,-0.0085383607383136,0.003268863971641167
27.678000,-0.0085383607383136,-0.0018269294185202511
27.680000,-0.0085383607383136,-0.0018269294185202511
27.682000,-0.0085383607383136,0.003268863971641167
27.684000,-0.0085383607383136,0.003268863971641167
27.686000,-0.0085383607383136,0.003268863971641167
27.688000,-0.0085383607383136,0.003268863971641167
27.690000,-0.0085383607383136,0.003268863971641167
27.692000,-0.0085383607383136,0.003268863971641167
27.694000,-0.0085383607383136,0.003268863971641167
27.696000,-0.0085383607383136,0.003268863971641167
27.698000,-0.0085383607383136,0.003268863971641167
27.700000,-0.0085383607383136,-0.0018269294185202511
27.702000,-0.0085383607383136,-0.0018269294185202511
27.704000,-0.0085383607383136,0.003268863971641167
27.706000,-0.0085383607383136,0.003268863971641167
27.708000,-0.0085383607383136,0.003268863971641167
27.710000,-0.0085383607383136,0.003268863971641167
27.712000,-0.0085383607383136,-0.0018269294185202511
27.714000,-0.0085383607383136,-0.0018269294185202511
27.716000,-0.0085383607383136,0.003268863971641167
27.718000,-0.0085383607383136,-0.0018269294185202511
27.720000,-0.0085383607383136,-0.0018269294185202511
27.722000,-0.0085383607383136,0.003268863971641167
27.724000,-0.0085383607383136,0.003268863971641167
27.726000,-0.0085383607383136,-0.0018269294185202511
27.728000,-0.0085383607383136,-0.0018269294185202511
27.730000,-0.0085383607383136,0.003268863971641167
27.732000,-0.0085383607383136,0.003268863971641167
27.734000,-0.0085383607383136,0.003268863971641167
27.736000,-0.0085383607383136,-0.0018269294185202511
27.738000,-0.0085383607383136,0.003268863971641167
27.740000,-0.0085383607383136,0.003268863971641167
27.742000,-0.0085383607383136,0.003268863971641167
27.744000,-0.0034483407048870873,0.003268863971641167
27.746000,-0.0085383607383136,0.003268863971641167
27.748000,-0.0085383607383136,-0.0018269294185202511
27.750000,-0.0085383607383136,0.003268863971641167
27.752000,-0.0085383607383136,0.003268863971641167
27.754000,-0.0085383607383136,-0.0018269294185202511
27.756000,-0.0085383607383136,0.003268863971641167
27.758000,-0.0085383607383136,-0.0018269294185202511
27.760000,-0.0085383607383136,0.003268863971641167
27.762000,-0.0085383607383136,0.003268863971641167
27.764000,-0.0085383607383136,0.003268863971641167
27.766000,-0.0085383607383136,0.003268863971641167
27.768000,-0.0085383607383136,0.003268863971641167
27.770000,-0.0085383607383136,0.003268863971641167
27.772000,-0.0085383607383136,0.003268863971641167
27.774000,-0.0085383607383136,0.003268863971641167
27.776000,-0.0085383607383136,0.003268863971641167
27.778000,-0.0085383607383136,0.003268863971641167
27.780000,-0.0085383607383136,0.003268863971641167
27.782000,-0.0085383607383136,0.003268863971641167
27.784000,-0.0085383607383136,-0.0018269294185202511
27.786000,-0.0085383607383136,-0.0018269294185202511
27.788000,-0.0085383607383136,0.003268863971641167
27.790000,-0.0085383607383136,0.003268863971641167
27.792000,-0.0085383607383136,0.003268863971641167
27.794000,-0.0034483407048870873,0.003268863971641167
27.796000,-0.0034483407048870873,0.003268863971641167
27.798000,-0.0085383607383136,0.003268863971641167
27.800000,-0.0085383607383136,0.003268863971641167
27.802000,-0.0085383607383136,-0.0018269294185202511
27.804000,-0.0085383607383136,-0.0018269294185202511
27.806000,-0.0085383607383136,0.003268863971641167
27.808000,-0.0085383607383136,-0.0018269294185202511
27.810000,-0.0085383607383136,0.003268863971641167
27.812000,-0.0085383607383136,0.003268863971641167
27.814000,-0.0085383607383136,-0.0018269294185202511
27.816000,-0.0085383607383136,0.003268863971641167
27.818000,-0.0085383607383136,0.003268863971641167
27.820000,-0.0085383607383136,0.003268863971641167
27.822000,-0.0085383607383136,0.003268863971641167
27.824000,-0.0085383607383136,0.003268863971641167
27.826000,-0.0085383607383136,-0.0018269294185202511
27.828000,-0.0085383607383136,0.003268863971641167
27.830000,-0.0085383607383136,0.003268863971641167
27.832000,-0.0085383607383136,0.003268863971641167
27.834000,-0.0085383607383136,0.003268863971641167
27.836000,-0.0085383607383136,-0.0018269294185202511
27.838000,-0.0085383607383136,-0.0018269294185202511
27.840000,-0.0085383607383136,0.003268863971641167
27.842000,-0.0085383607383136,0.003268863971641167
27.844000,-0.0085383607383136,0.003268863971641167
27.846000,-0.0085383607383136,-0.0018269294185202511
27.848000,-0.0085383607383136,0.003268863971641167
27.850000,-0.0085383607383136,0.003268863971641167
27.852000,-0.0085383607383136,-0.0018269294185202511
27.854000,-0.0085383607383136,0.003268863971641167
27.856000,-0.0085383607383136,-0.0018269294185202511
27.858000,-0.0085383607383136,0.003268863971641167
27.860000,-0.0085383607383136,0.003268863971641167
27.862000,-0.0085383607383136,0.003268863971641167
27.864000,-0.0085383607383136,0.003268863971641167
27.866000,-0.0085383607383136,-0.0018269294185202511
27.868000,-0.0034483407048870873,-0.0018269294185202511
27.870000,-0.0085383607383136,0.003268863971641167
27.872000,-0.0085383607383136,0.003268863971641167
27.874000,-0.0085383607383136,0.003268863971641167
27.876000,-0.0085383607383136,-0.0018269294185202511
27.878000,-0.0034483407048870873,0.003268863971641167
27.880000,-0.0085383607383136,0.003268863971641167
27.882000,-0.0085383607383136,0.003268863971641167
27.884000,-0.0085383607383136,-0.0018269294185202511
27.886000,-0.0034483407048870873,0.003268863971641167
27.888000,-0.0085383607383136,0.003268863971641167
27.890000,-0.0085383607383136,-0.0018269294185202511
27.892000,-0.0085383607383136,0.003268863971641167
27.894000,-0.0085383607383136,0.003268863971641167
27.896000,-0.0085383607383136,-0.0018269294185202511
27.898000,-0.0085383607383136,0.003268863971641167
27.900000,-0.0085383607383136,0.003268863971641167
27.902000,-0.0085383607383136,0.003268863971641167
27.904000,-0.0034483407048870873,0.003268863971641167
27.906000,-0.0085383607383136,0.003268863971641167
27.908000,-0.0085383607383136,0.003268863971641167
27.910000,-0.0085383607383136,0.003268863971641167
27.912000,-0.0085383607383136,-0.0018269294185202511
27.914000,-0.0034483407048870873,0.003268863971641167
27.916000,-0.0034483407048870873,0.003268863971641167
27.918000,-0.0085383607383136,-0.0018269294185202511
27.920000,-0.0085383607383136,0.003268863971641167
27.922000,-0.0085383607383136,0.003268863971641167
27.924000,-0.0085383607383136,0.003268863971641167
27.926000,-0.0085383607383136,0.003268863971641167
27.928000,-0.0085383607383136,0.003268863971641167
27.930000,-0.0085383607383136,-0.0018269294185202511
27.932000,-0.0085383607383136,0.003268863971641167
27.934000,-0.0085383607383136,-0.0018269294185202511
27.936000,-0.0085383607383136,0.003268863971641167
27.938000,-0.0085383607383136,0.003268863971641167
27.940000,-0.0085383607383136,0.003268863971641167
27.942000,-0.0085383607383136,0.003268863971641167
27.944000,-0.0034483407048870873,-0.0018269294185202511
27.946000,-0.0034483407048870873,0.003268863971641167
27.948000,-0.0085383607383136,0.003268863971641167
27.950000,-0.0085383607383136,0.003268863971641167
27.952000,-0.0085383607383136,-0.0018269294185202511
27.954000,-0.0085383607383136,0.003268863971641167
27.956000,-0.0034483407048870873,0.003268863971641167
27.958000,-0.0034483407048870873,-0.0018269294185202511
27.960000,-0.0085383607383136,0.003268863971641167
27.962000,-0.0085383607383136,0.003268863971641167
27.964000,-0.0034483407048870873,0.003268863971641167
27.966000,-0.0034483407048870873,0.003268863971641167
27.968000,-0.0085383607383136,0.003268863971641167
27.970000,-0.0085383607383136,0.003268863971641167
27.972000,-0.0034483407048870873,-0.0018269294185202511
27.974000,-0.0085383607383136,0.003268863971641167
27.976000,-0.0085383607383136,-0.0018269294185202511
27.978000,-0.0085383607383136,0.003268863971641167
27.980000,-0.0085383607383136,-0.0018269294185202511
27.982000,-0.0085383607383136,0.003268863971641167
27.984000,-0.0085383607383136,-0.0018269294185202511
27.986000,-0.0085383607383136,0.003268863971641167
27.988000,-0.0085383607383136,0.003268863971641167
27.990000,-0.0034483407048870873,-0.0018269294185202511
27.992000,-0.0085383607383136,0.003268863971641167
27.994000,-0.0085383607383136,0.003268863971641167
27.996000,-0.0034483407048870873,0.003268863971641167
27.998000,-0.0085383607383136,-0.0018269294185202511
28.000000,-0.0085383607383136,0.003268863971641167
28.002000,-0.0085383607383136,0.003268863971641167
28.004000,-0.0085383607383136,-0.0018269294185202511
28.006000,-0.0034483407048870873,0.003268863971641167
28.008000,-0.0034483407048870873,0.003268863971641167
28.010000,-0.0085383607383136,0.003268863971641167
28.012000,-0.0034483407048870873,0.003268863971641167
28.014000,-0.0085383607383136,0.003268863971641167
28.016000,-0.0034483407048870873,0.003268863971641167
28.018000,-0.0034483407048870873,0.003268863971641167
28.020000,-0.0034483407048870873,-0.0018269294185202511
28.022000,-0.0085383607383136,-0.0018269294185202511
28.024000,-0.0085383607383136,-0.0018269294185202511
28.026000,-0.0034483407048870873,0.003268863971641167
28.028000,-0.0085383607383136,0.003268863971641167
28.030000,-0.0085383607383136,0.003268863971641167
28.032000,-0.0085383607383136,-0.0018269294185202511
28.034000,-0.0085383607383136,-0.0018269294185202511
28.036000,-0.0034483407048870873,0.003268863971641167
28.038000,-0.0085383607383136,0.003268863971641167
28.040000,-0.0034483407048870873,0.003268863971641167
28.042000,-0.0085383607383136,-0.0018269294185202511
28.044000,-0.0034483407048870873,0.003268863971641167
28.046000,-0.0085383607383136,0.003268863971641167
28.048000,-0.0085383607383136,0.003268863971641167
28.050000,-0.0085383607383136,0.003268863971641167
28.052000,-0.0085383607383136,0.003268863971641167
28.054000,-0.0034483407048870873,0.003268863971641167
28.056000,-0.0034483407048870873,0.003268863971641167
28.058000,-0.0085383607383136,0.003268863971641167
28.060000,-0.0085383607383136,0.003268863971641167
28.062000,-0.0085383607383136,0.003268863971641167
28.064000,-0.0034483407048870873,0.003268863971641167
28.066000,-0.0034483407048870873,0.003268863971641167
28.068000,-0.0034483407048870873,0.003268863971641167
28.070000,-0.0034483407048870873,-0.0018269294185202511
28.072000,-0.0085383607383136,0.003268863971641167
28.074000,-0.0085383607383136,0.003268863971641167
28.076000,-0.0034483407048870873,0.003268863971641167
28.078000,-0.0034483407048870873,0.003268863971641167
28.080000,-0.0034483407048870873,0.003268863971641167
28.082000,-0.0085383607383136,0.003268863971641167
28.084000,-0.0085383607383136,0.003268863971641167
28.086000,-0.0034483407048870873,0.003268863971641167
28.088000,-0.0034483407048870873,0.003268863971641167
28.090000,-0.0034483407048870873,0.003268863971641167
28.092000,-0.0034483407048870873,0.003268863971641167
28.094000,-0.0085383607383136,-0.0018269294185202511
28.096000,-0.0085383607383136,-0.0018269294185202511
28.098000,-0.0085383607383136,-0.0018269294185202511
28.100000,-0.0034483407048870873,-0.0018269294185202511
28.102000,-0.0034483407048870873,0.003268863971641167
28.104000,-0.0085383607383136,0.003268863971641167
28.106000,-0.0085383607383136,-0.0018269294185202511
28.108000,-0.0085383607383136,0.003268863971641167
28.110000,-0.0034483407048870873,-0.0018269294185202511
28.112000,-0.0085383607383136,0.003268863971641167
28.114000,-0.0085383607383136,0.003268863971641167
28.116000,-0.0034483407048870873,-0.0018269294185202511
28.118000,-0.0034483407048870873,0.003268863971641167
28.120000,-0.0034483407048870873,-0.0018269294185202511
28.122000,-0.0034483407048870873,0.003268863971641167
28.124000,-0.0034483407048870873,0.003268863971641167
28.126000,-0.0085383607383136,0.003268863971641167
28.128000,-0.0034483407048870873,0.003268863971641167
28.130000,-0.0034483407048870873,0.003268863971641167
28.132000,-0.0085383607383136,-0.0018269294185202511
28.134000,-0.0085383607383136,0.003268863971641167
28.136000,-0.0034483407048870873,0.003268863971641167
28.138000,-0.0034483407048870873,0.003268863971641167
28.140000,-0.0034483407048870873,0.003268863971641167
28.142000,-0.0034483407048870873,0.003268863971641167
28.144000,-0.0085383607383136,0.003268863971641167
28.146000,-0.0085383607383136,0.003268863971641167
28.148000,-0.0085383607383136,0.003268863971641167
28.150000,-0.0034483407048870873,0.003268863971641167
28.152000,-0.0034483407048870873,0.003268863971641167
28.154000,-0.0034483407048870873,0.003268863971641167
28.156000,-0.0034483407048870873,0.003268863971641167
28.158000,-0.0034483407048870873,-0.0018269294185202511
28.160000,-0.0034483407048870873,0.003268863971641167
28.162000,-0.0034483407048870873,0.003268863971641167
28.164000,-0.0034483407048870873,0.003268863971641167
28.166000,-0.0085383607383136,0.003268863971641167
28.168000,-0.0034483407048870873,0.003268863971641167
28.170000,-0.0034483407048870873,0.003268863971641167
28.172000,-0.0085383607383136,0.003268863971641167
28.174000,-0.0034483407048870873,0.003268863971641167
28.176000,-0.0034483407048870873,-0.0018269294185202511
28.178000,-0.0034483407048870873,0.003268863971641167
28.180000,-0.0085383607383136,0.003268863971641167
28.182000,-0.0085383607383136,0.003268863971641167
28.184000,-0.0034483407048870873,0.003268863971641167
28.186000,-0.0034483407048870873,0.003268863971641167
28.188000,-0.0034483407048870873,-0.0018269294185202511
28.190000,-0.0034483407048870873,-0.0018269294185202511
28.192000,-0.0034483407048870873,0.003268863971641167
28.194000,-0.0034483407048870873,-0.0018269294185202511
28.196000,-0.0085383607383136,0.003268863971641167
28.198000,-0.0034483407048870873,0.003268863971641167
28.200000,-0.0034483407048870873,0.003268863971641167
28.202000,-0.0034483407048870873,0.003268863971641167
28.204000,-0.0034483407048870873,0.003268863971641167
28.206000,-0.0034483407048870873,-0.0018269294185202511
28.208000,-0.0034483407048870873,-0.0018269294185202511
28.210000,-0.0085383607383136,0.003268863971641167
28.212000,-0.0034483407048870873,-0.0018269294185202511
28.214000,-0.0034483407048870873,0.003268863971641167
28.216000,-0.0034483407048870873,-0.0018269294185202511
28.218000,-0.0034483407048870873,0.003268863971641167
28.220000,-0.0034483407048870873,0.003268863971641167
28.222000,-0.0034483407048870873,0.003268863971641167
28.224000,-0.0034483407048870873,0.003268863971641167
28.226000,-0.0034483407048870873,-0.0018269294185202511
28.228000,-0.0085383607383136,-0.0018269294185202511
28.230000,-0.0085383607383136,0.003268863971641167
28.232000,-0.0034483407048870873,-0.0018269294185202511
28.234000,-0.0034483407048870873,-0.0018269294185202511
28.236000,-0.0085383607383136,-0.0018269294185202511
28.238000,-0.0034483407048870873,-0.0018269294185202511
28.240000,-0.0034483407048870873,0.003268863971641167
28.242000,-0.0034483407048870873,0.003268863971641167
28.244000,-0.0085383607383136,0.003268863971641167
28.246000,-0.0034483407048870873,0.003268863971641167
28.248000,-0.0085383607383136,0.003268863971641167
28.250000,-0.0034483407048870873,0.003268863971641167
28.252000,-0.0034483407048870873,0.003268863971641167
28.254000,-0.0034483407048870873,0.003268863971641167
28.256000,-0.0034483407048870873,0.003268863971641167
28.258000,-0.0034483407048870873,-0.0018269294185202511
28.260000,-0.0034483407048870873,-0.0018269294185202511
28.262000,-0.0034483407048870873,0.003268863971641167
28.264000,-0.0034483407048870873,0.003268863971641167
28.266000,-0.0085383607383136,0.003268863971641167
28.268000,-0.0034483407048870873,0.003268863971641167
28.270000,-0.0034483407048870873,0.003268863971641167
28.272000,-0.0034483407048870873,0.003268863971641167
28.274000,-0.0034483407048870873,-0.0018269294185202511
28.276000,-0.0034483407048870873,0.003268863971641167
28.278000,-0.0085383607383136,0.003268863971641167
28.280000,-0.0034483407048870873,0.003268863971641167
28.282000,-0.0034483407048870873,0.003268863971641167
28.284000,-0.0034483407048870873,0.003268863971641167
28.286000,-0.0034483407048870873,0.003268863971641167
28.288000,-0.0034483407048870873,0.003268863971641167
28.290000,-0.0034483407048870873,0.003268863971641167
28.292000,-0.0034483407048870873,-0.0018269294185202511
28.294000,-0.0034483407048870873,0.003268863971641167
28.296000,-0.0034483407048870873,0.003268863971641167
28.298000,-0.0034483407048870873,0.003268863971641167
28.300000,-0.0034483407048870873,0.003268863971641167
28.302000,-0.0034483407048870873,0.003268863971641167
28.304000,-0.0034483407048870873,0.003268863971641167
28.306000,-0.0034483407048870873,0.003268863971641167
28.308000,-0.0034483407048870873,0.003268863971641167
28.310000,-0.0034483407048870873,0.003268863971641167
28.312000,-0.0034483407048870873,-0.0018269294185202511
28.314000,-0.0034483407048870873,-0.0018269294185202511
28.316000,-0.0085383607383136,0.003268863971641167
28.318000,-0.0034483407048870873,0.003268863971641167
28.320000,-0.0034483407048870873,0.003268863971641167
28.322000,-0.0034483407048870873,0.003268863971641167
28.324000,-0.0034483407048870873,0.003268863971641167
28.326000,-0.0034483407048870873,0.003268863971641167
28.328000,-0.0085383607383136,-0.0018269294185202511
28.330000,-0.0034483407048870873,0.003268863971641167
28.332000,-0.0034483407048870873,0.003268863971641167
28.334000,-0.0034483407048870873,-0.0018269294185202511
28.336000,-0.0034483407048870873,0.003268863971641167
28.338000,-0.0034483407048870873,0.003268863971641167
28.340000,-0.0034483407048870873,-0.0018269294185202511
28.342000,-0.0034483407048870873,0.003268863971641167
28.344000,-0.0034483407048870873,0.003268863971641167
28.346000,-0.0034483407048870873,0.003268863971641167
28.348000,-0.0034483407048870873,0.003268863971641167
28.350000,-0.0034483407048870873,0.003268863971641167
28.352000,-0.0034483407048870873,0.003268863971641167
28.354000,-0.0085383607383136,-0.0018269294185202511
28.356000,-0.0034483407048870873,0.003268863971641167
28.358000,-0.0085383607383136,0.003268863971641167
28.360000,-0.0034483407048870873,0.003268863971641167
28.362000,-0.0034483407048870873,0.003268863971641167
28.364000,-0.0085383607383136,0.003268863971641167
28.366000,-0.0034483407048870873,-0.0018269294185202511
28.368000,-0.0034483407048870873,0.003268863971641167
28.370000,-0.0034483407048870873,0.003268863971641167
28.372000,-0.0034483407048870873,-0.0018269294185202511
28.374000,-0.0034483407048870873,0.003268863971641167
28.376000,-0.0034483407048870873,0.003268863971641167
28.378000,-0.0034483407048870873,0.003268863971641167
28.380000,-0.0034483407048870873,0.003268863971641167
28.382000,-0.0034483407048870873,-0.0018269294185202511
28.384000,-0.0034483407048870873,0.003268863971641167
28.386000,-0.0085383607383136,-0.0018269294185202511
28.388000,-0.0034483407048870873,0.003268863971641167
28.390000,-0.0034483407048870873,0.003268863971641167
28.392000,-0.0034483407048870873,0.003268863971641167
28.394000,-0.0034483407048870873,0.003268863971641167
28.396000,-0.0034483407048870873,0.003268863971641167
28.398000,-0.0034483407048870873,0.003268863971641167
28.400000,-0.0034483407048870873,-0.0018269294185202511
28.402000,-0.0034483407048870873,0.003268863971641167
28.404000,-0.0034483407048870873,0.003268863971641167
28.406000,-0.0034483407048870873,-0.0018269294185202511
28.408000,-0.0034483407048870873,-0.0018269294185202511
28.410000,-0.0034483407048870873,0.003268863971641167
28.412000,-0.0034483407048870873,0.003268863971641167
28.414000,-0.0034483407048870873,0.003268863971641167
28.416000,-0.0034483407048870873,0.003268863971641167
28.418000,-0.0034483407048870873,-0.0018269294185202511
28.420000,-0.0034483407048870873,0.003268863971641167
28.422000,-0.0085383607383136,0.003268863971641167
28.424000,-0.0034483407048870873,0.003268863971641167
28.426000,-0.0034483407048870873,0.003268863971641167
28.428000,-0.0034483407048870873,0.003268863971641167
28.430000,-0.0034483407048870873,0.003268863971641167
28.432000,-0.0034483407048870873,0.003268863971641167
28.434000,-0.0034483407048870873,-0.0018269294185202511
28.436000,-0.0034483407048870873,0.003268863971641167
28.438000,-0.0034483407048870873,0.003268863971641167
28.440000,-0.0034483407048870873,0.003268863971641167
28.442000,-0.0034483407048870873,0.003268863971641167
28.444000,-0.0034483407048870873,0.003268863971641167
28.446000,-0.0034483407048870873,0.003268863971641167
28.448000,-0.0034483407048870873,0.003268863971641167
28.450000,-0.0034483407048870873,0.003268863971641167
28.452000,-0.0034483407048870873,0.003268863971641167
28.454000,-0.0034483407048870873,0.003268863971641167
28.456000,-0.0034483407048870873,0.003268863971641167
28.458000,-0.0034483407048870873,0.003268863971641167
28.460000,-0.0085383607383136,0.003268863971641167
28.462000,-0.0085383607383136,0.003268863971641167
28.464000,-0.0034483407048870873,0.003268863971641167
28.466000,-0.0034483407048870873,0.003268863971641167
28.468000,-0.0034483407048870873,0.003268863971641167
28.470000,-0.0034483407048870873,-0.0018269294185202511
28.472000,-0.0085383607383136,0.003268863971641167
28.474000,-0.0085383607383136,-0.0018269294185202511
28.476000,-0.0034483407048870873,0.003268863971641167
28.478000,-0.0034483407048870873,0.003268863971641167
28.480000,-0.0034483407048870873,-0.0018269294185202511
28.482000,-0.0034483407048870873,0.003268863971641167
28.484000,-0.0034483407048870873,0.003268863971641167
28.486000,-0.0034483407048870873,0.003268863971641167
28.488000,-0.0034483407048870873,0.003268863971641167
28.490000,-0.0034483407048870873,0.003268863971641167
28.492000,-0.0034483407048870873,-0.0018269294185202511
28.494000,-0.0034483407048870873,-0.0018269294185202511
28.496000,-0.0034483407048870873,0.003268863971641167
28.498000,-0.0034483407048870873,0.003268863971641167
28.500000,-0.0034483407048870873,0.003268863971641167
28.502000,-0.0034483407048870873,-0.0018269294185202511
28.504000,-0.0034483407048870873,0.003268863971641167
28.506000,-0.0034483407048870873,0.003268863971641167
28.508000,-0.0034483407048870873,0.003268863971641167
28.510000,-0.0034483407048870873,0.003268863971641167
28.512000,-0.0034483407048870873,0.003268863971641167
28.514000,-0.0034483407048870873,-0.0018269294185202511
28.516000,-0.0034483407048870873,0.003268863971641167
28.518000,-0.0034483407048870873,0.003268863971641167
28.520000,-0.0034483407048870873,0.003268863971641167
28.522000,-0.0034483407048870873,0.003268863971641167
28.524000,-0.0034483407048870873,0.003268863971641167
28.526000,-0.0034483407048870873,0.003268863971641167
28.528000,-0.0034483407048870873,0.003268863971641167
28.530000,-0.0034483407048870873,0.003268863971641167
28.532000,-0.0034483407048870873,0.003268863971641167
28.534000,-0.0034483407048870873,0.003268863971641167
28.536000,-0.0034483407048870873,-0.0018269294185202511
28.538000,-0.0034483407048870873,0.003268863971641167
28.540000,-0.0034483407048870873,0.003268863971641167
28.542000,-0.0034483407048870873,0.003268863971641167
28.544000,-0.0034483407048870873,0.003268863971641167
28.546000,-0.0034483407048870873,-0.0018269294185202511
28.548000,-0.0034483407048870873,0.003268863971641167
28.550000,-0.0034483407048870873,0.003268863971641167
28.552000,-0.0085383607383136,0.003268863971641167
28.554000,-0.0034483407048870873,0.003268863971641167
28.556000,-0.0034483407048870873,0.003268863971641167
28.558000,-0.0034483407048870873,-0.0018269294185202511
28.560000,-0.0034483407048870873,0.003268863971641167
28.562000,-0.0034483407048870873,0.003268863971641167
28.564000,-0.0034483407048870873,0.003268863971641167
28.566000,-0.0034483407048870873,0.003268863971641167
28.568000,-0.0034483407048870873,0.003268863971641167
28.570000,-0.0034483407048870873,0.003268863971641167
28.572000,-0.0034483407048870873,-0.0018269294185202511
28.574000,-0.0034483407048870873,0.003268863971641167
28.576000,-0.0034483407048870873,-0.0018269294185202511
28.578000,-0.0034483407048870873,0.003268863971641167
28.580000,-0.0034483407048870873,-0.0018269294185202511
28.582000,-0.0034483407048870873,0.003268863971641167
28.584000,-0.0034483407048870873,0.003268863971641167
28.586000,-0.0034483407048870873,0.003268863971641167
28.588000,-0.0034483407048870873,0.003268863971641167
28.590000,-0.0034483407048870873,0.003268863971641167
28.592000,-0.0034483407048870873,0.003268863971641167
28.594000,-0.0034483407048870873,-0.0018269294185202511
28.596000,-0.0034483407048870873,-0.0018269294185202511
28.598000,-0.0034483407048870873,0.003268863971641167
28.600000,-0.0034483407048870873,-0.0018269294185202511
28.602000,-0.0034483407048870873,0.003268863971641167
28.604000,-0.0034483407048870873,0.003268863971641167
28.606000,-0.0085383607383136,0.003268863971641167
28.608000,-0.0034483407048870873,0.003268863971641167
28.610000,-0.0034483407048870873,0.003268863971641167
28.612000,-0.0034483407048870873,0.003268863971641167
28.614000,-0.0034483407048870873,0.003268863971641167
28.616000,-0.0034483407048870873,0.003268863971641167
28.618000,-0.0034483407048870873,-0.0018269294185202511
28.620000,-0.0034483407048870873,0.003268863971641167
28.622000,-0.0034483407048870873,0.003268863971641167
28.624000,-0.0034483407048870873,0.003268863971641167
28.626000,-0.0034483407048870873,0.003268863971641167
28.628000,-0.0034483407048870873,0.003268863971641167
28.630000,-0.0034483407048870873,0.003268863971641167
28.632000,-0.0034483407048870873,-0.0018269294185202511
28.634000,-0.0034483407048870873,0.003268863971641167
28.636000,-0.0085383607383136,0.003268863971641167
28.638000,-0.0034483407048870873,-0.0018269294185202511
28.640000,-0.0034483407048870873,0.003268863971641167
28.642000,-0.0034483407048870873,0.003268863971641167
28.644000,-0.0034483407048870873,0.003268863971641167
28.646000,-0.0034483407048870873,0.003268863971641167
28.648000,-0.0034483407048870873,0.003268863971641167
28.650000,-0.0034483407048870873,-0.0018269294185202511
28.652000,-0.0034483407048870873,-0.0018269294185202511
28.654000,-0.0034483407048870873,-0.0018269294185202511
28.656000,-0.0034483407048870873,0.003268863971641167
28.658000,-0.0034483407048870873,0.003268863971641167
28.660000,-0.0034483407048870873,0.003268863971641167
28.662000,-0.0034483407048870873,-0.0018269294185202511
28.664000,-0.0034483407048870873,0.003268863971641167
28.666000,-0.0034483407048870873,-0.0018269294185202511
28.668000,-0.0034483407048870873,0.003268863971641167
28.670000,-0.0034483407048870873,0.003268863971641167
28.672000,-0.0034483407048870873,-0.0018269294185202511
28.674000,-0.0034483407048870873,0.003268863971641167
28.676000,-0.0034483407048870873,-0.0018269294185202511
28.678000,-0.0034483407048870873,0.003268863971641167
28.680000,-0.0034483407048870873,-0.0018269294185202511
28.682000,-0.0034483407048870873,0.003268863971641167
28.684000,-0.0034483407048870873,0.003268863971641167
28.686000,-0.0034483407048870873,0.003268863971641167
28.688000,-0.0034483407048870873,0.003268863971641167
28.690000,-0.0034483407048870873,0.003268863971641167
28.692000,-0.0034483407048870873,0.003268863971641167
28.694000,-0.0034483407048870873,0.003268863971641167
28.696000,-0.0034483407048870873,0.003268863971641167
28.698000,-0.0034483407048870873,0.003268863971641167
28.700000,-0.0034483407048870873,0.003268863971641167
28.702000,-0.0034483407048870873,0.003268863971641167
28.704000,-0.0034483407048870873,0.003268863971641167
28.706000,-0.0034483407048870873,0.003268863971641167
28.708000,-0.0034483407048870873,-0.0018269294185202511
28.710000,-0.0034483407048870873,0.003268863971641167
28.712000,-0.0034483407048870873,0.003268863971641167
28.714000,-0.0034483407048870873,0.003268863971641167
28.716000,-0.0034483407048870873,0.003268863971641167
28.718000,-0.0034483407048870873,0.003268863971641167
28.720000,-0.0034483407048870873,-0.0018269294185202511
28.722000,-0.0034483407048870873,-0.0018269294185202511
28.724000,-0.0034483407048870873,0.003268863971641167
28.726000,-0.0034483407048870873,0.003268863971641167
28.728000,-0.0034483407048870873,0.003268863971641167
28.730000,-0.0034483407048870873,0.003268863971641167
28.732000,-0.0034483407048870873,0.003268863971641167
28.734000,-0.0034483407048870873,0.003268863971641167
28.736000,-0.0034483407048870873,0.003268863971641167
28.738000,-0.0034483407048870873,0.003268863971641167
28.740000,-0.0034483407048870873,0.003268863971641167
28.742000,-0.0034483407048870873,0.003268863971641167
28.744000,-0.0034483407048870873,-0.0018269294185202511
28.746000,-0.0034483407048870873,-0.0018269294185202511
28.748000,-0.0034483407048870873,0.003268863971641167
28.750000,-0.0034483407048870873,0.003268863971641167
28.752000,-0.0034483407048870873,0.003268863971641167
28.754000,-0.0034483407048870873,0.003268863971641167
28.756000,-0.0034483407048870873,-0.0018269294185202511
28.758000,-0.0034483407048870873,0.003268863971641167
28.760000,-0.0034483407048870873,-0.0018269294185202511
28.762000,-0.0034483407048870873,0.003268863971641167
28.764000,-0.0034483407048870873,-0.0018269294185202511
28.766000,-0.0034483407048870873,-0.0018269294185202511
28.768000,-0.0034483407048870873,0.003268863971641167
28.770000,-0.0034483407048870873,0.003268863971641167
28.772000,-0.0034483407048870873,0.003268863971641167
28.774000,-0.0034483407048870873,0.003268863971641167
28.776000,-0.0034483407048870873,0.003268863971641167
28.778000,-0.0034483407048870873,-0.0018269294185202511
28.780000,-0.0034483407048870873,0.003268863971641167
28.782000,-0.0034483407048870873,-0.0018269294185202511
28.784000,-0.0034483407048870873,-0.0018269294185202511
28.786000,-0.0034483407048870873,0.003268863971641167
28.788000,-0.0034483407048870873,0.003268863971641167
28.790000,-0.0034483407048870873,0.003268863971641167
28.792000,-0.0034483407048870873,0.003268863971641167
28.794000,-0.0034483407048870873,0.003268863971641167
28.796000,-0.0034483407048870873,-0.0018269294185202511
28.798000,-0.0034483407048870873,0.003268863971641167
28.800000,-0.0034483407048870873,0.003268863971641167
28.802000,-0.0034483407048870873,0.003268863971641167
28.804000,-0.0034483407048870873,0.003268863971641167
28.806000,-0.0034483407048870873,0.003268863971641167
28.808000,-0.0034483407048870873,-0.0018269294185202511
28.810000,-0.0034483407048870873,0.003268863971641167
28.812000,-0.0034483407048870873,0.003268863971641167
28.814000,-0.0034483407048870873,0.003268863971641167
28.816000,-0.0034483407048870873,0.003268863971641167
28.818000,-0.0034483407048870873,0.003268863971641167
28.820000,-0.0034483407048870873,-0.0018269294185202511
28.822000,-0.0034483407048870873,-0.0018269294185202511
28.824000,-0.0034483407048870873,-0.0018269294185202511
28.826000,-0.0034483407048870873,0.003268863971641167
28.828000,-0.0034483407048870873,0.003268863971641167
28.830000,-0.0034483407048870873,0.003268863971641167
28.832000,-0.0034483407048870873,0.003268863971641167
28.834000,-0.0034483407048870873,0.003268863971641167
28.836000,-0.0034483407048870873,-0.0018269294185202511
28.838000,-0.0034483407048870873,0.003268863971641167
28.840000,-0.0034483407048870873,0.003268863971641167
28.842000,-0.0034483407048870873,-0.0018269294185202511
28.844000,-0.0034483407048870873,0.003268863971641167
28.846000,-0.0034483407048870873,-0.0018269294185202511
28.848000,-0.0034483407048870873,0.003268863971641167
28.850000,-0.0034483407048870873,0.003268863971641167
28.852000,-0.0034483407048870873,0.003268863971641167
28.854000,-0.0034483407048870873,0.003268863971641167
28.856000,-0.0034483407048870873,0.003268863971641167
28.858000,-0.0034483407048870873,0.003268863971641167
28.860000,-0.0034483407048870873,0.003268863971641167
28.862000,-0.0034483407048870873,0.003268863971641167
28.864000,-0.0034483407048870873,0.003268863971641167
28.866000,-0.0034483407048870873,0.003268863971641167
28.868000,-0.0034483407048870873,0.003268863971641167
28.870000,-0.0034483407048870873,0.003268863971641167
28.872000,-0.0034483407048870873,0.003268863971641167
28.874000,-0.0034483407048870873,0.003268863971641167
28.876000,-0.0034483407048870873,-0.0018269294185202511
28.878000,-0.0034483407048870873,0.003268863971641167
28.880000,-0.0034483407048870873,-0.0018269294185202511
28.882000,-0.0034483407048870873,0.003268863971641167
28.884000,-0.0034483407048870873,0.003268863971641167
28.886000,-0.0034483407048870873,-0.0018269294185202511
28.888000,-0.0034483407048870873,0.003268863971641167
28.890000,-0.0034483407048870873,-0.0018269294185202511
28.892000,-0.0034483407048870873,-0.0018269294185202511
28.894000,-0.0034483407048870873,0.003268863971641167
28.896000,-0.0034483407048870873,0.003268863971641167
28.898000,-0.0034483407048870873,0.003268863971641167
28.900000,-0.0034483407048870873,0.003268863971641167
28.902000,-0.0034483407048870873,0.003268863971641167
28.904000,-0.0034483407048870873,0.003268863971641167
28.906000,-0.0034483407048870873,0.003268863971641167
28.908000,-0.0034483407048870873,0.003268863971641167
28.910000,-0.0034483407048870873,0.003268863971641167
28.912000,-0.0034483407048870873,0.003268863971641167
28.914000,-0.0034483407048870873,0.003268863971641167
28.916000,-0.0034483407048870873,0.003268863971641167
28.918000,-0.0034483407048870873,0.003268863971641167
28.920000,-0.0034483407048870873,0.003268863971641167
28.922000,-0.0034483407048870873,-0.0018269294185202511
28.924000,-0.0034483407048870873,-0.0018269294185202511
28.926000,-0.0034483407048870873,-0.0018269294185202511
28.928000,-0.0034483407048870873,0.003268863971641167
28.930000,-0.0034483407048870873,-0.0018269294185202511
28.932000,-0.0034483407048870873,-0.0018269294185202511
28.934000,-0.0034483407048870873,0.003268863971641167
28.936000,-0.0034483407048870873,0.003268863971641167
28.938000,-0.0034483407048870873,0.003268863971641167
28.940000,-0.0034483407048870873,0.003268863971641167
28.942000,-0.0034483407048870873,0.003268863971641167
28.944000,-0.0034483407048870873,0.003268863971641167
28.946000,-0.0034483407048870873,0.003268863971641167
28.948000,-0.0034483407048870873,0.003268863971641167
28.950000,-0.0034483407048870873,0.003268863971641167
28.952000,-0.0034483407048870873,-0.0018269294185202511
28.954000,-0.0034483407048870873,-0.0018269294185202511
28.956000,-0.0034483407048870873,0.003268863971641167
28.958000,-0.0034483407048870873,0.003268863971641167
28.960000,-0.0034483407048870873,-0.0018269294185202511
28.962000,-0.0034483407048870873,0.003268863971641167
28.964000,-0.0034483407048870873,0.003268863971641167
28.966000,-0.0034483407048870873,-0.0018269294185202511
28.968000,-0.0034483407048870873,0.003268863971641167
28.970000,-0.0034483407048870873,-0.0018269294185202511
28.972000,-0.0034483407048870873,0.003268863971641167
28.974000,-0.0034483407048870873,-0.0018269294185202511
28.976000,-0.0034483407048870873,-0.0018269294185202511
28.978000,-0.0034483407048870873,0.003268863971641167
28.980000,-0.0034483407048870873,-0.0018269294185202511
28.982000,-0.0034483407048870873,0.003268863971641167
28.984000,-0.0034483407048870873,0.003268863971641167
28.986000,-0.0034483407048870873,0.003268863971641167
28.988000,-0.0034483407048870873,0.003268863971641167
28.990000,-0.0034483407048870873,0.003268863971641167
28.992000,-0.0034483407048870873,0.003268863971641167
28.994000,-0.0034483407048870873,0.003268863971641167
28.996000,-0.0034483407048870873,-0.0018269294185202511
28.998000,-0.0034483407048870873,-0.0018269294185202511
29.000000,-0.0034483407048870873,0.003268863971641167
29.002000,-0.0034483407048870873,0.003268863971641167
29.004000,-0.0034483407048870873,0.003268863971641167
29.006000,-0.0034483407048870873,0.003268863971641167
29.008000,-0.0034483407048870873,0.003268863971641167
29.010000,-0.0034483407048870873,0.003268863971641167
29.012000,-0.0034483407048870873,0.003268863971641167
29.014000,-0.0034483407048870873,0.003268863971641167
29.016000,-0.0034483407048870873,-0.0018269294185202511
29.018000,-0.0034483407048870873,0.003268863971641167
29.020000,-0.0034483407048870873,0.003268863971641167
29.022000,-0.0034483407048870873,-0.0018269294185202511
29.024000,-0.0034483407048870873,0.003268863971641167
29.026000,-0.0034483407048870873,0.003268863971641167
29.028000,-0.0034483407048870873,0.003268863971641167
29.030000,-0.0034483407048870873,0.003268863971641167
29.032000,-0.0034483407048870873,0.003268863971641167
29.034000,-0.0034483407048870873,0.003268863971641167
29.036000,-0.0034483407048870873,-0.0018269294185202511
29.038000,-0.0034483407048870873,0.003268863971641167
29.040000,-0.0034483407048870873,-0.0018269294185202511
29.042000,-0.0034483407048870873,0.003268863971641167
29.044000,-0.0034483407048870873,-0.0018269294185202511
29.046000,-0.0034483407048870873,-0.0018269294185202511
29.048000,-0.0034483407048870873,0.003268863971641167
29.050000,-0.0034483407048870873,0.003268863971641167
29.052000,-0.0034483407048870873,-0.0018269294185202511
29.054000,-0.0034483407048870873,0.003268863971641167
29.056000,-0.0034483407048870873,0.003268863971641167
29.058000,-0.0034483407048870873,0.003268863971641167
29.060000,-0.0034483407048870873,0.003268863971641167
29.062000,-0.0034483407048870873,0.003268863971641167
29.064000,-0.0034483407048870873,-0.0018269294185202511
29.066000,-0.0034483407048870873,0.003268863971641167
29.068000,-0.0034483407048870873,0.003268863971641167
29.070000,-0.0034483407048870873,0.003268863971641167
29.072000,0.0016416793285394249,-0.0018269294185202511
29.074000,-0.0034483407048870873,-0.0018269294185202511
29.076000,-0.0034483407048870873,0.003268863971641167
29.078000,-0.0034483407048870873,0.003268863971641167
29.080000,-0.0034483407048870873,-0.0018269294185202511
29.082000,-0.0034483407048870873,-0.0018269294185202511
29.084000,-0.0034483407048870873,0.003268863971641167
29.086000,-0.0034483407048870873,-0.0018269294185202511
29.088000,-0.0034483407048870873,0.003268863971641167
29.090000,-0.0034483407048870873,0.003268863971641167
29.092000,-0.0034483407048870873,-0.0018269294185202511
29.094000,-0.0034483407048870873,0.003268863971641167
29.096000,-0.0034483407048870873,0.003268863971641167
29.098000,-0.0034483407048870873,0.003268863971641167
29.100000,-0.0034483407048870873,0.003268863971641167
29.102000,-0.0034483407048870873,0.003268863971641167
29.104000,-0.0034483407048870873,0.003268863971641167
29.106000,-0.0034483407048870873,0.003268863971641167
29.108000,-0.0034483407048870873,0.003268863971641167
29.110000,-0.0034483407048870873,0.003268863971641167
29.112000,-0.0034483407048870873,0.003268863971641167
29.114000,-0.0034483407048870873,-0.0018269294185202511
29.116000,-0.0034483407048870873,-0.0018269294185202511
29.118000,-0.0034483407048870873,0.003268863971641167
29.120000,-0.0034483407048870873,-0.0018269294185202511
29.122000,-0.0034483407048870873,0.003268863971641167
29.124000,-0.0034483407048870873,0.003268863971641167
29.126000,0.0016416793285394249,0.003268863971641167
29.128000,-0.0034483407048870873,0.003268863971641167
29.130000,-0.0034483407048870873,0.003268863971641167
29.132000,-0.0034483407048870873,0.003268863971641167
29.134000,-0.0034483407048870873,0.003268863971641167
29.136000,-0.0034483407048870873,0.003268863971641167
29.138000,-0.0034483407048870873,0.003268863971641167
29.140000,-0.0034483407048870873,0.003268863971641167
29.142000,-0.0034483407048870873,-0.0018269294185202511
29.144000,-0.0034483407048870873,0.003268863971641167
29.146000,-0.0034483407048870873,0.003268863971641167
29.148000,-0.0034483407048870873,0.003268863971641167
29.150000,-0.0034483407048870873,0.003268863971641167
29.152000,-0.0034483407048870873,0.003268863971641167
29.154000,-0.0034483407048870873,0.003268863971641167
29.156000,-0.0034483407048870873,0.003268863971641167
29.158000,-0.0034483407048870873,-0.0018269294185202511
29.160000,-0.0034483407048870873,-0.0018269294185202511
29.162000,-0.0034483407048870873,0.003268863971641167
29.164000,-0.0034483407048870873,0.003268863971641167
29.166000,-0.0034483407048870873,0.003268863971641167
29.168000,-0.0034483407048870873,0.003268863971641167
29.170000,-0.0034483407048870873,-0.0018269294185202511
29.172000,-0.0034483407048870873,0.003268863971641167
29.174000,-0.0034483407048870873,0.003268863971641167
29.176000,-0.0034483407048870873,0.003268863971641167
29.178000,-0.0034483407048870873,0.003268863971641167
29.180000,-0.0034483407048870873,-0.0018269294185202511
29.182000,-0.0034483407048870873,0.003268863971641167
29.184000,-0.0034483407048870873,0.003268863971641167
29.186000,-0.0034483407048870873,0.003268863971641167
29.188000,-0.0034483407048870873,0.003268863971641167
29.190000,-0.0034483407048870873,-0.0018269294185202511
29.192000,-0.0034483407048870873,0.003268863971641167
29.194000,-0.0034483407048870873,-0.0018269294185202511
29.196000,-0.0034483407048870873,-0.0018269294185202511
29.198000,-0.0034483407048870873,0.003268863971641167
29.200000,-0.0034483407048870873,0.003268863971641167
29.202000,-0.0034483407048870873,-0.0018269294185202511
29.204000,-0.0034483407048870873,0.003268863971641167
29.206000,-0.0034483407048870873,0.003268863971641167
29.208000,-0.0034483407048870873,0.003268863971641167
29.210000,-0.0034483407048870873,0.003268863971641167
29.212000,-0.0034483407048870873,0.003268863971641167
29.214000,-0.0034483407048870873,-0.0018269294185202511
29.216000,-0.0034483407048870873,0.003268863971641167
29.218000,-0.0034483407048870873,0.003268863971641167
29.220000,-0.0034483407048870873,0.003268863971641167
29.222000,-0.0034483407048870873,0.003268863971641167
29.224000,-0.0034483407048870873,-0.0018269294185202511
29.226000,-0.0034483407048870873,0.003268863971641167
29.228000,-0.0034483407048870873,0.003268863971641167
29.230000,-0.0034483407048870873,-0.0018269294185202511
29.232000,-0.0034483407048870873,-0.0018269294185202511
29.234000,-0.0034483407048870873,0.003268863971641167
29.236000,-0.0034483407048870873,0.003268863971641167
29.238000,-0.0034483407048870873,0.003268863971641167
29.240000,-0.0034483407048870873,0.003268863971641167
29.242000,-0.0034483407048870873,0.003268863971641167
29.244000,-0.0034483407048870873,-0.0018269294185202511
29.246000,-0.0034483407048870873,0.003268863971641167
29.248000,-0.0034483407048870873,0.003268863971641167
29.250000,-0.0034483407048870873,-0.0018269294185202511
29.252000,-0.0034483407048870873,-0.0018269294185202511
29.254000,-0.0034483407048870873,0.003268863971641167
29.256000,-0.0034483407048870873,0.003268863971641167
29.258000,-0.0034483407048870873,0.003268863971641167
29.260000,-0.0034483407048870873,0.003268863971641167
29.262000,-0.0034483407048870873,0.003268863971641167
29.264000,-0.0034483407048870873,0.003268863971641167
29.266000,-0.0034483407048870873,0.003268863971641167
29.268000,-0.0034483407048870873,0.003268863971641167
29.270000,-0.0034483407048870873,0.003268863971641167
29.272000,-0.0034483407048870873,0.003268863971641167
29.274000,-0.0034483407048870873,-0.0018269294185202511
29.276000,-0.0034483407048870873,0.003268863971641167
29.278000,-0.0034483407048870873,0.003268863971641167
29.280000,-0.0034483407048870873,0.003268863971641167
29.282000,-0.0034483407048870873,0.003268863971641167
29.284000,-0.0034483407048870873,0.003268863971641167
29.286000,-0.0034483407048870873,0.003268863971641167
29.288000,-0.0034483407048870873,0.003268863971641167
29.290000,-0.0034483407048870873,0.003268863971641167
29.292000,-0.0034483407048870873,-0.0018269294185202511
29.294000,-0.0034483407048870873,0.003268863971641167
29.296000,-0.0034483407048870873,-0.0018269294185202511
29.298000,0.0016416793285394249,0.003268863971641167
29.300000,0.0016416793285394249,0.003268863971641167
29.302000,-0.0034483407048870873,0.003268863971641167
29.304000,-0.0034483407048870873,-0.0018269294185202511
29.306000,-0.0034483407048870873,0.003268863971641167
29.308000,-0.0034483407048870873,0.003268863971641167
29.310000,-0.0034483407048870873,0.003268863971641167
29.312000,-0.0034483407048870873,0.003268863971641167
29.314000,-0.0034483407048870873,0.003268863971641167
29.316000,-0.0034483407048870873,-0.0018269294185202511
29.318000,-0.0034483407048870873,0.003268863971641167
29.320000,-0.0034483407048870873,0.003268863971641167
29.322000,-0.0034483407048870873,0.003268863971641167
29.324000,-0.0034483407048870873,0.003268863971641167
29.326000,-0.0034483407048870873,0.003268863971641167
29.328000,-0.0034483407048870873,0.003268863971641167
29.330000,-0.0034483407048870873,0.003268863971641167
29.332000,-0.0034483407048870873,0.003268863971641167
29.334000,-0.0034483407048870873,-0.0018269294185202511
29.336000,-0.0034483407048870873,0.003268863971641167
29.338000,-0.0034483407048870873,-0.0018269294185202511
29.340000,-0.0034483407048870873,0.003268863971641167
29.342000,-0.0034483407048870873,0.003268863971641167
29.344000,-0.0034483407048870873,-0.0018269294185202511
29.346000,-0.0034483407048870873,0.003268863971641167
29.348000,-0.0034483407048870873,0.003268863971641167
29.350000,-0.0034483407048870873,-0.0018269294185202511
29.352000,-0.0034483407048870873,0.003268863971641167
29.354000,-0.0034483407048870873,0.003268863971641167
29.356000,-0.0034483407048870873,-0.0018269294185202511
29.358000,-0.0034483407048870873,0.003268863971641167
29.360000,-0.0034483407048870873,0.003268863971641167
29.362000,-0.0034483407048870873,0.003268863971641167
29.364000,-0.0034483407048870873,0.003268863971641167
29.366000,-0.0034483407048870873,-0.0018269294185202511
29.368000,-0.0034483407048870873,0.003268863971641167
29.370000,-0.0034483407048870873,0.003268863971641167
29.372000,-0.0034483407048870873,0.003268863971641167
29.374000,-0.0034483407048870873,-0.0018269294185202511
29.376000,-0.0034483407048870873,0.003268863971641167
29.378000,0.0016416793285394249,0.003268863971641167
29.380000,-0.0034483407048870873,-0.0018269294185202511
29.382000,-0.0034483407048870873,-0.0018269294185202511
29.384000,-0.0034483407048870873,0.003268863971641167
29.386000,-0.0034483407048870873,0.003268863971641167
29.388000,-0.0034483407048870873,-0.0018269294185202511
29.390000,-0.0034483407048870873,0.003268863971641167
29.392000,-0.0034483407048870873,0.003268863971641167
29.394000,-0.0034483407048870873,0.003268863971641167
29.396000,-0.0034483407048870873,0.003268863971641167
29.398000,-0.0034483407048870873,-0.0018269294185202511
29.400000,-0.0034483407048870873,0.003268863971641167
29.402000,-0.0034483407048870873,0.003268863971641167
29.404000,-0.0034483407048870873,0.003268863971641167
29.406000,-0.0034483407048870873,-0.0018269294185202511
29.408000,-0.0034483407048870873,-0.0018269294185202511
29.410000,-0.0034483407048870873,0.003268863971641167
29.412000,-0.0034483407048870873,-0.0018269294185202511
29.414000,-0.0034483407048870873,0.003268863971641167
29.416000,0.0016416793285394249,0.003268863971641167
29.418000,-0.0034483407048870873,0.003268863971641167
29.420000,-0.0034483407048870873,0.003268863971641167
29.422000,-0.0034483407048870873,-0.0018269294185202511
29.424000,-0.0034483407048870873,-0.0018269294185202511
29.426000,-0.0034483407048870873,0.003268863971641167
29.428000,-0.0034483407048870873,0.003268863971641167
29.430000,0.0016416793285394249,0.003268863971641167
29.432000,-0.0034483407048870873,0.003268863971641167
29.434000,-0.0034483407048870873,0.003268863971641167
29.436000,-0.0034483407048870873,0.003268863971641167
29.438000,-0.0034483407048870873,0.003268863971641167
29.440000,-0.0034483407048870873,0.003268863971641167
29.442000,-0.0034483407048870873,0.003268863971641167
29.444000,-0.0034483407048870873,0.003268863971641167
29.446000,-0.0034483407048870873,-0.0018269294185202511
29.448000,-0.0034483407048870873,0.003268863971641167
29.450000,-0.0034483407048870873,-0.0018269294185202511
29.452000,-0.0034483407048870873,0.003268863971641167
29.454000,-0.0034483407048870873,0.003268863971641167
29.456000,-0.0034483407048870873,0.003268863971641167
29.458000,-0.0034483407048870873,-0.0018269294185202511
29.460000,-0.0034483407048870873,-0.0018269294185202511
29.462000,-0.0034483407048870873,0.003268863971641167
29.464000,-0.0034483407048870873,-0.0018269294185202511
29.466000,-0.0034483407048870873,0.003268863971641167
29.468000,-0.0034483407048870873,0.003268863971641167
29.470000,-0.0034483407048870873,0.003268863971641167
29.472000,-0.0034483407048870873,-0.0018269294185202511
29.474000,-0.0034483407048870873,0.003268863971641167
29.476000,-0.0034483407048870873,0.003268863971641167
29.478000,-0.0034483407048870873,0.003268863971641167
29.480000,0.0016416793285394249,0.003268863971641167
29.482000,-0.0034483407048870873,0.003268863971641167
29.484000,-0.0034483407048870873,0.003268863971641167
29.486000,-0.0034483407048870873,0.003268863971641167
29.488000,-0.0034483407048870873,0.003268863971641167
29.490000,-0.0034483407048870873,0.003268863971641167
29.492000,-0.0034483407048870873,0.003268863971641167
29.494000,-0.0034483407048870873,0.003268863971641167
29.496000,-0.0034483407048870873,-0.0018269294185202511
29.498000,-0.0034483407048870873,-0.0018269294185202511
29.500000,0.0016416793285394249,0.003268863971641167
29.502000,-0.0034483407048870873,0.003268863971641167
29.504000,-0.0034483407048870873,0.003268863971641167
29.506000,-0.0034483407048870873,-0.0018269294185202511
29.508000,-0.0034483407048870873,0.003268863971641167
29.510000,-0.0034483407048870873,0.003268863971641167
29.512000,0.0016416793285394249,0.003268863971641167
29.514000,-0.0034483407048870873,0.003268863971641167
29.516000,0.0016416793285394249,0.003268863971641167
29.518000,-0.0034483407048870873,-0.0018269294185202511
29.520000,0.0016416793285394249,0.003268863971641167
29.522000,0.0016416793285394249,0.003268863971641167
29.524000,-0.0034483407048870873,0.003268863971641167
29.526000,-0.0034483407048870873,0.003268863971641167
29.528000,-0.0034483407048870873,-0.0018269294185202511
29.530000,-0.0034483407048870873,-0.0018269294185202511
29.532000,-0.0034483407048870873,0.003268863971641167
29.534000,-0.0034483407048870873,-0.0018269294185202511
29.536000,-0.0034483407048870873,0.003268863971641167
29.538000,-0.0034483407048870873,0.003268863971641167
29.540000,-0.0034483407048870873,-0.0018269294185202511
29.542000,0.0016416793285394249,0.003268863971641167
29.544000,0.0016416793285394249,-0.0018269294185202511
29.546000,-0.0034483407048870873,-0.0018269294185202511
29.548000,-0.0034483407048870873,0.003268863971641167
29.550000,-0.0034483407048870873,0.003268863971641167
29.552000,-0.0034483407048870873,0.003268863971641167
29.554000,-0.0034483407048870873,0.003268863971641167
29.556000,-0.0034483407048870873,0.003268863971641167
29.558000,-0.0034483407048870873,0.003268863971641167
29.560000,-0.0034483407048870873,0.003268863971641167
29.562000,-0.0034483407048870873,0.003268863971641167
29.564000,0.0016416793285394249,-0.0018269294185202511
29.566000,-0.0034483407048870873,-0.0018269294185202511
29.568000,-0.0034483407048870873,0.003268863971641167
29.570000,-0.0034483407048870873,0.003268863971641167
29.572000,-0.0034483407048870873,-0.0018269294185202511
29.574000,-0.0034483407048870873,0.003268863971641167
29.576000,0.0016416793285394249,0.003268863971641167
29.578000,-0.0034483407048870873,0.003268863971641167
29.580000,-0.0034483407048870873,0.003268863971641167
29.582000,0.0016416793285394249,0.003268863971641167
29.584000,-0.0034483407048870873,0.003268863971641167
29.586000,-0.0034483407048870873,0.003268863971641167
29.588000,-0.0034483407048870873,0.003268863971641167
29.590000,-0.0034483407048870873,-0.0018269294185202511
29.592000,0.0016416793285394249,0.003268863971641167
29.594000,-0.0034483407048870873,-0.0018269294185202511
29.596000,-0.0034483407048870873,0.003268863971641167
29.598000,-0.0034483407048870873,-0.0018269294185202511
29.600000,-0.0034483407048870873,0.003268863971641167
29.602000,0.0016416793285394249,0.003268863971641167
29.604000,-0.0034483407048870873,0.003268863971641167
29.606000,-0.0034483407048870873,0.003268863971641167
29.608000,-0.0034483407048870873,0.003268863971641167
29.610000,-0.0034483407048870873,0.003268863971641167
29.612000,-0.0034483407048870873,0.003268863971641167
29.614000,0.0016416793285394249,0.003268863971641167
29.616000,-0.0034483407048870873,0.003268863971641167
29.618000,-0.0034483407048870873,0.003268863971641167
29.620000,-0.0034483407048870873,0.003268863971641167
29.622000,-0.0034483407048870873,0.003268863971641167
29.624000,-0.0034483407048870873,-0.0018269294185202511
29.626000,-0.0034483407048870873,0.003268863971641167
29.628000,-0.0034483407048870873,-0.0018269294185202511
29.630000,0.0016416793285394249,-0.0018269294185202511
29.632000,0.0016416793285394249,0.003268863971641167
29.634000,0.0016416793285394249,-0.0018269294185202511
29.636000,0.0016416793285394249,0.003268863971641167
29.638000,-0.0034483407048870873,0.003268863971641167
29.640000,-0.0034483407048870873,-0.0018269294185202511
29.642000,-0.0034483407048870873,0.003268863971641167
29.644000,-0.0034483407048870873,0.003268863971641167
29.646000,-0.0034483407048870873,0.003268863971641167
29.648000,-0.0034483407048870873,0.003268863971641167
29.650000,-0.0034483407048870873,0.003268863971641167
29.652000,-0.0034483407048870873,0.003268863971641167
29.654000,-0.0034483407048870873,0.003268863971641167
29.656000,-0.0034483407048870873,0.003268863971641167
29.658000,-0.0034483407048870873,-0.0018269294185202511
29.660000,-0.0034483407048870873,0.003268863971641167
29.662000,-0.0034483407048870873,0.003268863971641167
29.664000,-0.0034483407048870873,-0.0018269294185202511
29.666000,-0.0034483407048870873,0.003268863971641167
29.668000,-0.0034483407048870873,0.003268863971641167
29.670000,-0.0034483407048870873,0.003268863971641167
29.672000,-0.0034483407048870873,0.003268863971641167
29.674000,-0.0034483407048870873,0.003268863971641167
29.676000,-0.0034483407048870873,0.003268863971641167
29.678000,-0.0034483407048870873,0.003268863971641167
29.680000,-0.0034483407048870873,0.003268863971641167
29.682000,0.0016416793285394249,0.003268863971641167
29.684000,-0.0034483407048870873,-0.0018269294185202511
29.686000,-0.0034483407048870873,0.003268863971641167
29.688000,-0.0034483407048870873,-0.0018269294185202511
29.690000,-0.0034483407048870873,0.003268863971641167
29.692000,-0.0034483407048870873,0.003268863971641167
29.694000,-0.0034483407048870873,-0.0018269294185202511
29.696000,-0.0034483407048870873,0.003268863971641167
29.698000,-0.0034483407048870873,0.003268863971641167
29.700000,-0.0034483407048870873,0.003268863971641167
29.702000,-0.0034483407048870873,0.003268863971641167
29.704000,-0.0034483407048870873,0.003268863971641167
29.706000,0.0016416793285394249,0.003268863971641167
29.708000,-0.0034483407048870873,0.003268863971641167
29.710000,-0.0034483407048870873,0.003268863971641167
29.712000,0.0016416793285394249,-0.0018269294185202511
29.714000,-0.0034483407048870873,0.003268863971641167
29.716000,0.0016416793285394249,0.003268863971641167
29.718000,-0.0034483407048870873,0.003268863971641167
29.720000,-0.0034483407048870873,-0.0018269294185202511
29.722000,-0.0034483407048870873,-0.0018269294185202511
29.724000,-0.0034483407048870873,-0.0018269294185202511
29.726000,0.0016416793285394249,0.003268863971641167
29.728000,-0.0034483407048870873,0.003268863971641167
29.730000,-0.0034483407048870873,0.003268863971641167
29.732000,-0.0034483407048870873,0.003268863971641167
29.734000,-0.0034483407048870873,0.003268863971641167
29.736000,-0.0034483407048870873,0.003268863971641167
29.738000,-0.0034483407048870873,0.003268863971641167
29.740000,-0.0034483407048870873,0.003268863971641167
29.742000,-0.0034483407048870873,0.003268863971641167
29.744000,-0.0034483407048870873,-0.0018269294185202511
29.746000,0.0016416793285394249,0.003268863971641167
29.748000,-0.0034483407048870873,0.003268863971641167
29.750000,-0.0034483407048870873,-0.0018269294185202511
29.752000,0.0016416793285394249,-0.0018269294185202511
29.754000,-0.0034483407048870873,0.003268863971641167
29.756000,-0.0034483407048870873,-0.0018269294185202511
29.758000,-0.0034483407048870873,-0.0018269294185202511
29.760000,0.0016416793285394249,-0.0018269294185202511
29.762000,-0.0034483407048870873,0.003268863971641167
29.764000,-0.0034483407048870873,0.003268863971641167
29.766000,-0.0034483407048870873,0.003268863971641167
29.768000,0.0016416793285394249,0.003268863971641167
29.770000,-0.0034483407048870873,0.003268863971641167
29.772000,-0.0034483407048870873,-0.0018269294185202511
29.774000,-0.0034483407048870873,0.003268863971641167
29.776000,0.0016416793285394249,0.003268863971641167
29.778000,-0.0034483407048870873,-0.0018269294185202511
29.780000,0.0016416793285394249,0.003268863971641167
29.782000,-0.0034483407048870873,0.003268863971641167
29.784000,-0.0034483407048870873,0.003268863971641167
29.786000,0.0016416793285394249,0.003268863971641167
29.788000,-0.0034483407048870873,0.003268863971641167
29.790000,-0.0034483407048870873,0.003268863971641167
29.792000,-0.0034483407048870873,-0.0018269294185202511
29.794000,-0.0034483407048870873,0.003268863971641167
29.796000,0.0016416793285394249,0.003268863971641167
29.798000,-0.0034483407048870873,0.003268863971641167
29.800000,-0.0034483407048870873,-0.0018269294185202511
29.802000,-0.0034483407048870873,0.003268863971641167
29.804000,0.0016416793285394249,0.003268863971641167
29.806000,-0.0034483407048870873,0.003268863971641167
29.808000,-0.0034483407048870873,0.003268863971641167
29.810000,0.0016416793285394249,0.003268863971641167
29.812000,0.0016416793285394249,0.003268863971641167
29.814000,-0.0034483407048870873,0.003268863971641167
29.816000,-0.0034483407048870873,0.003268863971641167
29.818000,-0.0034483407048870873,0.003268863971641167
29.820000,0.0016416793285394249,0.003268863971641167
29.822000,-0.0034483407048870873,0.003268863971641167
29.824000,0.0016416793285394249,0.003268863971641167
29.826000,-0.0034483407048870873,0.003268863971641167
29.828000,0.0016416793285394249,-0.0018269294185202511
29.830000,-0.0034483407048870873,0.003268863971641167
29.832000,-0.0034483407048870873,-0.0018269294185202511
29.834000,-0.0034483407048870873,0.003268863971641167
29.836000,-0.0034483407048870873,-0.0018269294185202511
29.838000,-0.0034483407048870873,0.003268863971641167
29.840000,-0.0034483407048870873,-0.0018269294185202511
29.842000,0.0016416793285394249,0.003268863971641167
29.844000,-0.0034483407048870873,0.003268863971641167
29.846000,0.0016416793285394249,0.003268863971641167
29.848000,-0.0034483407048870873,0.003268863971641167
29.850000,-0.0034483407048870873,-0.0018269294185202511
29.852000,-0.0034483407048870873,0.003268863971641167
29.854000,-0.0034483407048870873,-0.0018269294185202511
29.856000,0.0016416793285394249,0.003268863971641167
29.858000,0.0016416793285394249,0.003268863971641167
29.860000,-0.0034483407048870873,0.003268863971641167
29.862000,-0.0034483407048870873,0.003268863971641167
29.864000,0.0016416793285394249,-0.0018269294185202511
29.866000,-0.0034483407048870873,-0.0018269294185202511
29.868000,-0.0034483407048870873,0.003268863971641167
29.870000,-0.0034483407048870873,0.003268863971641167
29.872000,-0.0034483407048870873,0.003268863971641167
29.874000,-0.0034483407048870873,-0.0018269294185202511
29.876000,-0.0034483407048870873,-0.0018269294185202511
29.878000,0.0016416793285394249,0.003268863971641167
29.880000,0.0016416793285394249,-0.0018269294185202511
29.882000,-0.0034483407048870873,-0.0018269294185202511
29.884000,0.0016416793285394249,0.003268863971641167
29.886000,-0.0034483407048870873,0.003268863971641167
29.888000,-0.0034483407048870873,0.003268863971641167
29.890000,-0.0034483407048870873,0.003268863971641167
29.892000,-0.0034483407048870873,0.003268863971641167
29.894000,-0.0034483407048870873,0.003268863971641167
29.896000,0.0016416793285394249,0.003268863971641167
29.898000,-0.0034483407048870873,0.003268863971641167
29.900000,-0.0034483407048870873,-0.0018269294185202511
29.902000,-0.0034483407048870873,0.003268863971641167
29.904000,-0.0034483407048870873,-0.0018269294185202511
29.906000,-0.0034483407048870873,0.003268863971641167
29.908000,-0.0034483407048870873,0.003268863971641167
29.910000,0.0016416793285394249,0.003268863971641167
29.912000,-0.0034483407048870873,0.003268863971641167
29.914000,-0.0034483407048870873,0.003268863971641167
29.916000,-0.0034483407048870873,0.003268863971641167
29.918000,-0.0034483407048870873,0.003268863971641167
29.920000,-0.0034483407048870873,0.003268863971641167
29.922000,-0.0034483407048870873,0.003268863971641167
29.924000,-0.0034483407048870873,0.003268863971641167
29.926000,-0.0034483407048870873,0.003268863971641167
29.928000,-0.0034483407048870873,0.003268863971641167
29.930000,-0.0034483407048870873,0.003268863971641167
29.932000,0.0016416793285394249,-0.0018269294185202511
29.934000,-0.0034483407048870873,0.003268863971641167
29.936000,-0.0034483407048870873,0.003268863971641167
29.938000,0.0016416793285394249,0.003268863971641167
29.940000,0.0016416793285394249,0.003268863971641167
29.942000,-0.0034483407048870873,-0.0018269294185202511
29.944000,0.0016416793285394249,0.003268863971641167
29.946000,-0.0034483407048870873,0.003268863971641167
29.948000,-0.0034483407048870873,-0.0018269294185202511
29.950000,0.0016416793285394249,0.003268863971641167
29.952000,-0.0034483407048870873,0.003268863971641167
29.954000,-0.0034483407048870873,0.003268863971641167
29.956000,-0.0034483407048870873,0.003268863971641167
29.958000,-0.0034483407048870873,0.003268863971641167
29.960000,-0.0034483407048870873,0.003268863971641167
29.962000,-0.0034483407048870873,0.003268863971641167
29.964000,-0.0034483407048870873,-0.0018269294185202511
29.966000,-0.0034483407048870873,0.003268863971641167
29.968000,-0.0034483407048870873,0.003268863971641167
29.970000,-0.0034483407048870873,0.003268863971641167
29.972000,0.0016416793285394249,0.003268863971641167
29.974000,-0.0034483407048870873,0.003268863971641167
29.976000,-0.0034483407048870873,-0.0018269294185202511
29.978000,-0.0034483407048870873,0.003268863971641167
29.980000,0.0016416793285394249,0.003268863971641167
29.982000,-0.0034483407048870873,0.003268863971641167
29.984000,0.0016416793285394249,0.003268863971641167
29.986000,-0.0034483407048870873,0.003268863971641167
29.988000,0.0016416793285394249,0.003268863971641167
29.990000,-0.0034483407048870873,0.003268863971641167
29.992000,-0.0034483407048870873,0.003268863971641167
29.994000,0.0016416793285394249,0.003268863971641167
29.996000,-0.0034483407048870873,-0.0018269294185202511
29.998000,0.0016416793285394249,0.003268863971641167
30.000000,-0.0034483407048870873,0.003268863971641167
30.002000,-0.0034483407048870873,-0.0018269294185202511
30.004000,-0.0034483407048870873,0.003268863971641167
30.006000,0.0016416793285394249,-0.0018269294185202511
30.008000,-0.0034483407048870873,-0.0018269294185202511
30.010000,-0.0034483407048870873,0.003268863971641167
30.012000,0.0016416793285394249,0.003268863971641167
30.014000,-0.0034483407048870873,0.003268863971641167
30.016000,0.0016416793285394249,0.003268863971641167
30.018000,-0.0034483407048870873,0.003268863971641167
30.020000,-0.0034483407048870873,0.003268863971641167
30.022000,0.0016416793285394249,0.003268863971641167
30.024000,0.0016416793285394249,0.003268863971641167
30.026000,-0.0034483407048870873,0.003268863971641167
30.028000,-0.0034483407048870873,-0.0018269294185202511
30.030000,-0.0034483407048870873,0.003268863971641167
30.032000,-0.0034483407048870873,0.003268863971641167
30.034000,-0.0034483407048870873,0.003268863971641167
30.036000,0.0016416793285394249,0.003268863971641167
30.038000,0.0016416793285394249,0.003268863971641167
30.040000,-0.0034483407048870873,-0.0018269294185202511
30.042000,0.0016416793285394249,0.003268863971641167
30.044000,-0.0034483407048870873,0.003268863971641167
30.046000,0.0016416793285394249,0.003268863971641167
30.048000,0.0016416793285394249,0.003268863971641167
30.050000,0.0016416793285394249,0.003268863971641167
30.052000,-0.0034483407048870873,0.003268863971641167
30.054000,0.0016416793285394249,0.003268863971641167
30.056000,-0.0034483407048870873,-0.0018269294185202511
30.058000,-0.0034483407048870873,-0.0018269294185202511
30.060000,-0.0034483407048870873,0.003268863971641167
30.062000,0.0016416793285394249,0.003268863971641167
30.064000,-0.0034483407048870873,-0.0018269294185202511
30.066000,-0.0034483407048870873,-0.0018269294185202511
30.068000,0.0016416793285394249,0.003268863971641167
30.070000,-0.0034483407048870873,0.003268863971641167
30.072000,0.0016416793285394249,0.003268863971641167
30.074000,-0.0034483407048870873,0.003268863971641167
30.076000,-0.0034483407048870873,-0.0018269294185202511
30.078000,-0.0034483407048870873,0.003268863971641167
30.080000,0.0016416793285394249,0.003268863971641167
30.082000,0.0016416793285394249,-0.0018269294185202511
30.084000,-0.0034483407048870873,-0.0018269294185202511
30.086000,-0.0034483407048870873,-0.0018269294185202511
30.088000,-0.0034483407048870873,0.003268863971641167
30.090000,-0.0034483407048870873,-0.0018269294185202511
30.092000,-0.0034483407048870873,-0.0018269294185202511
30.094000,-0.0034483407048870873,-0.0018269294185202511
30.096000,-0.0034483407048870873,0.003268863971641167
30.098000,0.0016416793285394249,0.003268863971641167
30.100000,-0.0034483407048870873,-0.0018269294185202511
30.102000,-0.0034483407048870873,0.003268863971641167
30.104000,0.0016416793285394249,0.003268863971641167
30.106000,-0.0034483407048870873,0.003268863971641167
30.108000,-0.0034483407048870873,0.003268863971641167
30.110000,0.0016416793285394249,0.003268863971641167
30.112000,-0.0034483407048870873,0.003268863971641167
30.114000,-0.0034483407048870873,0.003268863971641167
30.116000,-0.0034483407048870873,-0.0018269294185202511
30.118000,0.0016416793285394249,0.003268863971641167
30.120000,-0.0034483407048870873,-0.0018269294185202511
30.122000,0.0016416793285394249,0.003268863971641167
30.124000,0.0016416793285394249,0.003268863971641167
30.126000,0.0016416793285394249,-0.0018269294185202511
30.128000,0.0016416793285394249,0.003268863971641167
30.130000,-0.0034483407048870873,0.003268863971641167
30.132000,-0.0034483407048870873,0.003268863971641167
30.134000,0.0016416793285394249,0.003268863971641167
30.136000,-0.0034483407048870873,0.003268863971641167
30.138000,0.0016416793285394249,0.003268863971641167
30.140000,0.0016416793285394249,0.003268863971641167
30.142000,0.0016416793285394249,0.003268863971641167
30.144000,-0.0034483407048870873,0.003268863971641167
30.146000,-0.0034483407048870873,0.003268863971641167
30.148000,0.0016416793285394249,0.003268863971641167
30.150000,-0.0034483407048870873,0.003268863971641167
30.152000,0.0016416793285394249,0.003268863971641167
30.154000,0.0016416793285394249,-0.0018269294185202511
30.156000,-0.0034483407048870873,-0.0018269294185202511
30.158000,-0.0034483407048870873,0.003268863971641167
30.160000,-0.0034483407048870873,0.003268863971641167
30.162000,0.0016416793285394249,0.003268863971641167
30.164000,-0.0034483407048870873,-0.0018269294185202511
30.166000,0.0016416793285394249,0.003268863971641167
30.168000,0.0016416793285394249,0.003268863971641167
30.170000,0.0016416793285394249,0.003268863971641167
30.172000,-0.0034483407048870873,0.003268863971641167
30.174000,0.0016416793285394249,0.003268863971641167
30.176000,0.0016416793285394249,0.003268863971641167
30.178000,-0.0034483407048870873,0.003268863971641167
30.180000,0.0016416793285394249,0.003268863971641167
30.182000,0.0016416793285394249,-0.0018269294185202511
30.184000,-0.0034483407048870873,0.003268863971641167
30.186000,-0.0034483407048870873,-0.0018269294185202511
30.188000,0.0016416793285394249,-0.0018269294185202511
30.190000,-0.0034483407048870873,0.003268863971641167
30.192000,-0.0034483407048870873,0.003268863971641167
30.194000,0.0016416793285394249,0.003268863971641167
30.196000,0.0016416793285394249,0.003268863971641167
30.198000,0.0016416793285394249,0.003268863971641167
30.200000,-0.0034483407048870873,0.003268863971641167
30.202000,-0.0034483407048870873,0.003268863971641167
30.204000,0.0016416793285394249,-0.0018269294185202511
30.206000,0.0016416793285394249,0.003268863971641167
30.208000,-0.0034483407048870873,0.003268863971641167
30.210000,-0.0034483407048870873,0.003268863971641167
30.212000,0.0016416793285394249,0.003268863971641167
30.214000,-0.0034483407048870873,0.003268863971641167
30.216000,0.0016416793285394249,0.003268863971641167
30.218000,0.0016416793285394249,0.003268863971641167
30.220000,0.0016416793285394249,0.003268863971641167
30.222000,0.0016416793285394249,0.003268863971641167
30.224000,0.0016416793285394249,0.003268863971641167
30.226000,-0.0034483407048870873,0.003268863971641167
30.228000,-0.0034483407048870873,0.003268863971641167
30.230000,0.0016416793285394249,0.003268863971641167
30.232000,-0.0034483407048870873,0.003268863971641167
30.234000,-0.0034483407048870873,0.003268863971641167
30.236000,-0.0034483407048870873,0.003268863971641167
30.238000,0.0016416793285394249,0.003268863971641167
30.240000,0.0016416793285394249,-0.0018269294185202511
30.242000,-0.0034483407048870873,0.003268863971641167
30.244000,-0.0034483407048870873,0.003268863971641167
30.246000,0.0016416793285394249,0.003268863971641167
30.248000,-0.0034483407048870873,-0.0018269294185202511
30.250000,0.0016416793285394249,-0.0018269294185202511
30.252000,-0.0034483407048870873,0.003268863971641167
30.254000,-0.0034483407048870873,-0.0018269294185202511
30.256000,0.0016416793285394249,-0.0018269294185202511
30.258000,0.0016416793285394249,-0.0018269294185202511
30.260000,0.0016416793285394249,0.003268863971641167
30.262000,-0.0034483407048870873,0.003268863971641167
30.264000,0.0016416793285394249,-0.0018269294185202511
30.266000,-0.0034483407048870873,0.003268863971641167
30.268000,0.0016416793285394249,0.003268863971641167
30.270000,0.0016416793285394249,0.003268863971641167
30.272000,-0.0034483407048870873,0.003268863971641167
30.274000,0.0016416793285394249,0.003268863971641167
30.276000,0.0016416793285394249,0.003268863971641167
30.278000,0.0016416793285394249,0.003268863971641167
30.280000,-0.0034483407048870873,0.003268863971641167
30.282000,0.0016416793285394249,0.003268863971641167
30.284000,0.0016416793285394249,0.003268863971641167
30.286000,0.0016416793285394249,0.003268863971641167
30.288000,0.0016416793285394249,-0.0018269294185202511
30.290000,0.0016416793285394249,-0.0018269294185202511
30.292000,-0.0034483407048870873,-0.0018269294185202511
30.294000,0.0016416793285394249,-0.0018269294185202511
30.296000,0.0016416793285394249,-0.0018269294185202511
30.298000,-0.0034483407048870873,0.003268863971641167
30.300000,0.0016416793285394249,0.003268863971641167
30.302000,0.0016416793285394249,-0.0018269294185202511
30.304000,0.0016416793285394249,0.003268863971641167
30.306000,0.0016416793285394249,0.003268863971641167
30.308000,0.0016416793285394249,0.003268863971641167
30.310000,-0.0034483407048870873,0.003268863971641167
30.312000,-0.0034483407048870873,-0.0018269294185202511
30.314000,-0.0034483407048870873,0.003268863971641167
30.316000,0.0016416793285394249,0.003268863971641167
30.318000,-0.0034483407048870873,0.003268863971641167
30.320000,0.0016416793285394249,0.003268863971641167
30.322000,-0.0034483407048870873,0.003268863971641167
30.324000,0.0016416793285394249,-0.0018269294185202511
30.326000,0.0016416793285394249,0.003268863971641167
30.328000,0.0016416793285394249,0.003268863971641167
30.330000,-0.0034483407048870873,0.003268863971641167
30.332000,0.0016416793285394249,-0.0018269294185202511
30.334000,0.0016416793285394249,0.003268863971641167
30.336000,-0.0034483407048870873,-0.0018269294185202511
30.338000,0.0016416793285394249,-0.0018269294185202511
30.340000,0.0016416793285394249,-0.0018269294185202511
30.342000,0.0016416793285394249,-0.0018269294185202511
30.344000,0.0016416793285394249,0.003268863971641167
30.346000,0.0016416793285394249,0.003268863971641167
30.348000,0.0016416793285394249,0.003268863971641167
30.350000,0.0016416793285394249,-0.0018269294185202511
30.352000,0.0016416793285394249,0.003268863971641167
30.354000,0.0016416793285394249,-0.0018269294185202511
30.356000,0.0016416793285394249,0.003268863971641167
30.358000,0.0016416793285394249,0.003268863971641167
30.360000,-0.0034483407048870873,0.003268863971641167
30.362000,-0.0034483407048870873,-0.0018269294185202511
30.364000,-0.0034483407048870873,0.003268863971641167
30.366000,0.0016416793285394249,-0.0018269294185202511
30.368000,-0.0034483407048870873,0.003268863971641167
30.370000,0.0016416793285394249,-0.0018269294185202511
30.372000,0.0016416793285394249,0.003268863971641167
30.374000,-0.0034483407048870873,0.003268863971641167
30.376000,0.0016416793285394249,0.003268863971641167
30.378000,0.0016416793285394249,0.003268863971641167
30.380000,0.0016416793285394249,0.003268863971641167
30.382000,0.0016416793285394249,0.003268863971641167
30.384000,-0.0034483407048870873,0.003268863971641167
30.386000,0.0016416793285394249,0.003268863971641167
30.388000,-0.0034483407048870873,0.003268863971641167
30.390000,-0.0034483407048870873,0.003268863971641167
30.392000,0.0016416793285394249,0.003268863971641167
30.394000,-0.0034483407048870873,0.003268863971641167
30.396000,0.0016416793285394249,0.003268863971641167
30.398000,0.0016416793285394249,-0.0018269294185202511
30.400000,0.0016416793285394249,0.003268863971641167
30.402000,0.0016416793285394249,0.003268863971641167
30.404000,-0.0034483407048870873,0.003268863971641167
30.406000,0.0016416793285394249,0.003268863971641167
30.408000,-0.0034483407048870873,0.003268863971641167
30.410000,-0.0034483407048870873,0.003268863971641167
30.412000,0.0016416793285394249,-0.0018269294185202511
30.414000,0.0016416793285394249,-0.0018269294185202511
30.416000,0.0016416793285394249,0.003268863971641167
30.418000,0.0016416793285394249,0.003268863971641167
30.420000,0.0016416793285394249,0.003268863971641167
30.422000,0.0016416793285394249,0.003268863971641167
30.424000,0.0016416793285394249,0.003268863971641167
30.426000,-0.0034483407048870873,0.003268863971641167
30.428000,0.0016416793285394249,0.003268863971641167
30.430000,0.0016416793285394249,0.003268863971641167
30.432000,0.0016416793285394249,0.003268863971641167
30.434000,-0.0034483407048870873,0.003268863971641167
30.436000,-0.0034483407048870873,0.003268863971641167
30.438000,0.0016416793285394249,0.003268863971641167
30.440000,0.0016416793285394249,0.003268863971641167
30.442000,0.0016416793285394249,0.003268863971641167
30.444000,0.0016416793285394249,0.003268863971641167
30.446000,0.0016416793285394249,-0.0018269294185202511
30.448000,0.0016416793285394249,-0.0018269294185202511
30.450000,0.0016416793285394249,-0.0018269294185202511
30.452000,0.0016416793285394249,-0.0018269294185202511
30.454000,0.0016416793285394249,-0.0018269294185202511
30.456000,0.0016416793285394249,0.003268863971641167
30.458000,0.0016416793285394249,0.003268863971641167
30.460000,0.0016416793285394249,0.003268863971641167
30.462000,0.0016416793285394249,0.003268863971641167
30.464000,-0.0034483407048870873,0.003268863971641167
30.466000,0.0016416793285394249,-0.0018269294185202511
30.468000,-0.0034483407048870873,0.003268863971641167
30.470000,0.0016416793285394249,0.003268863971641167
30.472000,0.0016416793285394249,-0.0018269294185202511
30.474000,0.0016416793285394249,0.003268863971641167
30.476000,0.0016416793285394249,0.003268863971641167
30.478000,0.0016416793285394249,0.003268863971641167
30.480000,0.0016416793285394249,-0.0018269294185202511
30.482000,0.0016416793285394249,0.003268863971641167
30.484000,-0.0034483407048870873,0.003268863971641167
30.486000,-0.0034483407048870873,0.003268863971641167
30.488000,-0.0034483407048870873,0.003268863971641167
30.490000,0.0016416793285394249,0.003268863971641167
30.492000,0.0016416793285394249,-0.0018269294185202511
30.494000,-0.0034483407048870873,0.003268863971641167
30.496000,0.0016416793285394249,0.003268863971641167
30.498000,0.0016416793285394249,0.003268863971641167
30.500000,-0.0034483407048870873,0.003268863971641167
30.502000,0.0016416793285394249,0.003268863971641167
30.504000,0.0016416793285394249,0.003268863971641167
30.506000,0.0016416793285394249,-0.0018269294185202511
30.508000,0.0016416793285394249,0.003268863971641167
30.510000,-0.0034483407048870873,0.003268863971641167
30.512000,-0.0034483407048870873,0.003268863971641167
30.514000,0.0016416793285394249,0.003268863971641167
30.516000,0.0016416793285394249,0.003268863971641167
30.518000,-0.0034483407048870873,0.003268863971641167
30.520000,-0.0034483407048870873,-0.0018269294185202511
30.522000,0.0016416793285394249,0.003268863971641167
30.524000,-0.0034483407048870873,0.003268863971641167
30.526000,-0.0034483407048870873,0.003268863971641167
30.528000,0.0016416793285394249,0.003268863971641167
30.530000,0.0016416793285394249,0.003268863971641167
30.532000,0.0016416793285394249,0.003268863971641167
30.534000,0.0016416793285394249,0.003268863971641167
30.536000,0.0016416793285394249,0.003268863971641167
30.538000,0.0016416793285394249,0.003268863971641167
30.540000,0.0016416793285394249,0.003268863971641167
30.542000,0.0016416793285394249,0.003268863971641167
30.544000,0.0016416793285394249,0.003268863971641167
30.546000,0.0016416793285394249,0.003268863971641167
30.548000,0.0016416793285394249,-0.0018269294185202511
30.550000,0.0016416793285394249,0.003268863971641167
30.552000,0.0016416793285394249,0.003268863971641167
30.554000,0.0016416793285394249,0.003268863971641167
30.556000,0.0016416793285394249,-0.0018269294185202511
30.558000,0.0016416793285394249,-0.0018269294185202511
30.560000,-0.0034483407048870873,0.003268863971641167
30.562000,0.0016416793285394249,0.003268863971641167
30.564000,0.0016416793285394249,0.003268863971641167
30.566000,0.0016416793285394249,0.003268863971641167
30.568000,-0.0034483407048870873,0.003268863971641167
30.570000,-0.0034483407048870873,0.003268863971641167
30.572000,0.0016416793285394249,0.003268863971641167
30.574000,0.0016416793285394249,0.003268863971641167
30.576000,0.0016416793285394249,-0.0018269294185202511
30.578000,0.0016416793285394249,0.003268863971641167
30.580000,0.0016416793285394249,0.003268863971641167
30.582000,0.0016416793285394249,0.003268863971641167
30.584000,-0.0034483407048870873,-0.0018269294185202511
30.586000,0.0016416793285394249,0.003268863971641167
30.588000,-0.0034483407048870873,0.003268863971641167
30.590000,0.0016416793285394249,-0.0018269294185202511
30.592000,0.0016416793285394249,0.003268863971641167
30.594000,0.0016416793285394249,0.003268863971641167
30.596000,0.0016416793285394249,0.003268863971641167
30.598000,0.0016416793285394249,0.003268863971641167
30.600000,0.0016416793285394249,0.003268863971641167
30.602000,0.0016416793285394249,0.003268863971641167
30.604000,-0.0034483407048870873,0.003268863971641167
30.606000,0.0016416793285394249,0.003268863971641167
30.608000,-0.0034483407048870873,0.003268863971641167
30.610000,0.0016416793285394249,0.003268863971641167
30.612000,0.0016416793285394249,0.003268863971641167
30.614000,0.0016416793285394249,0.003268863971641167
30.616000,-0.0034483407048870873,0.003268863971641167
30.618000,0.0016416793285394249,0.003268863971641167
30.620000,-0.0034483407048870873,-0.0018269294185202511
30.622000,0.0016416793285394249,0.003268863971641167
30.624000,-0.0034483407048870873,0.003268863971641167
30.626000,0.0016416793285394249,0.003268863971641167
30.628000,-0.0034483407048870873,0.003268863971641167
30.630000,0.0016416793285394249,-0.0018269294185202511
30.632000,-0.0034483407048870873,0.003268863971641167
30.634000,-0.0034483407048870873,0.003268863971641167
30.636000,-0.0034483407048870873,-0.0018269294185202511
30.638000,0.0016416793285394249,0.003268863971641167
30.640000,0.0016416793285394249,0.003268863971641167
30.642000,0.0016416793285394249,0.003268863971641167
30.644000,-0.0034483407048870873,0.003268863971641167
30.646000,0.0016416793285394249,0.003268863971641167
30.648000,0.0016416793285394249,0.003268863971641167
30.650000,0.0016416793285394249,0.003268863971641167
30.652000,0.0016416793285394249,0.003268863971641167
30.654000,-0.0034483407048870873,0.003268863971641167
30.656000,-0.0034483407048870873,0.003268863971641167
30.658000,0.0016416793285394249,0.003268863971641167
30.660000,0.0016416793285394249,0.003268863971641167
30.662000,0.0016416793285394249,-0.0018269294185202511
30.664000,0.0016416793285394249,-0.0018269294185202511
30.666000,-0.0034483407048870873,0.003268863971641167
30.668000,0.0016416793285394249,0.003268863971641167
30.670000,0.0016416793285394249,-0.0018269294185202511
30.672000,0.0016416793285394249,0.003268863971641167
30.674000,0.0016416793285394249,0.003268863971641167
30.676000,0.0016416793285394249,0.003268863971641167
30.678000,0.0016416793285394249,0.003268863971641167
30.680000,0.0016416793285394249,0.003268863971641167
30.682000,0.0016416793285394249,0.003268863971641167
30.684000,0.0016416793285394249,-0.0018269294185202511
30.686000,-0.0034483407048870873,0.003268863971641167
30.688000,-0.0034483407048870873,-0.0018269294185202511
30.690000,0.0016416793285394249,0.003268863971641167
30.692000,0.0016416793285394249,0.003268863971641167
30.694000,-0.0034483407048870873,0.003268863971641167
30.696000,0.0016416793285394249,0.003268863971641167
30.698000,-0.0034483407048870873,0.003268863971641167
30.700000,0.0016416793285394249,0.003268863971641167
30.702000,0.0016416793285394249,0.003268863971641167
30.704000,-0.0034483407048870873,-0.0018269294185202511
30.706000,0.0016416793285394249,-0.0018269294185202511
30.708000,0.0016416793285394249,0.003268863971641167
30.710000,0.0016416793285394249,0.003268863971641167
30.712000,0.0016416793285394249,0.003268863971641167
30.714000,0.0016416793285394249,0.003268863971641167
30.716000,0.0016416793285394249,0.003268863971641167
30.718000,0.0016416793285394249,0.003268863971641167
30.720000,-0.0034483407048870873,0.003268863971641167
30.722000,0.0016416793285394249,0.003268863971641167
30.724000,0.0016416793285394249,-0.0018269294185202511
30.726000,0.0016416793285394249,0.003268863971641167
30.728000,0.0016416793285394249,0.003268863971641167
30.730000,0.0016416793285394249,0.003268863971641167
30.732000,0.0016416793285394249,0.003268863971641167
30.734000,0.0016416793285394249,0.003268863971641167
30.736000,-0.0034483407048870873,0.003268863971641167
30.738000,-0.0034483407048870873,0.003268863971641167
30.740000,-0.0034483407048870873,0.003268863971641167
30.742000,-0.0034483407048870873,0.003268863971641167
30.744000,-0.0034483407048870873,0.003268863971641167
30.746000,0.0016416793285394249,-0.0018269294185202511
30.748000,0.0016416793285394249,0.003268863971641167
30.750000,0.0016416793285394249,0.003268863971641167
30.752000,0.0016416793285394249,0.003268863971641167
30.754000,0.0016416793285394249,-0.0018269294185202511
30.756000,0.0016416793285394249,0.003268863971641167
30.758000,0.0016416793285394249,0.003268863971641167
30.760000,0.0016416793285394249,0.003268863971641167
30.762000,0.0016416793285394249,0.003268863971641167
30.764000,-0.0034483407048870873,0.003268863971641167
30.766000,0.0016416793285394249,0.003268863971641167
30.768000,0.0016416793285394249,0.003268863971641167
30.770000,0.0016416793285394249,0.003268863971641167
30.772000,-0.0034483407048870873,0.003268863971641167
30.774000,0.0016416793285394249,0.003268863971641167
30.776000,0.0016416793285394249,0.003268863971641167
30.778000,0.0016416793285394249,0.003268863971641167
30.780000,0.0016416793285394249,0.003268863971641167
30.782000,0.0016416793285394249,0.003268863971641167
30.784000,0.0016416793285394249,-0.0018269294185202511
30.786000,0.0016416793285394249,0.003268863971641167
30.788000,0.0016416793285394249,0.003268863971641167
30.790000,0.0016416793285394249,-0.0018269294185202511
30.792000,-0.0034483407048870873,0.003268863971641167
30.794000,0.0016416793285394249,0.003268863971641167
30.796000,0.0016416793285394249,-0.0018269294185202511
30.798000,0.0016416793285394249,0.003268863971641167
30.800000,0.0016416793285394249,0.003268863971641167
30.802000,0.0016416793285394249,0.003268863971641167
30.804000,0.0016416793285394249,-0.0018269294185202511
30.806000,0.0016416793285394249,-0.0018269294185202511
30.808000,0.0016416793285394249,0.003268863971641167
30.810000,0.0016416793285394249,-0.0018269294185202511
30.812000,0.0016416793285394249,0.003268863971641167
30.814000,0.0016416793285394249,0.003268863971641167
30.816000,0.0016416793285394249,0.003268863971641167
30.818000,0.0016416793285394249,0.003268863971641167
30.820000,0.0016416793285394249,0.003268863971641167
30.822000,0.0016416793285394249,0.003268863971641167
30.824000,0.0016416793285394249,0.003268863971641167
30.826000,0.0016416793285394249,0.003268863971641167
30.828000,0.0016416793285394249,0.003268863971641167
30.830000,0.0016416793285394249,0.003268863971641167
30.832000,0.0016416793285394249,0.003268863971641167
30.834000,0.0016416793285394249,0.003268863971641167
30.836000,0.0016416793285394249,-0.0018269294185202511
30.838000,0.0016416793285394249,-0.0018269294185202511
30.840000,0.0016416793285394249,0.003268863971641167
30.842000,0.0016416793285394249,-0.0018269294185202511
30.844000,0.0016416793285394249,0.003268863971641167
30.846000,0.0016416793285394249,-0.0018269294185202511
30.848000,0.0016416793285394249,0.003268863971641167
30.850000,0.0016416793285394249,0.003268863971641167
30.852000,0.0016416793285394249,0.003268863971641167
30.854000,0.0016416793285394249,-0.0018269294185202511
30.856000,0.0016416793285394249,-0.0018269294185202511
30.858000,0.0016416793285394249,0.003268863971641167
30.860000,0.0016416793285394249,0.003268863971641167
30.862000,0.0016416793285394249,0.003268863971641167
30.864000,0.0016416793285394249,0.003268863971641167
30.866000,0.0016416793285394249,0.003268863971641167
30.868000,0.0016416793285394249,-0.0018269294185202511
30.870000,0.0016416793285394249,0.003268863971641167
30.872000,0.0016416793285394249,0.003268863971641167
30.874000,0.0016416793285394249,0.003268863971641167
30.876000,0.0016416793285394249,-0.0018269294185202511
30.878000,0.0016416793285394249,0.003268863971641167
30.880000,0.0016416793285394249,0.003268863971641167
30.882000,0.0016416793285394249,-0.0018269294185202511
30.884000,0.0016416793285394249,-0.0018269294185202511
30.886000,0.0016416793285394249,-0.0018269294185202511
30.888000,0.0016416793285394249,0.003268863971641167
30.890000,0.0016416793285394249,0.003268863971641167
30.892000,0.0016416793285394249,0.003268863971641167
30.894000,0.0016416793285394249,0.003268863971641167
30.896000,0.0016416793285394249,0.003268863971641167
30.898000,0.0016416793285394249,0.003268863971641167
30.900000,0.0016416793285394249,0.003268863971641167
30.902000,0.0016416793285394249,0.003268863971641167
30.904000,0.0016416793285394249,0.003268863971641167
30.906000,0.0016416793285394249,0.003268863971641167
30.908000,0.0016416793285394249,0.003268863971641167
30.910000,0.0016416793285394249,0.003268863971641167
30.912000,0.0016416793285394249,0.003268863971641167
30.914000,0.0016416793285394249,0.003268863971641167
30.916000,0.0016416793285394249,0.003268863971641167
30.918000,0.0016416793285394249,0.003268863971641167
30.920000,0.0016416793285394249,-0.0018269294185202511
30.922000,0.0016416793285394249,0.003268863971641167
30.924000,0.0016416793285394249,0.003268863971641167
30.926000,0.0016416793285394249,0.003268863971641167
30.928000,0.0016416793285394249,0.003268863971641167
30.930000,0.0016416793285394249,-0.0018269294185202511
30.932000,0.0016416793285394249,0.003268863971641167
30.934000,0.0016416793285394249,0.003268863971641167
30.936000,0.0016416793285394249,-0.0018269294185202511
30.938000,0.0016416793285394249,0.003268863971641167
30.940000,0.0016416793285394249,0.003268863971641167
30.942000,0.0016416793285394249,-0.0018269294185202511
30.944000,0.0016416793285394249,-0.0018269294185202511
30.946000,0.0016416793285394249,-0.0018269294185202511
30.948000,0.0016416793285394249,0.003268863971641167
30.950000,0.0016416793285394249,0.003268863971641167
30.952000,0.0016416793285394249,0.003268863971641167
30.954000,0.0016416793285394249,0.003268863971641167
30.956000,0.0016416793285394249,0.003268863971641167
30.958000,0.0016416793285394249,-0.0018269294185202511
30.960000,0.0016416793285394249,-0.0018269294185202511
30.962000,0.0016416793285394249,0.003268863971641167
30.964000,0.0016416793285394249,-0.0018269294185202511
30.966000,0.0016416793285394249,-0.0018269294185202511
30.968000,0.0016416793285394249,-0.0018269294185202511
30.970000,0.0016416793285394249,0.003268863971641167
30.972000,0.0016416793285394249,0.003268863971641167
30.974000,0.0016416793285394249,0.003268863971641167
30.976000,0.0016416793285394249,-0.0018269294185202511
30.978000,0.0016416793285394249,0.003268863971641167
30.980000,0.0016416793285394249,0.003268863971641167
30.982000,0.0016416793285394249,-0.0018269294185202511
30.984000,0.0016416793285394249,0.003268863971641167
30.986000,0.0016416793285394249,0.003268863971641167
30.988000,0.0016416793285394249,0.003268863971641167
30.990000,0.0016416793285394249,0.003268863971641167
30.992000,0.0016416793285394249,-0.0018269294185202511
30.994000,0.0016416793285394249,0.003268863971641167
30.996000,0.0016416793285394249,0.003268863971641167
30.998000,0.0016416793285394249,-0.0018269294185202511
31.000000,0.0016416793285394249,-0.0018269294185202511
31.002000,0.0016416793285394249,0.003268863971641167
31.004000,0.0016416793285394249,0.003268863971641167
31.006000,0.0016416793285394249,0.003268863971641167
31.008000,0.0016416793285394249,0.003268863971641167
31.010000,0.0016416793285394249,0.003268863971641167
31.012000,0.0016416793285394249,0.003268863971641167
31.014000,0.0016416793285394249,0.003268863971641167
31.016000,0.0016416793285394249,0.003268863971641167
31.018000,0.0016416793285394249,-0.0018269294185202511
31.020000,0.0016416793285394249,0.003268863971641167
31.022000,0.0016416793285394249,0.003268863971641167
31.024000,0.0016416793285394249,-0.0018269294185202511
31.026000,0.0016416793285394249,0.003268863971641167
31.028000,0.0016416793285394249,0.003268863971641167
31.030000,0.0016416793285394249,0.003268863971641167
31.032000,0.0016416793285394249,0.003268863971641167
31.034000,0.0016416793285394249,0.003268863971641167
31.036000,0.0016416793285394249,-0.0018269294185202511
31.038000,0.0016416793285394249,0.003268863971641167
31.040000,0.0016416793285394249,0.003268863971641167
31.042000,0.0016416793285394249,0.003268863971641167
31.044000,0.0016416793285394249,0.003268863971641167
31.046000,0.0016416793285394249,0.003268863971641167
31.048000,0.0016416793285394249,0.003268863971641167
31.050000,0.0016416793285394249,0.003268863971641167
31.052000,0.0016416793285394249,0.003268863971641167
31.054000,0.0016416793285394249,0.003268863971641167
31.056000,0.0016416793285394249,0.003268863971641167
31.058000,0.0016416793285394249,0.003268863971641167
31.060000,0.0016416793285394249,0.003268863971641167
31.062000,0.0016416793285394249,0.003268863971641167
31.064000,0.0016416793285394249,0.003268863971641167
31.066000,0.0016416793285394249,0.003268863971641167
31.068000,0.0016416793285394249,0.003268863971641167
31.070000,0.0016416793285394249,-0.0018269294185202511
31.072000,0.0016416793285394249,0.003268863971641167
31.074000,0.0016416793285394249,-0.0018269294185202511
31.076000,0.0016416793285394249,0.003268863971641167
31.078000,0.0016416793285394249,0.003268863971641167
31.080000,0.0016416793285394249,0.003268863971641167
31.082000,0.0016416793285394249,0.003268863971641167
31.084000,0.006731699361965937,0.003268863971641167
31.086000,0.0016416793285394249,0.003268863971641167
31.088000,0.0016416793285394249,-0.0018269294185202511
31.090000,0.0016416793285394249,0.003268863971641167
31.092000,0.0016416793285394249,-0.0018269294185202511
31.094000,0.0016416793285394249,0.003268863971641167
31.096000,0.0016416793285394249,0.003268863971641167
31.098000,0.0016416793285394249,0.003268863971641167
31.100000,0.0016416793285394249,0.003268863971641167
31.102000,0.0016416793285394249,0.003268863971641167
31.104000,0.0016416793285394249,0.003268863971641167
31.106000,0.0016416793285394249,0.003268863971641167
31.108000,0.0016416793285394249,0.003268863971641167
31.110000,0.0016416793285394249,0.003268863971641167
31.112000,0.0016416793285394249,0.003268863971641167
31.114000,0.0016416793285394249,0.003268863971641167
31.116000,0.0016416793285394249,0.003268863971641167
31.118000,0.0016416793285394249,-0.0018269294185202511
31.120000,0.0016416793285394249,0.003268863971641167
31.122000,0.0016416793285394249,-0.0018269294185202511
31.124000,0.006731699361965937,0.003268863971641167
31.126000,0.0016416793285394249,0.003268863971641167
31.128000,0.0016416793285394249,0.003268863971641167
31.130000,0.0016416793285394249,0.003268863971641167
31.132000,0.0016416793285394249,0.003268863971641167
31.134000,0.0016416793285394249,-0.0018269294185202511
31.136000,0.0016416793285394249,0.003268863971641167
31.138000,0.0016416793285394249,0.003268863971641167
31.140000,0.0016416793285394249,0.003268863971641167
31.142000,0.0016416793285394249,0.003268863971641167
31.144000,0.0016416793285394249,0.003268863971641167
31.146000,0.006731699361965937,0.003268863971641167
31.148000,0.006731699361965937,0.003268863971641167
31.150000,0.0016416793285394249,0.003268863971641167
31.152000,0.0016416793285394249,0.003268863971641167
31.154000,0.006731699361965937,0.003268863971641167
31.156000,0.0016416793285394249,0.003268863971641167
31.158000,0.0016416793285394249,-0.0018269294185202511
31.160000,0.0016416793285394249,0.003268863971641167
31.162000,0.006731699361965937,-0.0018269294185202511
31.164000,0.0016416793285394249,-0.0018269294185202511
31.166000,0.006731699361965937,-0.0018269294185202511
31.168000,0.0016416793285394249,0.003268863971641167
31.170000,0.006731699361965937,0.003268863971641167
31.172000,0.0016416793285394249,0.003268863971641167
31.174000,0.0016416793285394249,-0.0018269294185202511
31.176000,0.006731699361965937,0.003268863971641167
31.178000,0.006731699361965937,-0.0018269294185202511
31.180000,0.006731699361965937,0.003268863971641167
31.182000,0.0016416793285394249,0.003268863971641167
31.184000,0.006731699361965937,0.003268863971641167
31.186000,0.006731699361965937,0.003268863971641167
31.188000,0.006731699361965937,0.003268863971641167
31.190000,0.0016416793285394249,0.003268863971641167
31.192000,0.006731699361965937,0.003268863971641167
31.194000,0.006731699361965937,0.003268863971641167
31.196000,0.006731699361965937,-0.0018269294185202511
31.198000,0.006731699361965937,0.003268863971641167
31.200000,0.0016416793285394249,-0.0018269294185202511
31.202000,0.006731699361965937,0.003268863971641167
31.204000,0.006731699361965937,0.003268863971641167
31.206000,0.006731699361965937,0.003268863971641167
31.208000,0.006731699361965937,0.003268863971641167
31.210000,0.006731699361965937,0.003268863971641167
31.212000,0.006731699361965937,-0.0018269294185202511
31.214000,0.006731699361965937,0.003268863971641167
31.216000,0.006731699361965937,0.003268863971641167
31.218000,0.006731699361965937,0.003268863971641167
31.220000,0.006731699361965937,0.003268863971641167
31.222000,0.006731699361965937,-0.0018269294185202511
31.224000,0.0016416793285394249,0.003268863971641167
31.226000,0.006731699361965937,0.003268863971641167
31.228000,0.006731699361965937,-0.0018269294185202511
31.230000,0.006731699361965937,0.003268863971641167
31.232000,0.006731699361965937,0.003268863971641167
31.234000,0.0016416793285394249,0.003268863971641167
31.236000,0.006731699361965937,0.003268863971641167
31.238000,0.006731699361965937,-0.0018269294185202511
31.240000,0.006731699361965937,-0.0018269294185202511
31.242000,0.006731699361965937,-0.0018269294185202511
31.244000,0.006731699361965937,0.003268863971641167
31.246000,0.006731699361965937,0.003268863971641167
31.248000,0.006731699361965937,0.003268863971641167
31.250000,0.006731699361965937,0.003268863971641167
31.252000,0.006731699361965937,0.003268863971641167
31.254000,0.006731699361965937,0.003268863971641167
31.256000,0.006731699361965937,0.003268863971641167
31.258000,0.006731699361965937,-0.0018269294185202511
31.260000,0.006731699361965937,0.003268863971641167
31.262000,0.006731699361965937,0.003268863971641167
31.264000,0.006731699361965937,0.003268863971641167
31.266000,0.006731699361965937,-0.0018269294185202511
31.268000,0.006731699361965937,-0.0018269294185202511
31.270000,0.006731699361965937,0.003268863971641167
31.272000,0.006731699361965937,0.003268863971641167
31.274000,0.006731699361965937,0.003268863971641167
31.276000,0.006731699361965937,0.003268863971641167
31.278000,0.006731699361965937,-0.0018269294185202511
31.280000,0.006731699361965937,-0.0018269294185202511
31.282000,0.006731699361965937,0.003268863971641167
31.284000,0.006731699361965937,0.003268863971641167
31.286000,0.006731699361965937,0.003268863971641167
31.288000,0.006731699361965937,0.003268863971641167
31.290000,0.006731699361965937,0.003268863971641167
31.292000,0.006731699361965937,0.003268863971641167
31.294000,0.006731699361965937,0.003268863971641167
31.296000,0.006731699361965937,0.003268863971641167
31.298000,0.006731699361965937,0.003268863971641167
31.300000,0.006731699361965937,0.003268863971641167
31.302000,0.006731699361965937,-0.0018269294185202511
31.304000,0.006731699361965937,-0.0018269294185202511
31.306000,0.006731699361965937,-0.0018269294185202511
31.308000,0.006731699361965937,-0.0018269294185202511
31.310000,0.006731699361965937,0.003268863971641167
31.312000,0.006731699361965937,0.003268863971641167
31.314000,0.006731699361965937,0.003268863971641167
31.316000,0.006731699361965937,0.003268863971641167
31.318000,0.006731699361965937,0.003268863971641167
31.320000,0.006731699361965937,0.003268863971641167
31.322000,0.006731699361965937,0.003268863971641167
31.324000,0.006731699361965937,0.003268863971641167
31.326000,0.006731699361965937,0.003268863971641167
31.328000,0.006731699361965937,0.003268863971641167
31.330000,0.006731699361965937,0.003268863971641167
31.332000,0.006731699361965937,0.003268863971641167
31.334000,0.006731699361965937,0.003268863971641167
31.336000,0.006731699361965937,0.003268863971641167
31.338000,0.006731699361965937,0.003268863971641167
31.340000,0.006731699361965937,0.003268863971641167
31.342000,0.006731699361965937,0.003268863971641167
31.344000,0.006731699361965937,0.003268863971641167
31.346000,0.006731699361965937,0.003268863971641167
31.348000,0.006731699361965937,0.003268863971641167
31.350000,0.006731699361965937,0.003268863971641167
31.352000,0.006731699361965937,-0.0018269294185202511
31.354000,0.006731699361965937,0.003268863971641167
31.356000,0.006731699361965937,0.003268863971641167
31.358000,0.006731699361965937,0.003268863971641167
31.360000,0.006731699361965937,-0.0018269294185202511
31.362000,0.006731699361965937,0.003268863971641167
31.364000,0.006731699361965937,0.003268863971641167
31.366000,0.006731699361965937,0.003268863971641167
31.368000,0.006731699361965937,-0.0018269294185202511
31.370000,0.006731699361965937,0.003268863971641167
31.372000,0.006731699361965937,0.003268863971641167
31.374000,0.006731699361965937,0.003268863971641167
31.376000,0.006731699361965937,0.003268863971641167
31.378000,0.006731699361965937,0.003268863971641167
31.380000,0.006731699361965937,0.003268863971641167
31.382000,0.006731699361965937,0.003268863971641167
31.384000,0.006731699361965937,0.003268863971641167
31.386000,0.006731699361965937,0.003268863971641167
31.388000,0.006731699361965937,0.003268863971641167
31.390000,0.006731699361965937,0.003268863971641167
31.392000,0.006731699361965937,0.003268863971641167
31.394000,0.006731699361965937,-0.0018269294185202511
31.396000,0.006731699361965937,-0.0018269294185202511
31.398000,0.006731699361965937,0.003268863971641167
31.400000,0.006731699361965937,0.003268863971641167
31.402000,0.006731699361965937,-0.0018269294185202511
31.404000,0.006731699361965937,-0.0018269294185202511
31.406000,0.006731699361965937,0.003268863971641167
31.408000,0.006731699361965937,-0.0018269294185202511
31.410000,0.006731699361965937,0.003268863971641167
31.412000,0.011821719395394226,0.003268863971641167
31.414000,0.011821719395394226,0.003268863971641167
31.416000,0.011821719395394226,0.003268863971641167
31.418000,0.006731699361965937,0.003268863971641167
31.420000,0.006731699361965937,-0.0018269294185202511
31.422000,0.006731699361965937,0.003268863971641167
31.424000,0.011821719395394226,0.003268863971641167
31.426000,0.011821719395394226,-0.0018269294185202511
31.428000,0.011821719395394226,0.003268863971641167
31.430000,0.011821719395394226,0.003268863971641167
31.432000,0.011821719395394226,0.003268863971641167
31.434000,0.011821719395394226,0.003268863971641167
31.436000,0.011821719395394226,0.003268863971641167
31.438000,0.011821719395394226,0.003268863971641167
31.440000,0.011821719395394226,0.003268863971641167
31.442000,0.011821719395394226,0.003268863971641167
31.444000,0.011821719395394226,0.003268863971641167
31.446000,0.011821719395394226,0.003268863971641167
31.448000,0.011821719395394226,0.003268863971641167
31.450000,0.011821719395394226,0.003268863971641167
31.452000,0.016911739428820738,0.003268863971641167
31.454000,0.011821719395394226,-0.0018269294185202511
31.456000,0.011821719395394226,0.003268863971641167
31.458000,0.016911739428820738,0.003268863971641167
31.460000,0.011821719395394226,0.003268863971641167
31.462000,0.016911739428820738,0.003268863971641167
31.464000,0.016911739428820738,0.003268863971641167
31.466000,0.016911739428820738,-0.0018269294185202511
31.468000,0.016911739428820738,-0.0018269294185202511
31.470000,0.011821719395394226,0.003268863971641167
31.472000,0.016911739428820738,0.003268863971641167
31.474000,0.016911739428820738,0.003268863971641167
31.476000,0.016911739428820738,-0.0018269294185202511
31.478000,0.016911739428820738,0.003268863971641167
31.480000,0.016911739428820738,0.003268863971641167
31.482000,0.016911739428820738,-0.0018269294185202511
31.484000,0.016911739428820738,-0.0018269294185202511
31.486000,0.016911739428820738,-0.0018269294185202511
31.488000,0.016911739428820738,-0.0018269294185202511
31.490000,0.016911739428820738,0.003268863971641167
31.492000,0.016911739428820738,0.003268863971641167
31.494000,0.016911739428820738,-0.0018269294185202511
31.496000,0.016911739428820738,-0.0018269294185202511
31.498000,0.016911739428820738,0.003268863971641167
31.500000,0.016911739428820738,0.003268863971641167
31.502000,0.016911739428820738,-0.0018269294185202511
31.504000,0.016911739428820738,0.003268863971641167
31.506000,0.016911739428820738,-0.0018269294185202511
31.508000,0.02200175946224725,-0.0018269294185202511
31.510000,0.016911739428820738,0.003268863971641167
31.512000,0.016911739428820738,0.003268863971641167
31.514000,0.016911739428820738,-0.0018269294185202511
31.516000,0.016911739428820738,0.003268863971641167
31.518000,0.02200175946224725,-0.0018269294185202511
31.520000,0.016911739428820738,0.003268863971641167
31.522000,0.016911739428820738,0.003268863971641167
31.524000,0.02200175946224725,0.003268863971641167
31.526000,0.02200175946224725,-0.0018269294185202511
31.528000,0.02200175946224725,0.003268863971641167
31.530000,0.02200175946224725,0.003268863971641167
31.532000,0.02200175946224725,0.003268863971641167
31.534000,0.02200175946224725,-0.0018269294185202511
31.536000,0.02200175946224725,0.003268863971641167
31.538000,0.016911739428820738,0.003268863971641167
31.540000,0.02200175946224725,0.003268863971641167
31.542000,0.02200175946224725,0.003268863971641167
31.544000,0.02200175946224725,0.003268863971641167
31.546000,0.02200175946224725,0.003268863971641167
31.548000,0.02200175946224725,0.003268863971641167
31.550000,0.02200175946224725,-0.0018269294185202511
31.552000,0.02200175946224725,0.003268863971641167
31.554000,0.02200175946224725,0.003268863971641167
31.556000,0.02200175946224725,0.003268863971641167
31.558000,0.02200175946224725,0.003268863971641167
31.560000,0.02200175946224725,0.003268863971641167
31.562000,0.02200175946224725,0.003268863971641167
31.564000,0.02200175946224725,0.003268863971641167
31.566000,0.02200175946224725,0.003268863971641167
31.568000,0.02200175946224725,0.003268863971641167
31.570000,0.02200175946224725,-0.0018269294185202511
31.572000,0.027091779495673762,0.003268863971641167
31.574000,0.027091779495673762,0.003268863971641167
31.576000,0.02200175946224725,0.003268863971641167
31.578000,0.027091779495673762,-0.0018269294185202511
31.580000,0.027091779495673762,-0.0018269294185202511
31.582000,0.027091779495673762,0.003268863971641167
31.584000,0.027091779495673762,0.003268863971641167
31.586000,0.027091779495673762,0.003268863971641167
31.588000,0.027091779495673762,0.003268863971641167
31.590000,0.027091779495673762,0.003268863971641167
31.592000,0.027091779495673762,0.003268863971641167
31.594000,0.027091779495673762,0.003268863971641167
31.596000,0.027091779495673762,0.003268863971641167
31.598000,0.027091779495673762,0.003268863971641167
31.600000,0.027091779495673762,0.003268863971641167
31.602000,0.027091779495673762,-0.0018269294185202511
31.604000,0.027091779495673762,-0.0018269294185202511
31.606000,0.032181799529100275,0.003268863971641167
31.608000,0.027091779495673762,0.003268863971641167
31.610000,0.032181799529100275,0.003268863971641167
31.612000,0.032181799529100275,-0.0018269294185202511
31.614000,0.032181799529100275,0.003268863971641167
31.616000,0.032181799529100275,0.003268863971641167
31.618000,0.032181799529100275,0.003268863971641167
31.620000,0.032181799529100275,-0.0018269294185202511
31.622000,0.032181799529100275,0.003268863971641167
31.624000,0.032181799529100275,-0.0018269294185202511
31.626000,0.032181799529100275,-0.0018269294185202511
31.628000,0.03727181956252679,-0.0018269294185202511
31.630000,0.03727181956252679,0.003268863971641167
31.632000,0.03727181956252679,0.003268863971641167
31.634000,0.032181799529100275,0.003268863971641167
31.636000,0.03727181956252679,-0.0018269294185202511
31.638000,0.03727181956252679,-0.0018269294185202511
31.640000,0.03727181956252679,-0.0018269294185202511
31.642000,0.03727181956252679,0.003268863971641167
31.644000,0.03727181956252679,0.003268863971641167
31.646000,0.03727181956252679,0.003268863971641167
31.648000,0.03727181956252679,-0.0018269294185202511
31.650000,0.0423618395959533,0.003268863971641167
31.652000,0.0423618395959533,0.003268863971641167
31.654000,0.0423618395959533,0.003268863971641167
31.656000,0.0423618395959533,0.003268863971641167
31.658000,0.0423618395959533,-0.0018269294185202511
31.660000,0.0423618395959533,-0.0018269294185202511
31.662000,0.0423618395959533,0.003268863971641167
31.664000,0.0423618395959533,-0.0018269294185202511
31.666000,0.0423618395959533,0.003268863971641167
31.668000,0.0423618395959533,0.003268863971641167
31.670000,0.0423618395959533,0.003268863971641167
31.672000,0.04745185962938159,0.003268863971641167
31.674000,0.04745185962938159,-0.0018269294185202511
31.676000,0.04745185962938159,0.003268863971641167
31.678000,0.04745185962938159,-0.0018269294185202511
31.680000,0.04745185962938159,0.003268863971641167
31.682000,0.04745185962938159,-0.0018269294185202511
31.684000,0.04745185962938159,-0.0018269294185202511
31.686000,0.04745185962938159,0.003268863971641167
31.688000,0.04745185962938159,0.003268863971641167
31.690000,0.0525418796628081,0.003268863971641167
31.692000,0.04745185962938159,0.003268863971641167
31.694000,0.04745185962938159,0.003268863971641167
31.696000,0.0525418796628081,0.003268863971641167
31.698000,0.0525418796628081,0.003268863971641167
31.700000,0.05763189969623461,-0.0018269294185202511
31.702000,0.0525418796628081,0.003268863971641167
31.704000,0.0525418796628081,0.003268863971641167
31.706000,0.05763189969623461,0.003268863971641167
31.708000,0.05763189969623461,0.003268863971641167
31.710000,0.05763189969623461,0.003268863971641167
31.712000,0.05763189969623461,0.003268863971641167
31.714000,0.05763189969623461,-0.0018269294185202511
31.716000,0.05763189969623461,-0.0018269294185202511
31.718000,0.05763189969623461,-0.0018269294185202511
31.720000,0.05763189969623461,-0.0018269294185202511
31.722000,0.05763189969623461,0.003268863971641167
31.724000,0.05763189969623461,0.003268863971641167
31.726000,0.05763189969623461,-0.0018269294185202511
31.728000,0.06272191972966112,0.003268863971641167
31.730000,0.06272191972966112,-0.0018269294185202511
31.732000,0.05763189969623461,0.003268863971641167
31.734000,0.05763189969623461,0.003268863971641167
31.736000,0.05763189969623461,-0.0018269294185202511
31.738000,0.06272191972966112,0.003268863971641167
31.740000,0.06272191972966112,-0.0018269294185202511
31.742000,0.06272191972966112,0.003268863971641167
31.744000,0.06272191972966112,0.003268863971641167
31.746000,0.06272191972966112,0.003268863971641167
31.748000,0.06272191972966112,0.003268863971641167
31.750000,0.06272191972966112,0.003268863971641167
31.752000,0.06272191972966112,0.003268863971641167
31.754000,0.06272191972966112,-0.0018269294185202511
31.756000,0.06272191972966112,0.003268863971641167
31.758000,0.06272191972966112,0.003268863971641167
31.760000,0.06272191972966112,0.003268863971641167
31.762000,0.06272191972966112,0.003268863971641167
31.764000,0.06272191972966112,0.003268863971641167
31.766000,0.06272191972966112,0.003268863971641167
31.768000,0.06272191972966112,-0.0018269294185202511
31.770000,0.06781193976308764,0.003268863971641167
31.772000,0.06781193976308764,0.003268863971641167
31.774000,0.06781193976308764,0.003268863971641167
31.776000,0.06272191972966112,0.003268863971641167
31.778000,0.06781193976308764,0.003268863971641167
31.780000,0.06781193976308764,-0.0018269294185202511
31.782000,0.06781193976308764,0.003268863971641167
31.784000,0.06781193976308764,0.003268863971641167
31.786000,0.06781193976308764,0.003268863971641167
31.788000,0.06781193976308764,0.003268863971641167
31.790000,0.06781193976308764,0.003268863971641167
31.792000,0.06781193976308764,0.003268863971641167
31.794000,0.06781193976308764,0.003268863971641167
31.796000,0.07290195979651415,0.003268863971641167
31.798000,0.06781193976308764,-0.0018269294185202511
31.800000,0.06781193976308764,0.003268863971641167
31.802000,0.07290195979651415,0.003268863971641167
31.804000,0.07290195979651415,0.003268863971641167
31.806000,0.07290195979651415,-0.0018269294185202511
31.808000,0.07290195979651415,0.003268863971641167
31.810000,0.07290195979651415,0.003268863971641167
31.812000,0.07290195979651415,0.003268863971641167
31.814000,0.07290195979651415,0.003268863971641167
31.816000,0.07290195979651415,0.003268863971641167
31.818000,0.07290195979651415,-0.0018269294185202511
31.820000,0.07290195979651415,0.003268863971641167
31.822000,0.07290195979651415,-0.0018269294185202511
31.824000,0.07290195979651415,0.003268863971641167
31.826000,0.07799197982994244,0.003268863971641167
31.828000,0.07799197982994244,0.003268863971641167
31.830000,0.07799197982994244,-0.0018269294185202511
31.832000,0.07799197982994244,0.003268863971641167
31.834000,0.07799197982994244,0.003268863971641167
31.836000,0.07799197982994244,-0.0018269294185202511
31.838000,0.07799197982994244,0.003268863971641167
31.840000,0.08308199986336895,0.003268863971641167
31.842000,0.08308199986336895,0.003268863971641167
31.844000,0.08308199986336895,0.003268863971641167
31.846000,0.08308199986336895,0.003268863971641167
31.848000,0.08308199986336895,0.003268863971641167
31.850000,0.08308199986336895,0.003268863971641167
31.852000,0.08308199986336895,0.003268863971641167
31.854000,0.08308199986336895,0.003268863971641167
31.856000,0.08308199986336895,0.003268863971641167
31.858000,0.08817201989679546,0.003268863971641167
31.860000,0.08817201989679546,0.003268863971641167
31.862000,0.08817201989679546,0.003268863971641167
31.864000,0.08817201989679546,0.003268863971641167
31.866000,0.08817201989679546,0.003268863971641167
31.868000,0.08817201989679546,0.003268863971641167
31.870000,0.08817201989679546,0.003268863971641167
31.872000,0.08817201989679546,-0.0018269294185202511
31.874000,0.08817201989679546,0.003268863971641167
31.876000,0.08817201989679546,0.003268863971641167
31.878000,0.08817201989679546,0.003268863971641167
31.880000,0.09326203993022197,-0.0018269294185202511
31.882000,0.09326203993022197,0.003268863971641167
31.884000,0.09326203993022197,-0.0018269294185202511
31.886000,0.09326203993022197,-0.0018269294185202511
31.888000,0.09835205996364849,0.003268863971641167
31.890000,0.09835205996364849,0.003268863971641167
31.892000,0.09835205996364849,0.003268863971641167
31.894000,0.09835205996364849,0.003268863971641167
31.896000,0.09835205996364849,0.003268863971641167
31.898000,0.103442079997075,0.003268863971641167
31.900000,0.09835205996364849,-0.0018269294185202511
31.902000,0.103442079997075,0.003268863971641167
31.904000,0.103442079997075,-0.0018269294185202511
31.906000,0.103442079997075,-0.0018269294185202511
31.908000,0.103442079997075,0.003268863971641167
31.910000,0.103442079997075,0.003268863971641167
31.912000,0.103442079997075,0.003268863971641167
31.914000,0.103442079997075,0.003268863971641167
31.916000,0.10853210003050329,-0.0018269294185202511
31.918000,0.10853210003050329,0.003268863971641167
31.920000,0.10853210003050329,0.003268863971641167
31.922000,0.10853210003050329,0.003268863971641167
31.924000,0.10853210003050329,0.003268863971641167
31.926000,0.10853210003050329,0.003268863971641167
31.928000,0.1136221200639298,0.003268863971641167
31.930000,0.1136221200639298,0.003268863971641167
31.932000,0.10853210003050329,-0.0018269294185202511
31.934000,0.1136221200639298,-0.0018269294185202511
31.936000,0.1136221200639298,0.003268863971641167
31.938000,0.1136221200639298,0.003268863971641167
31.940000,0.1136221200639298,0.003268863971641167
31.942000,0.1136221200639298,0.003268863971641167
31.944000,0.1136221200639298,0.003268863971641167
31.946000,0.1136221200639298,0.003268863971641167
31.948000,0.1136221200639298,0.003268863971641167
31.950000,0.1136221200639298,0.003268863971641167
31.952000,0.1136221200639298,0.003268863971641167
31.954000,0.11871214009735631,-0.0018269294185202511
31.956000,0.11871214009735631,0.003268863971641167
31.958000,0.11871214009735631,0.003268863971641167
31.960000,0.1136221200639298,-0.0018269294185202511
31.962000,0.11871214009735631,0.003268863971641167
31.964000,0.11871214009735631,0.003268863971641167
31.966000,0.11871214009735631,0.003268863971641167
31.968000,0.11871214009735631,-0.0018269294185202511
31.970000,0.11871214009735631,0.003268863971641167
31.972000,0.11871214009735631,-0.0018269294185202511
31.974000,0.11871214009735631,-0.0018269294185202511
31.976000,0.11871214009735631,0.003268863971641167
31.978000,0.1136221200639298,-0.0018269294185202511
31.980000,0.1136221200639298,0.003268863971641167
31.982000,0.1136221200639298,0.003268863971641167
31.984000,0.1136221200639298,-0.0018269294185202511
31.986000,0.11871214009735631,-0.0018269294185202511
31.988000,0.1136221200639298,0.003268863971641167
31.990000,0.1136221200639298,-0.0018269294185202511
31.992000,0.1136221200639298,0.003268863971641167
31.994000,0.1136221200639298,-0.0018269294185202511
31.996000,0.1136221200639298,0.003268863971641167
31.998000,0.1136221200639298,0.003268863971641167
32.000000,0.1136221200639298,0.003268863971641167
32.002000,0.1136221200639298,0.003268863971641167
32.004000,0.1136221200639298,-0.0018269294185202511
32.006000,0.1136221200639298,-0.0018269294185202511
32.008000,0.1136221200639298,0.003268863971641167
32.010000,0.1136221200639298,0.003268863971641167
32.012000,0.1136221200639298,0.003268863971641167
32.014000,0.1136221200639298,0.003268863971641167
32.016000,0.1136221200639298,0.003268863971641167
32.018000,0.1136221200639298,-0.0018269294185202511
32.020000,0.1136221200639298,0.003268863971641167
32.022000,0.1136221200639298,0.003268863971641167
32.024000,0.1136221200639298,0.003268863971641167
32.026000,0.10853210003050329,-0.0018269294185202511
32.028000,0.10853210003050329,0.003268863971641167
32.030000,0.10853210003050329,0.003268863971641167
32.032000,0.10853210003050329,-0.0018269294185202511
32.034000,0.10853210003050329,0.003268863971641167
32.036000,0.10853210003050329,0.003268863971641167
32.038000,0.10853210003050329,0.003268863971641167
32.040000,0.10853210003050329,0.003268863971641167
32.042000,0.10853210003050329,0.003268863971641167
32.044000,0.10853210003050329,0.003268863971641167
32.046000,0.10853210003050329,0.003268863971641167
32.048000,0.10853210003050329,0.003268863971641167
32.050000,0.10853210003050329,-0.0018269294185202511
32.052000,0.10853210003050329,0.003268863971641167
32.054000,0.10853210003050329,0.003268863971641167
32.056000,0.103442079997075,-0.0018269294185202511
32.058000,0.103442079997075,0.003268863971641167
32.060000,0.10853210003050329,0.003268863971641167
32.062000,0.103442079997075,0.003268863971641167
32.064000,0.10853210003050329,-0.0018269294185202511
32.066000,0.103442079997075,0.003268863971641167
32.068000,0.103442079997075,-0.0018269294185202511
32.070000,0.103442079997075,-0.0018269294185202511
32.072000,0.103442079997075,0.003268863971641167
32.074000,0.103442079997075,0.003268863971641167
32.076000,0.103442079997075,-0.0018269294185202511
32.078000,0.103442079997075,0.003268863971641167
32.080000,0.103442079997075,-0.0018269294185202511
32.082000,0.103442079997075,0.003268863971641167
32.084000,0.103442079997075,0.003268863971641167
32.086000,0.103442079997075,-0.0018269294185202511
32.088000,0.103442079997075,-0.0018269294185202511
32.090000,0.103442079997075,0.003268863971641167
32.092000,0.103442079997075,-0.0018269294185202511
32.094000,0.103442079997075,0.003268863971641167
32.096000,0.103442079997075,-0.0018269294185202511
32.098000,0.103442079997075,0.003268863971641167
32.100000,0.103442079997075,-0.0018269294185202511
32.102000,0.103442079997075,-0.0018269294185202511
32.104000,0.103442079997075,0.003268863971641167
32.106000,0.103442079997075,-0.0018269294185202511
32.108000,0.103442079997075,0.003268863971641167
32.110000,0.103442079997075,0.003268863971641167
32.112000,0.103442079997075,0.003268863971641167
32.114000,0.09835205996364849,0.003268863971641167
32.116000,0.103442079997075,-0.0018269294185202511
32.118000,0.09835205996364849,0.003268863971641167
32.120000,0.103442079997075,0.003268863971641167
32.122000,0.103442079997075,0.003268863971641167
32.124000,0.09835205996364849,-0.0018269294185202511
32.126000,0.09835205996364849,0.003268863971641167
32.128000,0.09835205996364849,0.003268863971641167
32.130000,0.09835205996364849,0.003268863971641167
32.132000,0.09835205996364849,0.003268863971641167
32.134000,0.09835205996364849,-0.0018269294185202511
32.136000,0.09835205996364849,0.003268863971641167
32.138000,0.09835205996364849,0.003268863971641167
32.140000,0.09835205996364849,0.003268863971641167
32.142000,0.09835205996364849,0.003268863971641167
32.144000,0.09835205996364849,0.003268863971641167
32.146000,0.09835205996364849,-0.0018269294185202511
32.148000,0.09835205996364849,0.003268863971641167
32.150000,0.09835205996364849,-0.0018269294185202511
32.152000,0.09835205996364849,0.003268863971641167
32.154000,0.09835205996364849,0.003268863971641167
32.156000,0.09835205996364849,0.003268863971641167
32.158000,0.09835205996364849,-0.0018269294185202511
32.160000,0.09835205996364849,0.003268863971641167
32.162000,0.09835205996364849,0.003268863971641167
32.164000,0.09835205996364849,0.003268863971641167
32.166000,0.09835205996364849,0.003268863971641167
32.168000,0.09835205996364849,-0.0018269294185202511
32.170000,0.09326203993022197,0.003268863971641167
32.172000,0.09835205996364849,0.003268863971641167
32.174000,0.09326203993022197,0.003268863971641167
32.176000,0.09326203993022197,-0.0018269294185202511
32.178000,0.09326203993022197,0.003268863971641167
32.180000,0.09326203993022197,0.003268863971641167
32.182000,0.09326203993022197,0.003268863971641167
32.184000,0.09326203993022197,0.003268863971641167
32.186000,0.09326203993022197,0.003268863971641167
32.188000,0.09326203993022197,-0.0018269294185202511
32.190000,0.09326203993022197,0.003268863971641167
32.192000,0.09326203993022197,0.003268863971641167
32.194000,0.08817201989679546,-0.0018269294185202511
32.196000,0.08817201989679546,-0.0018269294185202511
32.198000,0.08817201989679546,0.003268863971641167
32.200000,0.08817201989679546,0.003268863971641167
32.202000,0.08817201989679546,0.003268863971641167
32.204000,0.08817201989679546,-0.0018269294185202511
32.206000,0.08817201989679546,-0.0018269294185202511
32.208000,0.08817201989679546,0.003268863971641167
32.210000,0.08817201989679546,0.003268863971641167
32.212000,0.08817201989679546,0.003268863971641167
32.214000,0.08817201989679546,0.003268863971641167
32.216000,0.08308199986336895,0.003268863971641167
32.218000,0.08308199986336895,0.003268863971641167
32.220000,0.08308199986336895,-0.0018269294185202511
32.222000,0.08308199986336895,-0.0018269294185202511
32.224000,0.08308199986336895,0.003268863971641167
32.226000,0.08308199986336895,0.003268863971641167
32.228000,0.07799197982994244,0.003268863971641167
32.230000,0.07799197982994244,-0.0018269294185202511
32.232000,0.07799197982994244,0.003268863971641167
32.234000,0.07290195979651415,0.003268863971641167
32.236000,0.07290195979651415,0.003268863971641167
32.238000,0.07290195979651415,0.003268863971641167
32.240000,0.07290195979651415,-0.0018269294185202511
32.242000,0.06781193976308764,0.003268863971641167
32.244000,0.06781193976308764,0.003268863971641167
32.246000,0.06781193976308764,0.003268863971641167
32.248000,0.06272191972966112,0.003268863971641167
32.250000,0.06272191972966112,0.003268863971641167
32.252000,0.06272191972966112,0.003268863971641167
32.254000,0.05763189969623461,-0.0018269294185202511
32.256000,0.05763189969623461,0.003268863971641167
32.258000,0.05763189969623461,0.003268863971641167
32.260000,0.0525418796628081,0.003268863971641167
32.262000,0.0525418796628081,0.003268863971641167
32.264000,0.04745185962938159,-0.0018269294185202511
32.266000,0.04745185962938159,-0.0018269294185202511
32.268000,0.04745185962938159,0.003268863971641167
32.270000,0.04745185962938159,0.003268863971641167
32.272000,0.04745185962938159,0.003268863971641167
32.274000,0.04745185962938159,0.003268863971641167
32.276000,0.04745185962938159,-0.0018269294185202511
32.278000,0.0423618395959533,0.003268863971641167
32.280000,0.0423618395959533,0.003268863971641167
32.282000,0.0423618395959533,-0.0018269294185202511
32.284000,0.0423618395959533,-0.0018269294185202511
32.286000,0.0423618395959533,-0.0018269294185202511
32.288000,0.0423618395959533,0.003268863971641167
32.290000,0.03727181956252679,-0.0018269294185202511
32.292000,0.03727181956252679,0.003268863971641167
32.294000,0.03727181956252679,0.003268863971641167
32.296000,0.03727181956252679,0.003268863971641167
32.298000,0.032181799529100275,0.003268863971641167
32.300000,0.032181799529100275,0.003268863971641167
32.302000,0.032181799529100275,0.003268863971641167
32.304000,0.032181799529100275,0.003268863971641167
32.306000,0.032181799529100275,-0.0018269294185202511
32.308000,0.032181799529100275,-0.0018269294185202511
32.310000,0.032181799529100275,0.003268863971641167
32.312000,0.027091779495673762,0.003268863971641167
32.314000,0.027091779495673762,0.003268863971641167
32.316000,0.027091779495673762,0.003268863971641167
32.318000,0.027091779495673762,0.003268863971641167
32.320000,0.027091779495673762,-0.0018269294185202511
32.322000,0.027091779495673762,0.003268863971641167
32.324000,0.027091779495673762,0.003268863971641167
32.326000,0.027091779495673762,0.003268863971641167
32.328000,0.02200175946224725,0.003268863971641167
32.330000,0.02200175946224725,0.003268863971641167
32.332000,0.02200175946224725,0.003268863971641167
32.334000,0.02200175946224725,0.003268863971641167
32.336000,0.02200175946224725,-0.0018269294185202511
32.338000,0.016911739428820738,-0.0018269294185202511
32.340000,0.016911739428820738,0.003268863971641167
32.342000,0.016911739428820738,0.003268863971641167
32.344000,0.016911739428820738,0.003268863971641167
32.346000,0.016911739428820738,-0.0018269294185202511
32.348000,0.016911739428820738,0.003268863971641167
32.350000,0.016911739428820738,0.003268863971641167
32.352000,0.016911739428820738,-0.0018269294185202511
32.354000,0.016911739428820738,0.003268863971641167
32.356000,0.016911739428820738,0.003268863971641167
32.358000,0.016911739428820738,0.003268863971641167
32.360000,0.016911739428820738,-0.0018269294185202511
32.362000,0.016911739428820738,0.003268863971641167
32.364000,0.011821719395394226,0.003268863971641167
32.366000,0.011821719395394226,0.003268863971641167
32.368000,0.011821719395394226,0.003268863971641167
32.370000,0.011821719395394226,0.003268863971641167
32.372000,0.011821719395394226,-0.0018269294185202511
32.374000,0.006731699361965937,0.003268863971641167
32.376000,0.006731699361965937,-0.0018269294185202511
32.378000,0.006731699361965937,0.003268863971641167
32.380000,0.006731699361965937,0.003268863971641167
32.382000,0.006731699361965937,0.003268863971641167
32.384000,0.006731699361965937,0.003268863971641167
32.386000,0.006731699361965937,0.003268863971641167
32.388000,0.006731699361965937,-0.0018269294185202511
32.390000,0.006731699361965937,0.003268863971641167
32.392000,0.0016416793285394249,0.003268863971641167
32.394000,0.0016416793285394249,-0.0018269294185202511
32.396000,0.0016416793285394249,0.003268863971641167
32.398000,0.0016416793285394249,0.003268863971641167
32.400000,-0.0034483407048870873,0.003268863971641167
32.402000,-0.0034483407048870873,0.003268863971641167
32.404000,-0.0034483407048870873,0.003268863971641167
32.406000,-0.0034483407048870873,0.003268863971641167
32.408000,-0.0034483407048870873,0.003268863971641167
32.410000,-0.0085383607383136,0.003268863971641167
32.412000,-0.0085383607383136,0.003268863971641167
32.414000,-0.0085383607383136,0.003268863971641167
32.416000,-0.0085383607383136,0.003268863971641167
32.418000,-0.0085383607383136,0.003268863971641167
32.420000,-0.0085383607383136,-0.0018269294185202511
32.422000,-0.0085383607383136,0.003268863971641167
32.424000,-0.013628380771740112,0.003268863971641167
32.426000,-0.013628380771740112,-0.0018269294185202511
32.428000,-0.013628380771740112,-0.0018269294185202511
32.430000,-0.013628380771740112,0.003268863971641167
32.432000,-0.013628380771740112,-0.0018269294185202511
32.434000,-0.013628380771740112,-0.0018269294185202511
32.436000,-0.013628380771740112,0.003268863971641167
32.438000,-0.013628380771740112,-0.0018269294185202511
32.440000,-0.018718400805166624,0.003268863971641167
32.442000,-0.018718400805166624,0.003268863971641167
32.444000,-0.018718400805166624,0.003268863971641167
32.446000,-0.018718400805166624,0.003268863971641167
32.448000,-0.018718400805166624,0.003268863971641167
32.450000,-0.023808420838594913,-0.0018269294185202511
32.452000,-0.018718400805166624,0.003268863971641167
32.454000,-0.018718400805166624,0.003268863971641167
32.456000,-0.023808420838594913,0.003268863971641167
32.458000,-0.018718400805166624,-0.0018269294185202511
32.460000,-0.023808420838594913,0.003268863971641167
32.462000,-0.023808420838594913,0.003268863971641167
32.464000,-0.023808420838594913,-0.0018269294185202511
32.466000,-0.023808420838594913,0.003268863971641167
32.468000,-0.023808420838594913,0.003268863971641167
32.470000,-0.023808420838594913,-0.0018269294185202511
32.472000,-0.023808420838594913,0.003268863971641167
32.474000,-0.023808420838594913,0.003268863971641167
32.476000,-0.023808420838594913,0.003268863971641167
32.478000,-0.023808420838594913,-0.0018269294185202511
32.480000,-0.023808420838594913,0.003268863971641167
32.482000,-0.023808420838594913,0.003268863971641167
32.484000,-0.023808420838594913,0.003268863971641167
32.486000,-0.023808420838594913,0.003268863971641167
32.488000,-0.028898440872021425,0.003268863971641167
32.490000,-0.028898440872021425,0.003268863971641167
32.492000,-0.023808420838594913,0.003268863971641167
32.494000,-0.023808420838594913,0.003268863971641167
32.496000,-0.028898440872021425,0.003268863971641167
32.498000,-0.023808420838594913,0.003268863971641167
32.500000,-0.023808420838594913,0.003268863971641167
32.502000,-0.028898440872021425,0.003268863971641167
32.504000,-0.028898440872021425,0.003268863971641167
32.506000,-0.023808420838594913,0.003268863971641167
32.508000,-0.023808420838594913,0.003268863971641167
32.510000,-0.023808420838594913,0.003268863971641167
32.512000,-0.028898440872021425,-0.0018269294185202511
32.514000,-0.023808420838594913,0.003268863971641167
32.516000,-0.023808420838594913,0.003268863971641167
32.518000,-0.023808420838594913,0.003268863971641167
32.520000,-0.028898440872021425,0.003268863971641167
32.522000,-0.023808420838594913,0.003268863971641167
32.524000,-0.023808420838594913,0.003268863971641167
32.526000,-0.023808420838594913,0.003268863971641167
32.528000,-0.023808420838594913,0.003268863971641167
32.530000,-0.023808420838594913,0.003268863971641167
32.532000,-0.023808420838594913,-0.0018269294185202511
32.534000,-0.023808420838594913,0.003268863971641167
32.536000,-0.028898440872021425,0.003268863971641167
32.538000,-0.028898440872021425,-0.0018269294185202511
32.540000,-0.028898440872021425,0.003268863971641167
32.542000,-0.023808420838594913,0.003268863971641167
32.544000,-0.028898440872021425,0.003268863971641167
32.546000,-0.023808420838594913,0.003268863971641167
32.548000,-0.023808420838594913,0.003268863971641167
32.550000,-0.023808420838594913,0.003268863971641167
32.552000,-0.028898440872021425,-0.0018269294185202511
32.554000,-0.023808420838594913,0.003268863971641167
32.556000,-0.023808420838594913,-0.0018269294185202511
32.558000,-0.023808420838594913,-0.0018269294185202511
32.560000,-0.023808420838594913,0.003268863971641167
32.562000,-0.028898440872021425,0.003268863971641167
32.564000,-0.023808420838594913,-0.0018269294185202511
32.566000,-0.023808420838594913,0.003268863971641167
32.568000,-0.028898440872021425,0.003268863971641167
32.570000,-0.028898440872021425,0.003268863971641167
32.572000,-0.023808420838594913,0.003268863971641167
32.574000,-0.028898440872021425,0.003268863971641167
32.576000,-0.023808420838594913,-0.0018269294185202511
32.578000,-0.023808420838594913,0.003268863971641167
32.580000,-0.028898440872021425,0.003268863971641167
32.582000,-0.028898440872021425,0.003268863971641167
32.584000,-0.023808420838594913,0.003268863971641167
32.586000,-0.023808420838594913,-0.0018269294185202511
32.588000,-0.023808420838594913,0.003268863971641167
32.590000,-0.023808420838594913,0.003268863971641167
32.592000,-0.023808420838594913,-0.0018269294185202511
32.594000,-0.028898440872021425,-0.0018269294185202511
32.596000,-0.023808420838594913,0.003268863971641167
32.598000,-0.028898440872021425,-0.0018269294185202511
32.600000,-0.023808420838594913,0.003268863971641167
32.602000,-0.028898440872021425,0.003268863971641167
32.604000,-0.023808420838594913,-0.0018269294185202511
32.606000,-0.028898440872021425,0.003268863971641167
32.608000,-0.028898440872021425,-0.0018269294185202511
32.610000,-0.023808420838594913,0.003268863971641167
32.612000,-0.023808420838594913,0.003268863971641167
32.614000,-0.028898440872021425,0.003268863971641167
32.616000,-0.028898440872021425,-0.0018269294185202511
32.618000,-0.028898440872021425,0.003268863971641167
32.620000,-0.028898440872021425,0.003268863971641167
32.622000,-0.023808420838594913,0.003268863971641167
32.624000,-0.023808420838594913,-0.0018269294185202511
32.626000,-0.023808420838594913,-0.0018269294185202511
32.628000,-0.023808420838594913,0.003268863971641167
32.630000,-0.023808420838594913,0.003268863971641167
32.632000,-0.028898440872021425,0.003268863971641167
32.634000,-0.028898440872021425,0.003268863971641167
32.636000,-0.028898440872021425,0.003268863971641167
32.638000,-0.028898440872021425,0.003268863971641167
32.640000,-0.023808420838594913,0.003268863971641167
32.642000,-0.028898440872021425,-0.0018269294185202511
32.644000,-0.023808420838594913,0.003268863971641167
32.646000,-0.028898440872021425,0.003268863971641167
32.648000,-0.023808420838594913,0.003268863971641167
32.650000,-0.023808420838594913,0.003268863971641167
32.652000,-0.028898440872021425,0.003268863971641167
32.654000,-0.023808420838594913,0.003268863971641167
32.656000,-0.023808420838594913,0.003268863971641167
32.658000,-0.028898440872021425,-0.0018269294185202511
32.660000,-0.028898440872021425,0.003268863971641167
32.662000,-0.028898440872021425,0.003268863971641167
32.664000,-0.023808420838594913,0.003268863971641167
32.666000,-0.023808420838594913,0.003268863971641167
32.668000,-0.023808420838594913,0.003268863971641167
32.670000,-0.023808420838594913,0.003268863971641167
32.672000,-0.023808420838594913,0.003268863971641167
32.674000,-0.023808420838594913,0.003268863971641167
32.676000,-0.023808420838594913,0.003268863971641167
32.678000,-0.028898440872021425,0.003268863971641167
32.680000,-0.028898440872021425,-0.0018269294185202511
32.682000,-0.028898440872021425,-0.0018269294185202511
32.684000,-0.028898440872021425,0.003268863971641167
32.686000,-0.028898440872021425,0.003268863971641167
32.688000,-0.028898440872021425,0.003268863971641167
32.690000,-0.023808420838594913,0.003268863971641167
32.692000,-0.023808420838594913,0.003268863971641167
32.694000,-0.028898440872021425,0.003268863971641167
32.696000,-0.028898440872021425,-0.0018269294185202511
32.698000,-0.023808420838594913,0.003268863971641167
32.700000,-0.023808420838594913,0.003268863971641167
32.702000,-0.023808420838594913,0.003268863971641167
32.704000,-0.028898440872021425,-0.0018269294185202511
32.706000,-0.023808420838594913,-0.0018269294185202511
32.708000,-0.023808420838594913,0.003268863971641167
32.710000,-0.028898440872021425,-0.0018269294185202511
32.712000,-0.028898440872021425,0.003268863971641167
32.714000,-0.028898440872021425,0.003268863971641167
32.716000,-0.028898440872021425,0.003268863971641167
32.718000,-0.028898440872021425,-0.0018269294185202511
32.720000,-0.028898440872021425,0.003268863971641167
32.722000,-0.023808420838594913,0.003268863971641167
32.724000,-0.023808420838594913,0.003268863971641167
32.726000,-0.028898440872021425,0.003268863971641167
32.728000,-0.023808420838594913,0.003268863971641167
32.730000,-0.028898440872021425,0.003268863971641167
32.732000,-0.028898440872021425,0.003268863971641167
32.734000,-0.023808420838594913,-0.0018269294185202511
32.736000,-0.023808420838594913,0.003268863971641167
32.738000,-0.028898440872021425,0.003268863971641167
32.740000,-0.028898440872021425,-0.0018269294185202511
32.742000,-0.023808420838594913,-0.0018269294185202511
32.744000,-0.028898440872021425,-0.0018269294185202511
32.746000,-0.028898440872021425,0.003268863971641167
32.748000,-0.028898440872021425,0.003268863971641167
32.750000,-0.023808420838594913,-0.0018269294185202511
32.752000,-0.023808420838594913,0.003268863971641167
32.754000,-0.028898440872021425,-0.0018269294185202511
32.756000,-0.028898440872021425,0.003268863971641167
32.758000,-0.028898440872021425,0.003268863971641167
32.760000,-0.023808420838594913,0.003268863971641167
32.762000,-0.028898440872021425,0.003268863971641167
32.764000,-0.028898440872021425,0.003268863971641167
32.766000,-0.028898440872021425,-0.0018269294185202511
32.768000,-0.028898440872021425,-0.0018269294185202511
32.770000,-0.023808420838594913,0.003268863971641167
32.772000,-0.028898440872021425,0.003268863971641167
32.774000,-0.028898440872021425,0.003268863971641167
32.776000,-0.023808420838594913,0.003268863971641167
32.778000,-0.028898440872021425,0.003268863971641167
32.780000,-0.023808420838594913,0.003268863971641167
32.782000,-0.023808420838594913,0.003268863971641167
32.784000,-0.028898440872021425,0.003268863971641167
32.786000,-0.028898440872021425,0.003268863971641167
32.788000,-0.028898440872021425,0.003268863971641167
32.790000,-0.023808420838594913,0.003268863971641167
32.792000,-0.023808420838594913,0.003268863971641167
32.794000,-0.023808420838594913,0.003268863971641167
32.796000,-0.023808420838594913,0.003268863971641167
32.798000,-0.023808420838594913,0.003268863971641167
32.800000,-0.023808420838594913,0.003268863971641167
32.802000,-0.023808420838594913,0.003268863971641167
32.804000,-0.023808420838594913,0.003268863971641167
32.806000,-0.028898440872021425,0.003268863971641167
32.808000,-0.023808420838594913,0.003268863971641167
32.810000,-0.023808420838594913,-0.0018269294185202511
32.812000,-0.023808420838594913,0.003268863971641167
32.814000,-0.023808420838594913,-0.0018269294185202511
32.816000,-0.028898440872021425,0.003268863971641167
32.818000,-0.023808420838594913,-0.0018269294185202511
32.820000,-0.023808420838594913,0.003268863971641167
32.822000,-0.023808420838594913,0.003268863971641167
32.824000,-0.028898440872021425,0.003268863971641167
32.826000,-0.023808420838594913,-0.0018269294185202511
32.828000,-0.028898440872021425,0.003268863971641167
32.830000,-0.023808420838594913,0.003268863971641167
32.832000,-0.028898440872021425,-0.0018269294185202511
32.834000,-0.023808420838594913,0.003268863971641167
32.836000,-0.028898440872021425,0.003268863971641167
32.838000,-0.028898440872021425,0.003268863971641167
32.840000,-0.023808420838594913,0.003268863971641167
32.842000,-0.023808420838594913,-0.0018269294185202511
32.844000,-0.028898440872021425,0.003268863971641167
32.846000,-0.023808420838594913,-0.0018269294185202511
32.848000,-0.023808420838594913,0.003268863971641167
32.850000,-0.023808420838594913,0.003268863971641167
32.852000,-0.028898440872021425,-0.0018269294185202511
32.854000,-0.023808420838594913,0.003268863971641167
32.856000,-0.023808420838594913,0.003268863971641167
32.858000,-0.023808420838594913,0.003268863971641167
32.860000,-0.023808420838594913,-0.0018269294185202511
32.862000,-0.023808420838594913,0.003268863971641167
32.864000,-0.023808420838594913,-0.0018269294185202511
32.866000,-0.023808420838594913,0.003268863971641167
32.868000,-0.023808420838594913,0.003268863971641167
32.870000,-0.028898440872021425,-0.0018269294185202511
32.872000,-0.023808420838594913,-0.0018269294185202511
32.874000,-0.023808420838594913,0.003268863971641167
32.876000,-0.028898440872021425,0.003268863971641167
32.878000,-0.023808420838594913,0.003268863971641167
32.880000,-0.023808420838594913,0.003268863971641167
32.882000,-0.023808420838594913,0.003268863971641167
32.884000,-0.023808420838594913,0.003268863971641167
32.886000,-0.023808420838594913,0.003268863971641167
32.888000,-0.023808420838594913,0.003268863971641167
32.890000,-0.023808420838594913,0.003268863971641167
32.892000,-0.023808420838594913,0.003268863971641167
32.894000,-0.023808420838594913,0.003268863971641167
32.896000,-0.023808420838594913,0.003268863971641167
32.898000,-0.028898440872021425,-0.0018269294185202511
32.900000,-0.023808420838594913,0.003268863971641167
32.902000,-0.023808420838594913,0.003268863971641167
32.904000,-0.023808420838594913,-0.0018269294185202511
32.906000,-0.023808420838594913,0.003268863971641167
32.908000,-0.023808420838594913,0.003268863971641167
32.910000,-0.023808420838594913,-0.0018269294185202511
32.912000,-0.023808420838594913,0.003268863971641167
32.914000,-0.023808420838594913,0.003268863971641167
32.916000,-0.023808420838594913,0.003268863971641167
32.918000,-0.023808420838594913,0.003268863971641167
32.920000,-0.023808420838594913,0.003268863971641167
32.922000,-0.023808420838594913,0.003268863971641167
32.924000,-0.023808420838594913,-0.0018269294185202511
32.926000,-0.023808420838594913,-0.0018269294185202511
32.928000,-0.023808420838594913,0.003268863971641167
32.930000,-0.023808420838594913,0.003268863971641167
32.932000,-0.023808420838594913,0.003268863971641167
32.934000,-0.023808420838594913,0.003268863971641167
32.936000,-0.023808420838594913,0.003268863971641167
32.938000,-0.023808420838594913,-0.0018269294185202511
32.940000,-0.023808420838594913,0.003268863971641167
32.942000,-0.023808420838594913,0.003268863971641167
32.944000,-0.023808420838594913,0.003268863971641167
32.946000,-0.023808420838594913,0.003268863971641167
32.948000,-0.023808420838594913,-0.0018269294185202511
32.950000,-0.023808420838594913,0.003268863971641167
32.952000,-0.023808420838594913,0.003268863971641167
32.954000,-0.023808420838594913,0.003268863971641167
32.956000,-0.023808420838594913,0.003268863971641167
32.958000,-0.023808420838594913,0.003268863971641167
32.960000,-0.023808420838594913,0.003268863971641167
32.962000,-0.023808420838594913,-0.0018269294185202511
32.964000,-0.023808420838594913,0.003268863971641167
32.966000,-0.023808420838594913,0.003268863971641167
32.968000,-0.023808420838594913,0.003268863971641167
32.970000,-0.023808420838594913,0.003268863971641167
32.972000,-0.023808420838594913,-0.0018269294185202511
32.974000,-0.023808420838594913,0.003268863971641167
32.976000,-0.023808420838594913,-0.0018269294185202511
32.978000,-0.023808420838594913,-0.0018269294185202511
32.980000,-0.023808420838594913,0.003268863971641167
32.982000,-0.023808420838594913,0.003268863971641167
32.984000,-0.023808420838594913,-0.0018269294185202511
32.986000,-0.023808420838594913,0.003268863971641167
32.988000,-0.023808420838594913,0.003268863971641167
32.990000,-0.023808420838594913,-0.0018269294185202511
32.992000,-0.023808420838594913,-0.0018269294185202511
32.994000,-0.023808420838594913,0.003268863971641167
32.996000,-0.023808420838594913,0.003268863971641167
32.998000,-0.023808420838594913,0.003268863971641167
33.000000,-0.023808420838594913,0.003268863971641167
33.002000,-0.023808420838594913,-0.0018269294185202511
33.004000,-0.023808420838594913,0.003268863971641167
33.006000,-0.023808420838594913,0.003268863971641167
33.008000,-0.023808420838594913,0.003268863971641167
33.010000,-0.023808420838594913,0.003268863971641167
33.012000,-0.023808420838594913,0.003268863971641167
33.014000,-0.023808420838594913,0.003268863971641167
33.016000,-0.023808420838594913,0.003268863971641167
33.018000,-0.023808420838594913,-0.0018269294185202511
33.020000,-0.023808420838594913,0.003268863971641167
33.022000,-0.023808420838594913,0.003268863971641167
33.024000,-0.023808420838594913,0.003268863971641167
33.026000,-0.023808420838594913,0.003268863971641167
33.028000,-0.023808420838594913,-0.0018269294185202511
33.030000,-0.023808420838594913,0.003268863971641167
33.032000,-0.023808420838594913,0.003268863971641167
33.034000,-0.023808420838594913,0.003268863971641167
33.036000,-0.023808420838594913,0.003268863971641167
33.038000,-0.023808420838594913,0.003268863971641167
33.040000,-0.023808420838594913,0.003268863971641167
33.042000,-0.023808420838594913,0.003268863971641167
33.044000,-0.023808420838594913,0.003268863971641167
33.046000,-0.023808420838594913,0.003268863971641167
33.048000,-0.023808420838594913,-0.0018269294185202511
33.050000,-0.023808420838594913,0.003268863971641167
33.052000,-0.023808420838594913,-0.0018269294185202511
33.054000,-0.023808420838594913,0.003268863971641167
33.056000,-0.023808420838594913,-0.0018269294185202511
33.058000,-0.023808420838594913,0.003268863971641167
33.060000,-0.023808420838594913,0.003268863971641167
33.062000,-0.023808420838594913,0.003268863971641167
33.064000,-0.023808420838594913,0.003268863971641167
33.066000,-0.023808420838594913,0.003268863971641167
33.068000,-0.023808420838594913,0.003268863971641167
33.070000,-0.023808420838594913,0.003268863971641167
33.072000,-0.023808420838594913,0.003268863971641167
33.074000,-0.023808420838594913,0.003268863971641167
33.076000,-0.023808420838594913,0.003268863971641167
33.078000,-0.023808420838594913,0.003268863971641167
33.080000,-0.023808420838594913,-0.0018269294185202511
33.082000,-0.023808420838594913,0.003268863971641167
33.084000,-0.023808420838594913,0.003268863971641167
33.086000,-0.023808420838594913,0.003268863971641167
33.088000,-0.023808420838594913,0.003268863971641167
33.090000,-0.023808420838594913,0.003268863971641167
33.092000,-0.023808420838594913,-0.0018269294185202511
33.094000,-0.023808420838594913,0.003268863971641167
33.096000,-0.023808420838594913,0.003268863971641167
33.098000,-0.023808420838594913,0.003268863971641167
33.100000,-0.023808420838594913,0.003268863971641167
33.102000,-0.023808420838594913,-0.0018269294185202511
33.104000,-0.023808420838594913,0.003268863971641167
33.106000,-0.023808420838594913,-0.0018269294185202511
33.108000,-0.023808420838594913,0.003268863971641167
33.110000,-0.023808420838594913,0.003268863971641167
33.112000,-0.023808420838594913,-0.0018269294185202511
33.114000,-0.023808420838594913,0.003268863971641167
33.116000,-0.023808420838594913,0.003268863971641167
33.118000,-0.023808420838594913,0.003268863971641167
33.120000,-0.023808420838594913,-0.0018269294185202511
33.122000,-0.023808420838594913,0.003268863971641167
33.124000,-0.023808420838594913,0.003268863971641167
33.126000,-0.023808420838594913,0.003268863971641167
33.128000,-0.023808420838594913,0.003268863971641167
33.130000,-0.023808420838594913,0.003268863971641167
33.132000,-0.023808420838594913,0.003268863971641167
33.134000,-0.023808420838594913,-0.0018269294185202511
33.136000,-0.023808420838594913,-0.0018269294185202511
33.138000,-0.023808420838594913,0.003268863971641167
33.140000,-0.023808420838594913,-0.0018269294185202511
33.142000,-0.023808420838594913,0.003268863971641167
33.144000,-0.023808420838594913,0.003268863971641167
33.146000,-0.023808420838594913,0.003268863971641167
33.148000,-0.023808420838594913,0.003268863971641167
33.150000,-0.023808420838594913,0.003268863971641167
33.152000,-0.023808420838594913,0.003268863971641167
33.154000,-0.023808420838594913,0.003268863971641167
33.156000,-0.023808420838594913,0.003268863971641167
33.158000,-0.023808420838594913,0.003268863971641167
33.160000,-0.023808420838594913,0.003268863971641167
33.162000,-0.023808420838594913,-0.0018269294185202511
33.164000,-0.023808420838594913,0.003268863971641167
33.166000,-0.023808420838594913,0.003268863971641167
33.168000,-0.023808420838594913,0.003268863971641167
33.170000,-0.023808420838594913,-0.0018269294185202511
33.172000,-0.023808420838594913,-0.0018269294185202511
33.174000,-0.023808420838594913,-0.0018269294185202511
33.176000,-0.023808420838594913,0.003268863971641167
33.178000,-0.023808420838594913,0.003268863971641167
33.180000,-0.023808420838594913,0.003268863971641167
33.182000,-0.023808420838594913,0.003268863971641167
33.184000,-0.018718400805166624,-0.0018269294185202511
33.186000,-0.023808420838594913,0.003268863971641167
33.188000,-0.023808420838594913,-0.0018269294185202511
33.190000,-0.023808420838594913,0.003268863971641167
33.192000,-0.023808420838594913,0.003268863971641167
33.194000,-0.023808420838594913,0.003268863971641167
33.196000,-0.023808420838594913,0.003268863971641167
33.198000,-0.023808420838594913,0.003268863971641167
33.200000,-0.023808420838594913,0.003268863971641167
33.202000,-0.018718400805166624,0.003268863971641167
33.204000,-0.023808420838594913,0.003268863971641167
33.206000,-0.023808420838594913,0.003268863971641167
33.208000,-0.023808420838594913,-0.0018269294185202511
33.210000,-0.023808420838594913,-0.0018269294185202511
33.212000,-0.023808420838594913,0.003268863971641167
33.214000,-0.023808420838594913,-0.0018269294185202511
33.216000,-0.023808420838594913,-0.0018269294185202511
33.218000,-0.018718400805166624,-0.0018269294185202511
33.220000,-0.023808420838594913,0.003268863971641167
33.222000,-0.018718400805166624,0.003268863971641167
33.224000,-0.023808420838594913,-0.0018269294185202511
33.226000,-0.023808420838594913,0.003268863971641167
33.228000,-0.023808420838594913,0.003268863971641167
33.230000,-0.023808420838594913,0.003268863971641167
33.232000,-0.023808420838594913,0.003268863971641167
33.234000,-0.023808420838594913,0.003268863971641167
33.236000,-0.023808420838594913,0.003268863971641167
33.238000,-0.023808420838594913,0.003268863971641167
33.240000,-0.023808420838594913,0.003268863971641167
33.242000,-0.023808420838594913,0.003268863971641167
33.244000,-0.023808420838594913,0.003268863971641167
33.246000,-0.023808420838594913,0.003268863971641167
33.248000,-0.023808420838594913,0.003268863971641167
33.250000,-0.023808420838594913,0.003268863971641167
33.252000,-0.018718400805166624,-0.0018269294185202511
33.254000,-0.023808420838594913,0.003268863971641167
33.256000,-0.023808420838594913,0.003268863971641167
33.258000,-0.023808420838594913,0.003268863971641167
33.260000,-0.023808420838594913,0.003268863971641167
33.262000,-0.023808420838594913,-0.0018269294185202511
33.264000,-0.018718400805166624,0.003268863971641167
33.266000,-0.023808420838594913,0.003268863971641167
33.268000,-0.023808420838594913,0.003268863971641167
33.270000,-0.023808420838594913,0.003268863971641167
33.272000,-0.023808420838594913,0.003268863971641167
33.274000,-0.023808420838594913,0.003268863971641167
33.276000,-0.018718400805166624,0.003268863971641167
33.278000,-0.018718400805166624,0.003268863971641167
33.280000,-0.018718400805166624,0.003268863971641167
33.282000,-0.023808420838594913,0.003268863971641167
33.284000,-0.023808420838594913,0.003268863971641167
33.286000,-0.018718400805166624,-0.0018269294185202511
33.288000,-0.023808420838594913,-0.0018269294185202511
33.290000,-0.023808420838594913,-0.0018269294185202511
33.292000,-0.023808420838594913,0.003268863971641167
33.294000,-0.023808420838594913,0.003268863971641167
33.296000,-0.018718400805166624,-0.0018269294185202511
33.298000,-0.018718400805166624,0.003268863971641167
33.300000,-0.023808420838594913,0.003268863971641167
33.302000,-0.018718400805166624,0.003268863971641167
33.304000,-0.018718400805166624,0.003268863971641167
33.306000,-0.018718400805166624,0.003268863971641167
33.308000,-0.018718400805166624,-0.0018269294185202511
33.310000,-0.018718400805166624,-0.0018269294185202511
33.312000,-0.023808420838594913,0.003268863971641167
33.314000,-0.023808420838594913,-0.0018269294185202511
33.316000,-0.023808420838594913,0.003268863971641167
33.318000,-0.023808420838594913,0.003268863971641167
33.320000,-0.018718400805166624,0.003268863971641167
33.322000,-0.018718400805166624,0.003268863971641167
33.324000,-0.018718400805166624,0.003268863971641167
33.326000,-0.023808420838594913,0.003268863971641167
33.328000,-0.018718400805166624,0.003268863971641167
33.330000,-0.018718400805166624,-0.0018269294185202511
33.332000,-0.018718400805166624,0.003268863971641167
33.334000,-0.023808420838594913,0.003268863971641167
33.336000,-0.018718400805166624,-0.0018269294185202511
33.338000,-0.023808420838594913,0.003268863971641167
33.340000,-0.023808420838594913,-0.0018269294185202511
33.342000,-0.018718400805166624,0.003268863971641167
33.344000,-0.018718400805166624,-0.0018269294185202511
33.346000,-0.018718400805166624,0.003268863971641167
33.348000,-0.018718400805166624,0.003268863971641167
33.350000,-0.018718400805166624,0.003268863971641167
33.352000,-0.018718400805166624,-0.0018269294185202511
33.354000,-0.018718400805166624,0.003268863971641167
33.356000,-0.023808420838594913,0.003268863971641167
33.358000,-0.023808420838594913,-0.0018269294185202511
33.360000,-0.023808420838594913,0.003268863971641167
33.362000,-0.018718400805166624,-0.0018269294185202511
33.364000,-0.018718400805166624,-0.0018269294185202511
33.366000,-0.018718400805166624,0.003268863971641167
33.368000,-0.018718400805166624,-0.0018269294185202511
33.370000,-0.018718400805166624,0.003268863971641167
33.372000,-0.018718400805166624,0.003268863971641167
33.374000,-0.018718400805166624,0.003268863971641167
33.376000,-0.018718400805166624,0.003268863971641167
33.378000,-0.018718400805166624,0.003268863971641167
33.380000,-0.023808420838594913,0.003268863971641167
33.382000,-0.018718400805166624,-0.0018269294185202511
33.384000,-0.018718400805166624,0.003268863971641167
33.386000,-0.018718400805166624,-0.0018269294185202511
33.388000,-0.018718400805166624,0.003268863971641167
33.390000,-0.018718400805166624,0.003268863971641167
33.392000,-0.018718400805166624,0.003268863971641167
33.394000,-0.018718400805166624,0.003268863971641167
33.396000,-0.018718400805166624,-0.0018269294185202511
33.398000,-0.018718400805166624,0.003268863971641167
33.400000,-0.018718400805166624,0.003268863971641167
33.402000,-0.018718400805166624,0.003268863971641167
33.404000,-0.018718400805166624,0.003268863971641167
33.406000,-0.018718400805166624,0.003268863971641167
33.408000,-0.018718400805166624,0.003268863971641167
33.410000,-0.018718400805166624,-0.0018269294185202511
33.412000,-0.023808420838594913,0.003268863971641167
33.414000,-0.018718400805166624,0.003268863971641167
33.416000,-0.018718400805166624,-0.0018269294185202511
33.418000,-0.023808420838594913,0.003268863971641167
33.420000,-0.018718400805166624,0.003268863971641167
33.422000,-0.018718400805166624,0.003268863971641167
33.424000,-0.018718400805166624,0.003268863971641167
33.426000,-0.018718400805166624,0.003268863971641167
33.428000,-0.018718400805166624,0.003268863971641167
33.430000,-0.018718400805166624,-0.0018269294185202511
33.432000,-0.018718400805166624,0.003268863971641167
33.434000,-0.018718400805166624,0.003268863971641167
33.436000,-0.018718400805166624,-0.0018269294185202511
33.438000,-0.018718400805166624,-0.0018269294185202511
33.440000,-0.018718400805166624,-0.0018269294185202511
33.442000,-0.018718400805166624,0.003268863971641167
33.444000,-0.018718400805166624,0.003268863971641167
33.446000,-0.018718400805166624,-0.0018269294185202511
33.448000,-0.018718400805166624,0.003268863971641167
33.450000,-0.018718400805166624,0.003268863971641167
33.452000,-0.018718400805166624,0.003268863971641167
33.454000,-0.018718400805166624,0.003268863971641167
33.456000,-0.018718400805166624,0.003268863971641167
33.458000,-0.018718400805166624,-0.0018269294185202511
33.460000,-0.018718400805166624,-0.0018269294185202511
33.462000,-0.018718400805166624,0.003268863971641167
33.464000,-0.018718400805166624,-0.0018269294185202511
33.466000,-0.018718400805166624,-0.0018269294185202511
33.468000,-0.018718400805166624,0.003268863971641167
33.470000,-0.018718400805166624,-0.0018269294185202511
33.472000,-0.018718400805166624,0.003268863971641167
33.474000,-0.018718400805166624,0.003268863971641167
33.476000,-0.018718400805166624,0.003268863971641167
33.478000,-0.018718400805166624,0.003268863971641167
33.480000,-0.018718400805166624,-0.0018269294185202511
33.482000,-0.018718400805166624,-0.0018269294185202511
33.484000,-0.018718400805166624,-0.0018269294185202511
33.486000,-0.018718400805166624,0.003268863971641167
33.488000,-0.018718400805166624,0.003268863971641167
33.490000,-0.018718400805166624,0.003268863971641167
33.492000,-0.018718400805166624,-0.0018269294185202511
33.494000,-0.018718400805166624,-0.0018269294185202511
33.496000,-0.018718400805166624,0.003268863971641167
33.498000,-0.018718400805166624,0.003268863971641167
33.500000,-0.018718400805166624,0.003268863971641167
33.502000,-0.018718400805166624,0.003268863971641167
33.504000,-0.018718400805166624,0.003268863971641167
33.506000,-0.018718400805166624,-0.0018269294185202511
33.508000,-0.018718400805166624,0.003268863971641167
33.510000,-0.018718400805166624,0.003268863971641167
33.512000,-0.018718400805166624,0.003268863971641167
33.514000,-0.018718400805166624,0.003268863971641167
33.516000,-0.018718400805166624,0.003268863971641167
33.518000,-0.018718400805166624,0.003268863971641167
33.520000,-0.018718400805166624,0.003268863971641167
33.522000,-0.018718400805166624,-0.0018269294185202511
33.524000,-0.018718400805166624,-0.0018269294185202511
33.526000,-0.018718400805166624,0.003268863971641167
33.528000,-0.018718400805166624,0.003268863971641167
33.530000,-0.018718400805166624,-0.0018269294185202511
33.532000,-0.018718400805166624,0.003268863971641167
33.534000,-0.018718400805166624,0.003268863971641167
33.536000,-0.018718400805166624,0.003268863971641167
33.538000,-0.018718400805166624,0.003268863971641167
33.540000,-0.018718400805166624,0.003268863971641167
33.542000,-0.018718400805166624,0.003268863971641167
33.544000,-0.018718400805166624,0.003268863971641167
33.546000,-0.018718400805166624,0.003268863971641167
33.548000,-0.018718400805166624,0.003268863971641167
33.550000,-0.018718400805166624,-0.0018269294185202511
33.552000,-0.018718400805166624,0.003268863971641167
33.554000,-0.018718400805166624,0.003268863971641167
33.556000,-0.018718400805166624,0.003268863971641167
33.558000,-0.018718400805166624,0.003268863971641167
33.560000,-0.018718400805166624,0.003268863971641167
33.562000,-0.018718400805166624,0.003268863971641167
33.564000,-0.018718400805166624,0.003268863971641167
33.566000,-0.018718400805166624,-0.0018269294185202511
33.568000,-0.018718400805166624,-0.0018269294185202511
33.570000,-0.018718400805166624,0.003268863971641167
33.572000,-0.018718400805166624,0.003268863971641167
33.574000,-0.018718400805166624,-0.0018269294185202511
33.576000,-0.018718400805166624,0.003268863971641167
33.578000,-0.018718400805166624,0.003268863971641167
33.580000,-0.018718400805166624,0.003268863971641167
33.582000,-0.018718400805166624,-0.0018269294185202511
33.584000,-0.018718400805166624,0.003268863971641167
33.586000,-0.018718400805166624,-0.0018269294185202511
33.588000,-0.018718400805166624,-0.0018269294185202511
33.590000,-0.018718400805166624,0.003268863971641167
33.592000,-0.018718400805166624,0.003268863971641167
33.594000,-0.018718400805166624,0.003268863971641167
33.596000,-0.018718400805166624,0.003268863971641167
33.598000,-0.018718400805166624,0.003268863971641167
33.600000,-0.018718400805166624,-0.0018269294185202511
33.602000,-0.018718400805166624,0.003268863971641167
33.604000,-0.018718400805166624,0.003268863971641167
33.606000,-0.018718400805166624,0.003268863971641167
33.608000,-0.018718400805166624,0.003268863971641167
33.610000,-0.018718400805166624,-0.0018269294185202511
33.612000,-0.018718400805166624,0.003268863971641167
33.614000,-0.018718400805166624,0.003268863971641167
33.616000,-0.018718400805166624,-0.0018269294185202511
33.618000,-0.018718400805166624,0.003268863971641167
33.620000,-0.018718400805166624,0.003268863971641167
33.622000,-0.018718400805166624,0.003268863971641167
33.624000,-0.018718400805166624,0.003268863971641167
33.626000,-0.018718400805166624,0.003268863971641167
33.628000,-0.018718400805166624,0.003268863971641167
33.630000,-0.018718400805166624,0.003268863971641167
33.632000,-0.018718400805166624,-0.0018269294185202511
33.634000,-0.018718400805166624,0.003268863971641167
33.636000,-0.018718400805166624,0.003268863971641167
33.638000,-0.018718400805166624,0.003268863971641167
33.640000,-0.018718400805166624,0.003268863971641167
33.642000,-0.018718400805166624,0.003268863971641167
33.644000,-0.018718400805166624,0.003268863971641167
33.646000,-0.013628380771740112,-0.0018269294185202511
33.648000,-0.018718400805166624,0.003268863971641167
33.650000,-0.018718400805166624,0.003268863971641167
33.652000,-0.018718400805166624,0.003268863971641167
33.654000,-0.018718400805166624,0.003268863971641167
33.656000,-0.018718400805166624,-0.0018269294185202511
33.658000,-0.018718400805166624,0.003268863971641167
33.660000,-0.018718400805166624,-0.0018269294185202511
33.662000,-0.018718400805166624,-0.0018269294185202511
33.664000,-0.013628380771740112,0.003268863971641167
33.666000,-0.018718400805166624,0.003268863971641167
33.668000,-0.018718400805166624,-0.0018269294185202511
33.670000,-0.018718400805166624,-0.0018269294185202511
33.672000,-0.018718400805166624,-0.0018269294185202511
33.674000,-0.018718400805166624,0.003268863971641167
33.676000,-0.018718400805166624,0.003268863971641167
33.678000,-0.018718400805166624,0.003268863971641167
33.680000,-0.018718400805166624,-0.0018269294185202511
33.682000,-0.018718400805166624,0.003268863971641167
33.684000,-0.018718400805166624,0.003268863971641167
33.686000,-0.018718400805166624,-0.0018269294185202511
33.688000,-0.018718400805166624,0.003268863971641167
33.690000,-0.018718400805166624,0.003268863971641167
33.692000,-0.018718400805166624,0.003268863971641167
33.694000,-0.013628380771740112,0.003268863971641167
33.696000,-0.018718400805166624,0.003268863971641167
33.698000,-0.018718400805166624,0.003268863971641167
33.700000,-0.018718400805166624,0.003268863971641167
33.702000,-0.018718400805166624,0.003268863971641167
33.704000,-0.018718400805166624,0.003268863971641167
33.706000,-0.013628380771740112,0.003268863971641167
33.708000,-0.018718400805166624,0.003268863971641167
33.710000,-0.018718400805166624,-0.0018269294185202511
33.712000,-0.018718400805166624,0.003268863971641167
33.714000,-0.018718400805166624,-0.0018269294185202511
33.716000,-0.013628380771740112,0.003268863971641167
33.718000,-0.018718400805166624,-0.0018269294185202511
33.720000,-0.018718400805166624,0.003268863971641167
33.722000,-0.018718400805166624,0.003268863971641167
33.724000,-0.018718400805166624,0.003268863971641167
33.726000,-0.018718400805166624,0.003268863971641167
33.728000,-0.018718400805166624,-0.0018269294185202511
33.730000,-0.018718400805166624,0.003268863971641167
33.732000,-0.013628380771740112,0.003268863971641167
33.734000,-0.018718400805166624,0.003268863971641167
33.736000,-0.013628380771740112,0.003268863971641167
33.738000,-0.018718400805166624,0.003268863971641167
33.740000,-0.018718400805166624,0.003268863971641167
33.742000,-0.018718400805166624,0.003268863971641167
33.744000,-0.013628380771740112,0.003268863971641167
33.746000,-0.013628380771740112,-0.0018269294185202511
33.748000,-0.018718400805166624,-0.0018269294185202511
33.750000,-0.018718400805166624,-0.0018269294185202511
33.752000,-0.018718400805166624,0.003268863971641167
33.754000,-0.013628380771740112,-0.0018269294185202511
33.756000,-0.013628380771740112,0.003268863971641167
33.758000,-0.018718400805166624,0.003268863971641167
33.760000,-0.013628380771740112,-0.0018269294185202511
33.762000,-0.013628380771740112,-0.0018269294185202511
33.764000,-0.018718400805166624,0.003268863971641167
33.766000,-0.018718400805166624,0.003268863971641167
33.768000,-0.013628380771740112,0.003268863971641167
33.770000,-0.013628380771740112,0.003268863971641167
33.772000,-0.018718400805166624,0.003268863971641167
33.774000,-0.013628380771740112,0.003268863971641167
33.776000,-0.013628380771740112,0.003268863971641167
33.778000,-0.013628380771740112,0.003268863971641167
33.780000,-0.013628380771740112,0.003268863971641167
33.782000,-0.018718400805166624,0.003268863971641167
33.784000,-0.013628380771740112,0.003268863971641167
33.786000,-0.013628380771740112,0.003268863971641167
33.788000,-0.013628380771740112,-0.0018269294185202511
33.790000,-0.013628380771740112,0.003268863971641167
33.792000,-0.013628380771740112,0.003268863971641167
33.794000,-0.013628380771740112,0.003268863971641167
33.796000,-0.018718400805166624,0.003268863971641167
33.798000,-0.013628380771740112,0.003268863971641167
33.800000,-0.013628380771740112,-0.0018269294185202511
33.802000,-0.018718400805166624,0.003268863971641167
33.804000,-0.013628380771740112,0.003268863971641167
33.806000,-0.013628380771740112,0.003268863971641167
33.808000,-0.013628380771740112,-0.0018269294185202511
33.810000,-0.013628380771740112,-0.0018269294185202511
33.812000,-0.013628380771740112,0.003268863971641167
33.814000,-0.013628380771740112,0.003268863971641167
33.816000,-0.013628380771740112,0.003268863971641167
33.818000,-0.013628380771740112,0.003268863971641167
33.820000,-0.013628380771740112,0.003268863971641167
33.822000,-0.013628380771740112,0.003268863971641167
33.824000,-0.013628380771740112,-0.0018269294185202511
33.826000,-0.013628380771740112,0.003268863971641167
33.828000,-0.013628380771740112,0.003268863971641167
33.830000,-0.013628380771740112,0.003268863971641167
33.832000,-0.013628380771740112,0.003268863971641167
33.834000,-0.013628380771740112,0.003268863971641167
33.836000,-0.018718400805166624,0.003268863971641167
33.838000,-0.013628380771740112,0.003268863971641167
33.840000,-0.013628380771740112,0.003268863971641167
33.842000,-0.013628380771740112,0.003268863971641167
33.844000,-0.013628380771740112,0.003268863971641167
33.846000,-0.013628380771740112,0.003268863971641167
33.848000,-0.013628380771740112,-0.0018269294185202511
33.850000,-0.013628380771740112,0.003268863971641167
33.852000,-0.013628380771740112,0.003268863971641167
33.854000,-0.013628380771740112,0.003268863971641167
33.856000,-0.013628380771740112,0.003268863971641167
33.858000,-0.018718400805166624,0.003268863971641167
33.860000,-0.013628380771740112,-0.0018269294185202511
33.862000,-0.013628380771740112,0.003268863971641167
33.864000,-0.013628380771740112,0.003268863971641167
33.866000,-0.018718400805166624,0.003268863971641167
33.868000,-0.013628380771740112,0.003268863971641167
33.870000,-0.013628380771740112,0.003268863971641167
33.872000,-0.013628380771740112,0.003268863971641167
33.874000,-0.013628380771740112,0.003268863971641167
33.876000,-0.013628380771740112,0.003268863971641167
33.878000,-0.013628380771740112,0.003268863971641167
33.880000,-0.013628380771740112,0.003268863971641167
33.882000,-0.013628380771740112,0.003268863971641167
33.884000,-0.018718400805166624,0.003268863971641167
33.886000,-0.013628380771740112,0.003268863971641167
33.888000,-0.013628380771740112,0.003268863971641167
33.890000,-0.013628380771740112,0.003268863971641167
33.892000,-0.013628380771740112,0.003268863971641167
33.894000,-0.013628380771740112,-0.0018269294185202511
33.896000,-0.013628380771740112,0.003268863971641167
33.898000,-0.013628380771740112,-0.0018269294185202511
33.900000,-0.013628380771740112,0.003268863971641167
33.902000,-0.013628380771740112,0.003268863971641167
33.904000,-0.013628380771740112,0.003268863971641167
33.906000,-0.013628380771740112,0.003268863971641167
33.908000,-0.013628380771740112,0.003268863971641167
33.910000,-0.013628380771740112,0.003268863971641167
33.912000,-0.013628380771740112,0.003268863971641167
33.914000,-0.013628380771740112,0.003268863971641167
33.916000,-0.013628380771740112,0.003268863971641167
33.918000,-0.013628380771740112,0.003268863971641167
33.920000,-0.013628380771740112,0.003268863971641167
33.922000,-0.013628380771740112,0.003268863971641167
33.924000,-0.013628380771740112,0.003268863971641167
33.926000,-0.013628380771740112,-0.0018269294185202511
33.928000,-0.013628380771740112,0.003268863971641167
33.930000,-0.013628380771740112,0.003268863971641167
33.932000,-0.013628380771740112,0.003268863971641167
33.934000,-0.013628380771740112,0.003268863971641167
33.936000,-0.013628380771740112,0.003268863971641167
33.938000,-0.013628380771740112,0.003268863971641167
33.940000,-0.013628380771740112,0.003268863971641167
33.942000,-0.013628380771740112,0.003268863971641167
33.944000,-0.013628380771740112,0.003268863971641167
33.946000,-0.013628380771740112,0.003268863971641167
33.948000,-0.013628380771740112,0.003268863971641167
33.950000,-0.013628380771740112,0.003268863971641167
33.952000,-0.018718400805166624,0.003268863971641167
33.954000,-0.013628380771740112,0.003268863971641167
33.956000,-0.013628380771740112,0.003268863971641167
33.958000,-0.013628380771740112,-0.0018269294185202511
33.960000,-0.013628380771740112,-0.0018269294185202511
33.962000,-0.013628380771740112,0.003268863971641167
33.964000,-0.013628380771740112,0.003268863971641167
33.966000,-0.013628380771740112,0.003268863971641167
33.968000,-0.013628380771740112,0.003268863971641167
33.970000,-0.013628380771740112,0.003268863971641167
33.972000,-0.013628380771740112,0.003268863971641167
33.974000,-0.013628380771740112,-0.0018269294185202511
33.976000,-0.013628380771740112,0.003268863971641167
33.978000,-0.013628380771740112,0.003268863971641167
33.980000,-0.013628380771740112,0.003268863971641167
33.982000,-0.013628380771740112,0.003268863971641167
33.984000,-0.013628380771740112,0.003268863971641167
33.986000,-0.013628380771740112,0.003268863971641167
33.988000,-0.013628380771740112,-0.0018269294185202511
33.990000,-0.013628380771740112,0.003268863971641167
33.992000,-0.013628380771740112,0.003268863971641167
33.994000,-0.013628380771740112,-0.0018269294185202511
33.996000,-0.013628380771740112,0.003268863971641167
33.998000,-0.013628380771740112,0.003268863971641167
34.000000,-0.013628380771740112,0.003268863971641167
34.002000,-0.013628380771740112,0.003268863971641167
34.004000,-0.013628380771740112,0.003268863971641167
34.006000,-0.013628380771740112,0.003268863971641167
34.008000,-0.013628380771740112,0.003268863971641167
34.010000,-0.013628380771740112,0.003268863971641167
34.012000,-0.013628380771740112,0.003268863971641167
34.014000,-0.013628380771740112,0.003268863971641167
34.016000,-0.013628380771740112,0.003268863971641167
34.018000,-0.013628380771740112,0.003268863971641167
34.020000,-0.013628380771740112,0.003268863971641167
34.022000,-0.013628380771740112,0.003268863971641167
34.024000,-0.013628380771740112,-0.0018269294185202511
34.026000,-0.013628380771740112,-0.0018269294185202511
34.028000,-0.013628380771740112,-0.0018269294185202511
34.030000,-0.013628380771740112,-0.0018269294185202511
34.032000,-0.013628380771740112,-0.0018269294185202511
34.034000,-0.013628380771740112,-0.0018269294185202511
34.036000,-0.013628380771740112,-0.0018269294185202511
34.038000,-0.013628380771740112,0.003268863971641167
34.040000,-0.013628380771740112,0.003268863971641167
34.042000,-0.013628380771740112,0.003268863971641167
34.044000,-0.013628380771740112,0.003268863971641167
34.046000,-0.013628380771740112,0.003268863971641167
34.048000,-0.013628380771740112,-0.0018269294185202511
34.050000,-0.013628380771740112,0.003268863971641167
34.052000,-0.013628380771740112,0.003268863971641167
34.054000,-0.013628380771740112,0.003268863971641167
34.056000,-0.013628380771740112,-0.0018269294185202511
34.058000,-0.013628380771740112,0.003268863971641167
34.060000,-0.013628380771740112,-0.0018269294185202511
34.062000,-0.013628380771740112,-0.0018269294185202511
34.064000,-0.013628380771740112,-0.0018269294185202511
34.066000,-0.013628380771740112,0.003268863971641167
34.068000,-0.013628380771740112,0.003268863971641167
34.070000,-0.013628380771740112,0.003268863971641167
34.072000,-0.013628380771740112,0.003268863971641167
34.074000,-0.013628380771740112,0.003268863971641167
34.076000,-0.013628380771740112,0.003268863971641167
34.078000,-0.013628380771740112,0.003268863971641167
34.080000,-0.013628380771740112,0.003268863971641167
34.082000,-0.013628380771740112,-0.0018269294185202511
34.084000,-0.013628380771740112,0.003268863971641167
34.086000,-0.013628380771740112,0.003268863971641167
34.088000,-0.013628380771740112,0.003268863971641167
34.090000,-0.013628380771740112,-0.0018269294185202511
34.092000,-0.013628380771740112,-0.0018269294185202511
34.094000,-0.013628380771740112,-0.0018269294185202511
34.096000,-0.013628380771740112,0.003268863971641167
34.098000,-0.013628380771740112,-0.0018269294185202511
34.100000,-0.013628380771740112,-0.0018269294185202511
34.102000,-0.013628380771740112,-0.0018269294185202511
34.104000,-0.013628380771740112,0.003268863971641167
34.106000,-0.013628380771740112,0.003268863971641167
34.108000,-0.013628380771740112,0.003268863971641167
34.110000,-0.013628380771740112,0.003268863971641167
34.112000,-0.013628380771740112,0.003268863971641167
34.114000,-0.013628380771740112,0.003268863971641167
34.116000,-0.013628380771740112,0.003268863971641167
34.118000,-0.013628380771740112,0.003268863971641167
34.120000,-0.013628380771740112,-0.0018269294185202511
34.122000,-0.013628380771740112,-0.0018269294185202511
34.124000,-0.013628380771740112,0.003268863971641167
34.126000,-0.013628380771740112,0.003268863971641167
34.128000,-0.013628380771740112,0.003268863971641167
34.130000,-0.013628380771740112,-0.0018269294185202511
34.132000,-0.013628380771740112,0.003268863971641167
34.134000,-0.013628380771740112,0.003268863971641167
34.136000,-0.013628380771740112,-0.0018269294185202511
34.138000,-0.013628380771740112,0.003268863971641167
34.140000,-0.013628380771740112,0.003268863971641167
34.142000,-0.013628380771740112,0.003268863971641167
34.144000,-0.013628380771740112,-0.0018269294185202511
34.146000,-0.013628380771740112,0.003268863971641167
34.148000,-0.013628380771740112,0.003268863971641167
34.150000,-0.013628380771740112,0.003268863971641167
34.152000,-0.013628380771740112,0.003268863971641167
34.154000,-0.013628380771740112,0.003268863971641167
34.156000,-0.013628380771740112,0.003268863971641167
34.158000,-0.013628380771740112,0.003268863971641167
34.160000,-0.013628380771740112,0.003268863971641167
34.162000,-0.013628380771740112,-0.0018269294185202511
34.164000,-0.013628380771740112,0.003268863971641167
34.166000,-0.013628380771740112,0.003268863971641167
34.168000,-0.013628380771740112,0.003268863971641167
34.170000,-0.013628380771740112,0.003268863971641167
34.172000,-0.013628380771740112,0.003268863971641167
34.174000,-0.013628380771740112,0.003268863971641167
34.176000,-0.013628380771740112,0.003268863971641167
34.178000,-0.013628380771740112,0.003268863971641167
34.180000,-0.013628380771740112,0.003268863971641167
34.182000,-0.013628380771740112,-0.0018269294185202511
34.184000,-0.013628380771740112,0.003268863971641167
34.186000,-0.013628380771740112,0.003268863971641167
34.188000,-0.013628380771740112,0.003268863971641167
34.190000,-0.013628380771740112,0.003268863971641167
34.192000,-0.013628380771740112,-0.0018269294185202511
34.194000,-0.013628380771740112,0.003268863971641167
34.196000,-0.013628380771740112,0.003268863971641167
34.198000,-0.013628380771740112,-0.0018269294185202511
34.200000,-0.013628380771740112,0.003268863971641167
34.202000,-0.013628380771740112,0.003268863971641167
34.204000,-0.013628380771740112,0.003268863971641167
34.206000,-0.013628380771740112,0.003268863971641167
34.208000,-0.013628380771740112,-0.0018269294185202511
34.210000,-0.013628380771740112,0.003268863971641167
34.212000,-0.013628380771740112,-0.0018269294185202511
34.214000,-0.013628380771740112,0.003268863971641167
34.216000,-0.013628380771740112,-0.0018269294185202511
34.218000,-0.013628380771740112,0.003268863971641167
34.220000,-0.013628380771740112,0.003268863971641167
34.222000,-0.013628380771740112,0.003268863971641167
34.224000,-0.013628380771740112,-0.0018269294185202511
34.226000,-0.013628380771740112,-0.0018269294185202511
34.228000,-0.013628380771740112,0.003268863971641167
34.230000,-0.013628380771740112,0.003268863971641167
34.232000,-0.013628380771740112,-0.0018269294185202511
34.234000,-0.013628380771740112,0.003268863971641167
34.236000,-0.013628380771740112,0.003268863971641167
34.238000,-0.013628380771740112,0.003268863971641167
34.240000,-0.013628380771740112,0.003268863971641167
34.242000,-0.013628380771740112,0.003268863971641167
34.244000,-0.013628380771740112,0.003268863971641167
34.246000,-0.013628380771740112,0.003268863971641167
34.248000,-0.013628380771740112,-0.0018269294185202511
34.250000,-0.013628380771740112,0.003268863971641167
34.252000,-0.013628380771740112,0.003268863971641167
34.254000,-0.013628380771740112,0.003268863971641167
34.256000,-0.013628380771740112,-0.0018269294185202511
34.258000,-0.013628380771740112,0.003268863971641167
34.260000,-0.013628380771740112,0.003268863971641167
34.262000,-0.013628380771740112,0.003268863971641167
34.264000,-0.013628380771740112,0.003268863971641167
34.266000,-0.013628380771740112,0.003268863971641167
34.268000,-0.013628380771740112,0.003268863971641167
34.270000,-0.013628380771740112,0.003268863971641167
34.272000,-0.013628380771740112,0.003268863971641167
34.274000,-0.013628380771740112,-0.0018269294185202511
34.276000,-0.013628380771740112,0.003268863971641167
34.278000,-0.013628380771740112,0.003268863971641167
34.280000,-0.013628380771740112,0.003268863971641167
34.282000,-0.013628380771740112,-0.0018269294185202511
34.284000,-0.013628380771740112,-0.0018269294185202511
34.286000,-0.013628380771740112,0.003268863971641167
34.288000,-0.013628380771740112,0.003268863971641167
34.290000,-0.013628380771740112,-0.0018269294185202511
34.292000,-0.013628380771740112,-0.0018269294185202511
34.294000,-0.013628380771740112,0.003268863971641167
34.296000,-0.013628380771740112,0.003268863971641167
34.298000,-0.013628380771740112,-0.0018269294185202511
34.300000,-0.013628380771740112,0.003268863971641167
34.302000,-0.013628380771740112,0.003268863971641167
34.304000,-0.013628380771740112,0.003268863971641167
34.306000,-0.013628380771740112,0.003268863971641167
34.308000,-0.013628380771740112,0.003268863971641167
34.310000,-0.013628380771740112,0.003268863971641167
34.312000,-0.013628380771740112,0.003268863971641167
34.314000,-0.013628380771740112,-0.0018269294185202511
34.316000,-0.013628380771740112,0.003268863971641167
34.318000,-0.013628380771740112,0.003268863971641167
34.320000,-0.013628380771740112,-0.0018269294185202511
34.322000,-0.013628380771740112,0.003268863971641167
34.324000,-0.013628380771740112,0.003268863971641167
34.326000,-0.013628380771740112,0.003268863971641167
34.328000,-0.013628380771740112,-0.0018269294185202511
34.330000,-0.013628380771740112,-0.0018269294185202511
34.332000,-0.013628380771740112,0.003268863971641167
34.334000,-0.013628380771740112,0.003268863971641167
34.336000,-0.013628380771740112,-0.0018269294185202511
34.338000,-0.013628380771740112,0.003268863971641167
34.340000,-0.013628380771740112,0.003268863971641167
34.342000,-0.0085383607383136,0.003268863971641167
34.344000,-0.013628380771740112,-0.0018269294185202511
34.346000,-0.013628380771740112,0.003268863971641167
34.348000,-0.013628380771740112,0.003268863971641167
34.350000,-0.013628380771740112,0.003268863971641167
34.352000,-0.013628380771740112,-0.0018269294185202511
34.354000,-0.013628380771740112,-0.0018269294185202511
34.356000,-0.013628380771740112,0.003268863971641167
34.358000,-0.013628380771740112,0.003268863971641167
34.360000,-0.013628380771740112,-0.0018269294185202511
34.362000,-0.013628380771740112,-0.0018269294185202511
34.364000,-0.013628380771740112,-0.0018269294185202511
34.366000,-0.013628380771740112,-0.0018269294185202511
34.368000,-0.013628380771740112,0.003268863971641167
34.370000,-0.013628380771740112,0.003268863971641167
34.372000,-0.013628380771740112,0.003268863971641167
34.374000,-0.013628380771740112,0.003268863971641167
34.376000,-0.013628380771740112,0.003268863971641167
34.378000,-0.013628380771740112,0.003268863971641167
34.380000,-0.013628380771740112,0.003268863971641167
34.382000,-0.013628380771740112,0.003268863971641167
34.384000,-0.013628380771740112,0.003268863971641167
34.386000,-0.013628380771740112,0.003268863971641167
34.388000,-0.013628380771740112,0.003268863971641167
34.390000,-0.013628380771740112,0.003268863971641167
34.392000,-0.013628380771740112,0.003268863971641167
34.394000,-0.013628380771740112,0.003268863971641167
34.396000,-0.013628380771740112,0.003268863971641167
34.398000,-0.013628380771740112,-0.0018269294185202511
